fecha,tpm,imacec,ipc,dolar
2004-01-01,,3.3,-0.2,
2004-01-02,2.25,,,593.8
2004-01-05,2.25,,,587.69
2004-01-06,2.25,,,579.43
2004-01-07,2.25,,,565.18
2004-01-08,2.25,,,567.83
2004-01-09,1.75,,,568.61
2004-01-12,1.75,,,560.51
2004-01-13,1.75,,,559.21
2004-01-14,1.75,,,563.65
2004-01-15,1.75,,,572.08
2004-01-16,1.75,,,569.56
2004-01-19,1.75,,,577.4
2004-01-20,1.75,,,572.69
2004-01-21,1.75,,,567.13
2004-01-22,1.75,,,564.83
2004-01-23,1.75,,,565.76
2004-01-26,1.75,,,573.19
2004-01-27,1.75,,,578.61
2004-01-28,1.75,,,577.5
2004-01-29,1.75,,,585.03
2004-01-30,1.75,,,596.78
2004-02-01,,5.0,0.0,
2004-02-02,1.75,,,591.42
2004-02-03,1.75,,,577.27
2004-02-04,1.75,,,581.18
2004-02-05,1.75,,,587.3
2004-02-06,1.75,,,595.34
2004-02-09,1.75,,,598.6
2004-02-10,1.75,,,586.96
2004-02-11,1.75,,,583.23
2004-02-12,1.75,,,582.45
2004-02-13,1.75,,,577.01
2004-02-16,1.75,,,576.4
2004-02-17,1.75,,,579.8
2004-02-18,1.75,,,572.55
2004-02-19,1.75,,,571.35
2004-02-20,1.75,,,581.24
2004-02-23,1.75,,,585.28
2004-02-24,1.75,,,586.65
2004-02-25,1.75,,,589.75
2004-02-26,1.75,,,588.02
2004-02-27,1.75,,,594.32
2004-03-01,1.75,6.4,0.4,592.87
2004-03-02,1.75,,,588.04
2004-03-03,1.75,,,590.28
2004-03-04,1.75,,,598.86
2004-03-05,1.75,,,601.38
2004-03-08,1.75,,,593.22
2004-03-09,1.75,,,593.47
2004-03-10,1.75,,,593.96
2004-03-11,1.75,,,601.1
2004-03-12,1.75,,,600.8
2004-03-15,1.75,,,601.4
2004-03-16,1.75,,,604.56
2004-03-17,1.75,,,605.71
2004-03-18,1.75,,,607.91
2004-03-19,1.75,,,603.35
2004-03-22,1.75,,,606.96
2004-03-23,1.75,,,607.64
2004-03-24,1.75,,,610.69
2004-03-25,1.75,,,614.62
2004-03-26,1.75,,,614.51
2004-03-29,1.75,,,617.15
2004-03-30,1.75,,,618.29
2004-03-31,1.75,,,623.21
2004-04-01,1.75,5.5,0.4,616.41
2004-04-02,1.75,,,610.55
2004-04-05,1.75,,,609.36
2004-04-06,1.75,,,605.7
2004-04-07,1.75,,,603.91
2004-04-08,1.75,,,606.83
2004-04-12,1.75,,,601.36
2004-04-13,1.75,,,599.56
2004-04-14,1.75,,,596.61
2004-04-15,1.75,,,603.77
2004-04-16,1.75,,,605.73
2004-04-19,1.75,,,601.84
2004-04-20,1.75,,,599.36
2004-04-21,1.75,,,600.75
2004-04-22,1.75,,,609.06
2004-04-23,1.75,,,614.13
2004-04-26,1.75,,,613.11
2004-04-27,1.75,,,610.62
2004-04-28,1.75,,,616.28
2004-04-29,1.75,,,622.15
2004-04-30,1.75,,,624.84
2004-05-01,,5.6,0.5,
2004-05-03,1.75,,,624.98
2004-05-04,1.75,,,624.31
2004-05-05,1.75,,,622.25
2004-05-06,1.75,,,622.62
2004-05-07,1.75,,,630.61
2004-05-10,1.75,,,638.64
2004-05-11,1.75,,,644.42
2004-05-12,1.75,,,640.95
2004-05-13,1.75,,,641.76
2004-05-14,1.75,,,642.62
2004-05-17,1.75,,,638.22
2004-05-18,1.75,,,641.69
2004-05-19,1.75,,,639.36
2004-05-20,1.75,,,635.44
2004-05-24,1.75,,,643.31
2004-05-25,1.75,,,640.78
2004-05-26,1.75,,,637.47
2004-05-27,1.75,,,638.59
2004-05-28,1.75,,,634.81
2004-05-31,1.75,,,632.32
2004-06-01,1.75,5.5,0.4,636.02
2004-06-02,1.75,,,642.39
2004-06-03,1.75,,,641.89
2004-06-04,1.75,,,643.06
2004-06-08,1.75,,,644.61
2004-06-09,1.75,,,640.96
2004-06-10,1.75,,,644.83
2004-06-11,1.75,,,649.43
2004-06-14,1.75,,,649.45
2004-06-15,1.75,,,648.03
2004-06-16,1.75,,,648.4
2004-06-17,1.75,,,649.39
2004-06-18,1.75,,,648.16
2004-06-21,1.75,,,646.61
2004-06-22,1.75,,,646.47
2004-06-23,1.75,,,643.42
2004-06-24,1.75,,,641.62
2004-06-25,1.75,,,634.35
2004-06-29,1.75,,,634.25
2004-06-30,1.75,,,636.59
2004-07-01,1.75,6.9,0.2,636.3
2004-07-02,1.75,,,632.42
2004-07-05,1.75,,,630.39
2004-07-06,1.75,,,630.87
2004-07-07,1.75,,,632.01
2004-07-08,1.75,,,632.27
2004-07-09,1.75,,,631.95
2004-07-12,1.75,,,636.34
2004-07-13,1.75,,,634.07
2004-07-14,1.75,,,634.72
2004-07-15,1.75,,,631.86
2004-07-16,1.75,,,629.65
2004-07-19,1.75,,,622.34
2004-07-20,1.75,,,622.32
2004-07-21,1.75,,,623.46
2004-07-22,1.75,,,627.68
2004-07-23,1.75,,,627.53
2004-07-26,1.75,,,631.86
2004-07-27,1.75,,,639.07
2004-07-28,1.75,,,644.37
2004-07-29,1.75,,,642.81
2004-07-30,1.75,,,638.37
2004-08-01,,9.0,0.4,
2004-08-02,1.75,,,641.4
2004-08-03,1.75,,,643.76
2004-08-04,1.75,,,641.6
2004-08-05,1.75,,,643.81
2004-08-06,1.75,,,641.86
2004-08-09,1.75,,,639.52
2004-08-10,1.75,,,638.76
2004-08-11,1.75,,,637.36
2004-08-12,1.75,,,639.75
2004-08-13,1.75,,,640.86
2004-08-16,1.75,,,640.25
2004-08-17,1.75,,,638.77
2004-08-18,1.75,,,635.12
2004-08-19,1.75,,,635.24
2004-08-20,1.75,,,631.61
2004-08-23,1.75,,,633.22
2004-08-24,1.75,,,630.33
2004-08-25,1.75,,,626.13
2004-08-26,1.75,,,627.03
2004-08-27,1.75,,,628.61
2004-08-30,1.75,,,626.56
2004-08-31,1.75,,,628.95
2004-09-01,1.75,8.6,0.1,625.1
2004-09-02,1.75,,,626.76
2004-09-03,1.75,,,625.55
2004-09-06,1.75,,,623.69
2004-09-07,1.75,,,621.93
2004-09-08,2.0,,,622.56
2004-09-09,2.0,,,620.32
2004-09-10,2.0,,,617.67
2004-09-13,2.0,,,618.33
2004-09-14,2.0,,,615.71
2004-09-15,2.0,,,615.46
2004-09-16,2.0,,,615.14
2004-09-20,2.0,,,611.06
2004-09-21,2.0,,,609.84
2004-09-22,2.0,,,612.63
2004-09-23,2.0,,,613.19
2004-09-24,2.0,,,613.85
2004-09-27,2.0,,,613.51
2004-09-28,2.0,,,611.87
2004-09-29,2.0,,,606.46
2004-09-30,2.0,,,606.96
2004-10-01,2.0,8.0,0.3,608.9
2004-10-04,2.0,,,608.1
2004-10-05,2.0,,,603.47
2004-10-06,2.0,,,600.31
2004-10-07,2.0,,,600.84
2004-10-08,2.0,,,602.92
2004-10-12,2.0,,,596.6
2004-10-13,2.0,,,598.05
2004-10-14,2.0,,,603.18
2004-10-15,2.0,,,608.92
2004-10-18,2.0,,,611.03
2004-10-19,2.0,,,608.33
2004-10-20,2.0,,,608.8
2004-10-21,2.0,,,615.85
2004-10-22,2.0,,,612.25
2004-10-25,2.0,,,607.51
2004-10-26,2.0,,,611.98
2004-10-27,2.0,,,612.72
2004-10-28,2.0,,,610.61
2004-10-29,2.0,,,615.2
2004-11-01,,9.9,0.3,
2004-11-02,2.0,,,613.89
2004-11-03,2.0,,,609.19
2004-11-04,2.0,,,605.89
2004-11-05,2.0,,,601.87
2004-11-08,2.0,,,601.32
2004-11-09,2.0,,,600.21
2004-11-10,2.0,,,603.47
2004-11-11,2.0,,,601.54
2004-11-12,2.25,,,601.8
2004-11-15,2.25,,,597.9
2004-11-16,2.25,,,592.32
2004-11-17,2.25,,,593.6
2004-11-18,2.25,,,589.21
2004-11-19,,,,590.28
2004-11-22,2.25,,,590.28
2004-11-23,2.25,,,595.18
2004-11-24,2.25,,,591.24
2004-11-25,2.25,,,588.44
2004-11-26,2.25,,,588.15
2004-11-29,2.25,,,587.16
2004-11-30,2.25,,,588.18
2004-12-01,2.25,10.0,-0.4,588.65
2004-12-02,2.25,,,586.06
2004-12-03,2.25,,,583.5
2004-12-06,2.25,,,582.36
2004-12-07,2.25,,,581.34
2004-12-09,2.25,,,581.64
2004-12-10,2.25,,,592.38
2004-12-13,2.25,,,597.27
2004-12-14,2.25,,,590.05
2004-12-15,2.25,,,579.11
2004-12-16,2.25,,,578.46
2004-12-17,2.25,,,577.53
2004-12-20,2.25,,,577.04
2004-12-21,2.25,,,565.3
2004-12-22,2.25,,,566.08
2004-12-23,2.25,,,566.97
2004-12-24,2.25,,,564.16
2004-12-27,2.25,,,561.05
2004-12-28,2.25,,,561.13
2004-12-29,2.25,,,559.66
2004-12-30,2.25,,,559.83
2005-01-01,,7.8,-0.3,
2005-01-03,2.25,,,557.4
2005-01-04,2.25,,,560.3
2005-01-05,2.25,,,568.95
2005-01-06,2.25,,,571.32
2005-01-07,2.25,,,569.37
2005-01-10,2.25,,,567.95
2005-01-11,2.25,,,567.1
2005-01-12,2.5,,,567.53
2005-01-13,2.5,,,568.71
2005-01-14,2.5,,,567.05
2005-01-17,2.5,,,571.51
2005-01-18,2.5,,,574.63
2005-01-19,2.5,,,580.4
2005-01-20,2.5,,,580.09
2005-01-21,2.5,,,584.22
2005-01-24,2.5,,,580.45
2005-01-25,2.5,,,577.96
2005-01-26,2.5,,,584.92
2005-01-27,2.5,,,584.64
2005-01-28,2.5,,,585.83
2005-01-31,2.5,,,586.18
2005-02-01,2.5,6.3,-0.1,585.4
2005-02-02,2.5,,,583.84
2005-02-03,2.5,,,582.55
2005-02-04,2.5,,,577.33
2005-02-07,2.5,,,575.69
2005-02-08,2.5,,,576.84
2005-02-09,2.5,,,579.35
2005-02-10,2.5,,,580.29
2005-02-11,2.75,,,575.35
2005-02-14,2.75,,,572.18
2005-02-15,2.75,,,569.55
2005-02-16,2.75,,,567.82
2005-02-17,2.75,,,569.35
2005-02-18,2.75,,,566.49
2005-02-21,2.75,,,566.41
2005-02-22,2.75,,,566.18
2005-02-23,2.75,,,563.22
2005-02-24,2.75,,,566.82
2005-02-25,2.75,,,569.5
2005-02-28,2.75,,,577.52
2005-03-01,2.75,5.5,0.6,573.55
2005-03-02,2.75,,,578.6
2005-03-03,2.75,,,587.08
2005-03-04,2.75,,,586.51
2005-03-07,2.75,,,587.75
2005-03-08,2.75,,,585.6
2005-03-09,2.75,,,585.71
2005-03-10,2.75,,,589.68
2005-03-11,2.75,,,588.19
2005-03-14,2.75,,,584.27
2005-03-15,2.75,,,588.72
2005-03-16,2.75,,,590.16
2005-03-17,2.75,,,591.69
2005-03-18,2.75,,,590.87
2005-03-21,2.75,,,585.05
2005-03-22,2.75,,,586.86
2005-03-23,2.75,,,583.83
2005-03-24,2.75,,,587.74
2005-03-28,2.75,,,587.33
2005-03-29,2.75,,,589.69
2005-03-30,2.75,,,587.29
2005-03-31,2.75,,,586.45
2005-04-01,2.75,7.0,0.9,585.93
2005-04-04,2.75,,,585.04
2005-04-05,2.75,,,588.95
2005-04-06,2.75,,,587.36
2005-04-07,2.75,,,585.19
2005-04-08,3.0,,,580.17
2005-04-11,3.0,,,576.68
2005-04-12,3.0,,,574.4
2005-04-13,3.0,,,576.02
2005-04-14,3.0,,,572.75
2005-04-15,3.0,,,577.42
2005-04-18,3.0,,,579.99
2005-04-19,3.0,,,584.6
2005-04-20,3.0,,,579.86
2005-04-21,3.0,,,577.96
2005-04-22,3.0,,,579.99
2005-04-25,3.0,,,576.98
2005-04-26,3.0,,,577.35
2005-04-27,3.0,,,579.97
2005-04-28,3.0,,,580.09
2005-04-29,3.0,,,582.87
2005-05-01,,6.3,0.3,
2005-05-02,3.0,,,582.73
2005-05-03,3.0,,,580.54
2005-05-04,3.0,,,578.28
2005-05-05,3.0,,,574.58
2005-05-06,3.0,,,572.76
2005-05-09,3.0,,,570.83
2005-05-10,3.0,,,572.53
2005-05-11,3.0,,,573.66
2005-05-12,3.0,,,577.27
2005-05-13,3.25,,,576.2
2005-05-16,3.25,,,577.45
2005-05-17,3.25,,,579.02
2005-05-18,3.25,,,580.13
2005-05-19,3.25,,,581.4
2005-05-20,3.25,,,579.53
2005-05-24,3.25,,,583.59
2005-05-25,3.25,,,580.64
2005-05-26,3.25,,,580.08
2005-05-27,3.25,,,582.44
2005-05-30,3.25,,,580.63
2005-05-31,3.25,,,580.2
2005-06-01,3.25,7.2,0.4,583.0
2005-06-02,3.25,,,586.85
2005-06-03,3.25,,,586.32
2005-06-06,3.25,,,587.12
2005-06-07,3.25,,,592.75
2005-06-08,3.25,,,591.41
2005-06-09,3.25,,,589.68
2005-06-10,3.25,,,592.24
2005-06-13,3.25,,,592.37
2005-06-14,3.25,,,591.88
2005-06-15,3.25,,,589.38
2005-06-16,3.25,,,588.1
2005-06-17,3.25,,,584.9
2005-06-20,3.25,,,580.62
2005-06-21,3.25,,,582.55
2005-06-22,3.25,,,579.16
2005-06-23,3.25,,,577.73
2005-06-24,3.25,,,579.9
2005-06-28,3.25,,,579.99
2005-06-29,3.25,,,580.07
2005-06-30,3.25,,,578.92
2005-07-01,3.25,4.7,0.6,579.0
2005-07-04,3.25,,,578.41
2005-07-05,3.25,,,581.65
2005-07-06,3.25,,,582.1
2005-07-07,3.25,,,584.04
2005-07-08,3.25,,,586.67
2005-07-11,3.25,,,584.68
2005-07-12,3.25,,,583.54
2005-07-13,3.5,,,580.13
2005-07-14,3.5,,,581.07
2005-07-15,3.5,,,579.6
2005-07-18,3.5,,,578.04
2005-07-19,3.5,,,573.72
2005-07-20,3.5,,,571.24
2005-07-21,3.5,,,573.0
2005-07-22,3.5,,,567.94
2005-07-25,3.5,,,566.54
2005-07-26,3.5,,,566.89
2005-07-27,3.5,,,565.37
2005-07-28,3.5,,,564.02
2005-07-29,3.5,,,563.44
2005-08-01,3.5,7.2,0.3,561.77
2005-08-02,3.5,,,560.75
2005-08-03,3.5,,,560.06
2005-08-04,3.5,,,559.42
2005-08-05,3.5,,,553.78
2005-08-08,3.5,,,545.96
2005-08-09,3.5,,,545.43
2005-08-10,3.5,,,546.41
2005-08-11,3.5,,,542.51
2005-08-12,3.75,,,539.77
2005-08-16,3.75,,,537.81
2005-08-17,3.75,,,533.75
2005-08-18,3.75,,,533.66
2005-08-19,3.75,,,539.82
2005-08-22,3.75,,,546.07
2005-08-23,3.75,,,541.92
2005-08-24,3.75,,,544.34
2005-08-25,3.75,,,549.72
2005-08-26,3.75,,,545.25
2005-08-29,3.75,,,544.43
2005-08-30,3.75,,,547.76
2005-08-31,3.75,,,545.02
2005-09-01,3.75,6.1,1.0,541.53
2005-09-02,3.75,,,540.05
2005-09-05,3.75,,,534.87
2005-09-06,3.75,,,534.93
2005-09-07,3.75,,,535.62
2005-09-08,3.75,,,538.52
2005-09-09,4.0,,,534.15
2005-09-12,4.0,,,535.37
2005-09-13,4.0,,,536.33
2005-09-14,4.0,,,538.12
2005-09-15,4.0,,,536.46
2005-09-16,4.0,,,536.19
2005-09-20,4.0,,,534.35
2005-09-21,4.0,,,535.0
2005-09-22,4.0,,,534.58
2005-09-23,4.0,,,536.7
2005-09-26,4.0,,,538.77
2005-09-27,4.0,,,538.34
2005-09-28,4.0,,,538.89
2005-09-29,4.0,,,538.25
2005-09-30,4.0,,,533.69
2005-10-01,,4.1,0.5,
2005-10-03,4.0,,,529.2
2005-10-04,4.0,,,528.17
2005-10-05,4.0,,,526.56
2005-10-06,4.0,,,527.5
2005-10-07,4.0,,,529.13
2005-10-11,4.0,,,530.44
2005-10-12,4.25,,,527.37
2005-10-13,4.25,,,529.66
2005-10-14,4.25,,,535.95
2005-10-17,4.25,,,538.05
2005-10-18,4.25,,,535.61
2005-10-19,4.25,,,535.74
2005-10-20,4.25,,,538.16
2005-10-21,4.25,,,535.1
2005-10-24,4.25,,,538.85
2005-10-25,4.25,,,543.98
2005-10-26,4.25,,,543.2
2005-10-27,4.25,,,546.63
2005-10-28,4.25,,,546.92
2005-10-31,4.25,,,543.72
2005-11-01,,5.8,-0.2,
2005-11-02,4.25,,,543.49
2005-11-03,4.25,,,544.87
2005-11-04,4.25,,,543.42
2005-11-07,4.25,,,539.94
2005-11-08,4.25,,,535.47
2005-11-09,4.25,,,535.14
2005-11-10,4.25,,,531.3
2005-11-11,4.5,,,531.05
2005-11-14,4.5,,,527.18
2005-11-15,4.5,,,528.15
2005-11-16,4.5,,,525.38
2005-11-17,4.5,,,524.14
2005-11-18,4.5,,,523.3
2005-11-21,4.5,,,526.78
2005-11-22,4.5,,,525.67
2005-11-23,4.5,,,527.88
2005-11-24,4.5,,,525.76
2005-11-25,4.5,,,524.69
2005-11-28,4.5,,,523.85
2005-11-29,4.5,,,521.09
2005-11-30,4.5,,,518.96
2005-12-01,4.5,6.5,-0.3,518.63
2005-12-02,4.5,,,516.51
2005-12-05,4.5,,,512.98
2005-12-06,4.5,,,513.31
2005-12-07,4.5,,,510.97
2005-12-09,4.5,,,509.7
2005-12-12,4.5,,,515.66
2005-12-13,4.5,,,512.04
2005-12-14,4.5,,,511.38
2005-12-15,4.5,,,514.68
2005-12-16,4.5,,,516.72
2005-12-19,4.5,,,517.8
2005-12-20,4.5,,,518.38
2005-12-21,4.5,,,515.59
2005-12-22,4.5,,,510.92
2005-12-23,4.5,,,513.36
2005-12-26,4.5,,,514.55
2005-12-27,4.5,,,513.97
2005-12-28,4.5,,,514.84
2005-12-29,4.5,,,514.75
2005-12-30,4.5,,,514.21
2006-01-01,,5.8,0.1,
2006-01-02,4.5,,,512.5
2006-01-03,4.5,,,513.18
2006-01-04,4.5,,,518.04
2006-01-05,4.5,,,515.45
2006-01-06,4.5,,,516.4
2006-01-09,4.5,,,522.0
2006-01-10,4.5,,,521.82
2006-01-11,4.5,,,524.06
2006-01-12,4.5,,,523.5
2006-01-13,4.5,,,523.41
2006-01-16,4.5,,,525.62
2006-01-17,4.5,,,526.1
2006-01-18,4.5,,,529.77
2006-01-19,4.5,,,535.36
2006-01-20,4.5,,,534.49
2006-01-23,4.5,,,531.49
2006-01-24,4.5,,,530.61
2006-01-25,4.5,,,528.04
2006-01-26,4.5,,,525.67
2006-01-27,4.5,,,529.18
2006-01-30,4.5,,,527.02
2006-01-31,4.5,,,524.78
2006-02-01,4.5,6.9,-0.1,524.37
2006-02-02,4.5,,,528.42
2006-02-03,4.5,,,529.29
2006-02-06,4.5,,,529.98
2006-02-07,4.5,,,526.1
2006-02-08,4.5,,,526.51
2006-02-09,4.5,,,530.97
2006-02-10,4.75,,,528.81
2006-02-13,4.75,,,527.34
2006-02-14,4.75,,,531.88
2006-02-15,4.75,,,532.35
2006-02-16,4.75,,,530.95
2006-02-17,4.75,,,528.72
2006-02-20,4.75,,,522.68
2006-02-21,4.75,,,524.14
2006-02-22,4.75,,,518.91
2006-02-23,4.75,,,520.37
2006-02-24,4.75,,,516.91
2006-02-27,4.75,,,517.63
2006-02-28,4.75,,,517.76
2006-03-01,4.75,5.8,0.6,517.33
2006-03-02,4.75,,,516.75
2006-03-03,4.75,,,518.29
2006-03-06,4.75,,,522.28
2006-03-07,4.75,,,525.23
2006-03-08,4.75,,,529.31
2006-03-09,4.75,,,533.88
2006-03-10,4.75,,,530.55
2006-03-13,4.75,,,531.29
2006-03-14,4.75,,,532.08
2006-03-15,4.75,,,530.6
2006-03-16,4.75,,,527.18
2006-03-17,4.75,,,526.57
2006-03-20,4.75,,,526.7
2006-03-21,4.75,,,529.78
2006-03-22,4.75,,,533.51
2006-03-23,4.75,,,532.05
2006-03-24,4.75,,,531.15
2006-03-27,4.75,,,533.53
2006-03-28,4.75,,,535.0
2006-03-29,4.75,,,536.16
2006-03-30,4.75,,,534.81
2006-03-31,4.75,,,527.7
2006-04-01,,3.9,0.6,
2006-04-03,4.75,,,526.18
2006-04-04,4.75,,,525.4
2006-04-05,4.75,,,521.03
2006-04-06,4.75,,,520.72
2006-04-07,4.75,,,519.17
2006-04-10,4.75,,,518.77
2006-04-11,4.75,,,517.83
2006-04-12,4.75,,,516.08
2006-04-13,4.75,,,512.44
2006-04-17,5.0,,,514.83
2006-04-18,5.0,,,511.53
2006-04-19,5.0,,,511.44
2006-04-20,5.0,,,513.54
2006-04-21,5.0,,,517.35
2006-04-24,5.0,,,516.34
2006-04-25,5.0,,,514.91
2006-04-26,5.0,,,515.35
2006-04-27,5.0,,,517.67
2006-04-28,5.0,,,518.62
2006-05-01,,7.2,0.2,
2006-05-02,5.0,,,514.97
2006-05-03,5.0,,,515.87
2006-05-04,5.0,,,517.04
2006-05-05,5.0,,,514.46
2006-05-08,5.0,,,513.38
2006-05-09,5.0,,,513.5
2006-05-10,5.0,,,515.61
2006-05-11,5.0,,,512.76
2006-05-12,5.0,,,513.5
2006-05-15,5.0,,,516.35
2006-05-16,5.0,,,521.72
2006-05-17,5.0,,,518.77
2006-05-18,5.0,,,521.3
2006-05-19,5.0,,,522.72
2006-05-22,5.0,,,523.81
2006-05-23,5.0,,,529.41
2006-05-24,5.0,,,528.33
2006-05-25,5.0,,,532.92
2006-05-26,5.0,,,528.64
2006-05-29,5.0,,,525.52
2006-05-30,5.0,,,525.78
2006-05-31,5.0,,,531.11
2006-06-01,5.0,5.7,0.6,531.87
2006-06-02,5.0,,,532.0
2006-06-05,5.0,,,529.91
2006-06-06,5.0,,,533.59
2006-06-07,5.0,,,536.59
2006-06-08,5.0,,,541.68
2006-06-09,5.0,,,545.45
2006-06-13,5.0,,,541.03
2006-06-14,5.0,,,546.74
2006-06-15,5.0,,,544.51
2006-06-16,5.0,,,542.1
2006-06-19,5.0,,,543.03
2006-06-20,5.0,,,546.51
2006-06-21,5.0,,,547.83
2006-06-22,5.0,,,545.64
2006-06-23,5.0,,,546.57
2006-06-27,5.0,,,549.63
2006-06-28,5.0,,,548.05
2006-06-29,5.0,,,549.16
2006-06-30,5.0,,,547.31
2006-07-01,,5.6,0.5,
2006-07-03,5.0,,,539.44
2006-07-04,5.0,,,537.56
2006-07-05,5.0,,,537.67
2006-07-06,5.0,,,540.54
2006-07-07,5.0,,,538.91
2006-07-10,5.0,,,538.58
2006-07-11,5.0,,,538.27
2006-07-12,5.0,,,540.29
2006-07-13,5.0,,,539.38
2006-07-14,5.25,,,541.46
2006-07-17,5.25,,,544.45
2006-07-18,5.25,,,545.93
2006-07-19,5.25,,,544.31
2006-07-20,5.25,,,542.35
2006-07-21,5.25,,,539.52
2006-07-24,5.25,,,540.71
2006-07-25,5.25,,,541.17
2006-07-26,5.25,,,540.37
2006-07-27,5.25,,,542.57
2006-07-28,5.25,,,540.14
2006-07-31,5.25,,,539.41
2006-08-01,5.25,3.8,0.3,540.02
2006-08-02,5.25,,,542.45
2006-08-03,5.25,,,541.25
2006-08-04,5.25,,,543.09
2006-08-07,5.25,,,541.78
2006-08-08,5.25,,,543.3
2006-08-09,5.25,,,545.21
2006-08-10,5.25,,,543.72
2006-08-11,5.25,,,545.36
2006-08-14,5.25,,,541.88
2006-08-16,5.25,,,541.87
2006-08-17,5.25,,,536.17
2006-08-18,5.25,,,530.69
2006-08-21,5.25,,,532.01
2006-08-22,5.25,,,530.92
2006-08-23,5.25,,,531.18
2006-08-24,5.25,,,532.22
2006-08-25,5.25,,,534.49
2006-08-28,5.25,,,537.03
2006-08-29,5.25,,,537.07
2006-08-30,5.25,,,538.12
2006-08-31,5.25,,,537.77
2006-09-01,5.25,5.1,0.0,539.61
2006-09-04,5.25,,,539.29
2006-09-05,5.25,,,536.63
2006-09-06,5.25,,,537.56
2006-09-07,5.25,,,540.01
2006-09-08,5.25,,,540.8
2006-09-11,5.25,,,539.53
2006-09-12,5.25,,,540.19
2006-09-13,5.25,,,538.11
2006-09-14,5.25,,,537.61
2006-09-15,5.25,,,537.62
2006-09-20,5.25,,,537.19
2006-09-21,5.25,,,537.71
2006-09-22,5.25,,,539.32
2006-09-25,5.25,,,539.91
2006-09-26,5.25,,,539.66
2006-09-27,5.25,,,538.13
2006-09-28,5.25,,,537.3
2006-09-29,5.25,,,538.22
2006-10-01,,7.9,-0.3,
2006-10-02,5.25,,,537.03
2006-10-03,5.25,,,533.9
2006-10-04,5.25,,,534.2
2006-10-05,5.25,,,535.13
2006-10-06,5.25,,,536.91
2006-10-10,5.25,,,537.63
2006-10-11,5.25,,,536.71
2006-10-12,5.25,,,536.46
2006-10-13,5.25,,,533.62
2006-10-16,5.25,,,532.15
2006-10-17,5.25,,,530.81
2006-10-18,5.25,,,531.06
2006-10-19,5.25,,,527.6
2006-10-20,5.25,,,526.71
2006-10-23,5.25,,,526.32
2006-10-24,5.25,,,526.93
2006-10-25,5.25,,,527.19
2006-10-26,5.25,,,525.02
2006-10-27,5.25,,,524.12
2006-10-30,5.25,,,524.56
2006-10-31,5.25,,,525.99
2006-11-01,,5.6,-0.2,
2006-11-02,5.25,,,524.75
2006-11-03,5.25,,,525.55
2006-11-06,5.25,,,525.77
2006-11-07,5.25,,,524.68
2006-11-08,5.25,,,523.34
2006-11-09,5.25,,,525.45
2006-11-10,5.25,,,524.98
2006-11-13,5.25,,,525.24
2006-11-14,5.25,,,527.04
2006-11-15,5.25,,,527.29
2006-11-16,5.25,,,528.11
2006-11-17,5.25,,,527.77
2006-11-20,5.25,,,529.13
2006-11-21,5.25,,,529.1
2006-11-22,5.25,,,529.66
2006-11-23,5.25,,,529.52
2006-11-24,5.25,,,529.17
2006-11-27,5.25,,,530.13
2006-11-28,5.25,,,529.6
2006-11-29,5.25,,,530.61
2006-11-30,5.25,,,529.29
2006-12-01,5.25,5.2,0.1,527.69
2006-12-04,5.25,,,525.91
2006-12-05,5.25,,,525.8
2006-12-06,5.25,,,524.78
2006-12-07,5.25,,,525.69
2006-12-11,5.25,,,524.85
2006-12-12,5.25,,,525.04
2006-12-13,5.25,,,526.2
2006-12-14,5.25,,,527.24
2006-12-15,5.25,,,526.76
2006-12-18,5.25,,,524.79
2006-12-19,5.25,,,525.47
2006-12-20,5.25,,,526.95
2006-12-21,5.25,,,526.91
2006-12-22,5.25,,,528.52
2006-12-26,5.25,,,530.47
2006-12-27,5.25,,,532.69
2006-12-28,5.25,,,533.87
2006-12-29,5.25,,,534.43
2007-01-01,,6.1,0.3,
2007-01-02,5.25,,,532.39
2007-01-03,5.25,,,534.42
2007-01-04,5.25,,,538.22
2007-01-05,5.25,,,540.69
2007-01-08,5.25,,,540.41
2007-01-09,5.25,,,543.15
2007-01-10,5.25,,,542.27
2007-01-11,5.25,,,543.29
2007-01-12,5.0,,,538.27
2007-01-15,5.0,,,539.74
2007-01-16,5.0,,,540.38
2007-01-17,5.0,,,542.59
2007-01-18,5.0,,,542.75
2007-01-19,5.0,,,540.98
2007-01-22,5.0,,,541.54
2007-01-23,5.0,,,540.1
2007-01-24,5.0,,,540.84
2007-01-25,5.0,,,539.05
2007-01-26,5.0,,,538.88
2007-01-29,5.0,,,542.12
2007-01-30,5.0,,,543.96
2007-01-31,5.0,,,545.18
2007-02-01,5.0,4.4,-0.2,544.49
2007-02-02,5.0,,,543.07
2007-02-05,5.0,,,546.31
2007-02-06,5.0,,,547.07
2007-02-07,5.0,,,547.24
2007-02-08,5.0,,,548.67
2007-02-09,5.0,,,548.22
2007-02-12,5.0,,,545.84
2007-02-13,5.0,,,546.43
2007-02-14,5.0,,,543.94
2007-02-15,5.0,,,540.67
2007-02-16,5.0,,,539.07
2007-02-19,5.0,,,540.04
2007-02-20,5.0,,,539.58
2007-02-21,5.0,,,539.06
2007-02-22,5.0,,,539.69
2007-02-23,5.0,,,536.21
2007-02-26,5.0,,,536.02
2007-02-27,5.0,,,535.29
2007-02-28,5.0,,,538.42
2007-03-01,5.0,6.9,0.4,540.07
2007-03-02,5.0,,,541.42
2007-03-05,5.0,,,540.49
2007-03-06,5.0,,,541.95
2007-03-07,5.0,,,537.85
2007-03-08,5.0,,,537.43
2007-03-09,5.0,,,536.81
2007-03-12,5.0,,,538.54
2007-03-13,5.0,,,539.2
2007-03-14,5.0,,,539.24
2007-03-15,5.0,,,540.15
2007-03-16,5.0,,,538.01
2007-03-19,5.0,,,536.97
2007-03-20,5.0,,,536.02
2007-03-21,5.0,,,535.8
2007-03-22,5.0,,,535.77
2007-03-23,5.0,,,535.36
2007-03-26,5.0,,,537.45
2007-03-27,5.0,,,538.49
2007-03-28,5.0,,,539.57
2007-03-29,5.0,,,540.77
2007-03-30,5.0,,,539.37
2007-04-01,,6.2,0.6,
2007-04-02,5.0,,,539.21
2007-04-03,5.0,,,539.69
2007-04-04,5.0,,,537.86
2007-04-05,5.0,,,537.53
2007-04-09,5.0,,,536.81
2007-04-10,5.0,,,535.45
2007-04-11,5.0,,,534.93
2007-04-12,5.0,,,532.75
2007-04-13,5.0,,,532.52
2007-04-16,5.0,,,532.02
2007-04-17,5.0,,,530.51
2007-04-18,5.0,,,529.28
2007-04-19,5.0,,,529.31
2007-04-20,5.0,,,530.14
2007-04-23,5.0,,,528.49
2007-04-24,5.0,,,528.3
2007-04-25,5.0,,,529.1
2007-04-26,5.0,,,527.55
2007-04-27,5.0,,,527.49
2007-04-30,5.0,,,527.08
2007-05-01,,5.1,0.6,
2007-05-02,5.0,,,525.96
2007-05-03,5.0,,,525.16
2007-05-04,5.0,,,523.54
2007-05-07,5.0,,,520.72
2007-05-08,5.0,,,517.83
2007-05-09,5.0,,,519.33
2007-05-10,5.0,,,519.13
2007-05-11,5.0,,,518.46
2007-05-14,5.0,,,518.33
2007-05-15,5.0,,,518.63
2007-05-16,5.0,,,518.18
2007-05-17,5.0,,,517.64
2007-05-18,5.0,,,521.41
2007-05-22,5.0,,,521.94
2007-05-23,5.0,,,522.01
2007-05-24,5.0,,,525.14
2007-05-25,5.0,,,525.61
2007-05-28,5.0,,,523.29
2007-05-29,5.0,,,526.31
2007-05-30,5.0,,,526.2
2007-05-31,5.0,,,527.52
2007-06-01,5.0,6.0,0.9,525.1
2007-06-04,5.0,,,524.3
2007-06-05,5.0,,,525.7
2007-06-06,5.0,,,524.77
2007-06-07,5.0,,,526.55
2007-06-08,5.0,,,527.63
2007-06-11,5.0,,,529.18
2007-06-12,5.0,,,527.85
2007-06-13,5.0,,,528.39
2007-06-14,5.0,,,529.32
2007-06-15,5.0,,,529.0
2007-06-18,5.0,,,526.43
2007-06-19,5.0,,,524.59
2007-06-20,5.0,,,524.1
2007-06-21,5.0,,,524.15
2007-06-22,5.0,,,525.41
2007-06-25,5.0,,,526.05
2007-06-26,5.0,,,527.38
2007-06-27,5.0,,,527.96
2007-06-28,5.0,,,529.78
2007-06-29,5.0,,,527.46
2007-07-01,,3.2,1.1,
2007-07-03,5.0,,,526.86
2007-07-04,5.0,,,525.56
2007-07-05,5.0,,,523.86
2007-07-06,5.0,,,523.97
2007-07-09,5.0,,,522.16
2007-07-10,5.0,,,519.55
2007-07-11,5.0,,,520.01
2007-07-12,5.0,,,518.84
2007-07-13,5.25,,,516.81
2007-07-17,5.25,,,514.66
2007-07-18,5.25,,,515.33
2007-07-19,5.25,,,516.01
2007-07-20,5.25,,,513.0
2007-07-23,5.25,,,515.72
2007-07-24,5.25,,,514.82
2007-07-25,5.25,,,517.37
2007-07-26,5.25,,,520.55
2007-07-27,5.25,,,523.64
2007-07-30,5.25,,,524.29
2007-07-31,5.25,,,523.08
2007-08-01,5.25,4.8,1.1,521.17
2007-08-02,5.25,,,524.12
2007-08-03,5.25,,,521.1
2007-08-06,5.25,,,521.3
2007-08-07,5.25,,,523.2
2007-08-08,5.25,,,521.62
2007-08-09,5.25,,,518.19
2007-08-10,5.5,,,520.35
2007-08-13,5.5,,,522.78
2007-08-14,5.5,,,519.31
2007-08-16,5.5,,,521.22
2007-08-17,5.5,,,528.37
2007-08-20,5.5,,,524.52
2007-08-21,5.5,,,522.67
2007-08-22,5.5,,,523.19
2007-08-23,5.5,,,522.16
2007-08-24,5.5,,,524.1
2007-08-27,5.5,,,524.53
2007-08-28,5.5,,,524.29
2007-08-29,5.5,,,525.95
2007-08-30,5.5,,,525.53
2007-08-31,5.5,,,524.63
2007-09-01,,4.7,1.1,
2007-09-03,5.5,,,523.25
2007-09-04,5.5,,,524.05
2007-09-05,5.5,,,523.36
2007-09-06,5.5,,,523.85
2007-09-07,5.5,,,521.41
2007-09-10,5.5,,,520.76
2007-09-11,5.5,,,517.68
2007-09-12,5.5,,,516.12
2007-09-13,5.5,,,515.26
2007-09-14,5.75,,,513.75
2007-09-20,5.75,,,514.29
2007-09-21,5.75,,,510.55
2007-09-24,5.75,,,512.07
2007-09-25,5.75,,,513.05
2007-09-26,5.75,,,513.93
2007-09-27,5.75,,,512.39
2007-09-28,5.75,,,511.72
2007-10-01,5.75,4.2,0.3,511.23
2007-10-02,5.75,,,509.23
2007-10-03,5.75,,,507.63
2007-10-04,5.75,,,505.61
2007-10-05,5.75,,,506.94
2007-10-08,5.75,,,503.89
2007-10-09,5.75,,,500.84
2007-10-10,5.75,,,498.46
2007-10-11,5.75,,,496.69
2007-10-12,5.75,,,493.74
2007-10-16,5.75,,,496.21
2007-10-17,5.75,,,499.56
2007-10-18,5.75,,,500.56
2007-10-19,5.75,,,503.2
2007-10-22,5.75,,,500.79
2007-10-23,5.75,,,504.25
2007-10-24,5.75,,,503.4
2007-10-25,5.75,,,504.65
2007-10-26,5.75,,,500.6
2007-10-29,5.75,,,494.77
2007-10-30,5.75,,,494.85
2007-10-31,5.75,,,494.64
2007-11-01,,4.8,0.8,
2007-11-02,5.75,,,493.14
2007-11-05,5.75,,,496.27
2007-11-06,5.75,,,501.23
2007-11-07,5.75,,,500.9
2007-11-08,5.75,,,503.7
2007-11-09,5.75,,,504.17
2007-11-12,5.75,,,505.8
2007-11-13,5.75,,,507.39
2007-11-14,5.75,,,506.8
2007-11-15,5.75,,,504.96
2007-11-16,5.75,,,506.75
2007-11-19,5.75,,,507.6
2007-11-20,5.75,,,507.89
2007-11-21,5.75,,,509.01
2007-11-22,5.75,,,512.16
2007-11-23,5.75,,,513.11
2007-11-26,5.75,,,513.88
2007-11-27,5.75,,,514.26
2007-11-28,5.75,,,516.25
2007-11-29,5.75,,,512.24
2007-11-30,5.75,,,508.47
2007-12-01,,5.6,0.5,
2007-12-03,5.75,,,505.38
2007-12-04,5.75,,,506.79
2007-12-05,5.75,,,506.23
2007-12-06,5.75,,,502.55
2007-12-07,5.75,,,496.99
2007-12-10,5.75,,,496.59
2007-12-11,5.75,,,497.63
2007-12-12,5.75,,,497.5
2007-12-13,5.75,,,498.19
2007-12-14,6.0,,,499.66
2007-12-17,6.0,,,498.03
2007-12-18,6.0,,,500.9
2007-12-19,6.0,,,499.02
2007-12-20,6.0,,,499.79
2007-12-21,6.0,,,497.85
2007-12-24,6.0,,,496.25
2007-12-26,6.0,,,495.6
2007-12-27,6.0,,,495.49
2007-12-28,6.0,,,495.82
2008-01-01,,5.7,0.0,
2008-01-02,6.0,,,496.89
2008-01-03,6.0,,,498.05
2008-01-04,6.0,,,496.83
2008-01-07,6.0,,,495.73
2008-01-08,6.0,,,495.64
2008-01-09,6.0,,,490.21
2008-01-10,6.0,,,487.25
2008-01-11,6.25,,,484.83
2008-01-14,6.25,,,480.15
2008-01-15,6.25,,,471.67
2008-01-16,6.25,,,471.69
2008-01-17,6.25,,,478.28
2008-01-18,6.25,,,476.06
2008-01-21,6.25,,,476.32
2008-01-22,6.25,,,482.54
2008-01-23,6.25,,,480.86
2008-01-24,6.25,,,479.02
2008-01-25,6.25,,,471.41
2008-01-28,6.25,,,467.95
2008-01-29,6.25,,,469.46
2008-01-30,6.25,,,463.58
2008-01-31,6.25,,,465.3
2008-02-01,6.25,7.1,0.4,465.34
2008-02-04,6.25,,,464.65
2008-02-05,6.25,,,466.71
2008-02-06,6.25,,,472.35
2008-02-07,6.25,,,474.47
2008-02-08,6.25,,,476.44
2008-02-11,6.25,,,473.97
2008-02-12,6.25,,,468.93
2008-02-13,6.25,,,465.72
2008-02-14,6.25,,,466.41
2008-02-15,6.25,,,464.47
2008-02-18,6.25,,,465.17
2008-02-19,6.25,,,463.18
2008-02-20,6.25,,,464.36
2008-02-21,6.25,,,469.24
2008-02-22,6.25,,,468.29
2008-02-25,6.25,,,466.74
2008-02-26,6.25,,,467.2
2008-02-27,6.25,,,466.64
2008-02-28,6.25,,,463.26
2008-02-29,6.25,,,458.02
2008-03-01,,3.4,0.8,
2008-03-03,6.25,,,453.95
2008-03-04,6.25,,,454.94
2008-03-05,6.25,,,453.11
2008-03-06,6.25,,,449.49
2008-03-07,6.25,,,444.87
2008-03-10,6.25,,,444.04
2008-03-11,6.25,,,440.31
2008-03-12,6.25,,,435.1
2008-03-13,6.25,,,432.38
2008-03-14,6.25,,,433.41
2008-03-17,6.25,,,434.54
2008-03-18,6.25,,,438.53
2008-03-19,6.25,,,431.22
2008-03-20,6.25,,,435.6
2008-03-24,6.25,,,447.36
2008-03-25,6.25,,,452.2
2008-03-26,6.25,,,450.86
2008-03-27,6.25,,,446.36
2008-03-28,6.25,,,441.48
2008-03-31,6.25,,,439.09
2008-04-01,6.25,4.8,0.4,437.71
2008-04-02,6.25,,,438.39
2008-04-03,6.25,,,437.12
2008-04-04,6.25,,,440.02
2008-04-07,6.25,,,436.36
2008-04-08,6.25,,,433.98
2008-04-09,6.25,,,437.15
2008-04-10,6.25,,,435.48
2008-04-11,6.25,,,434.17
2008-04-14,6.25,,,448.67
2008-04-15,6.25,,,449.48
2008-04-16,6.25,,,453.6
2008-04-17,6.25,,,456.19
2008-04-18,6.25,,,457.2
2008-04-21,6.25,,,456.02
2008-04-22,6.25,,,456.41
2008-04-23,6.25,,,452.34
2008-04-24,6.25,,,445.48
2008-04-25,6.25,,,448.49
2008-04-28,6.25,,,454.07
2008-04-29,6.25,,,454.05
2008-04-30,6.25,,,459.16
2008-05-01,,4.1,1.2,
2008-05-02,6.25,,,461.49
2008-05-05,6.25,,,464.83
2008-05-06,6.25,,,466.23
2008-05-07,6.25,,,467.5
2008-05-08,6.25,,,469.42
2008-05-09,6.25,,,470.85
2008-05-12,6.25,,,471.03
2008-05-13,6.25,,,468.19
2008-05-14,6.25,,,466.5
2008-05-15,6.25,,,468.53
2008-05-16,6.25,,,466.99
2008-05-19,6.25,,,465.31
2008-05-20,6.25,,,467.05
2008-05-22,6.25,,,471.05
2008-05-23,6.25,,,471.83
2008-05-26,6.25,,,472.02
2008-05-27,6.25,,,474.82
2008-05-28,6.25,,,479.3
2008-05-29,6.25,,,479.4
2008-05-30,6.25,,,479.66
2008-06-01,,4.8,1.5,
2008-06-02,6.25,,,479.54
2008-06-03,6.25,,,483.17
2008-06-04,6.25,,,485.2
2008-06-05,6.25,,,489.58
2008-06-06,6.25,,,482.53
2008-06-09,6.25,,,482.8
2008-06-10,6.25,,,483.55
2008-06-11,6.75,,,484.9
2008-06-12,6.75,,,485.61
2008-06-13,6.75,,,497.13
2008-06-16,6.75,,,500.55
2008-06-17,6.75,,,499.66
2008-06-18,6.75,,,492.35
2008-06-19,6.75,,,490.51
2008-06-20,6.75,,,488.62
2008-06-23,6.75,,,493.56
2008-06-24,6.75,,,501.39
2008-06-25,6.75,,,505.11
2008-06-26,6.75,,,507.58
2008-06-27,6.75,,,512.38
2008-06-30,6.75,,,520.14
2008-07-01,6.75,6.6,1.1,526.05
2008-07-02,6.75,,,529.25
2008-07-03,6.75,,,517.27
2008-07-04,6.75,,,511.16
2008-07-07,6.75,,,510.55
2008-07-08,6.75,,,507.4
2008-07-09,6.75,,,505.75
2008-07-10,6.75,,,502.57
2008-07-11,7.25,,,503.4
2008-07-14,7.25,,,503.97
2008-07-15,7.25,,,498.28
2008-07-17,7.25,,,493.05
2008-07-18,7.25,,,488.89
2008-07-21,7.25,,,495.16
2008-07-22,7.25,,,495.1
2008-07-23,7.25,,,490.25
2008-07-24,7.25,,,494.85
2008-07-25,7.25,,,493.88
2008-07-28,7.25,,,491.75
2008-07-29,7.25,,,493.59
2008-07-30,7.25,,,494.36
2008-07-31,7.25,,,502.78
2008-08-01,7.25,2.1,0.9,506.64
2008-08-04,7.25,,,505.96
2008-08-05,7.25,,,510.84
2008-08-06,7.25,,,511.32
2008-08-07,7.25,,,513.24
2008-08-08,7.25,,,511.84
2008-08-11,7.25,,,517.32
2008-08-12,7.25,,,519.58
2008-08-13,7.25,,,519.74
2008-08-14,7.25,,,517.91
2008-08-18,7.75,,,515.23
2008-08-19,7.75,,,519.32
2008-08-20,7.75,,,523.48
2008-08-21,7.75,,,520.79
2008-08-22,7.75,,,520.23
2008-08-25,7.75,,,520.05
2008-08-26,7.75,,,521.02
2008-08-27,7.75,,,523.15
2008-08-28,7.75,,,519.91
2008-08-29,7.75,,,516.47
2008-09-01,7.75,2.8,1.1,512.81
2008-09-02,7.75,,,515.06
2008-09-03,7.75,,,516.41
2008-09-04,7.75,,,516.81
2008-09-05,8.25,,,515.91
2008-09-08,8.25,,,523.18
2008-09-09,8.25,,,523.78
2008-09-10,8.25,,,530.75
2008-09-11,8.25,,,531.19
2008-09-12,8.25,,,533.74
2008-09-15,8.25,,,528.03
2008-09-16,8.25,,,532.42
2008-09-17,8.25,,,540.8
2008-09-22,8.25,,,545.01
2008-09-23,8.25,,,531.9
2008-09-24,8.25,,,533.6
2008-09-25,8.25,,,540.11
2008-09-26,8.25,,,539.41
2008-09-29,8.25,,,540.01
2008-09-30,8.25,,,552.47
2008-10-01,8.25,2.4,0.9,551.31
2008-10-02,8.25,,,555.56
2008-10-03,8.25,,,571.52
2008-10-06,8.25,,,568.35
2008-10-07,8.25,,,589.76
2008-10-08,8.25,,,588.37
2008-10-09,8.25,,,607.18
2008-10-10,8.25,,,610.86
2008-10-13,8.25,,,636.19
2008-10-14,8.25,,,616.72
2008-10-15,8.25,,,603.8
2008-10-16,8.25,,,631.33
2008-10-17,8.25,,,630.83
2008-10-20,8.25,,,616.61
2008-10-21,8.25,,,612.43
2008-10-22,8.25,,,631.46
2008-10-23,8.25,,,651.99
2008-10-24,8.25,,,651.38
2008-10-27,8.25,,,666.77
2008-10-28,8.25,,,676.75
2008-10-29,8.25,,,670.55
2008-10-30,8.25,,,664.96
2008-11-01,,-1.2,-0.1,
2008-11-03,8.25,,,669.94
2008-11-04,8.25,,,668.19
2008-11-05,8.25,,,643.28
2008-11-06,8.25,,,632.93
2008-11-07,8.25,,,629.85
2008-11-10,8.25,,,635.88
2008-11-11,8.25,,,629.19
2008-11-12,8.25,,,643.43
2008-11-13,8.25,,,645.28
2008-11-14,8.25,,,640.47
2008-11-17,8.25,,,639.79
2008-11-18,8.25,,,645.25
2008-11-19,8.25,,,645.93
2008-11-20,8.25,,,654.52
2008-11-21,8.25,,,663.3
2008-11-24,8.25,,,672.49
2008-11-25,8.25,,,675.57
2008-11-26,8.25,,,672.31
2008-11-27,8.25,,,663.08
2008-11-28,8.25,,,659.43
2008-12-01,8.25,-1.9,-1.2,664.57
2008-12-02,8.25,,,671.09
2008-12-03,8.25,,,666.84
2008-12-04,8.25,,,674.83
2008-12-05,8.25,,,673.3
2008-12-09,8.25,,,673.39
2008-12-10,8.25,,,665.83
2008-12-11,8.25,,,664.96
2008-12-12,8.25,,,656.91
2008-12-15,8.25,,,653.75
2008-12-16,8.25,,,643.15
2008-12-17,8.25,,,638.04
2008-12-18,8.25,,,634.53
2008-12-19,8.25,,,626.2
2008-12-22,8.25,,,635.88
2008-12-23,8.25,,,632.64
2008-12-24,8.25,,,627.79
2008-12-26,8.25,,,625.59
2008-12-29,8.25,,,627.93
2008-12-30,8.25,,,629.11
2009-01-01,,-2.5,-0.8,
2009-01-02,8.25,,,636.45
2009-01-05,8.25,,,640.91
2009-01-06,8.25,,,643.87
2009-01-07,8.25,,,633.23
2009-01-08,8.25,,,630.19
2009-01-09,7.25,,,629.5
2009-01-12,7.25,,,616.95
2009-01-13,7.25,,,610.09
2009-01-14,7.25,,,614.85
2009-01-15,7.25,,,615.85
2009-01-16,7.25,,,625.63
2009-01-19,7.25,,,615.48
2009-01-20,7.25,,,620.78
2009-01-21,7.25,,,624.81
2009-01-22,7.25,,,623.64
2009-01-23,7.25,,,622.3
2009-01-26,7.25,,,621.17
2009-01-27,7.25,,,616.94
2009-01-28,7.25,,,616.2
2009-01-29,7.25,,,611.89
2009-01-30,7.25,,,612.43
2009-02-01,,-4.4,-0.4,
2009-02-02,7.25,,,617.1
2009-02-03,7.25,,,621.78
2009-02-04,7.25,,,623.87
2009-02-05,7.25,,,617.2
2009-02-06,7.25,,,620.28
2009-02-09,7.25,,,615.82
2009-02-10,7.25,,,610.13
2009-02-11,7.25,,,605.7
2009-02-12,7.25,,,602.12
2009-02-13,4.75,,,593.02
2009-02-16,4.75,,,583.32
2009-02-17,4.75,,,584.35
2009-02-18,4.75,,,592.37
2009-02-19,4.75,,,592.45
2009-02-20,4.75,,,604.17
2009-02-23,4.75,,,619.44
2009-02-24,4.75,,,621.41
2009-02-25,4.75,,,598.98
2009-02-26,4.75,,,600.69
2009-02-27,4.75,,,595.76
2009-03-01,,-2.4,0.4,
2009-03-02,4.75,,,599.04
2009-03-03,4.75,,,603.73
2009-03-04,4.75,,,609.29
2009-03-05,4.75,,,614.85
2009-03-06,4.75,,,610.79
2009-03-09,4.75,,,605.4
2009-03-10,4.75,,,610.18
2009-03-11,4.75,,,604.88
2009-03-12,4.75,,,601.47
2009-03-13,2.25,,,598.09
2009-03-16,2.25,,,594.0
2009-03-17,2.25,,,585.95
2009-03-18,2.25,,,583.29
2009-03-19,2.25,,,591.72
2009-03-20,2.25,,,584.24
2009-03-23,2.25,,,587.14
2009-03-24,2.25,,,579.78
2009-03-25,2.25,,,576.44
2009-03-26,2.25,,,574.47
2009-03-27,2.25,,,575.25
2009-03-30,2.25,,,572.39
2009-03-31,2.25,,,582.1
2009-04-01,2.25,-2.7,-0.2,583.26
2009-04-02,2.25,,,582.08
2009-04-03,2.25,,,575.12
2009-04-06,2.25,,,580.35
2009-04-07,2.25,,,582.2
2009-04-08,2.25,,,582.81
2009-04-09,2.25,,,580.61
2009-04-13,1.75,,,577.31
2009-04-14,1.75,,,577.8
2009-04-15,1.75,,,577.73
2009-04-16,1.75,,,579.34
2009-04-17,1.75,,,577.12
2009-04-20,1.75,,,578.66
2009-04-21,1.75,,,583.96
2009-04-22,1.75,,,583.13
2009-04-23,1.75,,,583.67
2009-04-24,1.75,,,584.23
2009-04-27,1.75,,,587.54
2009-04-28,1.75,,,600.11
2009-04-29,1.75,,,601.04
2009-04-30,1.75,,,588.62
2009-05-01,,-3.2,-0.3,
2009-05-04,1.75,,,580.1
2009-05-05,1.75,,,573.55
2009-05-06,1.75,,,568.85
2009-05-07,1.75,,,571.12
2009-05-08,1.25,,,564.44
2009-05-11,1.25,,,562.53
2009-05-12,1.25,,,568.45
2009-05-13,1.25,,,568.09
2009-05-14,1.25,,,570.84
2009-05-15,1.25,,,564.2
2009-05-18,1.25,,,560.34
2009-05-19,1.25,,,559.11
2009-05-20,1.25,,,559.56
2009-05-22,1.25,,,558.95
2009-05-25,1.25,,,561.55
2009-05-26,1.25,,,562.39
2009-05-27,1.25,,,564.33
2009-05-28,1.25,,,565.6
2009-05-29,1.25,,,564.64
2009-06-01,1.25,-3.3,0.3,560.58
2009-06-02,1.25,,,560.62
2009-06-03,1.25,,,562.52
2009-06-04,1.25,,,565.67
2009-06-05,1.25,,,566.12
2009-06-08,1.25,,,565.77
2009-06-09,1.25,,,568.71
2009-06-10,1.25,,,566.25
2009-06-11,1.25,,,565.62
2009-06-12,1.25,,,564.24
2009-06-15,1.25,,,562.09
2009-06-16,1.25,,,565.21
2009-06-17,0.75,,,553.14
2009-06-18,0.75,,,549.99
2009-06-19,0.75,,,539.81
2009-06-22,0.75,,,536.43
2009-06-23,0.75,,,534.42
2009-06-24,0.75,,,533.8
2009-06-25,0.75,,,532.69
2009-06-26,0.75,,,531.93
2009-06-30,0.75,,,529.07
2009-07-01,0.75,-2.7,-0.4,531.76
2009-07-02,0.75,,,534.99
2009-07-03,0.75,,,543.59
2009-07-06,0.75,,,541.37
2009-07-07,0.75,,,540.35
2009-07-08,0.75,,,540.42
2009-07-09,0.75,,,546.05
2009-07-10,0.5,,,547.65
2009-07-13,0.5,,,551.7
2009-07-14,0.5,,,548.68
2009-07-15,0.5,,,548.35
2009-07-17,0.5,,,541.3
2009-07-20,0.5,,,532.17
2009-07-21,0.5,,,531.33
2009-07-22,0.5,,,532.59
2009-07-23,0.5,,,533.61
2009-07-24,0.5,,,534.12
2009-07-27,0.5,,,538.22
2009-07-28,0.5,,,540.85
2009-07-29,0.5,,,544.72
2009-07-30,0.5,,,543.53
2009-07-31,0.5,,,541.9
2009-08-01,,0.2,-0.4,
2009-08-03,0.5,,,541.3
2009-08-04,0.5,,,538.22
2009-08-05,0.5,,,539.4
2009-08-06,0.5,,,540.99
2009-08-07,0.5,,,541.71
2009-08-10,0.5,,,542.98
2009-08-11,0.5,,,546.37
2009-08-12,0.5,,,549.79
2009-08-13,0.5,,,546.53
2009-08-14,0.5,,,545.36
2009-08-17,0.5,,,552.21
2009-08-18,0.5,,,558.71
2009-08-19,0.5,,,556.31
2009-08-20,0.5,,,552.65
2009-08-21,0.5,,,548.06
2009-08-24,0.5,,,543.5
2009-08-25,0.5,,,546.53
2009-08-26,0.5,,,546.19
2009-08-27,0.5,,,548.57
2009-08-28,0.5,,,548.55
2009-08-31,0.5,,,550.64
2009-09-01,0.5,0.6,1.0,553.35
2009-09-02,0.5,,,555.29
2009-09-03,0.5,,,557.74
2009-09-04,0.5,,,555.87
2009-09-07,0.5,,,552.42
2009-09-08,0.5,,,550.96
2009-09-09,0.5,,,551.87
2009-09-10,0.5,,,551.64
2009-09-11,0.5,,,554.03
2009-09-14,0.5,,,550.57
2009-09-15,0.5,,,551.88
2009-09-16,0.5,,,551.37
2009-09-17,0.5,,,545.72
2009-09-21,0.5,,,545.96
2009-09-22,0.5,,,544.5
2009-09-23,0.5,,,540.48
2009-09-24,0.5,,,539.71
2009-09-25,0.5,,,540.96
2009-09-28,0.5,,,544.66
2009-09-29,0.5,,,545.44
2009-09-30,0.5,,,546.07
2009-10-01,0.5,-0.2,0.0,550.36
2009-10-02,0.5,,,553.3
2009-10-05,0.5,,,557.41
2009-10-06,0.5,,,556.11
2009-10-07,0.5,,,554.02
2009-10-08,0.5,,,553.57
2009-10-09,0.5,,,550.55
2009-10-13,0.5,,,554.44
2009-10-14,0.5,,,554.66
2009-10-15,0.5,,,552.48
2009-10-16,0.5,,,549.21
2009-10-19,0.5,,,547.61
2009-10-20,0.5,,,546.25
2009-10-21,0.5,,,542.63
2009-10-22,0.5,,,542.56
2009-10-23,0.5,,,536.75
2009-10-26,0.5,,,531.95
2009-10-27,0.5,,,532.89
2009-10-28,0.5,,,532.85
2009-10-29,0.5,,,531.15
2009-10-30,0.5,,,531.74
2009-11-01,,3.9,-0.5,
2009-11-02,0.5,,,531.83
2009-11-03,0.5,,,528.89
2009-11-04,0.5,,,531.49
2009-11-05,0.5,,,527.84
2009-11-06,0.5,,,524.07
2009-11-09,0.5,,,521.77
2009-11-10,0.5,,,515.67
2009-11-11,0.5,,,509.53
2009-11-12,0.5,,,506.01
2009-11-13,0.5,,,508.19
2009-11-16,0.5,,,504.09
2009-11-17,0.5,,,497.65
2009-11-18,0.5,,,494.09
2009-11-19,0.5,,,491.09
2009-11-20,0.5,,,498.2
2009-11-23,0.5,,,503.58
2009-11-24,0.5,,,494.51
2009-11-25,0.5,,,493.26
2009-11-26,0.5,,,492.33
2009-11-27,0.5,,,493.48
2009-11-30,0.5,,,495.84
2009-12-01,0.5,4.0,-0.3,494.82
2009-12-02,0.5,,,495.78
2009-12-03,0.5,,,499.46
2009-12-04,0.5,,,502.64
2009-12-07,0.5,,,501.79
2009-12-09,0.5,,,502.91
2009-12-10,0.5,,,503.55
2009-12-11,0.5,,,495.89
2009-12-14,0.5,,,495.51
2009-12-15,0.5,,,497.11
2009-12-16,0.5,,,498.77
2009-12-17,0.5,,,498.43
2009-12-18,0.5,,,500.56
2009-12-21,0.5,,,502.59
2009-12-22,0.5,,,503.93
2009-12-23,0.5,,,507.19
2009-12-24,0.5,,,508.75
2009-12-28,0.5,,,506.62
2009-12-29,0.5,,,506.27
2009-12-30,0.5,,,506.43
2010-01-01,,3.9,0.5,
2010-01-04,0.5,,,507.1
2010-01-05,0.5,,,505.7
2010-01-06,0.5,,,504.22
2010-01-07,0.5,,,497.93
2010-01-08,0.5,,,494.54
2010-01-11,0.5,,,492.37
2010-01-12,0.5,,,489.47
2010-01-13,0.5,,,491.16
2010-01-14,0.5,,,490.01
2010-01-15,0.5,,,493.0
2010-01-18,0.5,,,492.9
2010-01-19,0.5,,,490.89
2010-01-20,0.5,,,492.21
2010-01-21,0.5,,,495.2
2010-01-22,0.5,,,498.75
2010-01-25,0.5,,,506.36
2010-01-26,0.5,,,506.88
2010-01-27,0.5,,,512.12
2010-01-28,0.5,,,520.69
2010-01-29,0.5,,,531.75
2010-02-01,0.5,3.4,0.3,523.1
2010-02-02,0.5,,,528.48
2010-02-03,0.5,,,528.58
2010-02-04,0.5,,,535.51
2010-02-05,0.5,,,546.18
2010-02-08,0.5,,,543.35
2010-02-09,0.5,,,541.39
2010-02-10,0.5,,,541.23
2010-02-11,0.5,,,535.63
2010-02-12,0.5,,,533.55
2010-02-15,0.5,,,529.6
2010-02-16,0.5,,,525.48
2010-02-17,0.5,,,527.58
2010-02-18,0.5,,,527.81
2010-02-19,0.5,,,532.39
2010-02-22,0.5,,,533.21
2010-02-23,0.5,,,529.19
2010-02-24,0.5,,,528.52
2010-02-25,0.5,,,530.67
2010-02-26,0.5,,,529.69
2010-03-01,0.5,0.2,0.1,527.84
2010-03-02,0.5,,,524.94
2010-03-03,0.5,,,521.49
2010-03-04,0.5,,,515.81
2010-03-05,0.5,,,515.04
2010-03-08,0.5,,,511.23
2010-03-09,0.5,,,508.66
2010-03-10,0.5,,,512.79
2010-03-11,0.5,,,515.17
2010-03-12,0.5,,,520.81
2010-03-15,0.5,,,516.33
2010-03-16,0.5,,,516.45
2010-03-17,0.5,,,521.87
2010-03-18,0.5,,,526.89
2010-03-19,0.5,,,525.95
2010-03-22,0.5,,,527.78
2010-03-23,0.5,,,533.24
2010-03-24,0.5,,,533.87
2010-03-25,0.5,,,532.69
2010-03-26,0.5,,,532.33
2010-03-29,0.5,,,533.06
2010-03-30,0.5,,,532.21
2010-03-31,0.5,,,526.29
2010-04-01,0.5,6.1,0.5,524.46
2010-04-05,0.5,,,521.95
2010-04-06,0.5,,,519.51
2010-04-07,0.5,,,519.99
2010-04-08,0.5,,,517.46
2010-04-09,0.5,,,517.07
2010-04-12,0.5,,,514.91
2010-04-13,0.5,,,515.1
2010-04-14,0.5,,,515.35
2010-04-15,0.5,,,516.34
2010-04-16,0.5,,,521.01
2010-04-19,0.5,,,522.82
2010-04-20,0.5,,,525.13
2010-04-21,0.5,,,527.38
2010-04-22,0.5,,,523.94
2010-04-23,0.5,,,521.42
2010-04-26,0.5,,,521.25
2010-04-27,0.5,,,519.52
2010-04-28,0.5,,,522.65
2010-04-29,0.5,,,524.86
2010-04-30,0.5,,,520.99
2010-05-01,,6.7,0.4,
2010-05-03,0.5,,,517.23
2010-05-04,0.5,,,518.44
2010-05-05,0.5,,,522.73
2010-05-06,0.5,,,527.6
2010-05-07,0.5,,,527.59
2010-05-10,0.5,,,532.99
2010-05-11,0.5,,,527.94
2010-05-12,0.5,,,529.96
2010-05-13,0.5,,,529.35
2010-05-14,0.5,,,532.23
2010-05-17,0.5,,,534.33
2010-05-18,0.5,,,538.6
2010-05-19,0.5,,,542.68
2010-05-20,0.5,,,549.17
2010-05-24,0.5,,,548.18
2010-05-25,0.5,,,539.93
2010-05-26,0.5,,,544.59
2010-05-27,0.5,,,539.35
2010-05-28,0.5,,,532.01
2010-05-31,0.5,,,529.23
2010-06-01,0.5,6.9,0.0,530.62
2010-06-02,0.5,,,533.1
2010-06-03,0.5,,,534.72
2010-06-04,0.5,,,535.25
2010-06-07,0.5,,,540.98
2010-06-08,0.5,,,545.32
2010-06-09,0.5,,,548.16
2010-06-10,0.5,,,542.45
2010-06-11,0.5,,,537.81
2010-06-14,0.5,,,537.57
2010-06-15,0.5,,,535.01
2010-06-16,1.0,,,536.15
2010-06-17,1.0,,,530.42
2010-06-18,1.0,,,530.36
2010-06-21,1.0,,,532.74
2010-06-22,1.0,,,530.32
2010-06-23,1.0,,,532.85
2010-06-24,1.0,,,535.56
2010-06-25,1.0,,,539.68
2010-06-29,1.0,,,537.87
2010-06-30,1.0,,,543.09
2010-07-01,1.0,8.1,0.6,547.19
2010-07-02,1.0,,,545.31
2010-07-05,1.0,,,538.36
2010-07-06,1.0,,,537.5
2010-07-07,1.0,,,535.88
2010-07-08,1.0,,,536.79
2010-07-09,1.0,,,536.31
2010-07-12,1.0,,,538.31
2010-07-13,1.0,,,539.02
2010-07-14,1.0,,,535.4
2010-07-15,1.0,,,534.98
2010-07-19,1.5,,,531.51
2010-07-20,1.5,,,532.23
2010-07-21,1.5,,,530.27
2010-07-22,1.5,,,524.62
2010-07-23,1.5,,,518.36
2010-07-26,1.5,,,520.09
2010-07-27,1.5,,,519.75
2010-07-28,1.5,,,519.19
2010-07-29,1.5,,,522.72
2010-07-30,1.5,,,522.36
2010-08-01,,8.1,-0.1,
2010-08-02,1.5,,,522.75
2010-08-03,1.5,,,517.16
2010-08-04,1.5,,,517.67
2010-08-05,1.5,,,516.43
2010-08-06,1.5,,,515.66
2010-08-09,1.5,,,514.72
2010-08-10,1.5,,,512.2
2010-08-11,1.5,,,513.44
2010-08-12,1.5,,,513.27
2010-08-13,2.0,,,509.61
2010-08-16,2.0,,,509.97
2010-08-17,2.0,,,506.28
2010-08-18,2.0,,,502.84
2010-08-19,2.0,,,499.98
2010-08-20,2.0,,,504.75
2010-08-23,2.0,,,507.8
2010-08-24,2.0,,,503.55
2010-08-25,2.0,,,506.33
2010-08-26,2.0,,,507.38
2010-08-27,2.0,,,503.34
2010-08-30,2.0,,,500.74
2010-08-31,2.0,,,499.26
2010-09-01,2.0,6.0,0.4,503.1
2010-09-02,2.0,,,498.15
2010-09-03,2.0,,,496.68
2010-09-06,2.0,,,495.22
2010-09-07,2.0,,,496.87
2010-09-08,2.0,,,497.89
2010-09-09,2.0,,,497.54
2010-09-10,2.0,,,495.28
2010-09-13,2.0,,,495.95
2010-09-14,2.0,,,494.83
2010-09-15,2.0,,,493.66
2010-09-16,2.0,,,494.51
2010-09-21,2.5,,,496.37
2010-09-22,2.5,,,497.58
2010-09-23,2.5,,,493.87
2010-09-24,2.5,,,489.87
2010-09-27,2.5,,,485.96
2010-09-28,2.5,,,485.24
2010-09-29,2.5,,,484.86
2010-09-30,2.5,,,485.23
2010-10-01,2.5,5.3,0.1,483.65
2010-10-04,2.5,,,480.79
2010-10-05,2.5,,,485.49
2010-10-06,2.5,,,483.77
2010-10-07,2.5,,,481.84
2010-10-08,2.5,,,482.27
2010-10-12,2.5,,,483.2
2010-10-13,2.5,,,479.09
2010-10-14,2.5,,,475.93
2010-10-15,2.75,,,477.96
2010-10-18,2.75,,,478.14
2010-10-19,2.75,,,481.43
2010-10-20,2.75,,,485.71
2010-10-21,2.75,,,485.87
2010-10-22,2.75,,,485.99
2010-10-25,2.75,,,486.98
2010-10-26,2.75,,,485.51
2010-10-27,2.75,,,491.01
2010-10-28,2.75,,,494.44
2010-10-29,2.75,,,491.76
2010-11-01,,7.4,0.1,
2010-11-02,2.75,,,488.72
2010-11-03,2.75,,,486.92
2010-11-04,2.75,,,488.04
2010-11-05,2.75,,,481.04
2010-11-08,2.75,,,478.32
2010-11-09,2.75,,,480.22
2010-11-10,2.75,,,477.05
2010-11-11,2.75,,,480.17
2010-11-12,2.75,,,480.03
2010-11-15,2.75,,,480.64
2010-11-16,2.75,,,483.13
2010-11-17,3.0,,,483.92
2010-11-18,3.0,,,485.41
2010-11-19,3.0,,,480.99
2010-11-22,3.0,,,480.53
2010-11-23,3.0,,,479.19
2010-11-24,3.0,,,481.38
2010-11-25,3.0,,,482.04
2010-11-26,3.0,,,481.74
2010-11-29,3.0,,,482.78
2010-11-30,3.0,,,486.39
2010-12-01,3.0,6.8,0.1,487.87
2010-12-02,3.0,,,485.34
2010-12-03,3.0,,,484.74
2010-12-06,3.0,,,481.84
2010-12-07,3.0,,,479.26
2010-12-09,3.0,,,475.91
2010-12-10,3.0,,,475.21
2010-12-13,3.0,,,474.71
2010-12-14,3.0,,,473.72
2010-12-15,3.0,,,473.78
2010-12-16,3.0,,,474.12
2010-12-17,3.25,,,473.92
2010-12-20,3.25,,,472.34
2010-12-21,3.25,,,471.02
2010-12-22,3.25,,,468.69
2010-12-23,3.25,,,469.82
2010-12-24,3.25,,,469.31
2010-12-27,3.25,,,469.52
2010-12-28,3.25,,,471.21
2010-12-29,3.25,,,469.64
2010-12-30,3.25,,,468.37
2011-01-01,,7.8,0.3,
2011-01-03,3.25,,,468.01
2011-01-04,3.25,,,466.05
2011-01-05,3.25,,,486.82
2011-01-06,3.25,,,493.65
2011-01-07,3.25,,,494.74
2011-01-10,3.25,,,496.96
2011-01-11,3.25,,,499.03
2011-01-12,3.25,,,496.03
2011-01-13,3.25,,,493.27
2011-01-14,3.25,,,488.82
2011-01-17,3.25,,,492.16
2011-01-18,3.25,,,490.32
2011-01-19,3.25,,,490.67
2011-01-20,3.25,,,490.89
2011-01-21,3.25,,,494.1
2011-01-24,3.25,,,492.49
2011-01-25,3.25,,,493.14
2011-01-26,3.25,,,492.51
2011-01-27,3.25,,,490.24
2011-01-28,3.25,,,485.04
2011-01-31,3.25,,,483.32
2011-02-01,3.25,7.2,0.2,484.14
2011-02-02,3.25,,,480.59
2011-02-03,3.25,,,480.5
2011-02-04,3.25,,,481.56
2011-02-07,3.25,,,478.36
2011-02-08,3.25,,,478.18
2011-02-09,3.25,,,479.73
2011-02-10,3.25,,,476.87
2011-02-11,3.25,,,475.93
2011-02-14,3.25,,,473.42
2011-02-15,3.25,,,469.99
2011-02-16,3.25,,,470.59
2011-02-17,3.25,,,474.13
2011-02-18,3.5,,,473.16
2011-02-21,3.5,,,469.14
2011-02-22,3.5,,,468.94
2011-02-23,3.5,,,470.76
2011-02-24,3.5,,,474.01
2011-02-25,3.5,,,478.19
2011-02-28,3.5,,,475.63
2011-03-01,3.5,13.2,0.8,475.21
2011-03-02,3.5,,,476.4
2011-03-03,3.5,,,478.04
2011-03-04,3.5,,,474.04
2011-03-07,3.5,,,472.74
2011-03-08,3.5,,,473.28
2011-03-09,3.5,,,475.63
2011-03-10,3.5,,,475.62
2011-03-11,3.5,,,482.63
2011-03-14,3.5,,,482.1
2011-03-15,3.5,,,480.51
2011-03-16,3.5,,,484.56
2011-03-17,3.5,,,484.01
2011-03-18,4.0,,,485.37
2011-03-21,4.0,,,482.21
2011-03-22,4.0,,,480.55
2011-03-23,4.0,,,481.78
2011-03-24,4.0,,,482.69
2011-03-25,4.0,,,480.37
2011-03-28,4.0,,,479.67
2011-03-29,4.0,,,480.55
2011-03-30,4.0,,,481.96
2011-03-31,4.0,,,482.08
2011-04-01,4.0,6.2,0.3,479.46
2011-04-04,4.0,,,476.9
2011-04-05,4.0,,,474.55
2011-04-06,4.0,,,475.03
2011-04-07,4.0,,,472.89
2011-04-08,4.0,,,473.25
2011-04-11,4.0,,,470.19
2011-04-12,4.0,,,471.0
2011-04-13,4.5,,,473.77
2011-04-14,4.5,,,472.72
2011-04-15,4.5,,,472.56
2011-04-18,4.5,,,472.46
2011-04-19,4.5,,,474.76
2011-04-20,4.5,,,473.82
2011-04-21,4.5,,,469.94
2011-04-25,4.5,,,467.77
2011-04-26,4.5,,,467.63
2011-04-27,4.5,,,465.29
2011-04-28,4.5,,,462.37
2011-04-29,4.5,,,460.04
2011-05-01,,6.6,0.4,
2011-05-02,4.5,,,460.09
2011-05-03,4.5,,,461.65
2011-05-04,4.5,,,463.07
2011-05-05,4.5,,,463.05
2011-05-06,4.5,,,468.35
2011-05-09,4.5,,,467.17
2011-05-10,4.5,,,467.69
2011-05-11,4.5,,,465.57
2011-05-12,4.5,,,467.83
2011-05-13,5.0,,,468.07
2011-05-16,5.0,,,465.21
2011-05-17,5.0,,,469.3
2011-05-18,5.0,,,474.19
2011-05-19,5.0,,,471.81
2011-05-20,5.0,,,468.78
2011-05-23,5.0,,,468.34
2011-05-24,5.0,,,472.71
2011-05-25,5.0,,,471.35
2011-05-26,5.0,,,471.18
2011-05-27,5.0,,,470.0
2011-05-30,5.0,,,467.31
2011-05-31,5.0,,,467.31
2011-06-01,5.0,4.3,0.2,465.13
2011-06-02,5.0,,,466.78
2011-06-03,5.0,,,467.33
2011-06-06,5.0,,,468.23
2011-06-07,5.0,,,468.31
2011-06-08,5.0,,,466.9
2011-06-09,5.0,,,467.54
2011-06-10,5.0,,,467.33
2011-06-13,5.0,,,468.12
2011-06-14,5.0,,,467.12
2011-06-15,5.25,,,466.25
2011-06-16,5.25,,,467.92
2011-06-17,5.25,,,471.0
2011-06-20,5.25,,,471.33
2011-06-21,5.25,,,472.95
2011-06-22,5.25,,,471.05
2011-06-23,5.25,,,472.04
2011-06-24,5.25,,,474.59
2011-06-28,5.25,,,473.64
2011-06-29,5.25,,,472.96
2011-06-30,5.25,,,471.13
2011-07-01,5.25,2.4,0.1,468.15
2011-07-04,5.25,,,465.98
2011-07-05,5.25,,,465.34
2011-07-06,5.25,,,465.43
2011-07-07,5.25,,,465.36
2011-07-08,5.25,,,462.01
2011-07-11,5.25,,,462.89
2011-07-12,5.25,,,466.26
2011-07-13,5.25,,,467.4
2011-07-14,5.25,,,463.65
2011-07-15,5.25,,,462.02
2011-07-18,5.25,,,462.17
2011-07-19,5.25,,,463.94
2011-07-20,5.25,,,461.5
2011-07-21,5.25,,,462.32
2011-07-22,5.25,,,461.65
2011-07-25,5.25,,,461.36
2011-07-26,5.25,,,462.49
2011-07-27,5.25,,,458.73
2011-07-28,5.25,,,457.12
2011-07-29,5.25,,,455.91
2011-08-01,5.25,3.3,0.2,457.41
2011-08-02,5.25,,,458.51
2011-08-03,5.25,,,458.05
2011-08-04,5.25,,,460.23
2011-08-05,5.25,,,461.79
2011-08-08,5.25,,,464.32
2011-08-09,5.25,,,473.38
2011-08-10,5.25,,,473.71
2011-08-11,5.25,,,473.05
2011-08-12,5.25,,,474.1
2011-08-16,5.25,,,469.87
2011-08-17,5.25,,,472.13
2011-08-18,5.25,,,467.66
2011-08-19,5.25,,,470.38
2011-08-22,5.25,,,468.47
2011-08-23,5.25,,,467.91
2011-08-24,5.25,,,467.48
2011-08-25,5.25,,,466.75
2011-08-26,5.25,,,466.88
2011-08-29,5.25,,,466.92
2011-08-30,5.25,,,464.73
2011-08-31,5.25,,,465.66
2011-09-01,5.25,4.2,0.5,463.19
2011-09-02,5.25,,,460.62
2011-09-05,5.25,,,460.34
2011-09-06,5.25,,,462.37
2011-09-07,5.25,,,464.03
2011-09-08,5.25,,,462.63
2011-09-09,5.25,,,463.21
2011-09-12,5.25,,,466.74
2011-09-13,5.25,,,474.07
2011-09-14,5.25,,,475.6
2011-09-15,5.25,,,476.85
2011-09-16,5.25,,,478.57
2011-09-20,5.25,,,479.28
2011-09-21,5.25,,,488.19
2011-09-22,5.25,,,500.22
2011-09-23,5.25,,,521.85
2011-09-26,5.25,,,519.58
2011-09-27,5.25,,,512.34
2011-09-28,5.25,,,504.24
2011-09-29,5.25,,,508.51
2011-09-30,5.25,,,515.14
2011-10-01,,4.5,0.5,
2011-10-03,5.25,,,521.76
2011-10-04,5.25,,,525.95
2011-10-05,5.25,,,533.74
2011-10-06,5.25,,,531.05
2011-10-07,5.25,,,523.31
2011-10-11,5.25,,,513.76
2011-10-12,5.25,,,512.61
2011-10-13,5.25,,,502.33
2011-10-14,5.25,,,504.3
2011-10-17,5.25,,,499.57
2011-10-18,5.25,,,501.94
2011-10-19,5.25,,,511.14
2011-10-20,5.25,,,509.28
2011-10-21,5.25,,,515.57
2011-10-24,5.25,,,512.72
2011-10-25,5.25,,,507.12
2011-10-26,5.25,,,503.83
2011-10-27,5.25,,,501.12
2011-10-28,5.25,,,492.04
2011-11-01,,4.4,0.3,
2011-11-02,5.25,,,490.29
2011-11-03,5.25,,,501.49
2011-11-04,5.25,,,497.48
2011-11-07,5.25,,,494.08
2011-11-08,5.25,,,499.47
2011-11-09,5.25,,,497.43
2011-11-10,5.25,,,500.2
2011-11-11,5.25,,,500.84
2011-11-14,5.25,,,499.66
2011-11-15,5.25,,,501.35
2011-11-16,5.25,,,506.99
2011-11-17,5.25,,,511.66
2011-11-18,5.25,,,511.09
2011-11-21,5.25,,,510.11
2011-11-22,5.25,,,518.24
2011-11-23,5.25,,,517.96
2011-11-24,5.25,,,524.3
2011-11-25,5.25,,,522.4
2011-11-28,5.25,,,526.83
2011-11-29,5.25,,,521.07
2011-11-30,5.25,,,524.25
2011-12-01,5.25,6.6,0.6,517.37
2011-12-02,5.25,,,513.73
2011-12-05,5.25,,,512.89
2011-12-06,5.25,,,513.09
2011-12-07,5.25,,,512.68
2011-12-09,5.25,,,508.67
2011-12-12,5.25,,,510.4
2011-12-13,5.25,,,514.11
2011-12-14,5.25,,,515.13
2011-12-15,5.25,,,518.49
2011-12-16,5.25,,,519.06
2011-12-19,5.25,,,517.29
2011-12-20,5.25,,,520.3
2011-12-21,5.25,,,518.66
2011-12-22,5.25,,,522.62
2011-12-23,5.25,,,520.21
2011-12-26,5.25,,,520.39
2011-12-27,5.25,,,520.54
2011-12-28,5.25,,,521.78
2011-12-29,5.25,,,521.74
2011-12-30,5.25,,,521.46
2012-01-01,,5.1,0.1,
2012-01-02,5.25,,,519.2
2012-01-03,5.25,,,518.2
2012-01-04,5.25,,,514.34
2012-01-05,5.25,,,512.23
2012-01-06,5.25,,,511.8
2012-01-09,5.25,,,509.54
2012-01-10,5.25,,,512.4
2012-01-11,5.25,,,508.76
2012-01-12,5.25,,,506.91
2012-01-13,5.0,,,501.47
2012-01-16,5.0,,,501.99
2012-01-17,5.0,,,500.99
2012-01-18,5.0,,,496.68
2012-01-19,5.0,,,497.05
2012-01-20,5.0,,,491.93
2012-01-23,5.0,,,491.59
2012-01-24,5.0,,,487.87
2012-01-25,5.0,,,492.96
2012-01-26,5.0,,,493.58
2012-01-27,5.0,,,485.64
2012-01-30,5.0,,,485.35
2012-01-31,5.0,,,488.99
2012-02-01,5.0,6.3,0.4,488.75
2012-02-02,5.0,,,487.73
2012-02-03,5.0,,,483.7
2012-02-06,5.0,,,478.64
2012-02-07,5.0,,,481.09
2012-02-08,5.0,,,479.98
2012-02-09,5.0,,,477.13
2012-02-10,5.0,,,475.29
2012-02-13,5.0,,,478.39
2012-02-14,5.0,,,478.2
2012-02-15,5.0,,,482.99
2012-02-16,5.0,,,482.75
2012-02-17,5.0,,,486.59
2012-02-20,5.0,,,483.94
2012-02-21,5.0,,,482.18
2012-02-22,5.0,,,481.5
2012-02-23,5.0,,,483.57
2012-02-24,5.0,,,481.08
2012-02-27,5.0,,,479.08
2012-02-28,5.0,,,481.27
2012-02-29,5.0,,,477.41
2012-03-01,5.0,4.0,0.2,476.27
2012-03-02,5.0,,,480.62
2012-03-05,5.0,,,484.47
2012-03-06,5.0,,,485.06
2012-03-07,5.0,,,489.68
2012-03-08,5.0,,,491.57
2012-03-09,5.0,,,485.03
2012-03-12,5.0,,,483.46
2012-03-13,5.0,,,484.81
2012-03-14,5.0,,,484.71
2012-03-15,5.0,,,485.71
2012-03-16,5.0,,,484.53
2012-03-19,5.0,,,480.9
2012-03-20,5.0,,,482.83
2012-03-21,5.0,,,485.61
2012-03-22,5.0,,,484.98
2012-03-23,5.0,,,487.72
2012-03-26,5.0,,,489.54
2012-03-27,5.0,,,486.31
2012-03-28,5.0,,,486.42
2012-03-29,5.0,,,488.71
2012-03-30,5.0,,,489.76
2012-04-01,,5.2,0.1,
2012-04-02,5.0,,,487.44
2012-04-03,5.0,,,485.76
2012-04-04,5.0,,,482.17
2012-04-05,5.0,,,483.78
2012-04-09,5.0,,,485.07
2012-04-10,5.0,,,486.1
2012-04-11,5.0,,,487.04
2012-04-12,5.0,,,487.37
2012-04-13,5.0,,,483.98
2012-04-16,5.0,,,484.58
2012-04-17,5.0,,,486.95
2012-04-18,5.0,,,485.83
2012-04-19,5.0,,,487.32
2012-04-20,5.0,,,488.96
2012-04-23,5.0,,,486.07
2012-04-24,5.0,,,489.64
2012-04-25,5.0,,,487.15
2012-04-26,5.0,,,486.52
2012-04-27,5.0,,,484.88
2012-04-30,5.0,,,483.41
2012-05-01,,5.5,0.0,
2012-05-02,5.0,,,484.87
2012-05-03,5.0,,,484.7
2012-05-04,5.0,,,482.12
2012-05-07,5.0,,,482.12
2012-05-08,5.0,,,483.44
2012-05-09,5.0,,,485.54
2012-05-10,5.0,,,490.17
2012-05-11,5.0,,,486.32
2012-05-14,5.0,,,487.8
2012-05-15,5.0,,,491.42
2012-05-16,5.0,,,497.11
2012-05-17,5.0,,,500.77
2012-05-18,5.0,,,503.76
2012-05-22,5.0,,,504.47
2012-05-23,5.0,,,505.46
2012-05-24,5.0,,,510.17
2012-05-25,5.0,,,507.83
2012-05-28,5.0,,,510.56
2012-05-29,5.0,,,510.26
2012-05-30,5.0,,,512.05
2012-05-31,5.0,,,517.91
2012-06-01,5.0,6.7,-0.3,519.69
2012-06-04,5.0,,,519.6
2012-06-05,5.0,,,515.58
2012-06-06,5.0,,,512.47
2012-06-07,5.0,,,508.28
2012-06-08,5.0,,,501.74
2012-06-11,5.0,,,504.08
2012-06-12,5.0,,,501.85
2012-06-13,5.0,,,504.03
2012-06-14,5.0,,,502.07
2012-06-15,5.0,,,501.34
2012-06-18,5.0,,,499.09
2012-06-19,5.0,,,500.73
2012-06-20,5.0,,,495.48
2012-06-21,5.0,,,496.66
2012-06-22,5.0,,,499.59
2012-06-25,5.0,,,503.89
2012-06-26,5.0,,,508.1
2012-06-27,5.0,,,508.84
2012-06-28,5.0,,,505.35
2012-06-29,5.0,,,509.73
2012-07-01,,6.0,0.0,
2012-07-03,5.0,,,501.84
2012-07-04,5.0,,,496.33
2012-07-05,5.0,,,496.18
2012-07-06,5.0,,,495.97
2012-07-09,5.0,,,499.26
2012-07-10,5.0,,,496.89
2012-07-11,5.0,,,493.34
2012-07-12,5.0,,,492.54
2012-07-13,5.0,,,493.87
2012-07-17,5.0,,,490.38
2012-07-18,5.0,,,488.82
2012-07-19,5.0,,,488.42
2012-07-20,5.0,,,485.64
2012-07-23,5.0,,,487.95
2012-07-24,5.0,,,493.1
2012-07-25,5.0,,,493.32
2012-07-26,5.0,,,492.49
2012-07-27,5.0,,,485.88
2012-07-30,5.0,,,483.64
2012-07-31,5.0,,,482.83
2012-08-01,5.0,6.3,0.2,481.94
2012-08-02,5.0,,,483.23
2012-08-03,5.0,,,484.6
2012-08-06,5.0,,,480.52
2012-08-07,5.0,,,478.62
2012-08-08,5.0,,,477.04
2012-08-09,5.0,,,477.07
2012-08-10,5.0,,,474.72
2012-08-13,5.0,,,477.95
2012-08-14,5.0,,,482.02
2012-08-16,5.0,,,481.79
2012-08-17,5.0,,,483.67
2012-08-20,5.0,,,484.17
2012-08-21,5.0,,,485.52
2012-08-22,5.0,,,482.41
2012-08-23,5.0,,,482.11
2012-08-24,5.0,,,479.63
2012-08-27,5.0,,,481.33
2012-08-28,5.0,,,481.12
2012-08-29,5.0,,,480.65
2012-08-30,5.0,,,480.59
2012-08-31,5.0,,,481.17
2012-09-01,,4.1,0.8,
2012-09-03,5.0,,,480.25
2012-09-04,5.0,,,481.11
2012-09-05,5.0,,,480.93
2012-09-06,5.0,,,481.07
2012-09-07,5.0,,,477.49
2012-09-10,5.0,,,474.98
2012-09-11,5.0,,,475.24
2012-09-12,5.0,,,474.74
2012-09-13,5.0,,,473.54
2012-09-14,5.0,,,472.86
2012-09-20,5.0,,,469.65
2012-09-21,5.0,,,471.58
2012-09-24,5.0,,,472.01
2012-09-25,5.0,,,475.52
2012-09-26,5.0,,,471.19
2012-09-27,5.0,,,471.88
2012-09-28,5.0,,,470.48
2012-10-01,5.0,6.8,0.6,473.77
2012-10-02,5.0,,,473.08
2012-10-03,5.0,,,472.77
2012-10-04,5.0,,,473.41
2012-10-05,5.0,,,472.76
2012-10-08,5.0,,,472.37
2012-10-09,5.0,,,474.47
2012-10-10,5.0,,,474.01
2012-10-11,5.0,,,475.02
2012-10-12,5.0,,,472.8
2012-10-16,5.0,,,472.95
2012-10-17,5.0,,,471.54
2012-10-18,5.0,,,472.19
2012-10-19,5.0,,,472.56
2012-10-22,5.0,,,474.25
2012-10-23,5.0,,,475.67
2012-10-24,5.0,,,481.4
2012-10-25,5.0,,,481.78
2012-10-26,5.0,,,478.87
2012-10-29,5.0,,,480.3
2012-10-30,5.0,,,481.98
2012-10-31,5.0,,,480.03
2012-11-01,,5.3,-0.5,
2012-11-05,5.0,,,480.59
2012-11-06,5.0,,,482.29
2012-11-07,5.0,,,479.78
2012-11-08,5.0,,,479.63
2012-11-09,5.0,,,478.19
2012-11-12,5.0,,,479.79
2012-11-13,5.0,,,479.98
2012-11-14,5.0,,,483.69
2012-11-15,5.0,,,484.26
2012-11-16,5.0,,,483.94
2012-11-19,5.0,,,484.48
2012-11-20,5.0,,,480.77
2012-11-21,5.0,,,478.92
2012-11-22,5.0,,,477.81
2012-11-23,5.0,,,476.2
2012-11-26,5.0,,,478.03
2012-11-27,5.0,,,480.9
2012-11-28,5.0,,,481.05
2012-11-29,5.0,,,481.69
2012-11-30,5.0,,,479.42
2012-12-01,,3.6,0.0,
2012-12-03,5.0,,,480.39
2012-12-04,5.0,,,481.28
2012-12-05,5.0,,,481.05
2012-12-06,5.0,,,480.18
2012-12-07,5.0,,,477.97
2012-12-10,5.0,,,477.04
2012-12-11,5.0,,,476.29
2012-12-12,5.0,,,474.78
2012-12-13,5.0,,,474.92
2012-12-14,5.0,,,474.95
2012-12-17,5.0,,,474.36
2012-12-18,5.0,,,474.5
2012-12-19,5.0,,,474.81
2012-12-20,5.0,,,474.42
2012-12-21,5.0,,,475.02
2012-12-24,5.0,,,476.4
2012-12-26,5.0,,,479.39
2012-12-27,5.0,,,479.09
2012-12-28,5.0,,,478.6
2013-01-01,,6.6,0.2,
2013-01-02,5.0,,,479.96
2013-01-03,5.0,,,475.31
2013-01-04,5.0,,,473.25
2013-01-07,5.0,,,473.13
2013-01-08,5.0,,,471.47
2013-01-09,5.0,,,471.36
2013-01-10,5.0,,,471.15
2013-01-11,5.0,,,470.67
2013-01-14,5.0,,,471.92
2013-01-15,5.0,,,472.62
2013-01-16,5.0,,,474.9
2013-01-17,5.0,,,475.47
2013-01-18,5.0,,,473.06
2013-01-21,5.0,,,471.63
2013-01-22,5.0,,,472.02
2013-01-23,5.0,,,471.45
2013-01-24,5.0,,,470.98
2013-01-25,5.0,,,470.68
2013-01-28,5.0,,,470.99
2013-01-29,5.0,,,472.56
2013-01-30,5.0,,,472.73
2013-01-31,5.0,,,471.4
2013-02-01,5.0,4.4,0.1,471.44
2013-02-04,5.0,,,471.64
2013-02-05,5.0,,,472.27
2013-02-06,5.0,,,472.39
2013-02-07,5.0,,,473.23
2013-02-08,5.0,,,472.62
2013-02-11,5.0,,,472.55
2013-02-12,5.0,,,472.71
2013-02-13,5.0,,,472.2
2013-02-14,5.0,,,470.67
2013-02-15,5.0,,,470.83
2013-02-18,5.0,,,470.87
2013-02-19,5.0,,,471.89
2013-02-20,5.0,,,472.21
2013-02-21,5.0,,,472.83
2013-02-22,5.0,,,473.6
2013-02-25,5.0,,,473.18
2013-02-26,5.0,,,473.02
2013-02-27,5.0,,,473.44
2013-02-28,5.0,,,473.3
2013-03-01,5.0,3.9,0.4,472.96
2013-03-04,5.0,,,474.31
2013-03-05,5.0,,,474.82
2013-03-06,5.0,,,473.01
2013-03-07,5.0,,,472.7
2013-03-08,5.0,,,472.06
2013-03-11,5.0,,,471.9
2013-03-12,5.0,,,471.69
2013-03-13,5.0,,,471.16
2013-03-14,5.0,,,471.28
2013-03-15,5.0,,,471.1
2013-03-18,5.0,,,471.63
2013-03-19,5.0,,,472.38
2013-03-20,5.0,,,472.34
2013-03-21,5.0,,,472.79
2013-03-22,5.0,,,473.03
2013-03-25,5.0,,,472.77
2013-03-26,5.0,,,472.6
2013-03-27,5.0,,,472.61
2013-03-28,5.0,,,472.54
2013-04-01,5.0,4.2,-0.5,472.03
2013-04-02,5.0,,,472.51
2013-04-03,5.0,,,472.55
2013-04-04,5.0,,,472.38
2013-04-05,5.0,,,470.83
2013-04-08,5.0,,,469.28
2013-04-09,5.0,,,467.38
2013-04-10,5.0,,,466.5
2013-04-11,5.0,,,468.54
2013-04-12,5.0,,,468.74
2013-04-15,5.0,,,469.24
2013-04-16,5.0,,,472.12
2013-04-17,5.0,,,472.07
2013-04-18,5.0,,,473.8
2013-04-19,5.0,,,475.93
2013-04-22,5.0,,,476.8
2013-04-23,5.0,,,477.74
2013-04-24,5.0,,,477.42
2013-04-25,5.0,,,474.84
2013-04-26,5.0,,,472.73
2013-04-29,5.0,,,472.05
2013-04-30,5.0,,,471.54
2013-05-01,,3.5,0.0,
2013-05-02,5.0,,,471.31
2013-05-03,5.0,,,472.44
2013-05-06,5.0,,,469.73
2013-05-07,5.0,,,469.64
2013-05-08,5.0,,,470.07
2013-05-09,5.0,,,471.06
2013-05-10,5.0,,,472.03
2013-05-13,5.0,,,474.04
2013-05-14,5.0,,,475.68
2013-05-15,5.0,,,477.32
2013-05-16,5.0,,,478.71
2013-05-17,5.0,,,479.04
2013-05-20,5.0,,,480.81
2013-05-22,5.0,,,483.39
2013-05-23,5.0,,,484.51
2013-05-24,5.0,,,488.85
2013-05-27,5.0,,,488.86
2013-05-28,5.0,,,489.99
2013-05-29,5.0,,,490.31
2013-05-30,5.0,,,490.65
2013-05-31,5.0,,,492.8
2013-06-01,,3.8,0.6,
2013-06-03,5.0,,,499.78
2013-06-04,5.0,,,501.99
2013-06-05,5.0,,,499.85
2013-06-06,5.0,,,502.48
2013-06-07,5.0,,,505.09
2013-06-10,5.0,,,501.52
2013-06-11,5.0,,,504.75
2013-06-12,5.0,,,503.59
2013-06-13,5.0,,,498.85
2013-06-14,5.0,,,496.71
2013-06-17,5.0,,,492.59
2013-06-18,5.0,,,492.9
2013-06-19,5.0,,,499.12
2013-06-20,5.0,,,500.68
2013-06-21,5.0,,,512.6
2013-06-24,5.0,,,514.38
2013-06-25,5.0,,,513.4
2013-06-26,5.0,,,508.56
2013-06-27,5.0,,,505.02
2013-06-28,5.0,,,503.86
2013-07-01,5.0,5.9,0.3,507.16
2013-07-02,5.0,,,504.99
2013-07-03,5.0,,,503.42
2013-07-04,5.0,,,503.21
2013-07-05,5.0,,,501.44
2013-07-08,5.0,,,506.96
2013-07-09,5.0,,,506.61
2013-07-10,5.0,,,507.65
2013-07-11,5.0,,,508.29
2013-07-12,5.0,,,505.73
2013-07-15,5.0,,,504.54
2013-07-17,5.0,,,501.59
2013-07-18,5.0,,,497.79
2013-07-19,5.0,,,499.52
2013-07-22,5.0,,,502.37
2013-07-23,5.0,,,503.05
2013-07-24,5.0,,,504.35
2013-07-25,5.0,,,504.34
2013-07-26,5.0,,,505.43
2013-07-29,5.0,,,506.5
2013-07-30,5.0,,,509.89
2013-07-31,5.0,,,514.34
2013-08-01,5.0,4.7,0.2,515.42
2013-08-02,5.0,,,514.42
2013-08-05,5.0,,,513.63
2013-08-06,5.0,,,512.33
2013-08-07,5.0,,,514.04
2013-08-08,5.0,,,515.84
2013-08-09,5.0,,,510.65
2013-08-12,5.0,,,507.05
2013-08-13,5.0,,,506.78
2013-08-14,5.0,,,510.53
2013-08-16,5.0,,,509.12
2013-08-19,5.0,,,510.35
2013-08-20,5.0,,,516.83
2013-08-21,5.0,,,516.38
2013-08-22,5.0,,,515.87
2013-08-23,5.0,,,513.65
2013-08-26,5.0,,,509.75
2013-08-27,5.0,,,511.28
2013-08-28,5.0,,,515.16
2013-08-29,5.0,,,513.63
2013-08-30,5.0,,,511.65
2013-09-01,,4.4,0.5,
2013-09-02,5.0,,,509.74
2013-09-03,5.0,,,509.75
2013-09-04,5.0,,,510.38
2013-09-05,5.0,,,508.56
2013-09-06,5.0,,,509.46
2013-09-09,5.0,,,506.97
2013-09-10,5.0,,,507.74
2013-09-11,5.0,,,506.8
2013-09-12,5.0,,,503.92
2013-09-13,5.0,,,501.98
2013-09-16,5.0,,,504.14
2013-09-17,5.0,,,502.44
2013-09-23,5.0,,,503.23
2013-09-24,5.0,,,496.49
2013-09-25,5.0,,,497.19
2013-09-26,5.0,,,500.28
2013-09-27,5.0,,,500.22
2013-09-30,5.0,,,502.97
2013-10-01,5.0,2.6,0.1,504.2
2013-10-02,5.0,,,503.9
2013-10-03,5.0,,,502.75
2013-10-04,5.0,,,500.3
2013-10-07,5.0,,,498.88
2013-10-08,5.0,,,499.51
2013-10-09,5.0,,,498.95
2013-10-10,5.0,,,500.72
2013-10-11,5.0,,,498.36
2013-10-14,5.0,,,497.44
2013-10-15,5.0,,,498.77
2013-10-16,5.0,,,498.66
2013-10-17,5.0,,,496.89
2013-10-18,4.75,,,493.36
2013-10-21,4.75,,,495.99
2013-10-22,4.75,,,500.49
2013-10-23,4.75,,,500.01
2013-10-24,4.75,,,503.08
2013-10-25,4.75,,,504.61
2013-10-28,4.75,,,505.32
2013-10-29,4.75,,,506.97
2013-10-30,4.75,,,508.58
2013-11-01,,2.8,0.4,
2013-11-04,4.75,,,507.64
2013-11-05,4.75,,,512.53
2013-11-06,4.75,,,514.9
2013-11-07,4.75,,,514.72
2013-11-08,4.75,,,515.4
2013-11-11,4.75,,,518.05
2013-11-12,4.75,,,520.0
2013-11-13,4.75,,,520.69
2013-11-14,4.75,,,522.07
2013-11-15,4.75,,,520.89
2013-11-18,4.75,,,520.73
2013-11-19,4.75,,,517.33
2013-11-20,4.5,,,519.22
2013-11-21,4.5,,,522.67
2013-11-22,4.5,,,522.73
2013-11-25,4.5,,,520.37
2013-11-26,4.5,,,520.54
2013-11-27,4.5,,,522.23
2013-11-28,4.5,,,524.1
2013-11-29,4.5,,,528.19
2013-12-01,,2.6,0.6,
2013-12-02,4.5,,,529.64
2013-12-03,4.5,,,532.21
2013-12-04,4.5,,,532.97
2013-12-05,4.5,,,533.95
2013-12-06,4.5,,,531.15
2013-12-09,4.5,,,528.59
2013-12-10,4.5,,,527.08
2013-12-11,4.5,,,530.66
2013-12-12,4.5,,,532.04
2013-12-13,4.5,,,532.8
2013-12-16,4.5,,,529.5
2013-12-17,4.5,,,528.27
2013-12-18,4.5,,,526.38
2013-12-19,4.5,,,528.19
2013-12-20,4.5,,,530.02
2013-12-23,4.5,,,530.88
2013-12-24,4.5,,,527.65
2013-12-26,4.5,,,528.03
2013-12-27,4.5,,,525.24
2013-12-30,4.5,,,523.76
2014-01-01,,1.3,0.2,
2014-01-02,4.5,,,524.61
2014-01-03,4.5,,,529.55
2014-01-06,4.5,,,528.8
2014-01-07,4.5,,,531.14
2014-01-08,4.5,,,531.65
2014-01-09,4.5,,,532.14
2014-01-10,4.5,,,533.97
2014-01-13,4.5,,,531.17
2014-01-14,4.5,,,527.53
2014-01-15,4.5,,,527.76
2014-01-16,4.5,,,529.51
2014-01-17,4.5,,,531.68
2014-01-20,4.5,,,537.0
2014-01-21,4.5,,,541.59
2014-01-22,4.5,,,543.93
2014-01-23,4.5,,,544.24
2014-01-24,4.5,,,546.42
2014-01-27,4.5,,,550.53
2014-01-28,4.5,,,548.34
2014-01-29,4.5,,,547.07
2014-01-30,4.5,,,548.8
2014-01-31,4.5,,,547.22
2014-02-01,,3.3,0.5,
2014-02-03,4.5,,,553.84
2014-02-04,4.5,,,556.52
2014-02-05,4.5,,,557.55
2014-02-06,4.5,,,559.24
2014-02-07,4.5,,,556.14
2014-02-10,4.5,,,553.16
2014-02-11,4.5,,,555.35
2014-02-12,4.5,,,554.56
2014-02-13,4.5,,,552.91
2014-02-14,4.5,,,549.44
2014-02-17,4.5,,,546.94
2014-02-18,4.5,,,546.99
2014-02-19,4.25,,,548.11
2014-02-20,4.25,,,552.43
2014-02-21,4.25,,,555.37
2014-02-24,4.25,,,555.51
2014-02-25,4.25,,,555.1
2014-02-26,4.25,,,556.67
2014-02-27,4.25,,,559.02
2014-02-28,4.25,,,563.32
2014-03-01,,2.8,0.8,
2014-03-03,4.25,,,559.38
2014-03-04,4.25,,,561.52
2014-03-05,4.25,,,558.28
2014-03-06,4.25,,,562.7
2014-03-07,4.25,,,559.54
2014-03-10,4.25,,,561.55
2014-03-11,4.25,,,569.64
2014-03-12,4.25,,,570.69
2014-03-13,4.25,,,573.24
2014-03-14,4.0,,,570.84
2014-03-17,4.0,,,572.03
2014-03-18,4.0,,,570.35
2014-03-19,4.0,,,570.91
2014-03-20,4.0,,,569.66
2014-03-21,4.0,,,568.49
2014-03-24,4.0,,,561.91
2014-03-25,4.0,,,562.7
2014-03-26,4.0,,,559.57
2014-03-27,4.0,,,555.75
2014-03-28,4.0,,,551.43
2014-03-31,4.0,,,550.53
2014-04-01,4.0,2.1,0.6,551.18
2014-04-02,4.0,,,550.62
2014-04-03,4.0,,,553.6
2014-04-04,4.0,,,555.97
2014-04-07,4.0,,,555.08
2014-04-08,4.0,,,553.59
2014-04-09,4.0,,,546.72
2014-04-10,4.0,,,548.13
2014-04-11,4.0,,,544.96
2014-04-14,4.0,,,548.31
2014-04-15,4.0,,,549.04
2014-04-16,4.0,,,554.22
2014-04-17,4.0,,,555.84
2014-04-21,4.0,,,557.63
2014-04-22,4.0,,,557.02
2014-04-23,4.0,,,561.7
2014-04-24,4.0,,,563.76
2014-04-25,4.0,,,559.67
2014-04-28,4.0,,,560.36
2014-04-29,4.0,,,559.5
2014-04-30,4.0,,,560.56
2014-05-01,,2.6,0.3,
2014-05-02,4.0,,,564.59
2014-05-05,4.0,,,563.39
2014-05-06,4.0,,,565.09
2014-05-07,4.0,,,566.88
2014-05-08,4.0,,,566.11
2014-05-09,4.0,,,555.74
2014-05-12,4.0,,,555.77
2014-05-13,4.0,,,551.36
2014-05-14,4.0,,,549.05
2014-05-15,4.0,,,550.22
2014-05-16,4.0,,,553.62
2014-05-19,4.0,,,550.46
2014-05-20,4.0,,,548.61
2014-05-22,4.0,,,551.45
2014-05-23,4.0,,,550.7
2014-05-26,4.0,,,553.95
2014-05-27,4.0,,,554.04
2014-05-28,4.0,,,555.99
2014-05-29,4.0,,,552.98
2014-05-30,4.0,,,548.04
2014-06-01,,1.1,0.1,
2014-06-02,4.0,,,550.72
2014-06-03,4.0,,,550.23
2014-06-04,4.0,,,550.68
2014-06-05,4.0,,,552.62
2014-06-06,4.0,,,551.63
2014-06-09,4.0,,,549.59
2014-06-10,4.0,,,549.89
2014-06-11,4.0,,,553.12
2014-06-12,4.0,,,554.41
2014-06-13,4.0,,,553.43
2014-06-16,4.0,,,554.8
2014-06-17,4.0,,,556.76
2014-06-18,4.0,,,559.03
2014-06-19,4.0,,,559.12
2014-06-20,4.0,,,556.69
2014-06-23,4.0,,,557.14
2014-06-24,4.0,,,553.12
2014-06-25,4.0,,,550.64
2014-06-26,4.0,,,550.09
2014-06-27,4.0,,,550.02
2014-06-30,4.0,,,550.6
2014-07-01,4.0,0.9,0.2,552.72
2014-07-02,4.0,,,552.09
2014-07-03,4.0,,,552.18
2014-07-04,4.0,,,550.84
2014-07-07,4.0,,,548.72
2014-07-08,4.0,,,550.49
2014-07-09,4.0,,,552.37
2014-07-10,4.0,,,553.54
2014-07-11,4.0,,,553.29
2014-07-14,4.0,,,554.05
2014-07-15,4.0,,,553.93
2014-07-17,3.75,,,556.39
2014-07-18,3.75,,,562.92
2014-07-21,3.75,,,566.86
2014-07-22,3.75,,,565.86
2014-07-23,3.75,,,563.71
2014-07-24,3.75,,,563.88
2014-07-25,3.75,,,563.3
2014-07-28,3.75,,,563.48
2014-07-29,3.75,,,563.57
2014-07-30,3.75,,,565.88
2014-07-31,3.75,,,570.51
2014-08-01,3.75,0.3,0.3,573.14
2014-08-04,3.75,,,572.61
2014-08-05,3.75,,,571.75
2014-08-06,3.75,,,576.66
2014-08-07,3.75,,,577.36
2014-08-08,3.75,,,576.19
2014-08-11,3.75,,,576.14
2014-08-12,3.75,,,574.3
2014-08-13,3.75,,,576.23
2014-08-14,3.75,,,576.49
2014-08-18,3.5,,,576.49
2014-08-19,3.5,,,576.15
2014-08-20,3.5,,,578.54
2014-08-21,3.5,,,583.09
2014-08-22,3.5,,,582.76
2014-08-25,3.5,,,583.19
2014-08-26,3.5,,,583.13
2014-08-27,3.5,,,584.87
2014-08-28,3.5,,,588.67
2014-08-29,3.5,,,593.28
2014-09-01,3.5,1.4,0.8,590.91
2014-09-02,3.5,,,589.03
2014-09-03,3.5,,,591.55
2014-09-04,3.5,,,588.52
2014-09-05,3.5,,,591.43
2014-09-08,3.5,,,586.41
2014-09-09,3.5,,,585.29
2014-09-10,3.5,,,592.34
2014-09-11,3.5,,,590.82
2014-09-12,3.25,,,590.14
2014-09-15,3.25,,,590.6
2014-09-16,3.25,,,594.71
2014-09-17,3.25,,,593.76
2014-09-22,3.25,,,594.09
2014-09-23,3.25,,,600.36
2014-09-24,3.25,,,600.3
2014-09-25,3.25,,,598.87
2014-09-26,3.25,,,598.91
2014-09-29,3.25,,,599.66
2014-09-30,3.25,,,601.66
2014-10-01,3.25,1.5,1.0,599.22
2014-10-02,3.25,,,597.26
2014-10-03,3.25,,,596.08
2014-10-06,3.25,,,598.64
2014-10-07,3.25,,,597.72
2014-10-08,3.25,,,596.95
2014-10-09,3.25,,,594.71
2014-10-10,3.25,,,592.13
2014-10-13,3.25,,,594.3
2014-10-14,3.25,,,590.01
2014-10-15,3.25,,,588.4
2014-10-16,3.25,,,588.22
2014-10-17,3.0,,,591.16
2014-10-20,3.0,,,587.61
2014-10-21,3.0,,,587.12
2014-10-22,3.0,,,583.92
2014-10-23,3.0,,,584.14
2014-10-24,3.0,,,584.4
2014-10-27,3.0,,,584.2
2014-10-28,3.0,,,585.1
2014-10-29,3.0,,,581.62
2014-10-30,3.0,,,576.65
2014-11-01,,1.3,0.0,
2014-11-03,3.0,,,576.5
2014-11-04,3.0,,,580.62
2014-11-05,3.0,,,585.97
2014-11-06,3.0,,,588.48
2014-11-07,3.0,,,590.44
2014-11-10,3.0,,,589.72
2014-11-11,3.0,,,586.33
2014-11-12,3.0,,,590.58
2014-11-13,3.0,,,592.48
2014-11-14,3.0,,,594.14
2014-11-17,3.0,,,595.84
2014-11-18,3.0,,,595.22
2014-11-19,3.0,,,596.21
2014-11-20,3.0,,,599.53
2014-11-21,3.0,,,600.37
2014-11-24,3.0,,,595.32
2014-11-25,3.0,,,594.36
2014-11-26,3.0,,,597.89
2014-11-27,3.0,,,600.25
2014-11-28,3.0,,,598.94
2014-12-01,3.0,2.9,-0.4,605.46
2014-12-02,3.0,,,610.79
2014-12-03,3.0,,,614.77
2014-12-04,3.0,,,612.44
2014-12-05,3.0,,,611.68
2014-12-09,3.0,,,611.4
2014-12-10,3.0,,,613.77
2014-12-11,3.0,,,615.49
2014-12-12,3.0,,,615.9
2014-12-15,3.0,,,617.45
2014-12-16,3.0,,,618.49
2014-12-17,,,,621.41
2014-12-18,,,,619.19
2014-12-19,3.0,,,614.16
2014-12-22,,,,612.55
2014-12-23,3.0,,,610.26
2014-12-24,3.0,,,608.47
2014-12-26,,,,609.17
2014-12-29,,,,608.15
2014-12-30,,,,607.38
2015-01-01,,2.7,0.1,
2015-01-02,3.0,,,606.75
2015-01-05,3.0,,,612.47
2015-01-06,3.0,,,616.76
2015-01-07,3.0,,,616.09
2015-01-08,3.0,,,614.76
2015-01-09,3.0,,,613.08
2015-01-12,3.0,,,614.03
2015-01-13,3.0,,,616.52
2015-01-14,3.0,,,617.53
2015-01-15,3.0,,,625.38
2015-01-16,3.0,,,623.67
2015-01-19,3.0,,,627.01
2015-01-20,3.0,,,629.09
2015-01-21,3.0,,,627.23
2015-01-22,3.0,,,628.44
2015-01-23,3.0,,,625.95
2015-01-26,3.0,,,626.38
2015-01-27,3.0,,,625.67
2015-01-28,3.0,,,623.37
2015-01-29,3.0,,,622.44
2015-01-30,3.0,,,626.48
2015-02-01,,2.0,0.4,
2015-02-02,3.0,,,632.03
2015-02-03,3.0,,,632.19
2015-02-04,3.0,,,626.97
2015-02-05,3.0,,,627.09
2015-02-06,3.0,,,624.8
2015-02-09,,,,623.21
2015-02-10,3.0,,,626.04
2015-02-11,3.0,,,626.44
2015-02-12,3.0,,,628.22
2015-02-13,3.0,,,626.92
2015-02-16,3.0,,,620.18
2015-02-17,3.0,,,619.72
2015-02-18,3.0,,,619.72
2015-02-19,3.0,,,620.4
2015-02-20,3.0,,,620.33
2015-02-23,3.0,,,616.86
2015-02-24,3.0,,,621.18
2015-02-25,,,,622.88
2015-02-26,,,,619.5
2015-02-27,3.0,,,617.67
2015-03-01,,1.6,0.6,
2015-03-02,,,,618.76
2015-03-03,,,,617.38
2015-03-04,3.0,,,617.6
2015-03-05,,,,619.78
2015-03-06,3.0,,,619.61
2015-03-09,3.0,,,624.68
2015-03-10,3.0,,,628.47
2015-03-11,3.0,,,633.03
2015-03-12,3.0,,,637.59
2015-03-13,3.0,,,633.54
2015-03-16,3.0,,,639.02
2015-03-17,3.0,,,639.37
2015-03-18,3.0,,,640.84
2015-03-19,3.0,,,642.18
2015-03-20,3.0,,,638.82
2015-03-23,3.0,,,635.62
2015-03-24,3.0,,,627.0
2015-03-25,3.0,,,623.65
2015-03-26,3.0,,,619.79
2015-03-27,3.0,,,620.68
2015-03-30,3.0,,,622.79
2015-03-31,3.0,,,626.87
2015-04-01,3.0,1.7,0.6,626.58
2015-04-02,3.0,,,618.22
2015-04-06,3.0,,,614.77
2015-04-07,,,,610.74
2015-04-08,,,,611.01
2015-04-09,3.0,,,611.05
2015-04-10,3.0,,,613.91
2015-04-13,3.0,,,619.42
2015-04-14,3.0,,,621.1
2015-04-15,3.0,,,614.06
2015-04-16,3.0,,,616.7
2015-04-17,3.0,,,612.3
2015-04-20,3.0,,,612.73
2015-04-21,3.0,,,615.42
2015-04-22,3.0,,,616.42
2015-04-23,3.0,,,618.02
2015-04-24,3.0,,,618.12
2015-04-27,3.0,,,614.42
2015-04-28,3.0,,,611.08
2015-04-29,3.0,,,606.39
2015-04-30,3.0,,,606.82
2015-05-01,,0.8,0.2,
2015-05-04,,,,611.28
2015-05-05,3.0,,,614.48
2015-05-06,,,,611.89
2015-05-07,3.0,,,608.84
2015-05-08,3.0,,,610.61
2015-05-11,,,,605.77
2015-05-12,3.0,,,606.92
2015-05-13,,,,607.31
2015-05-14,3.0,,,600.5
2015-05-15,3.0,,,598.4
2015-05-18,3.0,,,597.1
2015-05-19,3.0,,,599.06
2015-05-20,3.0,,,603.09
2015-05-22,3.0,,,605.41
2015-05-25,3.0,,,607.6
2015-05-26,3.0,,,609.87
2015-05-27,3.0,,,612.62
2015-05-28,3.0,,,616.14
2015-05-29,3.0,,,617.45
2015-06-01,3.0,2.7,0.5,616.66
2015-06-02,3.0,,,621.69
2015-06-03,3.0,,,622.21
2015-06-04,3.0,,,626.01
2015-06-05,3.0,,,628.06
2015-06-08,3.0,,,635.61
2015-06-09,3.0,,,633.7
2015-06-10,3.0,,,626.55
2015-06-11,3.0,,,624.45
2015-06-12,3.0,,,631.98
2015-06-15,3.0,,,631.06
2015-06-16,3.0,,,634.13
2015-06-17,3.0,,,633.69
2015-06-18,3.0,,,637.8
2015-06-19,3.0,,,629.59
2015-06-22,3.0,,,632.31
2015-06-23,3.0,,,630.64
2015-06-24,3.0,,,634.54
2015-06-25,3.0,,,632.82
2015-06-26,3.0,,,631.81
2015-06-30,3.0,,,634.58
2015-07-01,3.0,2.5,0.4,639.04
2015-07-02,3.0,,,639.04
2015-07-03,3.0,,,637.02
2015-07-06,3.0,,,636.39
2015-07-07,,,,641.5
2015-07-08,,,,648.33
2015-07-09,3.0,,,652.4
2015-07-10,3.0,,,646.94
2015-07-13,3.0,,,646.15
2015-07-14,3.0,,,647.68
2015-07-15,3.0,,,643.6
2015-07-17,3.0,,,643.07
2015-07-20,3.0,,,644.9
2015-07-21,3.0,,,649.3
2015-07-22,3.0,,,651.17
2015-07-23,3.0,,,654.19
2015-07-24,3.0,,,654.29
2015-07-27,3.0,,,660.67
2015-07-28,3.0,,,665.18
2015-07-29,3.0,,,664.5
2015-07-30,3.0,,,665.52
2015-07-31,3.0,,,672.19
2015-08-01,,1.1,0.7,
2015-08-03,3.0,,,671.11
2015-08-04,3.0,,,678.44
2015-08-05,3.0,,,677.36
2015-08-06,3.0,,,682.55
2015-08-07,3.0,,,684.12
2015-08-10,,,,678.36
2015-08-11,3.0,,,676.43
2015-08-12,,,,680.32
2015-08-13,,,,681.76
2015-08-14,3.0,,,684.89
2015-08-17,3.0,,,683.83
2015-08-18,3.0,,,689.36
2015-08-19,3.0,,,697.25
2015-08-20,3.0,,,694.88
2015-08-21,3.0,,,694.19
2015-08-24,3.0,,,693.94
2015-08-25,3.0,,,705.68
2015-08-26,3.0,,,699.91
2015-08-27,3.0,,,706.24
2015-08-28,3.0,,,699.69
2015-08-31,3.0,,,690.12
2015-09-01,3.0,2.6,0.5,695.25
2015-09-02,3.0,,,691.88
2015-09-03,3.0,,,688.24
2015-09-04,3.0,,,688.41
2015-09-07,3.0,,,691.22
2015-09-08,3.0,,,693.78
2015-09-09,3.0,,,688.33
2015-09-10,3.0,,,688.33
2015-09-11,3.0,,,691.03
2015-09-14,3.0,,,684.54
2015-09-15,3.0,,,688.65
2015-09-16,3.0,,,686.38
2015-09-17,3.0,,,680.16
2015-09-21,3.0,,,676.74
2015-09-22,3.0,,,682.67
2015-09-23,3.0,,,696.47
2015-09-24,3.0,,,700.43
2015-09-25,3.0,,,705.92
2015-09-28,3.0,,,697.91
2015-09-29,3.0,,,705.29
2015-09-30,,,,704.68
2015-10-01,3.0,1.5,0.4,698.72
2015-10-02,3.0,,,695.53
2015-10-05,3.0,,,695.33
2015-10-06,3.0,,,685.83
2015-10-07,3.0,,,681.29
2015-10-08,3.0,,,678.59
2015-10-09,3.0,,,681.7
2015-10-13,3.0,,,675.37
2015-10-14,3.0,,,683.05
2015-10-15,3.0,,,681.07
2015-10-16,3.0,,,675.62
2015-10-19,3.25,,,673.91
2015-10-20,3.25,,,679.31
2015-10-21,,,,684.21
2015-10-22,3.25,,,692.7
2015-10-23,3.25,,,691.62
2015-10-26,3.25,,,686.95
2015-10-27,3.25,,,685.64
2015-10-28,3.25,,,687.45
2015-10-29,,,,687.37
2015-10-30,3.25,,,690.34
2015-11-01,,1.8,0.0,
2015-11-02,3.25,,,690.32
2015-11-03,3.25,,,691.92
2015-11-04,3.25,,,691.19
2015-11-05,3.25,,,688.94
2015-11-06,3.25,,,693.49
2015-11-09,3.25,,,697.07
2015-11-10,3.25,,,701.26
2015-11-11,3.25,,,702.7
2015-11-12,3.25,,,699.08
2015-11-13,3.25,,,702.51
2015-11-16,3.25,,,705.09
2015-11-17,3.25,,,709.59
2015-11-18,3.25,,,710.46
2015-11-19,3.25,,,714.12
2015-11-20,,,,711.96
2015-11-23,3.25,,,709.04
2015-11-24,3.25,,,715.66
2015-11-25,,,,711.42
2015-11-26,3.25,,,713.47
2015-11-27,,,,712.13
2015-11-30,3.25,,,712.63
2015-12-01,,1.5,0.0,711.2
2015-12-02,,,,707.15
2015-12-03,3.25,,,703.47
2015-12-04,3.25,,,701.56
2015-12-07,3.25,,,701.04
2015-12-09,3.25,,,706.34
2015-12-10,3.25,,,704.7
2015-12-11,3.25,,,703.54
2015-12-14,3.25,,,707.11
2015-12-15,3.25,,,711.52
2015-12-16,3.25,,,709.82
2015-12-17,3.25,,,709.23
2015-12-18,3.5,,,708.5
2015-12-21,3.5,,,702.7
2015-12-22,3.5,,,694.37
2015-12-23,3.5,,,693.72
2015-12-24,3.5,,,696.26
2015-12-28,3.5,,,700.77
2015-12-29,3.5,,,704.42
2015-12-30,3.5,,,707.34
2016-01-01,,0.3,0.5,
2016-01-04,3.5,,,710.16
2016-01-05,3.5,,,716.94
2016-01-06,3.5,,,715.08
2016-01-07,3.5,,,715.84
2016-01-08,3.5,,,721.31
2016-01-11,3.5,,,723.31
2016-01-12,3.5,,,729.78
2016-01-13,3.5,,,730.28
2016-01-14,3.5,,,726.57
2016-01-15,3.5,,,725.98
2016-01-18,3.5,,,730.31
2016-01-19,3.5,,,730.2
2016-01-20,3.5,,,726.19
2016-01-21,3.5,,,729.22
2016-01-22,3.5,,,726.63
2016-01-25,3.5,,,715.63
2016-01-26,3.5,,,717.46
2016-01-27,3.5,,,720.14
2016-01-28,3.5,,,716.21
2016-01-29,3.5,,,711.72
2016-02-01,3.5,2.8,0.3,710.37
2016-02-02,3.5,,,714.44
2016-02-03,3.5,,,713.54
2016-02-04,3.5,,,709.43
2016-02-05,3.5,,,698.49
2016-02-08,3.5,,,700.02
2016-02-09,3.5,,,709.75
2016-02-10,3.5,,,715.41
2016-02-11,3.5,,,711.34
2016-02-12,3.5,,,713.47
2016-02-15,3.5,,,708.63
2016-02-16,3.5,,,701.39
2016-02-17,3.5,,,704.92
2016-02-18,3.5,,,705.44
2016-02-19,3.5,,,700.74
2016-02-22,3.5,,,702.38
2016-02-23,3.5,,,693.78
2016-02-24,3.5,,,693.23
2016-02-25,3.5,,,698.47
2016-02-26,3.5,,,691.36
2016-02-29,3.5,,,689.18
2016-03-01,3.5,2.1,0.4,694.17
2016-03-02,3.5,,,694.82
2016-03-03,3.5,,,688.48
2016-03-04,3.5,,,686.64
2016-03-07,3.5,,,681.39
2016-03-08,3.5,,,681.63
2016-03-09,3.5,,,682.0
2016-03-10,3.5,,,678.72
2016-03-11,3.5,,,678.22
2016-03-14,3.5,,,683.0
2016-03-15,3.5,,,684.74
2016-03-16,3.5,,,685.98
2016-03-17,3.5,,,688.11
2016-03-18,3.5,,,672.06
2016-03-21,3.5,,,671.97
2016-03-22,3.5,,,677.52
2016-03-23,3.5,,,677.42
2016-03-24,3.5,,,677.16
2016-03-28,3.5,,,682.36
2016-03-29,3.5,,,680.84
2016-03-30,3.5,,,683.16
2016-03-31,3.5,,,675.1
2016-04-01,3.5,0.7,0.3,669.8
2016-04-04,3.5,,,671.24
2016-04-05,3.5,,,669.55
2016-04-06,3.5,,,674.93
2016-04-07,3.5,,,676.62
2016-04-08,3.5,,,680.79
2016-04-11,3.5,,,682.45
2016-04-12,3.5,,,682.16
2016-04-13,3.5,,,674.58
2016-04-14,3.5,,,670.8
2016-04-15,3.5,,,668.38
2016-04-18,3.5,,,666.6
2016-04-19,3.5,,,666.0
2016-04-20,3.5,,,657.9
2016-04-21,3.5,,,660.38
2016-04-22,3.5,,,660.34
2016-04-25,3.5,,,666.8
2016-04-26,3.5,,,668.36
2016-04-27,3.5,,,669.01
2016-04-28,3.5,,,668.49
2016-04-29,3.5,,,663.4
2016-05-01,,1.8,0.2,
2016-05-02,3.5,,,659.34
2016-05-03,3.5,,,660.88
2016-05-04,3.5,,,667.89
2016-05-05,3.5,,,670.36
2016-05-06,3.5,,,667.43
2016-05-09,3.5,,,666.89
2016-05-10,3.5,,,670.97
2016-05-11,3.5,,,677.2
2016-05-12,3.5,,,678.5
2016-05-13,3.5,,,682.55
2016-05-16,3.5,,,689.34
2016-05-17,3.5,,,692.52
2016-05-18,3.5,,,692.77
2016-05-19,3.5,,,691.32
2016-05-20,3.5,,,696.96
2016-05-23,3.5,,,692.19
2016-05-24,3.5,,,693.89
2016-05-25,3.5,,,692.87
2016-05-26,3.5,,,692.24
2016-05-27,3.5,,,687.34
2016-05-30,3.5,,,687.43
2016-05-31,3.5,,,690.27
2016-06-01,3.5,0.8,0.4,689.81
2016-06-02,3.5,,,693.61
2016-06-03,3.5,,,691.36
2016-06-06,3.5,,,683.27
2016-06-07,3.5,,,680.55
2016-06-08,3.5,,,679.85
2016-06-09,3.5,,,673.14
2016-06-10,3.5,,,678.18
2016-06-13,3.5,,,683.67
2016-06-14,3.5,,,685.0
2016-06-15,3.5,,,688.34
2016-06-16,3.5,,,685.89
2016-06-17,3.5,,,689.83
2016-06-20,3.5,,,685.64
2016-06-21,3.5,,,679.8
2016-06-22,3.5,,,676.03
2016-06-23,3.5,,,672.8
2016-06-24,3.5,,,669.88
2016-06-28,3.5,,,680.21
2016-06-29,3.5,,,674.16
2016-06-30,3.5,,,661.49
2016-07-01,3.5,0.5,0.2,661.37
2016-07-04,3.5,,,659.64
2016-07-05,3.5,,,659.26
2016-07-06,3.5,,,661.29
2016-07-07,3.5,,,664.51
2016-07-08,3.5,,,664.06
2016-07-11,3.5,,,661.5
2016-07-12,3.5,,,657.84
2016-07-13,3.5,,,657.82
2016-07-14,3.5,,,658.2
2016-07-15,3.5,,,650.92
2016-07-18,3.5,,,650.58
2016-07-19,3.5,,,650.84
2016-07-20,3.5,,,651.53
2016-07-21,3.5,,,651.43
2016-07-22,3.5,,,650.09
2016-07-25,3.5,,,650.78
2016-07-26,3.5,,,656.33
2016-07-27,3.5,,,661.04
2016-07-28,3.5,,,664.94
2016-07-29,3.5,,,664.94
2016-08-01,3.5,2.5,0.0,656.95
2016-08-02,3.5,,,657.47
2016-08-03,3.5,,,654.76
2016-08-04,3.5,,,657.21
2016-08-05,3.5,,,657.36
2016-08-08,3.5,,,656.98
2016-08-09,3.5,,,654.79
2016-08-10,3.5,,,653.06
2016-08-11,3.5,,,649.29
2016-08-12,3.5,,,645.22
2016-08-16,3.5,,,648.31
2016-08-17,3.5,,,649.01
2016-08-18,3.5,,,657.46
2016-08-19,3.5,,,656.05
2016-08-22,3.5,,,660.94
2016-08-23,3.5,,,667.31
2016-08-24,3.5,,,668.57
2016-08-25,3.5,,,671.49
2016-08-26,3.5,,,665.94
2016-08-29,3.5,,,662.93
2016-08-30,3.5,,,671.32
2016-08-31,3.5,,,673.17
2016-09-01,3.5,1.4,0.2,678.57
2016-09-02,3.5,,,680.28
2016-09-05,3.5,,,675.43
2016-09-06,3.5,,,673.61
2016-09-07,3.5,,,669.49
2016-09-08,3.5,,,660.95
2016-09-09,3.5,,,661.93
2016-09-12,3.5,,,670.61
2016-09-13,3.5,,,674.18
2016-09-14,3.5,,,672.97
2016-09-15,3.5,,,674.93
2016-09-16,3.5,,,671.36
2016-09-20,3.5,,,674.67
2016-09-21,3.5,,,672.73
2016-09-22,3.5,,,666.89
2016-09-23,3.5,,,657.32
2016-09-26,3.5,,,659.71
2016-09-27,3.5,,,662.34
2016-09-28,3.5,,,661.96
2016-09-29,3.5,,,662.27
2016-09-30,3.5,,,659.08
2016-10-01,,-0.4,0.2,
2016-10-03,3.5,,,658.02
2016-10-04,3.5,,,658.59
2016-10-05,3.5,,,662.29
2016-10-06,3.5,,,664.86
2016-10-07,3.5,,,666.97
2016-10-11,3.5,,,667.93
2016-10-12,3.5,,,667.47
2016-10-13,3.5,,,667.19
2016-10-14,3.5,,,670.88
2016-10-17,3.5,,,670.37
2016-10-18,3.5,,,670.61
2016-10-19,3.5,,,668.47
2016-10-20,3.5,,,667.41
2016-10-21,3.5,,,666.74
2016-10-24,3.5,,,667.09
2016-10-25,3.5,,,660.38
2016-10-26,3.5,,,653.98
2016-10-27,3.5,,,653.62
2016-10-28,3.5,,,651.65
2016-11-01,,0.8,0.1,
2016-11-02,3.5,,,651.18
2016-11-03,3.5,,,653.55
2016-11-04,3.5,,,650.72
2016-11-07,3.5,,,654.87
2016-11-08,3.5,,,654.66
2016-11-09,3.5,,,651.32
2016-11-10,3.5,,,650.95
2016-11-11,3.5,,,656.36
2016-11-14,3.5,,,663.23
2016-11-15,3.5,,,668.29
2016-11-16,3.5,,,668.93
2016-11-17,3.5,,,675.77
2016-11-18,3.5,,,674.38
2016-11-21,3.5,,,678.28
2016-11-22,3.5,,,675.39
2016-11-23,3.5,,,674.37
2016-11-24,3.5,,,679.24
2016-11-25,3.5,,,677.56
2016-11-28,3.5,,,678.03
2016-11-29,3.5,,,675.91
2016-11-30,3.5,,,675.48
2016-12-01,3.5,1.2,-0.2,673.54
2016-12-02,3.5,,,674.76
2016-12-05,3.5,,,672.58
2016-12-06,3.5,,,668.9
2016-12-07,3.5,,,662.05
2016-12-09,3.5,,,656.07
2016-12-12,3.5,,,653.55
2016-12-13,3.5,,,649.4
2016-12-14,3.5,,,650.25
2016-12-15,3.5,,,654.94
2016-12-16,3.5,,,663.68
2016-12-19,3.5,,,670.16
2016-12-20,3.5,,,677.11
2016-12-21,3.5,,,676.09
2016-12-22,3.5,,,672.24
2016-12-23,3.5,,,674.96
2016-12-26,3.5,,,673.48
2016-12-27,3.5,,,672.69
2016-12-28,3.5,,,673.73
2016-12-29,3.5,,,673.06
2016-12-30,3.5,,,667.29
2017-01-01,,1.7,0.5,
2017-01-03,3.5,,,669.47
2017-01-04,3.5,,,673.36
2017-01-05,3.5,,,671.78
2017-01-06,3.5,,,666.41
2017-01-09,3.5,,,665.29
2017-01-10,3.5,,,670.35
2017-01-11,3.5,,,670.94
2017-01-12,3.5,,,671.69
2017-01-13,3.5,,,663.01
2017-01-16,3.5,,,660.13
2017-01-17,3.5,,,661.38
2017-01-18,3.5,,,657.85
2017-01-19,3.5,,,658.91
2017-01-20,3.25,,,660.18
2017-01-23,3.25,,,659.49
2017-01-24,3.25,,,652.92
2017-01-25,3.25,,,653.84
2017-01-26,3.25,,,650.98
2017-01-27,3.25,,,648.31
2017-01-30,3.25,,,649.92
2017-01-31,3.25,,,648.87
2017-02-01,3.25,-1.3,0.2,646.19
2017-02-02,3.25,,,646.97
2017-02-03,3.25,,,643.18
2017-02-06,3.25,,,641.8
2017-02-07,3.25,,,639.35
2017-02-08,3.25,,,646.06
2017-02-09,3.25,,,646.58
2017-02-10,3.25,,,646.82
2017-02-13,3.25,,,642.62
2017-02-14,3.25,,,642.4
2017-02-15,3.25,,,641.89
2017-02-16,3.25,,,639.93
2017-02-17,3.25,,,638.35
2017-02-20,3.25,,,643.49
2017-02-21,3.25,,,642.21
2017-02-22,3.25,,,643.63
2017-02-23,3.25,,,641.51
2017-02-24,3.25,,,640.36
2017-02-27,3.25,,,645.66
2017-02-28,3.25,,,645.19
2017-03-01,3.25,0.2,0.4,648.88
2017-03-02,3.25,,,650.98
2017-03-03,3.25,,,654.11
2017-03-06,3.25,,,655.57
2017-03-07,3.25,,,658.71
2017-03-08,3.25,,,660.02
2017-03-09,3.25,,,661.65
2017-03-10,3.25,,,664.84
2017-03-13,3.25,,,663.4
2017-03-14,3.25,,,665.43
2017-03-15,3.25,,,669.07
2017-03-16,3.25,,,669.52
2017-03-17,3.0,,,661.2
2017-03-20,3.0,,,661.15
2017-03-21,3.0,,,662.35
2017-03-22,3.0,,,657.83
2017-03-23,3.0,,,662.84
2017-03-24,3.0,,,662.42
2017-03-27,3.0,,,661.64
2017-03-28,3.0,,,663.74
2017-03-29,3.0,,,666.04
2017-03-30,3.0,,,663.61
2017-03-31,3.0,,,662.66
2017-04-01,,0.1,0.2,
2017-04-03,3.0,,,663.97
2017-04-04,3.0,,,658.16
2017-04-05,3.0,,,661.42
2017-04-06,3.0,,,657.74
2017-04-07,3.0,,,656.51
2017-04-10,3.0,,,656.47
2017-04-11,3.0,,,654.22
2017-04-12,3.0,,,652.8
2017-04-13,3.0,,,653.65
2017-04-17,2.75,,,650.0
2017-04-18,2.75,,,647.47
2017-04-20,2.75,,,647.68
2017-04-21,2.75,,,649.26
2017-04-24,2.75,,,650.65
2017-04-25,2.75,,,653.71
2017-04-26,2.75,,,660.04
2017-04-27,2.75,,,665.35
2017-04-28,2.75,,,664.28
2017-05-01,,1.3,0.1,
2017-05-02,2.75,,,665.41
2017-05-03,2.75,,,666.95
2017-05-04,2.75,,,668.98
2017-05-05,2.75,,,673.89
2017-05-08,2.75,,,674.88
2017-05-09,2.75,,,676.32
2017-05-10,2.75,,,679.05
2017-05-11,2.75,,,672.92
2017-05-12,2.75,,,671.55
2017-05-15,2.75,,,671.03
2017-05-16,2.75,,,668.03
2017-05-17,2.75,,,666.26
2017-05-18,2.75,,,668.62
2017-05-19,2.5,,,675.8
2017-05-22,2.5,,,670.3
2017-05-23,2.5,,,668.21
2017-05-24,2.5,,,672.4
2017-05-25,2.5,,,674.27
2017-05-26,2.5,,,669.42
2017-05-29,2.5,,,670.25
2017-05-30,2.5,,,674.02
2017-05-31,2.5,,,675.31
2017-06-01,2.5,1.4,-0.4,672.35
2017-06-02,2.5,,,672.37
2017-06-05,2.5,,,670.41
2017-06-06,2.5,,,668.89
2017-06-07,2.5,,,668.7
2017-06-08,2.5,,,668.36
2017-06-09,2.5,,,666.28
2017-06-12,2.5,,,664.47
2017-06-13,2.5,,,661.63
2017-06-14,2.5,,,662.19
2017-06-15,2.5,,,659.46
2017-06-16,2.5,,,665.23
2017-06-19,2.5,,,663.73
2017-06-20,2.5,,,662.47
2017-06-21,2.5,,,663.76
2017-06-22,2.5,,,664.54
2017-06-23,2.5,,,664.0
2017-06-27,2.5,,,661.72
2017-06-28,2.5,,,662.09
2017-06-29,2.5,,,662.36
2017-06-30,2.5,,,663.21
2017-07-01,,2.8,0.2,
2017-07-03,2.5,,,664.29
2017-07-04,2.5,,,661.95
2017-07-05,2.5,,,663.36
2017-07-06,2.5,,,665.94
2017-07-07,2.5,,,666.22
2017-07-10,2.5,,,666.61
2017-07-11,2.5,,,666.53
2017-07-12,2.5,,,666.59
2017-07-13,2.5,,,663.46
2017-07-14,2.5,,,660.71
2017-07-17,2.5,,,658.18
2017-07-18,2.5,,,656.92
2017-07-19,2.5,,,656.01
2017-07-20,2.5,,,653.71
2017-07-21,2.5,,,651.56
2017-07-24,2.5,,,651.82
2017-07-25,2.5,,,650.65
2017-07-26,2.5,,,648.77
2017-07-27,2.5,,,648.75
2017-07-28,2.5,,,647.99
2017-07-31,2.5,,,651.58
2017-08-01,2.5,2.4,0.2,652.23
2017-08-02,2.5,,,651.93
2017-08-03,2.5,,,652.77
2017-08-04,2.5,,,650.17
2017-08-07,2.5,,,649.88
2017-08-08,2.5,,,650.52
2017-08-09,2.5,,,649.53
2017-08-10,2.5,,,649.5
2017-08-11,2.5,,,647.42
2017-08-14,2.5,,,647.77
2017-08-16,2.5,,,647.59
2017-08-17,2.5,,,645.86
2017-08-18,2.5,,,645.29
2017-08-21,2.5,,,646.57
2017-08-22,2.5,,,642.73
2017-08-23,2.5,,,641.47
2017-08-24,2.5,,,641.47
2017-08-25,2.5,,,638.64
2017-08-28,2.5,,,636.61
2017-08-29,2.5,,,630.33
2017-08-30,2.5,,,626.68
2017-08-31,2.5,,,628.36
2017-09-01,2.5,1.3,-0.2,628.89
2017-09-04,2.5,,,624.2
2017-09-05,2.5,,,624.68
2017-09-06,2.5,,,621.55
2017-09-07,2.5,,,620.59
2017-09-08,2.5,,,615.58
2017-09-11,2.5,,,618.36
2017-09-12,2.5,,,621.69
2017-09-13,2.5,,,624.31
2017-09-14,2.5,,,626.12
2017-09-15,2.5,,,627.26
2017-09-20,2.5,,,625.53
2017-09-21,2.5,,,621.87
2017-09-22,2.5,,,623.94
2017-09-25,2.5,,,623.85
2017-09-26,2.5,,,628.37
2017-09-27,2.5,,,633.37
2017-09-28,2.5,,,638.28
2017-09-29,2.5,,,636.85
2017-10-01,,2.9,0.6,
2017-10-02,2.5,,,637.93
2017-10-03,2.5,,,640.52
2017-10-04,2.5,,,635.79
2017-10-05,2.5,,,630.67
2017-10-06,2.5,,,628.84
2017-10-10,2.5,,,633.32
2017-10-11,2.5,,,628.8
2017-10-12,2.5,,,626.77
2017-10-13,2.5,,,624.99
2017-10-16,2.5,,,622.13
2017-10-17,2.5,,,619.68
2017-10-18,2.5,,,622.07
2017-10-19,2.5,,,625.03
2017-10-20,2.5,,,625.55
2017-10-23,2.5,,,628.68
2017-10-24,2.5,,,630.97
2017-10-25,2.5,,,631.96
2017-10-26,2.5,,,631.12
2017-10-30,2.5,,,629.62
2017-10-31,2.5,,,636.49
2017-11-01,,3.2,0.1,
2017-11-02,2.5,,,636.8
2017-11-03,2.5,,,631.97
2017-11-06,2.5,,,630.81
2017-11-07,2.5,,,632.97
2017-11-08,2.5,,,633.72
2017-11-09,2.5,,,631.8
2017-11-10,2.5,,,631.46
2017-11-13,2.5,,,630.61
2017-11-14,2.5,,,632.43
2017-11-15,2.5,,,630.59
2017-11-16,2.5,,,631.9
2017-11-17,2.5,,,630.41
2017-11-20,2.5,,,629.21
2017-11-21,2.5,,,636.71
2017-11-22,2.5,,,635.72
2017-11-23,2.5,,,634.82
2017-11-24,2.5,,,634.23
2017-11-27,2.5,,,633.66
2017-11-28,2.5,,,635.8
2017-11-29,2.5,,,641.09
2017-11-30,2.5,,,642.41
2017-12-01,2.5,2.6,0.1,645.32
2017-12-04,2.5,,,648.78
2017-12-05,2.5,,,648.21
2017-12-06,2.5,,,652.52
2017-12-07,2.5,,,653.82
2017-12-11,2.5,,,655.27
2017-12-12,2.5,,,655.53
2017-12-13,2.5,,,655.74
2017-12-14,2.5,,,649.4
2017-12-15,2.5,,,641.05
2017-12-18,2.5,,,638.37
2017-12-19,2.5,,,622.86
2017-12-20,2.5,,,620.62
2017-12-21,2.5,,,620.58
2017-12-22,2.5,,,620.54
2017-12-26,2.5,,,622.11
2017-12-27,2.5,,,619.03
2017-12-28,2.5,,,616.58
2017-12-29,2.5,,,615.22
2018-01-01,,3.9,0.5,
2018-01-02,2.5,,,614.75
2018-01-03,2.5,,,609.49
2018-01-04,2.5,,,604.84
2018-01-05,2.5,,,604.0
2018-01-08,2.5,,,606.04
2018-01-09,2.5,,,606.29
2018-01-10,2.5,,,607.25
2018-01-11,2.5,,,609.17
2018-01-12,2.5,,,608.04
2018-01-15,2.5,,,604.09
2018-01-16,,,,601.69
2018-01-17,2.5,,,601.69
2018-01-18,2.5,,,604.99
2018-01-19,2.5,,,605.45
2018-01-22,2.5,,,606.55
2018-01-23,2.5,,,606.28
2018-01-24,2.5,,,608.15
2018-01-25,2.5,,,604.12
2018-01-26,2.5,,,599.33
2018-01-29,2.5,,,600.37
2018-01-30,2.5,,,604.63
2018-01-31,2.5,,,604.42
2018-02-01,2.5,4.0,0.0,603.25
2018-02-02,2.5,,,599.19
2018-02-05,2.5,,,601.26
2018-02-06,2.5,,,603.07
2018-02-07,2.5,,,601.23
2018-02-08,2.5,,,596.53
2018-02-09,2.5,,,600.74
2018-02-12,2.5,,,603.07
2018-02-13,2.5,,,600.35
2018-02-14,2.5,,,596.99
2018-02-15,2.5,,,596.66
2018-02-16,2.5,,,592.66
2018-02-19,2.5,,,593.15
2018-02-20,2.5,,,594.58
2018-02-21,2.5,,,595.63
2018-02-22,2.5,,,594.7
2018-02-23,2.5,,,594.73
2018-02-26,2.5,,,591.56
2018-02-27,2.5,,,588.28
2018-02-28,2.5,,,589.15
2018-03-01,2.5,4.6,0.2,593.61
2018-03-02,2.5,,,596.15
2018-03-05,2.5,,,598.04
2018-03-06,2.5,,,600.51
2018-03-07,2.5,,,595.93
2018-03-08,2.5,,,601.91
2018-03-09,2.5,,,605.22
2018-03-12,2.5,,,603.56
2018-03-13,2.5,,,603.85
2018-03-14,2.5,,,602.19
2018-03-15,2.5,,,601.16
2018-03-16,2.5,,,603.54
2018-03-19,2.5,,,607.6
2018-03-20,2.5,,,609.39
2018-03-21,2.5,,,609.58
2018-03-22,2.5,,,607.23
2018-03-23,2.5,,,607.76
2018-03-26,2.5,,,608.14
2018-03-27,2.5,,,606.07
2018-03-28,2.5,,,605.65
2018-03-29,2.5,,,605.26
2018-04-01,,5.9,0.3,
2018-04-02,2.5,,,603.39
2018-04-03,2.5,,,604.06
2018-04-04,2.5,,,603.66
2018-04-05,2.5,,,604.81
2018-04-06,2.5,,,602.71
2018-04-09,2.5,,,605.17
2018-04-10,2.5,,,604.54
2018-04-11,2.5,,,601.99
2018-04-12,2.5,,,599.2
2018-04-13,2.5,,,596.96
2018-04-16,2.5,,,595.45
2018-04-17,2.5,,,595.99
2018-04-18,2.5,,,595.82
2018-04-19,2.5,,,594.41
2018-04-20,2.5,,,594.42
2018-04-23,2.5,,,596.26
2018-04-24,2.5,,,600.58
2018-04-25,2.5,,,599.87
2018-04-26,2.5,,,603.16
2018-04-27,2.5,,,603.31
2018-04-30,2.5,,,605.74
2018-05-01,,4.9,0.3,
2018-05-02,2.5,,,610.98
2018-05-03,2.5,,,617.69
2018-05-04,2.5,,,619.18
2018-05-07,2.5,,,621.36
2018-05-08,2.5,,,627.08
2018-05-09,2.5,,,636.0
2018-05-10,2.5,,,632.92
2018-05-11,2.5,,,626.82
2018-05-14,2.5,,,618.5
2018-05-15,2.5,,,622.94
2018-05-16,2.5,,,632.73
2018-05-17,2.5,,,630.89
2018-05-18,2.5,,,632.36
2018-05-22,2.5,,,637.03
2018-05-23,2.5,,,627.17
2018-05-24,2.5,,,625.01
2018-05-25,2.5,,,624.31
2018-05-28,2.5,,,625.29
2018-05-29,2.5,,,624.39
2018-05-30,2.5,,,627.52
2018-05-31,2.5,,,628.33
2018-06-01,2.5,4.9,0.1,631.29
2018-06-04,2.5,,,631.86
2018-06-05,2.5,,,630.38
2018-06-06,2.5,,,633.92
2018-06-07,2.5,,,629.21
2018-06-08,2.5,,,630.63
2018-06-11,2.5,,,630.45
2018-06-12,2.5,,,632.81
2018-06-13,2.5,,,634.17
2018-06-14,2.5,,,634.57
2018-06-15,2.5,,,633.99
2018-06-18,2.5,,,636.35
2018-06-19,2.5,,,637.35
2018-06-20,2.5,,,641.51
2018-06-21,2.5,,,639.03
2018-06-22,2.5,,,640.69
2018-06-25,2.5,,,637.45
2018-06-26,2.5,,,639.38
2018-06-27,2.5,,,640.21
2018-06-28,2.5,,,645.87
2018-06-29,2.5,,,647.95
2018-07-01,,3.3,0.4,
2018-07-03,2.5,,,651.21
2018-07-04,2.5,,,652.05
2018-07-05,2.5,,,653.2
2018-07-06,2.5,,,655.29
2018-07-09,2.5,,,657.33
2018-07-10,2.5,,,651.74
2018-07-11,2.5,,,650.43
2018-07-12,2.5,,,652.37
2018-07-13,2.5,,,648.05
2018-07-17,2.5,,,648.59
2018-07-18,2.5,,,653.89
2018-07-19,2.5,,,655.52
2018-07-20,2.5,,,661.71
2018-07-23,2.5,,,659.09
2018-07-24,2.5,,,662.43
2018-07-25,2.5,,,655.72
2018-07-26,2.5,,,649.14
2018-07-27,2.5,,,648.4
2018-07-30,2.5,,,643.19
2018-07-31,2.5,,,638.79
2018-08-01,2.5,3.2,0.2,639.2
2018-08-02,2.5,,,641.05
2018-08-03,2.5,,,644.32
2018-08-06,2.5,,,643.83
2018-08-07,2.5,,,646.78
2018-08-08,2.5,,,642.11
2018-08-09,2.5,,,644.1
2018-08-10,2.5,,,645.95
2018-08-13,2.5,,,653.98
2018-08-14,2.5,,,658.7
2018-08-16,2.5,,,661.75
2018-08-17,2.5,,,666.13
2018-08-20,2.5,,,668.44
2018-08-21,2.5,,,669.82
2018-08-22,2.5,,,665.02
2018-08-23,2.5,,,660.67
2018-08-24,2.5,,,665.58
2018-08-27,2.5,,,662.64
2018-08-28,2.5,,,656.81
2018-08-29,2.5,,,658.45
2018-08-30,2.5,,,666.81
2018-08-31,2.5,,,675.38
2018-09-01,,2.3,0.3,
2018-09-03,2.5,,,680.48
2018-09-04,2.5,,,684.13
2018-09-05,2.5,,,693.13
2018-09-06,2.5,,,691.05
2018-09-07,2.5,,,684.97
2018-09-10,2.5,,,688.44
2018-09-11,2.5,,,692.62
2018-09-12,2.5,,,698.43
2018-09-13,2.5,,,691.06
2018-09-14,2.5,,,682.79
2018-09-20,2.5,,,684.86
2018-09-21,2.5,,,673.74
2018-09-24,2.5,,,666.44
2018-09-25,2.5,,,667.17
2018-09-26,2.5,,,670.84
2018-09-27,2.5,,,663.9
2018-09-28,2.5,,,661.5
2018-10-01,2.5,4.2,0.4,660.42
2018-10-02,2.5,,,656.25
2018-10-03,2.5,,,658.91
2018-10-04,2.5,,,659.3
2018-10-05,2.5,,,670.4
2018-10-08,2.5,,,672.6
2018-10-09,2.5,,,680.67
2018-10-10,2.5,,,683.49
2018-10-11,2.5,,,683.57
2018-10-12,2.5,,,683.7
2018-10-16,2.5,,,678.21
2018-10-17,2.5,,,670.45
2018-10-18,2.5,,,670.08
2018-10-19,2.75,,,674.68
2018-10-22,2.75,,,676.89
2018-10-23,2.75,,,680.21
2018-10-24,2.75,,,685.09
2018-10-25,2.75,,,686.88
2018-10-26,2.75,,,687.48
2018-10-29,2.75,,,690.01
2018-10-30,2.75,,,687.9
2018-10-31,2.75,,,693.31
2018-11-01,,3.1,0.0,
2018-11-05,2.75,,,698.56
2018-11-06,2.75,,,682.78
2018-11-07,2.75,,,680.03
2018-11-08,2.75,,,676.13
2018-11-09,2.75,,,675.94
2018-11-12,2.75,,,681.41
2018-11-13,2.75,,,685.46
2018-11-14,2.75,,,688.76
2018-11-15,2.75,,,687.0
2018-11-16,2.75,,,678.49
2018-11-19,2.75,,,672.41
2018-11-20,2.75,,,670.05
2018-11-21,2.75,,,671.35
2018-11-22,2.75,,,669.45
2018-11-23,2.75,,,667.46
2018-11-26,2.75,,,673.31
2018-11-27,2.75,,,675.89
2018-11-28,2.75,,,675.97
2018-11-29,2.75,,,672.36
2018-11-30,2.75,,,669.43
2018-12-01,,2.6,-0.1,
2018-12-03,2.75,,,671.09
2018-12-04,2.75,,,666.49
2018-12-05,2.75,,,669.02
2018-12-06,2.75,,,671.79
2018-12-07,2.75,,,677.78
2018-12-10,2.75,,,674.04
2018-12-11,2.75,,,677.0
2018-12-12,2.75,,,679.9
2018-12-13,2.75,,,678.77
2018-12-14,2.75,,,681.17
2018-12-17,2.75,,,686.44
2018-12-18,2.75,,,685.13
2018-12-19,,,,688.53
2018-12-20,2.75,,,688.46
2018-12-21,2.75,,,688.11
2018-12-24,2.75,,,691.87
2018-12-26,2.75,,,692.69
2018-12-27,2.75,,,693.78
2018-12-28,2.75,,,695.69
2019-01-01,,2.4,0.1,
2019-01-02,2.75,,,694.77
2019-01-03,2.75,,,697.09
2019-01-04,2.75,,,697.64
2019-01-07,2.75,,,688.42
2019-01-08,2.75,,,679.69
2019-01-09,2.75,,,680.1
2019-01-10,2.75,,,678.09
2019-01-11,2.75,,,677.58
2019-01-14,2.75,,,675.15
2019-01-15,2.75,,,674.95
2019-01-16,2.75,,,673.76
2019-01-17,2.75,,,672.73
2019-01-18,2.75,,,671.37
2019-01-21,2.75,,,670.1
2019-01-22,2.75,,,672.42
2019-01-23,2.75,,,672.26
2019-01-24,2.75,,,672.41
2019-01-25,2.75,,,672.14
2019-01-28,2.75,,,667.04
2019-01-29,2.75,,,671.29
2019-01-30,2.75,,,669.6
2019-01-31,3.0,,,666.76
2019-02-01,3.0,1.4,0.0,657.81
2019-02-04,3.0,,,655.39
2019-02-05,3.0,,,653.8
2019-02-06,3.0,,,652.78
2019-02-07,3.0,,,653.9
2019-02-08,3.0,,,654.44
2019-02-11,3.0,,,656.46
2019-02-12,3.0,,,660.82
2019-02-13,3.0,,,660.49
2019-02-14,3.0,,,661.6
2019-02-15,3.0,,,665.9
2019-02-18,3.0,,,663.98
2019-02-19,3.0,,,660.82
2019-02-20,3.0,,,658.75
2019-02-21,3.0,,,654.52
2019-02-22,3.0,,,654.33
2019-02-25,3.0,,,651.36
2019-02-26,3.0,,,649.22
2019-02-27,3.0,,,649.8
2019-02-28,3.0,,,649.92
2019-03-01,3.0,1.9,0.5,651.79
2019-03-04,3.0,,,656.57
2019-03-05,3.0,,,659.07
2019-03-06,3.0,,,657.49
2019-03-07,3.0,,,658.4
2019-03-08,3.0,,,662.19
2019-03-11,3.0,,,670.83
2019-03-12,3.0,,,669.37
2019-03-13,3.0,,,667.09
2019-03-14,3.0,,,665.68
2019-03-15,3.0,,,670.62
2019-03-18,3.0,,,669.39
2019-03-19,3.0,,,667.21
2019-03-20,3.0,,,664.78
2019-03-21,3.0,,,666.13
2019-03-22,3.0,,,665.12
2019-03-25,3.0,,,676.6
2019-03-26,3.0,,,679.08
2019-03-27,3.0,,,679.02
2019-03-28,3.0,,,683.73
2019-03-29,3.0,,,681.09
2019-04-01,3.0,2.1,0.3,678.53
2019-04-02,3.0,,,672.56
2019-04-03,3.0,,,670.05
2019-04-04,3.0,,,667.55
2019-04-05,3.0,,,666.32
2019-04-08,3.0,,,664.17
2019-04-09,3.0,,,663.01
2019-04-10,3.0,,,663.15
2019-04-11,3.0,,,662.92
2019-04-12,3.0,,,664.19
2019-04-15,3.0,,,660.67
2019-04-16,3.0,,,662.86
2019-04-17,3.0,,,663.98
2019-04-18,3.0,,,660.48
2019-04-22,3.0,,,662.27
2019-04-23,3.0,,,663.91
2019-04-24,3.0,,,668.19
2019-04-25,3.0,,,672.83
2019-04-26,3.0,,,676.21
2019-04-29,3.0,,,673.86
2019-04-30,3.0,,,677.67
2019-05-01,,2.3,0.6,
2019-05-02,3.0,,,678.71
2019-05-03,3.0,,,683.31
2019-05-06,3.0,,,678.68
2019-05-07,3.0,,,681.09
2019-05-08,3.0,,,683.49
2019-05-09,3.0,,,684.51
2019-05-10,3.0,,,686.43
2019-05-13,3.0,,,685.67
2019-05-14,3.0,,,693.04
2019-05-15,3.0,,,692.33
2019-05-16,3.0,,,692.62
2019-05-17,3.0,,,692.79
2019-05-20,3.0,,,696.61
2019-05-22,3.0,,,697.23
2019-05-23,3.0,,,696.7
2019-05-24,3.0,,,698.03
2019-05-27,3.0,,,694.84
2019-05-28,3.0,,,696.46
2019-05-29,3.0,,,703.48
2019-05-30,3.0,,,708.2
2019-05-31,3.0,,,707.86
2019-06-01,,1.3,0.0,
2019-06-03,3.0,,,709.8
2019-06-04,3.0,,,704.59
2019-06-05,3.0,,,696.78
2019-06-06,3.0,,,693.25
2019-06-07,3.0,,,692.21
2019-06-10,2.5,,,692.28
2019-06-11,2.5,,,697.34
2019-06-12,2.5,,,693.6
2019-06-13,2.5,,,694.89
2019-06-14,2.5,,,696.25
2019-06-17,2.5,,,698.72
2019-06-18,2.5,,,699.52
2019-06-19,2.5,,,696.81
2019-06-20,2.5,,,693.99
2019-06-21,2.5,,,684.19
2019-06-24,2.5,,,683.41
2019-06-25,2.5,,,682.31
2019-06-26,2.5,,,678.32
2019-06-27,2.5,,,680.06
2019-06-28,2.5,,,679.86
2019-07-01,2.5,3.2,0.2,679.15
2019-07-02,2.5,,,677.62
2019-07-03,2.5,,,681.3
2019-07-04,2.5,,,680.48
2019-07-05,2.5,,,677.64
2019-07-08,2.5,,,683.12
2019-07-09,2.5,,,685.83
2019-07-10,2.5,,,688.88
2019-07-11,2.5,,,685.4
2019-07-12,2.5,,,683.38
2019-07-15,2.5,,,681.07
2019-07-17,2.5,,,679.48
2019-07-18,2.5,,,681.69
2019-07-19,2.5,,,683.27
2019-07-22,2.5,,,685.81
2019-07-23,2.5,,,688.28
2019-07-24,2.5,,,691.57
2019-07-25,2.5,,,691.36
2019-07-26,2.5,,,694.16
2019-07-29,2.5,,,696.62
2019-07-30,2.5,,,697.22
2019-07-31,2.5,,,699.98
2019-08-01,2.5,3.7,0.2,700.82
2019-08-02,2.5,,,704.88
2019-08-05,2.5,,,711.13
2019-08-06,2.5,,,721.7
2019-08-07,2.5,,,716.35
2019-08-08,2.5,,,718.55
2019-08-09,2.5,,,710.98
2019-08-12,2.5,,,712.04
2019-08-13,2.5,,,716.69
2019-08-14,2.5,,,708.37
2019-08-16,2.5,,,710.14
2019-08-19,2.5,,,709.26
2019-08-20,2.5,,,711.94
2019-08-21,2.5,,,710.63
2019-08-22,2.5,,,709.52
2019-08-23,2.5,,,713.22
2019-08-26,2.5,,,716.4
2019-08-27,2.5,,,718.75
2019-08-28,2.5,,,721.55
2019-08-29,2.5,,,724.2
2019-08-30,2.5,,,720.65
2019-09-01,,3.0,0.0,
2019-09-02,2.5,,,720.2
2019-09-03,2.5,,,724.72
2019-09-04,2.0,,,725.69
2019-09-05,2.0,,,723.3
2019-09-06,2.0,,,717.52
2019-09-09,2.0,,,711.22
2019-09-10,2.0,,,713.72
2019-09-11,2.0,,,714.77
2019-09-12,2.0,,,714.39
2019-09-13,2.0,,,711.29
2019-09-16,2.0,,,707.07
2019-09-17,2.0,,,709.81
2019-09-23,2.0,,,715.24
2019-09-24,2.0,,,722.17
2019-09-25,2.0,,,721.92
2019-09-26,2.0,,,727.08
2019-09-27,2.0,,,726.17
2019-09-30,2.0,,,725.68
2019-10-01,2.0,-3.4,0.8,728.21
2019-10-02,2.0,,,729.38
2019-10-03,2.0,,,727.8
2019-10-04,2.0,,,719.53
2019-10-07,2.0,,,715.53
2019-10-08,2.0,,,717.05
2019-10-09,2.0,,,722.28
2019-10-10,2.0,,,724.27
2019-10-11,2.0,,,720.61
2019-10-14,2.0,,,712.98
2019-10-15,2.0,,,712.04
2019-10-16,2.0,,,715.48
2019-10-17,2.0,,,718.69
2019-10-18,2.0,,,713.23
2019-10-21,2.0,,,709.71
2019-10-22,2.0,,,723.52
2019-10-23,2.0,,,726.24
2019-10-24,1.75,,,726.15
2019-10-25,1.75,,,723.43
2019-10-28,1.75,,,725.87
2019-10-29,1.75,,,724.37
2019-10-30,1.75,,,726.34
2019-11-01,,-3.3,0.1,
2019-11-04,1.75,,,735.05
2019-11-05,1.75,,,736.66
2019-11-06,1.75,,,745.85
2019-11-07,1.75,,,743.65
2019-11-08,1.75,,,740.23
2019-11-11,1.75,,,746.23
2019-11-12,1.75,,,756.08
2019-11-13,1.75,,,783.72
2019-11-14,1.75,,,794.51
2019-11-15,1.75,,,801.83
2019-11-18,1.75,,,782.82
2019-11-19,1.75,,,773.81
2019-11-20,1.75,,,782.71
2019-11-21,1.75,,,797.17
2019-11-22,1.75,,,795.14
2019-11-25,1.75,,,795.94
2019-11-26,1.75,,,791.16
2019-11-27,1.75,,,793.49
2019-11-28,1.75,,,806.3
2019-11-29,1.75,,,828.25
2019-12-01,,1.1,0.1,
2019-12-02,1.75,,,812.13
2019-12-03,1.75,,,804.29
2019-12-04,1.75,,,802.44
2019-12-05,1.75,,,796.75
2019-12-06,1.75,,,784.25
2019-12-09,1.75,,,779.04
2019-12-10,1.75,,,771.29
2019-12-11,1.75,,,778.14
2019-12-12,1.75,,,772.93
2019-12-13,1.75,,,768.69
2019-12-16,1.75,,,766.76
2019-12-17,1.75,,,762.83
2019-12-18,1.75,,,756.95
2019-12-19,1.75,,,752.3
2019-12-20,1.75,,,752.6
2019-12-23,1.75,,,749.83
2019-12-24,1.75,,,754.27
2019-12-26,1.75,,,751.04
2019-12-27,1.75,,,746.66
2019-12-30,1.75,,,744.62
2019-12-31,1.75,,,
2020-01-01,,1.5,0.6,
2020-01-02,1.75,,,748.74
2020-01-03,1.75,,,754.16
2020-01-06,1.75,,,758.49
2020-01-07,1.75,,,771.82
2020-01-08,1.75,,,773.12
2020-01-09,1.75,,,766.83
2020-01-10,1.75,,,764.69
2020-01-13,1.75,,,770.56
2020-01-14,1.75,,,777.66
2020-01-15,1.75,,,772.29
2020-01-16,1.75,,,772.01
2020-01-17,1.75,,,773.36
2020-01-20,1.75,,,771.38
2020-01-21,1.75,,,769.93
2020-01-22,1.75,,,770.5
2020-01-23,1.75,,,772.12
2020-01-24,1.75,,,771.94
2020-01-27,1.75,,,776.52
2020-01-28,1.75,,,787.86
2020-01-29,1.75,,,788.13
2020-01-30,1.75,,,788.18
2020-01-31,1.75,,,797.96
2020-02-01,,2.7,0.4,
2020-02-03,1.75,,,799.11
2020-02-04,1.75,,,790.92
2020-02-05,1.75,,,781.78
2020-02-06,1.75,,,776.99
2020-02-07,1.75,,,779.12
2020-02-10,1.75,,,788.8
2020-02-11,1.75,,,795.88
2020-02-12,1.75,,,792.48
2020-02-13,1.75,,,788.33
2020-02-14,1.75,,,795.12
2020-02-17,1.75,,,792.73
2020-02-18,1.75,,,791.95
2020-02-19,1.75,,,796.9
2020-02-20,1.75,,,797.4
2020-02-21,1.75,,,804.74
2020-02-24,1.75,,,809.82
2020-02-25,1.75,,,810.2
2020-02-26,1.75,,,807.96
2020-02-27,1.75,,,811.1
2020-02-28,1.75,,,816.26
2020-03-01,,-3.5,0.3,
2020-03-02,1.75,,,818.32
2020-03-03,1.75,,,817.45
2020-03-04,1.75,,,809.81
2020-03-05,1.75,,,812.19
2020-03-06,1.75,,,823.28
2020-03-09,1.75,,,828.95
2020-03-10,1.75,,,841.06
2020-03-11,1.75,,,834.22
2020-03-12,1.75,,,835.48
2020-03-13,1.75,,,852.06
2020-03-16,1.75,,,836.66
2020-03-17,1.0,,,850.51
2020-03-18,1.0,,,855.09
2020-03-19,1.0,,,862.69
2020-03-20,1.0,,,867.83
2020-03-23,1.0,,,851.01
2020-03-24,1.0,,,861.07
2020-03-25,1.0,,,847.04
2020-03-26,1.0,,,843.96
2020-03-27,1.0,,,836.05
2020-03-30,1.0,,,835.23
2020-03-31,1.0,,,846.3
2020-04-01,0.5,-14.1,0.0,852.03
2020-04-02,0.5,,,863.81
2020-04-03,0.5,,,861.89
2020-04-06,0.5,,,863.99
2020-04-07,0.5,,,853.91
2020-04-08,0.5,,,842.05
2020-04-09,0.5,,,851.9
2020-04-13,0.5,,,839.49
2020-04-14,0.5,,,844.57
2020-04-15,0.5,,,848.63
2020-04-16,0.5,,,859.31
2020-04-17,0.5,,,852.52
2020-04-20,0.5,,,849.45
2020-04-21,0.5,,,856.23
2020-04-22,0.5,,,862.06
2020-04-23,0.5,,,856.51
2020-04-24,0.5,,,858.87
2020-04-27,0.5,,,859.95
2020-04-28,0.5,,,856.76
2020-04-29,0.5,,,850.41
2020-04-30,0.5,,,836.62
2020-05-01,,-15.3,-0.1,
2020-05-04,0.5,,,837.92
2020-05-05,0.5,,,838.74
2020-05-06,0.5,,,832.84
2020-05-07,0.5,,,839.08
2020-05-08,0.5,,,836.27
2020-05-11,0.5,,,827.65
2020-05-12,0.5,,,826.05
2020-05-13,0.5,,,821.88
2020-05-14,0.5,,,820.38
2020-05-15,0.5,,,822.93
2020-05-18,0.5,,,823.86
2020-05-19,0.5,,,820.65
2020-05-20,0.5,,,819.08
2020-05-22,0.5,,,806.17
2020-05-25,0.5,,,805.75
2020-05-26,0.5,,,803.74
2020-05-27,0.5,,,802.1
2020-05-28,0.5,,,816.47
2020-05-29,0.5,,,812.74
2020-06-01,0.5,-12.4,-0.1,806.32
2020-06-02,0.5,,,796.46
2020-06-03,0.5,,,782.86
2020-06-04,0.5,,,769.13
2020-06-05,0.5,,,775.58
2020-06-08,0.5,,,764.97
2020-06-09,0.5,,,769.26
2020-06-10,0.5,,,771.96
2020-06-11,0.5,,,767.93
2020-06-12,0.5,,,784.65
2020-06-15,0.5,,,790.73
2020-06-16,0.5,,,796.87
2020-06-17,0.5,,,779.1
2020-06-18,0.5,,,798.53
2020-06-19,0.5,,,812.19
2020-06-22,0.5,,,817.33
2020-06-23,0.5,,,816.02
2020-06-24,0.5,,,817.9
2020-06-25,0.5,,,820.68
2020-06-26,0.5,,,813.25
2020-06-30,0.5,,,816.36
2020-07-01,0.5,-10.7,0.1,821.23
2020-07-02,0.5,,,816.29
2020-07-03,0.5,,,803.98
2020-07-06,0.5,,,801.46
2020-07-07,0.5,,,798.79
2020-07-08,0.5,,,793.88
2020-07-09,0.5,,,786.18
2020-07-10,0.5,,,781.74
2020-07-13,0.5,,,790.82
2020-07-14,0.5,,,788.22
2020-07-15,0.5,,,787.87
2020-07-16,0.5,,,
2020-07-17,0.5,,,787.5
2020-07-20,0.0,,,787.26
2020-07-21,0.5,,,786.04
2020-07-22,0.5,,,777.66
2020-07-23,0.5,,,769.06
2020-07-24,0.5,,,767.17
2020-07-27,0.5,,,768.63
2020-07-28,0.5,,,768.81
2020-07-29,0.5,,,767.82
2020-07-30,0.5,,,759.18
2020-07-31,0.5,,,754.45
2020-08-01,,-11.3,0.1,
2020-08-03,0.5,,,757.06
2020-08-04,0.5,,,761.34
2020-08-05,0.5,,,767.98
2020-08-06,0.5,,,774.82
2020-08-07,0.5,,,777.18
2020-08-10,0.5,,,784.28
2020-08-11,0.5,,,796.58
2020-08-12,0.5,,,793.61
2020-08-13,0.5,,,792.69
2020-08-14,0.5,,,793.32
2020-08-17,0.5,,,796.73
2020-08-18,0.5,,,803.4
2020-08-19,0.5,,,796.23
2020-08-20,0.5,,,784.25
2020-08-21,0.5,,,785.84
2020-08-24,0.5,,,790.88
2020-08-25,0.5,,,786.17
2020-08-26,0.5,,,784.44
2020-08-27,0.5,,,786.91
2020-08-28,0.5,,,784.27
2020-08-31,0.5,,,779.92
2020-09-01,0.5,-5.3,0.6,776.46
2020-09-02,0.5,,,770.59
2020-09-03,0.5,,,771.45
2020-09-04,0.5,,,773.71
2020-09-07,0.5,,,773.76
2020-09-08,0.5,,,773.24
2020-09-09,0.5,,,776.65
2020-09-10,0.5,,,767.87
2020-09-11,0.5,,,764.99
2020-09-14,0.5,,,768.34
2020-09-15,0.5,,,767.01
2020-09-16,0.5,,,760.01
2020-09-17,0.5,,,761.54
2020-09-21,0.5,,,764.34
2020-09-22,0.5,,,772.83
2020-09-23,0.5,,,773.4
2020-09-24,0.5,,,781.44
2020-09-25,0.5,,,788.02
2020-09-28,0.5,,,787.15
2020-09-29,0.5,,,784.19
2020-09-30,0.5,,,784.46
2020-10-01,0.5,-1.2,0.7,788.15
2020-10-02,0.5,,,785.04
2020-10-05,0.5,,,790.81
2020-10-06,0.5,,,794.34
2020-10-07,0.5,,,797.35
2020-10-08,0.5,,,795.05
2020-10-09,0.5,,,797.25
2020-10-13,0.5,,,796.05
2020-10-14,0.5,,,797.66
2020-10-15,0.5,,,798.56
2020-10-16,0.5,,,801.91
2020-10-19,0.5,,,795.68
2020-10-20,0.5,,,788.27
2020-10-21,0.5,,,786.66
2020-10-22,0.5,,,784.07
2020-10-23,0.5,,,781.41
2020-10-26,0.5,,,777.72
2020-10-27,0.5,,,779.57
2020-10-28,0.5,,,772.05
2020-10-29,0.5,,,775.56
2020-10-30,0.5,,,770.45
2020-11-01,,0.3,-0.1,
2020-11-02,0.5,,,771.92
2020-11-03,0.5,,,769.17
2020-11-04,0.5,,,758.53
2020-11-05,0.5,,,757.16
2020-11-06,0.5,,,752.01
2020-11-09,0.5,,,759.25
2020-11-10,0.5,,,753.75
2020-11-11,0.5,,,760.9
2020-11-12,0.5,,,757.42
2020-11-13,0.5,,,757.43
2020-11-16,0.5,,,766.7
2020-11-17,0.5,,,767.86
2020-11-18,0.5,,,767.05
2020-11-19,0.5,,,758.1
2020-11-20,0.5,,,758.62
2020-11-23,0.5,,,761.55
2020-11-24,0.5,,,765.96
2020-11-25,0.5,,,772.83
2020-11-26,0.5,,,771.68
2020-11-27,0.5,,,766.0
2020-11-30,0.5,,,766.69
2020-12-01,0.5,-0.4,0.3,767.29
2020-12-02,0.5,,,760.16
2020-12-03,0.5,,,755.34
2020-12-04,0.5,,,752.03
2020-12-07,0.5,,,747.61
2020-12-09,0.5,,,744.82
2020-12-10,0.5,,,739.45
2020-12-11,0.5,,,738.17
2020-12-14,0.5,,,733.55
2020-12-15,0.5,,,731.58
2020-12-16,0.5,,,734.23
2020-12-17,0.5,,,735.09
2020-12-18,0.5,,,723.44
2020-12-21,0.5,,,723.85
2020-12-22,0.5,,,730.7
2020-12-23,0.5,,,728.96
2020-12-24,0.5,,,716.25
2020-12-28,0.5,,,710.26
2020-12-29,0.5,,,710.64
2020-12-30,0.5,,,711.24
2021-01-01,,-3.1,0.7,
2021-01-04,0.5,,,710.95
2021-01-05,0.5,,,702.93
2021-01-06,0.5,,,702.29
2021-01-07,0.5,,,696.18
2021-01-08,0.5,,,709.99
2021-01-11,0.5,,,713.28
2021-01-12,0.5,,,718.89
2021-01-13,0.5,,,725.24
2021-01-14,0.5,,,739.72
2021-01-15,0.5,,,735.35
2021-01-18,0.5,,,735.06
2021-01-19,0.5,,,736.11
2021-01-20,0.5,,,733.73
2021-01-21,0.5,,,730.38
2021-01-22,0.5,,,715.56
2021-01-25,0.5,,,724.26
2021-01-26,0.5,,,731.92
2021-01-27,0.5,,,731.0
2021-01-28,0.5,,,736.88
2021-01-29,0.5,,,741.4
2021-02-01,0.5,-2.2,0.2,734.62
2021-02-02,0.5,,,731.66
2021-02-03,0.5,,,734.86
2021-02-04,0.5,,,730.53
2021-02-05,0.5,,,737.23
2021-02-08,0.5,,,736.65
2021-02-09,0.5,,,735.07
2021-02-10,0.5,,,733.13
2021-02-11,0.5,,,728.9
2021-02-12,0.5,,,722.52
2021-02-15,0.5,,,724.39
2021-02-16,0.5,,,718.45
2021-02-17,0.5,,,717.38
2021-02-18,0.5,,,719.78
2021-02-19,0.5,,,712.14
2021-02-22,0.5,,,707.12
2021-02-23,0.5,,,709.65
2021-02-24,0.5,,,706.76
2021-02-25,0.5,,,703.65
2021-02-26,0.5,,,708.04
2021-03-01,0.5,6.4,0.4,719.91
2021-03-02,0.5,,,721.2
2021-03-03,0.5,,,726.74
2021-03-04,0.5,,,731.3
2021-03-05,0.5,,,729.15
2021-03-08,0.5,,,733.11
2021-03-09,0.5,,,738.46
2021-03-10,0.5,,,733.42
2021-03-11,0.5,,,728.89
2021-03-12,0.5,,,718.4
2021-03-15,0.5,,,718.37
2021-03-16,0.5,,,721.49
2021-03-17,0.5,,,723.47
2021-03-18,0.5,,,730.93
2021-03-19,0.5,,,724.59
2021-03-22,0.5,,,717.96
2021-03-23,0.5,,,716.46
2021-03-24,0.5,,,720.62
2021-03-25,0.5,,,723.35
2021-03-26,0.5,,,730.82
2021-03-29,0.5,,,729.5
2021-03-30,0.5,,,736.17
2021-03-31,0.5,,,732.11
2021-04-01,0.5,14.1,0.4,721.82
2021-04-05,0.5,,,717.12
2021-04-06,0.5,,,717.9
2021-04-07,0.5,,,718.17
2021-04-08,0.5,,,714.21
2021-04-09,0.5,,,708.09
2021-04-12,0.5,,,711.23
2021-04-13,0.5,,,709.51
2021-04-14,0.5,,,708.71
2021-04-15,0.5,,,707.25
2021-04-16,0.5,,,701.98
2021-04-19,0.5,,,701.55
2021-04-20,0.5,,,700.96
2021-04-21,0.5,,,697.19
2021-04-22,0.5,,,696.8
2021-04-23,0.5,,,705.41
2021-04-26,0.5,,,712.54
2021-04-27,0.5,,,707.05
2021-04-28,0.5,,,702.02
2021-04-29,0.5,,,700.15
2021-04-30,0.5,,,705.09
2021-05-01,,18.1,0.3,
2021-05-03,0.5,,,711.06
2021-05-04,0.5,,,706.29
2021-05-05,0.5,,,705.25
2021-05-06,0.5,,,703.09
2021-05-07,0.5,,,701.27
2021-05-10,0.5,,,694.47
2021-05-11,0.5,,,693.74
2021-05-12,0.5,,,700.04
2021-05-13,0.5,,,707.19
2021-05-14,0.5,,,708.64
2021-05-17,0.5,,,703.17
2021-05-18,0.5,,,715.62
2021-05-19,0.5,,,713.63
2021-05-20,0.5,,,715.31
2021-05-24,0.5,,,716.41
2021-05-25,0.5,,,727.09
2021-05-26,0.5,,,734.75
2021-05-27,0.5,,,732.82
2021-05-28,0.5,,,730.43
2021-05-31,0.5,,,724.92
2021-06-01,0.5,20.1,0.1,722.11
2021-06-02,0.5,,,721.52
2021-06-03,0.5,,,720.44
2021-06-04,0.5,,,719.93
2021-06-07,0.5,,,717.12
2021-06-08,0.5,,,716.06
2021-06-09,0.5,,,717.82
2021-06-10,0.5,,,718.98
2021-06-11,0.5,,,720.77
2021-06-14,0.5,,,720.28
2021-06-15,0.5,,,719.17
2021-06-16,0.5,,,725.11
2021-06-17,0.5,,,726.62
2021-06-18,0.5,,,735.69
2021-06-22,0.5,,,746.17
2021-06-23,0.5,,,749.34
2021-06-24,0.5,,,735.13
2021-06-25,0.5,,,731.1
2021-06-29,0.5,,,732.25
2021-06-30,0.5,,,735.28
2021-07-01,0.5,18.1,0.8,727.76
2021-07-02,0.5,,,737.79
2021-07-05,0.5,,,735.06
2021-07-06,0.5,,,734.66
2021-07-07,0.5,,,743.25
2021-07-08,0.5,,,751.36
2021-07-09,0.5,,,753.67
2021-07-12,0.5,,,748.7
2021-07-13,0.5,,,744.1
2021-07-14,0.5,,,746.56
2021-07-15,0.75,,,747.93
2021-07-19,0.75,,,754.17
2021-07-20,0.75,,,759.71
2021-07-21,0.75,,,758.85
2021-07-22,0.75,,,755.37
2021-07-23,0.75,,,750.81
2021-07-26,0.75,,,758.44
2021-07-27,0.75,,,764.21
2021-07-28,0.75,,,761.03
2021-07-29,0.75,,,767.29
2021-07-30,0.75,,,758.53
2021-08-01,,19.1,0.4,
2021-08-02,0.75,,,760.2
2021-08-03,0.75,,,761.39
2021-08-04,0.75,,,774.54
2021-08-05,0.75,,,775.54
2021-08-06,0.75,,,776.69
2021-08-09,0.75,,,784.5
2021-08-10,0.75,,,787.4
2021-08-11,0.75,,,780.08
2021-08-12,0.75,,,773.01
2021-08-13,0.75,,,772.78
2021-08-16,0.75,,,774.25
2021-08-17,0.75,,,784.18
2021-08-18,0.75,,,789.62
2021-08-19,0.75,,,787.71
2021-08-20,0.75,,,789.98
2021-08-23,0.75,,,786.43
2021-08-24,0.75,,,783.3
2021-08-25,0.75,,,782.17
2021-08-26,0.75,,,783.03
2021-08-27,0.75,,,785.06
2021-08-30,0.75,,,784.39
2021-08-31,0.75,,,779.97
2021-09-01,1.5,15.6,1.2,775.14
2021-09-02,1.5,,,767.1
2021-09-03,1.5,,,768.36
2021-09-06,1.5,,,766.53
2021-09-07,1.5,,,770.33
2021-09-08,1.5,,,777.94
2021-09-09,1.5,,,787.51
2021-09-10,1.5,,,791.28
2021-09-13,1.5,,,789.91
2021-09-14,1.5,,,784.26
2021-09-15,1.5,,,783.25
2021-09-16,1.5,,,781.85
2021-09-20,1.5,,,780.59
2021-09-21,1.5,,,788.05
2021-09-22,1.5,,,785.1
2021-09-23,1.5,,,785.03
2021-09-24,1.5,,,787.24
2021-09-27,1.5,,,788.98
2021-09-28,1.5,,,795.48
2021-09-29,1.5,,,798.63
2021-09-30,1.5,,,803.59
2021-10-01,1.5,15.0,1.3,811.9
2021-10-04,1.5,,,803.9
2021-10-05,1.5,,,805.89
2021-10-06,1.5,,,810.63
2021-10-07,1.5,,,816.28
2021-10-08,1.5,,,813.62
2021-10-12,1.5,,,820.18
2021-10-13,1.5,,,827.56
2021-10-14,2.75,,,820.19
2021-10-15,2.75,,,816.81
2021-10-18,2.75,,,826.19
2021-10-19,2.75,,,820.29
2021-10-20,2.75,,,813.33
2021-10-21,2.75,,,811.55
2021-10-22,2.75,,,817.61
2021-10-25,2.75,,,816.58
2021-10-26,2.75,,,810.16
2021-10-27,2.75,,,806.55
2021-10-28,2.75,,,804.32
2021-10-29,2.75,,,805.47
2021-11-01,,14.3,0.5,
2021-11-02,2.75,,,810.91
2021-11-03,2.75,,,814.42
2021-11-04,2.75,,,815.52
2021-11-05,2.75,,,815.58
2021-11-08,2.75,,,812.4
2021-11-09,2.75,,,806.61
2021-11-10,2.75,,,797.78
2021-11-11,2.75,,,791.71
2021-11-12,2.75,,,791.3
2021-11-15,2.75,,,797.8
2021-11-16,2.75,,,801.96
2021-11-17,2.75,,,806.24
2021-11-18,2.75,,,819.56
2021-11-19,2.75,,,834.57
2021-11-22,2.75,,,832.72
2021-11-23,2.75,,,808.14
2021-11-24,2.75,,,809.94
2021-11-25,2.75,,,811.7
2021-11-26,2.75,,,819.59
2021-11-29,2.75,,,829.94
2021-11-30,2.75,,,836.73
2021-12-01,2.75,10.1,0.8,837.55
2021-12-02,2.75,,,828.17
2021-12-03,2.75,,,837.72
2021-12-06,2.75,,,837.69
2021-12-07,2.75,,,842.32
2021-12-09,2.75,,,839.53
2021-12-10,2.75,,,841.32
2021-12-13,2.75,,,849.16
2021-12-14,2.75,,,843.43
2021-12-15,4.0,,,846.43
2021-12-16,4.0,,,848.52
2021-12-17,4.0,,,849.65
2021-12-20,4.0,,,846.64
2021-12-21,4.0,,,863.21
2021-12-22,4.0,,,868.76
2021-12-23,4.0,,,866.25
2021-12-24,4.0,,,857.14
2021-12-27,4.0,,,863.29
2021-12-28,4.0,,,858.59
2021-12-29,4.0,,,855.94
2021-12-30,4.0,,,850.25
2022-01-01,,9.0,1.2,
2022-01-03,4.0,,,844.69
2022-01-04,4.0,,,851.43
2022-01-05,4.0,,,852.03
2022-01-06,4.0,,,841.63
2022-01-07,4.0,,,838.88
2022-01-10,4.0,,,831.59
2022-01-11,4.0,,,831.39
2022-01-12,4.0,,,832.6
2022-01-13,4.0,,,826.51
2022-01-14,4.0,,,821.87
2022-01-17,4.0,,,815.39
2022-01-18,4.0,,,822.0
2022-01-19,4.0,,,820.6
2022-01-20,4.0,,,813.46
2022-01-21,4.0,,,805.25
2022-01-24,4.0,,,799.23
2022-01-25,4.0,,,800.31
2022-01-26,4.0,,,806.06
2022-01-27,5.5,,,798.86
2022-01-28,5.5,,,799.15
2022-01-31,5.5,,,810.12
2022-02-01,5.5,6.8,0.3,803.88
2022-02-02,5.5,,,801.52
2022-02-03,5.5,,,805.95
2022-02-04,5.5,,,817.29
2022-02-07,5.5,,,825.58
2022-02-08,5.5,,,826.93
2022-02-09,5.5,,,824.33
2022-02-10,5.5,,,820.79
2022-02-11,5.5,,,804.2
2022-02-14,5.5,,,806.24
2022-02-15,5.5,,,812.24
2022-02-16,5.5,,,804.17
2022-02-17,5.5,,,799.55
2022-02-18,5.5,,,798.98
2022-02-21,5.5,,,793.91
2022-02-22,5.5,,,799.99
2022-02-23,5.5,,,796.25
2022-02-24,5.5,,,787.05
2022-02-25,5.5,,,807.26
2022-02-28,5.5,,,805.25
2022-03-01,5.5,7.2,1.9,798.01
2022-03-02,5.5,,,803.27
2022-03-03,5.5,,,807.31
2022-03-04,5.5,,,800.97
2022-03-07,5.5,,,806.89
2022-03-08,5.5,,,808.6
2022-03-09,5.5,,,812.03
2022-03-10,5.5,,,803.57
2022-03-11,5.5,,,806.03
2022-03-14,5.5,,,802.48
2022-03-15,5.5,,,808.41
2022-03-16,5.5,,,815.03
2022-03-17,5.5,,,803.55
2022-03-18,5.5,,,798.13
2022-03-21,5.5,,,802.23
2022-03-22,5.5,,,798.5
2022-03-23,5.5,,,793.22
2022-03-24,5.5,,,794.44
2022-03-25,5.5,,,789.87
2022-03-28,5.5,,,785.89
2022-03-29,5.5,,,778.62
2022-03-30,7.0,,,777.1
2022-03-31,7.0,,,787.16
2022-04-01,7.0,6.9,1.4,787.98
2022-04-04,7.0,,,783.45
2022-04-05,7.0,,,779.33
2022-04-06,7.0,,,783.28
2022-04-07,7.0,,,794.58
2022-04-08,7.0,,,807.88
2022-04-11,7.0,,,814.28
2022-04-12,7.0,,,818.53
2022-04-13,7.0,,,806.73
2022-04-14,7.0,,,804.78
2022-04-18,7.0,,,814.73
2022-04-19,7.0,,,817.7
2022-04-20,7.0,,,818.18
2022-04-21,7.0,,,816.29
2022-04-22,7.0,,,817.85
2022-04-25,7.0,,,834.45
2022-04-26,7.0,,,850.85
2022-04-27,7.0,,,847.57
2022-04-28,7.0,,,847.44
2022-04-29,7.0,,,856.58
2022-05-01,,6.4,1.2,
2022-05-02,7.0,,,850.78
2022-05-03,7.0,,,860.64
2022-05-04,7.0,,,856.74
2022-05-05,7.0,,,859.33
2022-05-06,8.25,,,863.1
2022-05-09,8.25,,,857.58
2022-05-10,8.25,,,867.87
2022-05-11,8.25,,,868.06
2022-05-12,8.25,,,861.76
2022-05-13,8.25,,,867.93
2022-05-16,8.25,,,861.04
2022-05-17,8.25,,,857.98
2022-05-18,8.25,,,850.78
2022-05-19,8.25,,,849.9
2022-05-20,8.25,,,842.38
2022-05-23,8.25,,,833.58
2022-05-24,8.25,,,829.59
2022-05-25,8.25,,,833.99
2022-05-26,8.25,,,835.43
2022-05-27,8.25,,,829.61
2022-05-28,8.25,,,
2022-05-30,8.25,,,822.25
2022-05-31,8.25,,,826.26
2022-06-01,8.25,3.7,0.9,824.35
2022-06-02,8.25,,,825.28
2022-06-03,8.25,,,815.56
2022-06-06,8.25,,,813.38
2022-06-07,8.25,,,817.99
2022-06-08,9.0,,,828.99
2022-06-09,9.0,,,821.66
2022-06-10,9.0,,,827.19
2022-06-13,9.0,,,838.61
2022-06-14,9.0,,,863.33
2022-06-15,9.0,,,866.79
2022-06-16,9.0,,,863.95
2022-06-17,9.0,,,869.62
2022-06-20,9.0,,,875.65
2022-06-22,9.0,,,880.82
2022-06-23,9.0,,,886.64
2022-06-24,9.0,,,898.8
2022-06-28,9.0,,,911.49
2022-06-29,9.0,,,905.32
2022-06-30,9.0,,,919.97
2022-07-01,9.0,1.0,1.4,932.08
2022-07-04,9.0,,,934.54
2022-07-05,9.0,,,927.53
2022-07-06,9.0,,,948.51
2022-07-07,9.0,,,972.66
2022-07-08,9.0,,,959.7
2022-07-11,9.0,,,966.74
2022-07-12,9.0,,,989.95
2022-07-13,9.0,,,1008.81
2022-07-14,9.75,,,1010.16
2022-07-15,9.75,,,1042.97
2022-07-18,9.75,,,988.22
2022-07-19,9.75,,,940.9
2022-07-20,9.75,,,929.83
2022-07-21,9.75,,,919.93
2022-07-22,9.75,,,927.49
2022-07-25,9.75,,,932.83
2022-07-26,9.75,,,941.03
2022-07-27,9.75,,,922.04
2022-07-28,9.75,,,920.49
2022-07-29,9.75,,,911.42
2022-08-01,9.75,0.0,1.2,905.1
2022-08-02,9.75,,,893.19
2022-08-03,9.75,,,897.22
2022-08-04,9.75,,,907.82
2022-08-05,9.75,,,903.91
2022-08-08,9.75,,,914.49
2022-08-09,9.75,,,906.03
2022-08-10,9.75,,,900.78
2022-08-11,9.75,,,889.38
2022-08-12,9.75,,,882.33
2022-08-16,9.75,,,882.72
2022-08-17,9.75,,,882.2
2022-08-18,9.75,,,895.76
2022-08-19,9.75,,,918.2
2022-08-22,9.75,,,945.35
2022-08-23,9.75,,,945.47
2022-08-24,9.75,,,926.94
2022-08-25,9.75,,,915.6
2022-08-26,9.75,,,910.03
2022-08-29,9.75,,,900.22
2022-08-30,9.75,,,890.9
2022-08-31,9.75,,,882.11
2022-09-01,9.75,-0.4,0.9,898.04
2022-09-02,9.75,,,898.24
2022-09-05,9.75,,,885.52
2022-09-06,9.75,,,866.28
2022-09-07,10.75,,,888.51
2022-09-08,10.75,,,886.34
2022-09-09,10.75,,,881.04
2022-09-12,10.75,,,885.15
2022-09-13,10.75,,,898.69
2022-09-14,10.75,,,910.27
2022-09-15,10.75,,,917.11
2022-09-20,10.75,,,922.6
2022-09-21,10.75,,,928.25
2022-09-22,10.75,,,938.82
2022-09-23,10.75,,,943.07
2022-09-26,10.75,,,965.18
2022-09-27,10.75,,,987.07
2022-09-28,10.75,,,982.83
2022-09-29,10.75,,,971.14
2022-09-30,10.75,,,966.0
2022-10-01,,-1.2,0.5,
2022-10-03,10.75,,,960.24
2022-10-04,10.75,,,955.42
2022-10-05,10.75,,,931.12
2022-10-06,10.75,,,942.02
2022-10-07,10.75,,,943.92
2022-10-08,10.75,,,
2022-10-11,10.75,,,945.06
2022-10-12,10.75,,,933.88
2022-10-13,11.25,,,933.14
2022-10-14,11.25,,,944.75
2022-10-17,11.25,,,950.72
2022-10-18,11.25,,,967.73
2022-10-19,11.25,,,972.03
2022-10-20,11.25,,,978.06
2022-10-21,11.25,,,972.08
2022-10-24,11.25,,,978.49
2022-10-25,11.25,,,983.91
2022-10-26,11.25,,,971.12
2022-10-27,11.25,,,953.0
2022-10-28,11.25,,,945.31
2022-11-01,,-2.5,1.0,
2022-11-02,11.25,,,936.35
2022-11-03,11.25,,,937.79
2022-11-04,11.25,,,948.74
2022-11-07,11.25,,,932.37
2022-11-08,11.25,,,919.58
2022-11-09,11.25,,,907.35
2022-11-10,11.25,,,904.42
2022-11-11,11.25,,,893.54
2022-11-14,11.25,,,887.46
2022-11-15,11.25,,,898.72
2022-11-16,11.25,,,889.14
2022-11-17,11.25,,,895.68
2022-11-18,11.25,,,920.86
2022-11-21,11.25,,,929.3
2022-11-22,11.25,,,947.06
2022-11-23,11.25,,,935.29
2022-11-24,11.25,,,924.63
2022-11-25,11.25,,,911.96
2022-11-28,11.25,,,915.81
2022-11-29,11.25,,,916.36
2022-11-30,11.25,,,905.7
2022-12-01,11.25,-1.0,0.3,894.82
2022-12-02,11.25,,,885.77
2022-12-05,11.25,,,881.87
2022-12-06,11.25,,,886.26
2022-12-07,11.25,,,884.74
2022-12-08,11.25,,,
2022-12-09,11.25,,,878.58
2022-12-12,11.25,,,861.51
2022-12-13,11.25,,,860.03
2022-12-14,11.25,,,858.07
2022-12-15,11.25,,,862.85
2022-12-16,11.25,,,875.56
2022-12-19,11.25,,,885.99
2022-12-20,11.25,,,888.27
2022-12-21,11.25,,,889.65
2022-12-22,11.25,,,879.48
2022-12-23,11.25,,,867.01
2022-12-26,11.25,,,876.22
2022-12-27,11.25,,,879.19
2022-12-28,11.25,,,876.75
2022-12-29,11.25,,,856.76
2022-12-30,11.25,,,859.51
2023-01-01,,0.4,0.8,
2023-01-03,11.25,,,855.86
2023-01-04,11.25,,,852.14
2023-01-05,11.25,,,855.1
2023-01-06,11.25,,,856.31
2023-01-09,11.25,,,846.38
2023-01-10,11.25,,,837.19
2023-01-11,11.25,,,833.73
2023-01-12,11.25,,,825.67
2023-01-13,11.25,,,822.32
2023-01-16,11.25,,,824.33
2023-01-17,11.25,,,821.59
2023-01-18,11.25,,,820.89
2023-01-19,11.25,,,812.45
2023-01-20,11.25,,,828.74
2023-01-23,11.25,,,821.02
2023-01-24,11.25,,,814.11
2023-01-25,11.25,,,805.45
2023-01-26,11.25,,,803.68
2023-01-27,11.25,,,802.58
2023-01-30,11.25,,,803.14
2023-01-31,11.25,,,810.37
2023-02-01,11.25,-0.5,-0.1,804.28
2023-02-02,11.25,,,791.8
2023-02-03,11.25,,,781.49
2023-02-06,11.25,,,788.88
2023-02-07,11.25,,,804.79
2023-02-08,11.25,,,799.46
2023-02-09,11.25,,,793.19
2023-02-10,11.25,,,796.27
2023-02-13,11.25,,,800.78
2023-02-14,11.25,,,793.79
2023-02-15,11.25,,,789.49
2023-02-16,11.25,,,792.62
2023-02-17,11.25,,,794.35
2023-02-20,11.25,,,792.25
2023-02-21,11.25,,,791.7
2023-02-22,11.25,,,797.75
2023-02-23,11.25,,,799.42
2023-02-24,11.25,,,802.93
2023-02-27,11.25,,,818.67
2023-02-28,11.25,,,831.24
2023-03-01,11.25,-2.1,1.1,829.97
2023-03-02,11.25,,,815.24
2023-03-03,11.25,,,814.56
2023-03-06,11.25,,,808.91
2023-03-07,11.25,,,803.0
2023-03-08,11.25,,,798.18
2023-03-09,11.25,,,802.88
2023-03-10,11.25,,,800.88
2023-03-13,11.25,,,797.19
2023-03-14,11.25,,,803.14
2023-03-15,11.25,,,800.71
2023-03-16,11.25,,,817.42
2023-03-17,11.25,,,824.65
2023-03-20,11.25,,,830.65
2023-03-21,11.25,,,826.35
2023-03-22,11.25,,,821.55
2023-03-23,11.25,,,818.76
2023-03-24,11.25,,,805.23
2023-03-27,11.25,,,811.48
2023-03-28,11.25,,,806.58
2023-03-29,11.25,,,799.76
2023-03-30,11.25,,,792.18
2023-03-31,11.25,,,789.32
2023-04-01,,-1.1,0.3,
2023-04-03,11.25,,,790.41
2023-04-04,11.25,,,801.28
2023-04-05,11.25,,,810.64
2023-04-06,11.25,,,810.22
2023-04-07,11.25,,,
2023-04-10,11.25,,,814.64
2023-04-11,11.25,,,821.49
2023-04-12,11.25,,,811.75
2023-04-13,11.25,,,802.89
2023-04-14,11.25,,,795.81
2023-04-17,11.25,,,797.28
2023-04-18,11.25,,,801.26
2023-04-19,11.25,,,795.23
2023-04-20,11.25,,,796.93
2023-04-21,11.25,,,791.64
2023-04-24,11.25,,,795.96
2023-04-25,11.25,,,814.75
2023-04-26,11.25,,,813.9
2023-04-27,11.25,,,805.21
2023-04-28,11.25,,,801.61
2023-05-01,,-2.0,0.1,
2023-05-02,11.25,,,803.3
2023-05-03,11.25,,,808.75
2023-05-04,11.25,,,806.03
2023-05-05,11.25,,,800.54
2023-05-08,11.25,,,795.46
2023-05-09,11.25,,,793.43
2023-05-10,11.25,,,792.46
2023-05-11,11.25,,,788.15
2023-05-12,11.25,,,796.38
2023-05-15,11.25,,,787.0
2023-05-16,11.25,,,783.35
2023-05-17,11.25,,,794.44
2023-05-18,11.25,,,797.24
2023-05-19,11.25,,,796.04
2023-05-22,11.25,,,797.0
2023-05-23,11.25,,,800.24
2023-05-24,11.25,,,801.71
2023-05-25,11.25,,,809.03
2023-05-26,11.25,,,809.24
2023-05-29,11.25,,,804.11
2023-05-30,11.25,,,802.14
2023-05-31,11.25,,,803.94
2023-06-01,11.25,-1.0,-0.2,811.61
2023-06-02,11.25,,,804.6
2023-06-05,11.25,,,797.97
2023-06-06,11.25,,,797.74
2023-06-07,11.25,,,797.79
2023-06-08,11.25,,,793.47
2023-06-09,11.25,,,790.75
2023-06-12,11.25,,,787.2
2023-06-13,11.25,,,806.84
2023-06-14,11.25,,,804.38
2023-06-15,11.25,,,800.12
2023-06-16,11.25,,,796.97
2023-06-19,11.25,,,793.35
2023-06-20,11.25,,,795.63
2023-06-22,11.25,,,801.9
2023-06-23,11.25,,,805.02
2023-06-27,11.25,,,808.21
2023-06-28,11.25,,,800.33
2023-06-29,11.25,,,800.89
2023-06-30,11.25,,,802.68
2023-07-01,,1.8,0.4,
2023-07-03,11.25,,,801.66
2023-07-04,11.25,,,799.29
2023-07-05,11.25,,,796.47
2023-07-06,11.25,,,797.87
2023-07-07,11.25,,,804.49
2023-07-10,11.25,,,806.52
2023-07-11,11.25,,,811.98
2023-07-12,11.25,,,816.78
2023-07-13,11.25,,,811.24
2023-07-14,11.25,,,808.61
2023-07-17,11.25,,,813.44
2023-07-18,11.25,,,820.76
2023-07-19,11.25,,,815.58
2023-07-20,11.25,,,811.43
2023-07-21,11.25,,,807.62
2023-07-24,11.25,,,821.95
2023-07-25,11.25,,,827.1
2023-07-26,11.25,,,828.9
2023-07-27,11.25,,,825.8
2023-07-28,11.25,,,826.01
2023-07-31,10.25,,,827.84
2023-08-01,10.25,-0.9,0.1,840.69
2023-08-02,10.25,,,843.02
2023-08-03,10.25,,,847.77
2023-08-04,10.25,,,853.99
2023-08-07,10.25,,,848.5
2023-08-08,10.25,,,856.1
2023-08-09,10.25,,,863.22
2023-08-10,10.25,,,858.68
2023-08-11,10.25,,,851.7
2023-08-14,10.25,,,853.3
2023-08-16,10.25,,,859.03
2023-08-17,10.25,,,859.87
2023-08-18,10.25,,,864.72
2023-08-21,10.25,,,867.95
2023-08-22,10.25,,,869.51
2023-08-23,10.25,,,866.97
2023-08-24,10.25,,,860.97
2023-08-25,10.25,,,854.77
2023-08-28,10.25,,,843.08
2023-08-29,10.25,,,848.86
2023-08-30,10.25,,,857.59
2023-08-31,10.25,,,854.22
2023-09-01,10.25,0.0,0.7,853.86
2023-09-04,10.25,,,850.57
2023-09-05,10.25,,,854.99
2023-09-06,9.5,,,869.67
2023-09-07,9.5,,,872.92
2023-09-08,9.5,,,879.77
2023-09-11,9.5,,,892.68
2023-09-12,9.5,,,890.81
2023-09-13,9.5,,,897.17
2023-09-14,9.5,,,888.34
2023-09-15,9.5,,,885.84
2023-09-20,9.5,,,887.89
2023-09-21,9.5,,,882.31
2023-09-22,9.5,,,891.73
2023-09-25,9.5,,,889.21
2023-09-26,9.5,,,900.14
2023-09-27,9.5,,,904.31
2023-09-28,9.5,,,904.62
2023-09-29,9.5,,,906.84
2023-10-01,,0.3,0.4,
2023-10-02,9.5,,,895.6
2023-10-03,9.5,,,902.26
2023-10-04,9.5,,,914.3
2023-10-05,9.5,,,913.26
2023-10-06,9.5,,,917.34
2023-10-10,9.5,,,919.42
2023-10-11,9.5,,,927.07
2023-10-12,9.5,,,924.81
2023-10-13,9.5,,,933.45
2023-10-16,9.5,,,942.04
2023-10-17,9.5,,,942.8
2023-10-18,9.5,,,945.61
2023-10-19,9.5,,,937.21
2023-10-20,9.5,,,940.46
2023-10-23,9.5,,,942.42
2023-10-24,9.5,,,938.26
2023-10-25,9.5,,,929.05
2023-10-26,9.5,,,922.89
2023-10-30,9.0,,,928.41
2023-10-31,9.0,,,910.28
2023-11-01,,1.2,0.7,
2023-11-02,9.0,,,899.44
2023-11-03,9.0,,,889.74
2023-11-06,9.0,,,881.3
2023-11-07,9.0,,,879.78
2023-11-08,9.0,,,886.28
2023-11-09,9.0,,,896.0
2023-11-10,9.0,,,902.89
2023-11-13,9.0,,,916.58
2023-11-14,9.0,,,921.65
2023-11-15,9.0,,,907.36
2023-11-16,9.0,,,890.18
2023-11-17,9.0,,,881.17
2023-11-20,9.0,,,884.36
2023-11-21,9.0,,,878.99
2023-11-22,9.0,,,873.7
2023-11-23,9.0,,,874.86
2023-11-24,9.0,,,871.37
2023-11-27,9.0,,,873.89
2023-11-28,9.0,,,872.03
2023-11-29,9.0,,,869.47
2023-11-30,9.0,,,867.86
2023-12-01,9.0,-1.0,-0.5,869.56
2023-12-04,9.0,,,862.86
2023-12-05,9.0,,,862.08
2023-12-06,9.0,,,874.25
2023-12-07,9.0,,,874.42
2023-12-11,9.0,,,868.01
2023-12-12,9.0,,,880.0
2023-12-13,9.0,,,880.62
2023-12-14,9.0,,,876.77
2023-12-15,9.0,,,866.37
2023-12-18,9.0,,,872.59
2023-12-19,9.0,,,875.48
2023-12-20,8.25,,,863.23
2023-12-21,8.25,,,868.77
2023-12-22,8.25,,,872.95
2023-12-26,8.25,,,883.99
2023-12-27,8.25,,,895.77
2023-12-28,8.25,,,886.34
2023-12-29,8.25,,,884.59
2024-01-01,,2.5,0.7,
2024-01-02,8.25,,,877.12
2024-01-03,8.25,,,880.92
2024-01-04,8.25,,,884.39
2024-01-05,8.25,,,884.45
2024-01-08,8.25,,,893.07
2024-01-09,8.25,,,901.31
2024-01-10,8.25,,,914.71
2024-01-11,8.25,,,919.07
2024-01-12,8.25,,,911.37
2024-01-15,8.25,,,908.67
2024-01-16,8.25,,,912.02
2024-01-17,8.25,,,922.06
2024-01-18,8.25,,,926.77
2024-01-19,8.25,,,918.62
2024-01-22,8.25,,,910.73
2024-01-23,8.25,,,905.63
2024-01-24,8.25,,,908.87
2024-01-25,8.25,,,908.51
2024-01-26,8.25,,,910.97
2024-01-29,8.25,,,916.16
2024-01-30,8.25,,,927.63
2024-01-31,8.25,,,932.66
2024-02-01,7.25,4.5,0.6,932.26
2024-02-02,7.25,,,936.01
2024-02-05,7.25,,,943.84
2024-02-06,7.25,,,955.73
2024-02-07,7.25,,,949.81
2024-02-08,7.25,,,947.9
2024-02-09,7.25,,,957.86
2024-02-12,7.25,,,968.73
2024-02-13,7.25,,,972.22
2024-02-14,7.25,,,971.56
2024-02-15,7.25,,,959.86
2024-02-16,7.25,,,961.94
2024-02-19,7.25,,,969.04
2024-02-20,7.25,,,966.23
2024-02-21,7.25,,,963.68
2024-02-22,7.25,,,967.52
2024-02-23,7.25,,,972.77
2024-02-26,7.25,,,983.76
2024-02-27,7.25,,,986.85
2024-02-28,7.25,,,984.53
2024-02-29,7.25,,,980.19
2024-03-01,7.25,0.8,0.4,969.91
2024-03-04,7.25,,,966.41
2024-03-05,7.25,,,971.92
2024-03-06,7.25,,,976.36
2024-03-07,7.25,,,981.26
2024-03-08,7.25,,,983.8
2024-03-11,7.25,,,964.95
2024-03-12,7.25,,,966.29
2024-03-13,7.25,,,965.18
2024-03-14,7.25,,,948.88
2024-03-15,7.25,,,945.56
2024-03-18,7.25,,,941.42
2024-03-19,7.25,,,945.11
2024-03-20,7.25,,,962.06
2024-03-21,7.25,,,975.91
2024-03-22,7.25,,,971.54
2024-03-25,7.25,,,980.24
2024-03-26,7.25,,,977.76
2024-03-27,7.25,,,981.71
2024-03-28,7.25,,,982.38
2024-04-01,7.25,3.5,0.5,981.71
2024-04-02,7.25,,,982.59
2024-04-03,6.5,,,979.96
2024-04-04,6.5,,,962.83
2024-04-05,6.5,,,942.72
2024-04-08,6.5,,,948.92
2024-04-09,6.5,,,946.71
2024-04-10,6.5,,,940.61
2024-04-11,6.5,,,953.51
2024-04-12,6.5,,,957.03
2024-04-15,6.5,,,964.59
2024-04-16,6.5,,,978.07
2024-04-17,6.5,,,985.05
2024-04-18,6.5,,,974.97
2024-04-19,6.5,,,968.44
2024-04-22,6.5,,,956.32
2024-04-23,6.5,,,953.75
2024-04-24,6.5,,,950.77
2024-04-25,6.5,,,954.58
2024-04-26,6.5,,,948.61
2024-04-29,6.5,,,947.68
2024-04-30,6.5,,,943.62
2024-05-01,,1.1,0.3,
2024-05-02,6.5,,,954.25
2024-05-03,6.5,,,954.36
2024-05-06,6.5,,,938.29
2024-05-07,6.5,,,930.17
2024-05-08,6.5,,,934.29
2024-05-09,6.5,,,936.76
2024-05-10,6.5,,,930.99
2024-05-13,6.5,,,922.0
2024-05-14,6.5,,,922.1
2024-05-15,6.5,,,916.87
2024-05-16,6.5,,,909.06
2024-05-17,6.5,,,901.53
2024-05-20,6.5,,,897.11
2024-05-22,6.5,,,886.79
2024-05-23,6.5,,,904.67
2024-05-24,6.0,,,908.95
2024-05-27,6.0,,,903.17
2024-05-28,6.0,,,900.28
2024-05-29,6.0,,,898.13
2024-05-30,6.0,,,907.67
2024-05-31,6.0,,,917.98
2024-06-01,,0.1,-0.1,
2024-06-03,6.0,,,916.77
2024-06-04,6.0,,,907.94
2024-06-05,6.0,,,905.37
2024-06-06,6.0,,,906.25
2024-06-07,6.0,,,910.45
2024-06-10,6.0,,,916.84
2024-06-11,6.0,,,923.24
2024-06-12,6.0,,,924.18
2024-06-13,6.0,,,914.86
2024-06-14,6.0,,,919.49
2024-06-17,6.0,,,928.47
2024-06-18,6.0,,,938.68
2024-06-19,5.75,,,934.91
2024-06-21,5.75,,,927.92
2024-06-24,5.75,,,937.34
2024-06-25,5.75,,,941.72
2024-06-26,5.75,,,942.31
2024-06-27,5.75,,,947.78
2024-06-28,5.75,,,951.02
2024-07-01,5.75,4.2,0.7,944.34
2024-07-02,5.75,,,943.89
2024-07-03,5.75,,,946.99
2024-07-04,5.75,,,939.57
2024-07-05,5.75,,,936.55
2024-07-08,5.75,,,933.51
2024-07-09,5.75,,,939.17
2024-07-10,5.75,,,932.31
2024-07-11,5.75,,,918.86
2024-07-12,5.75,,,908.92
2024-07-15,5.75,,,910.14
2024-07-17,5.75,,,910.79
2024-07-18,5.75,,,921.91
2024-07-19,5.75,,,940.15
2024-07-22,5.75,,,943.77
2024-07-23,5.75,,,949.1
2024-07-24,5.75,,,946.69
2024-07-25,5.75,,,948.79
2024-07-26,5.75,,,947.39
2024-07-29,5.75,,,950.29
2024-07-30,5.75,,,956.63
2024-07-31,5.75,,,956.58
2024-08-01,5.75,2.3,0.3,943.78
2024-08-02,5.75,,,938.94
2024-08-05,5.75,,,951.11
2024-08-06,5.75,,,957.57
2024-08-07,5.75,,,947.18
2024-08-08,5.75,,,943.96
2024-08-09,5.75,,,937.18
2024-08-12,5.75,,,932.62
2024-08-13,5.75,,,931.96
2024-08-14,5.75,,,932.28
2024-08-16,5.75,,,931.39
2024-08-19,5.75,,,933.84
2024-08-20,5.75,,,929.36
2024-08-21,5.75,,,922.58
2024-08-22,5.75,,,918.97
2024-08-23,5.75,,,919.94
2024-08-26,5.75,,,911.01
2024-08-27,5.75,,,907.35
2024-08-28,5.75,,,907.32
2024-08-29,5.75,,,912.08
2024-08-30,5.75,,,917.38
2024-09-01,,0.0,0.1,
2024-09-02,5.75,,,913.99
2024-09-03,5.75,,,915.14
2024-09-04,5.5,,,926.22
2024-09-05,5.5,,,937.86
2024-09-06,5.5,,,941.54
2024-09-09,5.5,,,943.18
2024-09-10,5.5,,,946.22
2024-09-11,5.5,,,948.85
2024-09-12,5.5,,,943.44
2024-09-13,5.5,,,933.57
2024-09-16,5.5,,,925.61
2024-09-17,5.5,,,923.37
2024-09-23,5.5,,,927.15
2024-09-24,5.5,,,924.81
2024-09-25,5.5,,,911.51
2024-09-26,5.5,,,912.24
2024-09-27,5.5,,,900.91
2024-09-30,5.5,,,896.25
2024-10-01,5.5,2.3,1.0,897.68
2024-10-02,5.5,,,901.13
2024-10-03,5.5,,,908.23
2024-10-04,5.5,,,919.49
2024-10-07,5.5,,,923.74
2024-10-08,5.5,,,925.86
2024-10-09,5.5,,,933.62
2024-10-10,5.5,,,934.84
2024-10-11,5.5,,,931.26
2024-10-14,5.5,,,926.07
2024-10-15,5.5,,,928.37
2024-10-16,5.5,,,937.29
2024-10-17,5.5,,,941.3
2024-10-18,5.25,,,945.01
2024-10-21,5.25,,,946.99
2024-10-22,5.25,,,954.39
2024-10-23,5.25,,,949.0
2024-10-24,5.25,,,948.2
2024-10-25,5.25,,,945.29
2024-10-28,5.25,,,949.34
2024-10-29,5.25,,,945.88
2024-10-30,5.25,,,950.89
2024-11-01,,2.1,0.2,
2024-11-04,5.25,,,961.29
2024-11-05,5.25,,,956.54
2024-11-06,5.25,,,954.9
2024-11-07,5.25,,,968.6
2024-11-08,5.25,,,950.99
2024-11-11,5.25,,,963.09
2024-11-12,5.25,,,980.47
2024-11-13,5.25,,,983.76
2024-11-14,5.25,,,981.61
2024-11-15,5.25,,,975.44
2024-11-18,5.25,,,974.51
2024-11-19,5.25,,,976.86
2024-11-20,5.25,,,973.21
2024-11-21,5.25,,,972.68
2024-11-22,5.25,,,971.29
2024-11-25,5.25,,,982.08
2024-11-26,5.25,,,976.89
2024-11-27,5.25,,,975.06
2024-11-28,5.25,,,975.41
2024-11-29,5.25,,,977.32
2024-12-01,,6.6,-0.2,
2024-12-02,5.25,,,977.66
2024-12-03,5.25,,,979.1
2024-12-04,5.25,,,972.75
2024-12-05,5.25,,,974.37
2024-12-06,5.25,,,971.65
2024-12-09,5.25,,,971.62
2024-12-10,5.25,,,969.92
2024-12-11,5.25,,,972.43
2024-12-12,5.25,,,975.81
2024-12-13,5.25,,,975.67
2024-12-16,5.25,,,983.25
2024-12-17,5.25,,,989.93
2024-12-18,5.0,,,990.87
2024-12-19,5.0,,,988.44
2024-12-20,5.0,,,996.35
2024-12-23,5.0,,,991.18
2024-12-24,5.0,,,992.78
2024-12-26,5.0,,,989.07
2024-12-27,5.0,,,990.95
2024-12-30,5.0,,,992.12
2025-01-01,,2.5,1.1,
2025-01-02,5.0,,,996.46
2025-01-03,5.0,,,999.84
2025-01-06,5.0,,,1011.82
2025-01-07,5.0,,,1010.98
2025-01-08,5.0,,,1005.85
2025-01-09,5.0,,,1007.51
2025-01-10,5.0,,,1003.92
2025-01-13,5.0,,,1009.2
2025-01-14,5.0,,,1012.76
2025-01-15,5.0,,,1004.67
2025-01-16,5.0,,,1001.93
2025-01-17,5.0,,,1010.68
2025-01-20,5.0,,,1012.36
2025-01-21,5.0,,,1001.93
2025-01-22,5.0,,,1002.14
2025-01-23,5.0,,,995.22
2025-01-24,5.0,,,989.83
2025-01-27,5.0,,,982.95
2025-01-28,5.0,,,985.64
2025-01-29,5.0,,,992.07
2025-01-30,5.0,,,990.94
2025-01-31,5.0,,,988.1
2025-02-01,,-0.1,0.4,
2025-02-03,5.0,,,984.22
2025-02-04,5.0,,,987.12
2025-02-05,5.0,,,977.58
2025-02-06,5.0,,,969.47
2025-02-07,5.0,,,967.59
2025-02-10,5.0,,,960.6
2025-02-11,5.0,,,960.81
2025-02-12,5.0,,,961.89
2025-02-13,5.0,,,956.63
2025-02-14,5.0,,,949.52
2025-02-17,5.0,,,939.54
2025-02-18,5.0,,,947.13
2025-02-19,5.0,,,950.43
2025-02-20,5.0,,,951.78
2025-02-21,5.0,,,944.65
2025-02-24,5.0,,,942.52
2025-02-25,5.0,,,946.96
2025-02-26,5.0,,,940.99
2025-02-27,5.0,,,941.76
2025-02-28,5.0,,,951.21
2025-03-01,,3.8,0.5,
2025-03-03,5.0,,,954.22
2025-03-04,5.0,,,953.11
2025-03-05,5.0,,,948.87
2025-03-06,5.0,,,936.7
2025-03-07,5.0,,,926.52
2025-03-10,5.0,,,928.25
2025-03-11,5.0,,,931.13
2025-03-12,5.0,,,937.45
2025-03-13,5.0,,,932.28
2025-03-14,5.0,,,940.2
2025-03-17,5.0,,,932.36
2025-03-18,5.0,,,923.32
2025-03-19,5.0,,,917.97
2025-03-20,5.0,,,917.76
2025-03-21,5.0,,,926.15
2025-03-24,5.0,,,932.14
2025-03-25,5.0,,,926.41
2025-03-26,5.0,,,919.92
2025-03-27,5.0,,,920.98
2025-03-28,5.0,,,931.75
2025-03-31,5.0,,,946.1
2025-04-01,5.0,2.5,0.2,953.07
2025-04-02,5.0,,,946.28
2025-04-03,5.0,,,949.83
2025-04-04,5.0,,,946.59
2025-04-07,5.0,,,975.82
2025-04-08,5.0,,,990.68
2025-04-09,5.0,,,993.89
2025-04-10,5.0,,,1000.01
2025-04-11,5.0,,,988.97
2025-04-14,5.0,,,978.09
2025-04-15,5.0,,,966.07
2025-04-16,5.0,,,967.15
2025-04-17,5.0,,,969.23
2025-04-21,5.0,,,968.71
2025-04-22,5.0,,,961.14
2025-04-23,5.0,,,950.04
2025-04-24,5.0,,,938.02
2025-04-25,5.0,,,937.81
2025-04-28,5.0,,,936.74
2025-04-29,5.0,,,937.54
2025-04-30,5.0,,,945.42
2025-05-01,,3.2,0.2,
2025-05-02,5.0,,,955.67
2025-05-05,5.0,,,940.95
2025-05-06,5.0,,,940.18
2025-05-07,5.0,,,939.67
2025-05-08,5.0,,,945.44
2025-05-09,5.0,,,941.22
2025-05-12,5.0,,,933.26
2025-05-13,5.0,,,941.2
2025-05-14,5.0,,,940.18
2025-05-15,5.0,,,939.43
2025-05-16,5.0,,,940.25
2025-05-19,5.0,,,944.46
2025-05-20,5.0,,,936.69
2025-05-22,5.0,,,942.21
2025-05-23,5.0,,,944.84
2025-05-26,5.0,,,940.81
2025-05-27,5.0,,,938.28
2025-05-28,5.0,,,937.93
2025-05-29,5.0,,,940.21
2025-05-30,5.0,,,937.37
2025-06-01,,3.1,-0.4,
2025-06-02,5.0,,,941.97
2025-06-03,5.0,,,939.65
2025-06-04,5.0,,,941.53
2025-06-05,5.0,,,936.89
2025-06-06,5.0,,,930.79
2025-06-09,5.0,,,933.91
2025-06-10,5.0,,,937.09
2025-06-11,5.0,,,938.88
2025-06-12,5.0,,,936.36
2025-06-13,5.0,,,930.25
2025-06-16,5.0,,,937.78
2025-06-17,5.0,,,935.21
2025-06-18,5.0,,,939.29
2025-06-19,5.0,,,943.36
2025-06-23,5.0,,,947.03
2025-06-24,5.0,,,950.16
2025-06-25,5.0,,,937.89
2025-06-26,5.0,,,936.29
2025-06-27,5.0,,,930.67
2025-06-30,5.0,,,935.74
2025-07-01,5.0,1.8,0.9,933.42
2025-07-02,5.0,,,926.62
2025-07-03,5.0,,,926.51
2025-07-04,5.0,,,927.87
2025-07-07,5.0,,,932.34
2025-07-08,5.0,,,940.28
2025-07-09,5.0,,,945.39
2025-07-10,5.0,,,948.33
2025-07-11,5.0,,,950.43
2025-07-14,5.0,,,955.73
2025-07-15,5.0,,,967.22
2025-07-17,5.0,,,965.65
2025-07-18,5.0,,,966.78
2025-07-21,5.0,,,961.55
2025-07-22,5.0,,,956.65
2025-07-23,5.0,,,953.4
2025-07-24,5.0,,,948.93
2025-07-25,5.0,,,951.27
2025-07-28,5.0,,,957.82
2025-07-29,5.0,,,969.75
2025-07-30,4.75,,,970.09
2025-07-31,4.75,,,978.07
2025-08-01,4.75,0.5,0.0,976.8
2025-08-04,4.75,,,967.48
2025-08-05,4.75,,,964.28
2025-08-06,4.75,,,966.02
2025-08-07,4.75,,,976.42
2025-08-08,4.75,,,971.88
2025-08-11,4.75,,,965.64
2025-08-12,4.75,,,969.77
2025-08-13,4.75,,,962.28
2025-08-14,4.75,,,952.37
2025-08-18,4.75,,,961.84
2025-08-19,4.75,,,966.24
2025-08-20,4.75,,,963.57
2025-08-21,4.75,,,965.06
2025-08-22,4.75,,,968.63
2025-08-25,4.75,,,964.15
2025-08-26,4.75,,,962.51
2025-08-27,4.75,,,965.01
2025-08-28,4.75,,,968.64
2025-08-29,4.75,,,967.48
2025-09-01,4.75,3.2,0.4,965.28
2025-09-02,4.75,,,968.35
2025-09-03,4.75,,,974.13
2025-09-04,4.75,,,969.46
2025-09-05,4.75,,,971.22
2025-09-08,4.75,,,964.58
2025-09-09,4.75,,,967.07
2025-09-10,4.75,,,966.35
2025-09-11,4.75,,,962.73
2025-09-12,4.75,,,955.47
2025-09-15,4.75,,,954.58
2025-09-16,4.75,,,951.14
2025-09-17,4.75,,,948.57
2025-09-22,4.75,,,951.03
2025-09-23,4.75,,,954.72
2025-09-24,4.75,,,952.87
2025-09-25,4.75,,,953.24
2025-09-26,4.75,,,956.42
2025-09-29,4.75,,,958.9
2025-09-30,4.75,,,961.24
2025-10-01,4.75,2.2,0.0,962.39
2025-10-02,4.75,,,959.19
2025-10-03,4.75,,,961.54
2025-10-06,4.75,,,963.17
2025-10-07,4.75,,,963.09
2025-10-08,4.75,,,961.61
2025-10-09,4.75,,,951.45
2025-10-10,4.75,,,948.77
2025-10-13,4.75,,,954.37
2025-10-14,4.75,,,957.66
2025-10-15,4.75,,,963.69
2025-10-16,4.75,,,959.36
2025-10-17,4.75,,,956.13
2025-10-20,4.75,,,960.34
2025-10-21,4.75,,,953.21
2025-10-22,4.75,,,951.78
2025-10-23,4.75,,,950.46
2025-10-24,4.75,,,945.34
2025-10-27,4.75,,,943.47
2025-10-28,4.75,,,938.19
2025-10-29,4.75,,,941.63
2025-10-30,4.75,,,940.57
2025-11-01,,1.2,0.3,
2025-11-03,4.75,,,943.69
2025-11-04,4.75,,,940.53
2025-11-05,4.75,,,945.13
2025-11-06,4.75,,,945.6
2025-11-07,4.75,,,940.84
2025-11-10,4.75,,,946.24
2025-11-11,4.75,,,940.85
2025-11-12,4.75,,,936.89
2025-11-13,4.75,,,932.37
2025-11-14,4.75,,,925.63
2025-11-17,4.75,,,932.63
2025-11-18,4.75,,,919.82
2025-11-19,4.75,,,929.26
2025-11-20,4.75,,,931.36
2025-11-21,4.75,,,929.0
2025-11-24,4.75,,,937.36
2025-11-25,4.75,,,939.57
2025-11-26,4.75,,,937.15
2025-11-27,4.75,,,930.89
2025-11-28,4.75,,,929.14
2025-12-01,4.75,1.7,-0.2,928.16
2025-12-02,4.75,,,927.95
2025-12-03,4.75,,,925.37
2025-12-04,4.75,,,919.46
2025-12-05,4.75,,,918.15
2025-12-09,4.75,,,920.02
2025-12-10,4.75,,,926.89
2025-12-11,4.75,,,923.99
2025-12-12,4.75,,,916.9
2025-12-15,4.75,,,912.66
2025-12-16,4.75,,,912.03
2025-12-17,4.5,,,913.74
2025-12-18,4.5,,,917.45
2025-12-19,4.5,,,914.99
2025-12-22,4.5,,,909.9
2025-12-23,4.5,,,908.4
2025-12-24,4.5,,,906.44
2025-12-26,4.5,,,905.04
2025-12-29,4.5,,,904.54
2025-12-30,4.5,,,911.18
2025-12-31,4.5,,,
2026-01-01,,-0.1,,
2026-01-02,4.5,,,907.13
2026-01-05,4.5,,,901.55
2026-01-06,4.5,,,905.14
2026-01-07,4.5,,,896.82
2026-01-08,4.5,,,895.33
2026-01-09,4.5,,,896.89
2026-01-12,4.5,,,895.54
2026-01-13,4.5,,,885.71
2026-01-14,4.5,,,883.96
2026-01-15,4.5,,,882.74
2026-01-16,4.5,,,884.57
2026-01-19,4.5,,,887.01
2026-01-20,4.5,,,888.66
2026-01-21,4.5,,,889.54
2026-01-22,4.5,,,878.21
2026-01-23,4.5,,,872.22
2026-01-26,4.5,,,870.71
2026-01-27,4.5,,,862.98
2026-01-28,4.5,,,862.17
2026-01-29,4.5,,,857.95
2026-01-30,4.5,,,858.45
2026-02-01,,-0.3,,
2026-02-02,4.5,,,865.1
2026-02-03,4.5,,,868.52
2026-02-04,4.5,,,859.53
2026-02-05,4.5,,,857.59
2026-02-06,4.5,,,865.67
2026-02-09,4.5,,,859.66
2026-02-10,4.5,,,854.25
2026-02-11,4.5,,,856.06
2026-02-12,4.5,,,856.38
2026-02-13,4.5,,,854.41
2026-02-16,4.5,,,863.5
2026-02-17,4.5,,,862.91
2026-02-18,4.5,,,868.24
2026-02-19,4.5,,,863.29
2026-02-20,4.5,,,866.74
2026-02-23,4.5,,,867.13
2026-02-24,4.5,,,867.29
2026-02-25,4.5,,,865.36
2026-02-26,4.5,,,857.58
2026-02-27,4.5,,,861.19
2026-03-01,,-0.1,,
2026-03-02,4.5,,,871.41
2026-03-03,4.5,,,884.21
2026-03-04,4.5,,,906.32
2026-03-05,4.5,,,895.14
2026-03-06,4.5,,,907.66
2026-03-09,4.5,,,921.76
2026-03-10,4.5,,,916.36
2026-03-11,4.5,,,893.69
2026-03-12,4.5,,,895.86
2026-03-13,4.5,,,909.94
2026-03-16,4.5,,,913.98
2026-03-17,4.5,,,909.11
2026-03-18,4.5,,,906.15
2026-03-19,4.5,,,912.41
2026-03-20,4.5,,,920.52
2026-03-23,4.5,,,923.67
2026-03-24,4.5,,,915.15
2026-03-25,4.5,,,915.76
2026-03-26,4.5,,,913.83
2026-03-27,4.5,,,923.25
2026-03-30,4.5,,,929.9
2026-03-31,4.5,,,931.57
2026-04-01,4.5,,,927.46
2026-04-02,4.5,,,915.95
2026-04-06,4.5,,,922.17
2026-04-07,4.5,,,914.47
2026-04-08,4.5,,,922.59
2026-04-09,4.5,,,895.28
2026-04-10,4.5,,,894.17
2026-04-13,4.5,,,890.33
2026-04-14,4.5,,,899.39
2026-04-15,4.5,,,886.97
2026-04-16,4.5,,,886.09
2026-04-17,4.5,,,886.32
2026-04-20,4.5,,,876.32
2026-04-21,4.5,,,881.22
2026-04-22,4.5,,,887.79
2026-04-23,4.5,,,889.87
2026-04-24,4.5,,,892.18
2026-04-27,4.5,,,895.07
2026-04-28,4.5,,,894.18
2026-04-29,4.5,,,896.03
2026-04-30,4.5,,,901.76
2026-05-04,4.5,,,903.05
2026-05-05,4.5,,,910.01
2026-05-06,4.5,,,905.36
2026-05-07,4.5,,,892.83
2026-05-08,4.5,,,887.71
2026-05-11,4.5,,,890.89
2026-05-12,4.5,,,894.25
2026-05-13,4.5,,,899.91
2026-05-14,4.5,,,889.19
2026-05-15,4.5,,,891.0
2026-05-18,4.5,,,906.68
2026-05-19,4.5,,,901.59
2026-05-20,4.5,,,907.51
2026-05-22,4.5,,,899.68
2026-05-25,4.5,,,899.86
2026-05-26,4.5,,,893.25
2026-05-27,4.5,,,894.67
2026-05-28,4.5,,,894.79
2026-05-29,4.5,,,892.89
2026-06-01,4.5,,,890.64
