fecha,ANTO.L,BHP,CAP.SN,FCX,GLEN.L,PUCOBRE.SN,SCCO,SQM-B.SN
2000-01-03,85.90596008300781,2.989454746246338,385.2484130859375,6.120051383972168,,174.60595703125,0.7132065892219543,910.2877197265625
2000-01-04,85.90596008300781,3.0977678298950195,392.7289733886719,5.777037620544434,,174.60595703125,0.7073119282722473,883.5144653320312
2000-01-05,85.90596008300781,3.133873224258423,392.7289733886719,5.993675708770752,,180.42617797851562,0.701417863368988,899.578369140625
2000-01-06,86.20318603515625,3.083326816558838,403.9495544433594,5.813144207000732,,180.42617797851562,0.7073119282722473,878.15966796875
2000-01-07,86.20318603515625,3.2927334308624268,396.4691162109375,5.668717861175537,,180.42617797851562,0.7161537408828735,872.8054809570312
2000-01-10,86.6986083984375,3.2638497352600098,411.0560607910156,5.704823017120361,,194.9766845703125,0.7279421091079712,872.8054809570312
2000-01-11,90.16653442382812,3.119431734085083,405.81988525390625,5.740932464599609,,203.71282958984375,0.710259735584259,840.6774291992188
2000-01-12,90.66201782226562,3.126652240753174,435.7418518066406,5.650664329528809,,206.6171417236328,0.710259735584259,819.2589721679688
2000-01-13,92.14823150634766,3.148315668106079,448.83306884765625,5.61455774307251,,219.1363525390625,0.7161537408828735,840.6774291992188
2000-01-14,93.13906860351562,3.148315668106079,463.79400634765625,5.488184928894043,,232.79054260253906,0.7426773905754089,851.3865966796875
2000-01-17,93.43633270263672,,467.5344543457031,,,226.92958068847656,,869.59228515625
2000-01-18,93.43633270263672,3.090548038482666,486.2358703613281,5.632609844207764,,226.69680786132812,0.7161537408828735,851.3865966796875
2000-01-19,93.43633270263672,3.025559425354004,486.2358703613281,5.777037620544434,,226.34754943847656,0.7397308349609375,867.4505004882812
2000-01-20,93.13906860351562,3.1049892902374268,493.3421325683594,5.5062408447265625,,226.28933715820312,0.7721493244171143,909.7520141601562
2000-01-21,93.13906860351562,3.003896951675415,489.9759216308594,5.30765438079834,,226.28933715820312,0.7633079290390015,923.6741943359375
2000-01-24,93.13906860351562,2.9172451496124268,471.2745666503906,5.163227558135986,,221.10940551757812,0.7515190839767456,899.578369140625
2000-01-25,91.75190734863281,2.9172451496124268,469.4044189453125,5.091013431549072,,209.81822204589844,0.7456247210502625,899.578369140625
2000-01-26,90.95921325683594,2.8811426162719727,466.7863464355469,4.820216178894043,,206.90811157226562,0.7603603005409241,899.0427856445312
2000-01-27,89.86931610107422,2.8522579669952393,463.4203186035156,5.145172595977783,,206.90811157226562,0.7662550806999207,899.578369140625
2000-01-28,88.97754669189453,2.7583868503570557,452.5730895996094,5.0368571281433105,,206.90811157226562,0.7456247210502625,888.8687133789062
2000-01-31,85.50961303710938,2.7367241382598877,445.09283447265625,5.0368571281433105,,206.90811157226562,0.7308893799781799,896.901123046875
2000-02-01,85.21236419677734,2.7439441680908203,445.09283447265625,5.0368571281433105,,206.90811157226562,0.7485722899436951,894.2238159179688
2000-02-02,85.21236419677734,2.729501247406006,446.9628601074219,5.0368571281433105,,206.90811157226562,0.7249948978424072,915.642578125
2000-02-03,85.4105453491211,2.7006189823150635,486.2358703613281,5.05490779876709,,206.90811157226562,0.7544664740562439,937.0608520507812
2000-02-04,85.21236419677734,2.729501247406006,486.2358703613281,5.36181116104126,,206.90811157226562,0.7750965356826782,963.8341064453125
2000-02-07,85.21236419677734,2.707839250564575,489.9759216308594,5.30765438079834,,206.90811157226562,0.7692021727561951,947.7701416015625
2000-02-08,85.21236419677734,2.7511649131774902,510.5473327636719,5.199334144592285,,206.90811157226562,0.7456247210502625,958.4791259765625
2000-02-09,85.21236419677734,2.6284103393554688,511.29559326171875,5.181278705596924,,209.5272216796875,0.7426773905754089,958.4791259765625
2000-02-10,84.02334594726562,2.5778634548187256,504.937255859375,5.145172595977783,,209.5272216796875,0.7367838025093079,942.4155883789062
2000-02-11,83.62701416015625,2.5345380306243896,516.9057006835938,5.2534918785095215,,209.5272216796875,0.7338363528251648,953.1246948242188
2000-02-14,83.62701416015625,2.5056545734405518,514.2877807617188,5.30765438079834,,209.5272216796875,0.7338363528251648,937.0608520507812
2000-02-15,83.62701416015625,2.5634214878082275,504.937255859375,5.2895989418029785,,209.5272216796875,0.7367838025093079,904.9330444335938
2000-02-16,80.05996704101562,2.5417592525482178,501.19696044921875,5.199334144592285,,209.5272216796875,0.7220482230186462,926.3511962890625
2000-02-17,78.8709487915039,2.5273170471191406,501.19696044921875,5.235441207885742,,209.5272216796875,0.7161537408828735,887.2626953125
2000-02-18,78.474609375,2.4334449768066406,478.75531005859375,5.199334144592285,,209.5272216796875,0.7132065892219543,883.5144653320312
2000-02-21,78.67279815673828,,475.014892578125,,,209.5272216796875,,856.7412719726562
2000-02-22,78.77188110351562,2.4984333515167236,467.5344543457031,5.127119064331055,,209.5272216796875,0.7132065892219543,846.0324096679688
2000-02-23,79.26730346679688,2.382899045944214,467.5344543457031,4.820216178894043,,209.5272216796875,0.7132065892219543,835.32275390625
2000-02-24,79.26730346679688,2.4045629501342773,471.2745666503906,4.314724445343018,,209.5272216796875,0.7132065892219543,819.2589721679688
2000-02-25,79.26730346679688,2.4334449768066406,471.2745666503906,4.043925762176514,,209.5272216796875,0.7043651342391968,803.195068359375
2000-02-28,79.66364288330078,2.303468704223633,471.2745666503906,3.971714735031128,,209.5272216796875,0.7073119282722473,797.8406372070312
2000-02-29,80.05996704101562,2.310689687728882,475.014892578125,3.971714735031128,,209.5272216796875,0.7191010117530823,803.195068359375
2000-03-01,80.1590805053711,2.296247720718384,486.2358703613281,4.0619797706604,,209.5272216796875,0.7073119282722473,813.9041748046875
2000-03-02,80.25812530517578,2.339573383331299,486.2358703613281,3.8453402519226074,,203.12501525878906,0.6896289587020874,813.9041748046875
2000-03-03,80.4563217163086,2.332353115081787,493.71636962890625,3.953660011291504,,203.12501525878906,0.6896289587020874,819.2589721679688
2000-03-06,80.4563217163086,2.166271686553955,493.71636962890625,3.8453402519226074,,203.12501525878906,0.6896289587020874,816.5816040039062
2000-03-07,80.55537414550781,2.296247720718384,489.9759216308594,4.025873184204102,,203.12501525878906,0.6542636156082153,819.2589721679688
2000-03-08,82.23983764648438,2.296247720718384,486.2358703613281,3.9175524711608887,,174.60595703125,0.65131676197052,819.2589721679688
2000-03-09,82.23983764648438,2.3973405361175537,478.75531005859375,3.827287435531616,,174.60595703125,0.65131676197052,803.195068359375
2000-03-10,82.23983764648438,2.382899045944214,475.3890686035156,3.7731270790100098,,177.51609802246094,0.6483694911003113,797.8406372070312
2000-03-13,81.84349822998047,2.4117820262908936,475.3890686035156,3.7370212078094482,,177.51609802246094,0.641627848148346,787.13134765625
2000-03-14,80.55537414550781,2.4912116527557373,452.5730895996094,3.646754741668701,,177.51609802246094,0.6357144117355347,765.7127075195312
2000-03-15,80.25812530517578,2.5128748416900635,448.83306884765625,3.8453402519226074,,180.42617797851562,0.6327577233314514,781.7766723632812
2000-03-16,80.05996704101562,2.5923056602478027,452.5730895996094,3.971714735031128,,180.42617797851562,0.6445850133895874,771.0673217773438
2000-03-17,79.9609146118164,2.476771116256714,452.5730895996094,3.8092329502105713,,180.42617797851562,0.6386709213256836,760.3577880859375
2000-03-20,79.9609146118164,2.5345380306243896,448.83306884765625,3.971714735031128,,180.42617797851562,0.6209300756454468,755.0032348632812
2000-03-21,79.4654769897461,2.4912116527557373,445.09283447265625,4.007821083068848,,180.42617797851562,0.6150166988372803,749.6488647460938
2000-03-22,79.4654769897461,2.5128748416900635,441.3523864746094,3.646754741668701,,180.43202209472656,0.6120597720146179,757.680419921875
2000-03-23,79.26730346679688,2.4839913845062256,437.6121520996094,3.971714735031128,,183.33628845214844,0.5943188667297363,763.0352172851562
2000-03-24,79.26730346679688,2.4912116527557373,445.09283447265625,3.9175524711608887,,183.9182891845703,0.6150166988372803,768.3898315429688
2000-03-27,79.26730346679688,2.4695498943328857,445.09283447265625,3.8995003700256348,,183.9182891845703,0.6238869428634644,768.3898315429688
2000-03-28,79.26730346679688,2.4912116527557373,448.83306884765625,3.953660011291504,,186.24639892578125,0.6031892895698547,749.6488647460938
2000-03-29,79.26730346679688,2.5273170471191406,448.83306884765625,3.574542284011841,,186.24639892578125,0.6002325415611267,744.2943115234375
2000-03-30,78.97005462646484,2.5562002658843994,437.6121520996094,3.520383358001709,,186.24639892578125,0.6002325415611267,744.2943115234375
2000-03-31,78.07830047607422,2.5128748416900635,437.6121520996094,3.4842753410339355,,192.0665740966797,0.6150166988372803,744.2943115234375
2000-04-03,78.07830047607422,2.621189594268799,445.09283447265625,3.5023272037506104,,192.0665740966797,0.5972757339477539,706.8117065429688
2000-04-04,77.78104400634766,2.6500720977783203,430.13165283203125,3.466222047805786,,192.0665740966797,0.6031892895698547,722.8755493164062
2000-04-05,77.78104400634766,2.621189594268799,411.4302062988281,3.5384342670440674,,186.24639892578125,0.6031892895698547,749.6488647460938
2000-04-06,77.68194580078125,2.642850637435913,392.7289733886719,3.520383358001709,,186.24639892578125,0.5972757339477539,771.0673217773438
2000-04-07,78.27647399902344,2.5995261669158936,411.4302062988281,3.1593170166015625,,186.24639892578125,0.609103262424469,776.4215698242188
2000-04-10,78.77188110351562,2.4984333515167236,400.2095031738281,3.339848756790161,,186.24639892578125,0.5913622975349426,765.7127075195312
2000-04-11,79.26730346679688,2.4406659603118896,430.13165283203125,3.087106227874756,,186.24639892578125,0.5765779614448547,754.9498901367188
2000-04-12,79.9609146118164,2.5056545734405518,400.2095031738281,3.2134780883789062,,183.33628845214844,0.5736209750175476,738.9393920898438
2000-04-13,80.65447998046875,2.4262242317199707,403.9495544433594,3.2856922149658203,,183.33628845214844,0.5736209750175476,722.8755493164062
2000-04-14,80.65447998046875,2.368457794189453,411.4302062988281,3.1593170166015625,,183.33628845214844,0.5795348882675171,714.8434448242188
2000-04-17,81.14989471435547,2.368457794189453,405.81988525390625,3.050996780395508,,174.60595703125,0.5854483842849731,712.1663208007812
2000-04-18,80.95172119140625,2.4117820262908936,405.81988525390625,2.888518810272217,,174.60595703125,0.5736209750175476,696.102294921875
2000-04-19,80.95172119140625,2.4551079273223877,392.7289733886719,2.996837854385376,,174.60595703125,0.5617940425872803,696.102294921875
2000-04-20,80.95172119140625,2.4262242317199707,411.4302062988281,2.888518810272217,,174.60595703125,0.5588369965553284,706.8117065429688
2000-04-21,80.95172119140625,,411.4302062988281,,,174.60595703125,,706.8117065429688
2000-04-24,80.95172119140625,2.4262242317199707,400.2095031738281,2.888518810272217,,171.6959228515625,0.5588369965553284,706.8117065429688
2000-04-25,80.25812530517578,2.5273170471191406,411.4302062988281,2.906572103500366,,171.6959228515625,0.5913622975349426,696.102294921875
2000-04-26,80.25812530517578,2.5273170471191406,418.91070556640625,2.8343589305877686,,171.6959228515625,0.5824915170669556,696.102294921875
2000-04-27,79.26730346679688,2.5634214878082275,411.4302062988281,2.888518810272217,,171.6959228515625,0.5854483842849731,701.4570922851562
2000-04-28,79.06912994384766,2.4478867053985596,407.68988037109375,2.780198574066162,,171.6959228515625,0.5943188667297363,690.7476806640625
2000-05-01,79.06912994384766,2.476771116256714,407.68988037109375,2.8704662322998047,,171.6959228515625,0.6002325415611267,690.7476806640625
2000-05-02,78.77188110351562,2.6572930812835693,407.68988037109375,3.087106227874756,,172.8599395751953,0.6150166988372803,690.7476806640625
2000-05-03,78.27647399902344,2.4695498943328857,402.8276672363281,3.014892101287842,,172.8599395751953,0.609103262424469,688.7684936523438
2000-05-04,77.28559112548828,2.4551079273223877,401.3314514160156,3.574542284011841,,172.8599395751953,0.5854483842849731,694.3232421875
2000-05-05,77.28559112548828,2.4839913845062256,401.3314514160156,3.3037431240081787,,174.60595703125,0.5943188667297363,697.1006469726562
2000-05-08,75.90962219238281,2.4478867053985596,399.83544921875,3.2495834827423096,,174.60595703125,0.5943188667297363,680.4366455078125
2000-05-09,75.11683654785156,2.332353115081787,396.4691162109375,3.1954238414764404,,174.60595703125,0.588405430316925,680.4366455078125
2000-05-10,74.5222396850586,2.245701313018799,396.4691162109375,3.1412642002105713,,174.60595703125,0.609103262424469,674.882080078125
2000-05-11,74.5222396850586,2.2818052768707275,396.4691162109375,2.996837854385376,,174.60595703125,0.5972757339477539,677.6595458984375
2000-05-12,73.33305358886719,2.2818052768707275,415.17041015625,3.069051504135132,,180.42617797851562,0.588405430316925,705.4321899414062
2000-05-15,71.94568634033203,2.3179104328155518,427.1392822265625,3.1412642002105713,,180.42617797851562,0.588405430316925,727.6508178710938
2000-05-16,71.94568634033203,2.3973405361175537,427.1392822265625,3.3217952251434326,,183.33628845214844,0.5972757339477539,722.0960693359375
2000-05-17,71.94568634033203,2.332353115081787,426.3911437988281,3.2676353454589844,,192.0665740966797,0.5913622975349426,739.3150634765625
2000-05-18,71.94568634033203,2.3179104328155518,426.3911437988281,3.177370548248291,,192.0665740966797,0.609103262424469,710.9869995117188
2000-05-19,69.86461639404297,2.296247720718384,415.17041015625,3.069051504135132,,189.156494140625,0.5913622975349426,694.3232421875
2000-05-22,68.97270965576172,2.2529220581054688,392.7289733886719,2.9426777362823486,,189.156494140625,0.5913622975349426,674.882080078125
2000-05-23,68.67543029785156,2.260143280029297,392.7289733886719,2.906572103500366,,189.156494140625,0.5795348882675171,656.8297119140625
2000-05-24,67.38713073730469,2.325131416320801,418.91070556640625,2.8704662322998047,,192.0665740966797,0.5670650005340576,644.3319091796875
2000-05-25,67.38713073730469,2.267364740371704,396.4691162109375,2.8524115085601807,,192.0665740966797,0.558158278465271,633.2230224609375
2000-05-26,67.38713073730469,2.3179104328155518,411.4302062988281,2.7440924644470215,,192.0665740966797,0.5522205829620361,638.7775268554688
2000-05-29,67.38713073730469,,411.4302062988281,,,192.0665740966797,,638.8328857421875
2000-05-30,66.89166259765625,2.368457794189453,411.4302062988281,2.7621452808380127,,192.0840301513672,0.5670650005340576,658.2183227539062
2000-05-31,66.09886169433594,2.339573383331299,403.9495544433594,2.65382719039917,,192.0840301513672,0.59378582239151,660.995849609375
2000-06-01,65.80155944824219,2.3901195526123047,418.91070556640625,2.5996670722961426,,192.1829833984375,0.5789408683776855,672.1046752929688
2000-06-02,64.90968322753906,2.4334449768066406,426.3911437988281,2.707986354827881,,192.0665740966797,0.5819099545478821,666.55029296875
2000-06-05,64.51325988769531,2.4478867053985596,418.91070556640625,2.7440924644470215,,192.0665740966797,0.5670650005340576,672.1046752929688
2000-06-06,64.51325988769531,2.416661500930786,418.91070556640625,2.707986354827881,,192.0665740966797,0.5551896691322327,672.1046752929688
2000-06-07,64.51325988769531,2.4825692176818848,396.4691162109375,2.65382719039917,,189.7734375,0.5373761653900146,652.6637573242188
2000-06-08,64.11690521240234,2.431307315826416,396.4691162109375,2.617720603942871,,189.7734375,0.5344071388244629,652.6637573242188
2000-06-09,63.819580078125,2.343428611755371,405.81988525390625,2.5635595321655273,,192.0665740966797,0.5284690856933594,652.6637573242188
2000-06-12,63.621402740478516,2.416661500930786,403.9495544433594,2.545506715774536,,192.0665740966797,0.5373761653900146,638.22216796875
2000-06-13,62.43220901489258,2.438631534576416,400.2095031738281,2.581613779067993,,192.0665740966797,0.5225310921669006,638.7775268554688
2000-06-14,62.43220901489258,2.585094690322876,403.9495544433594,2.707986354827881,,192.0665740966797,0.5255001187324524,633.2230224609375
2000-06-15,62.43220901489258,2.6217105388641357,400.2095031738281,2.707986354827881,,192.0665740966797,0.5433139204978943,627.6683959960938
2000-06-16,62.33311080932617,2.658327341079712,400.2095031738281,2.798253059387207,,192.0665740966797,0.5522205829620361,627.6683959960938
2000-06-19,62.43220901489258,2.5558018684387207,400.2095031738281,2.798253059387207,,192.0665740966797,0.5492515563964844,627.6683959960938
2000-06-20,62.7295036315918,2.6217105388641357,400.2095031738281,2.617720603942871,,194.9766845703125,0.5492515563964844,622.1135864257812
2000-06-21,67.88262939453125,2.68761944770813,396.4691162109375,2.7260396480560303,,194.9766845703125,0.546282947063446,638.7775268554688
2000-06-22,68.87360382080078,2.68761944770813,396.4691162109375,2.780198574066162,,194.9766845703125,0.546282947063446,633.2230224609375
2000-06-23,68.97270965576172,2.6436808109283447,400.2095031738281,2.798253059387207,,197.88681030273438,0.546282947063446,627.6683959960938
2000-06-26,69.3691177368164,2.7242355346679688,400.2095031738281,2.780198574066162,,197.88681030273438,0.546282947063446,627.6683959960938
2000-06-27,69.3691177368164,2.768174648284912,392.7289733886719,2.780198574066162,,197.88681030273438,0.546282947063446,633.2230224609375
2000-06-28,69.3691177368164,2.7828214168548584,396.4691162109375,2.6944453716278076,,197.88681030273438,0.5670650005340576,637.6663818359375
2000-06-29,69.3691177368164,2.6949424743652344,396.4691162109375,2.5996670722961426,,197.88681030273438,0.5611273050308228,655.4408569335938
2000-06-30,70.06277465820312,2.7828214168548584,400.2095031738281,2.6718802452087402,,197.88681030273438,0.5789408683776855,666.55029296875
2000-07-03,72.54026794433594,2.738882541656494,392.7289733886719,2.816304922103882,,197.88681030273438,0.59378582239151,677.6595458984375
2000-07-04,74.5222396850586,,396.4691162109375,,,197.88681030273438,,680.4366455078125
2000-07-05,74.32403564453125,2.570448637008667,396.4691162109375,2.6899335384368896,,197.88681030273438,0.558158278465271,699.8780517578125
2000-07-06,74.5222396850586,2.6436808109283447,392.7289733886719,2.707986354827881,,197.88681030273438,0.5700342655181885,705.4321899414062
2000-07-07,74.5222396850586,2.5997414588928223,396.4691162109375,2.617720603942871,,197.88681030273438,0.5640964508056641,719.3187866210938
2000-07-10,75.31505584716797,2.658327341079712,392.7289733886719,2.6899335384368896,,197.88681030273438,0.59378582239151,727.3674926757812
2000-07-11,75.31505584716797,2.6949424743652344,392.7289733886719,2.707986354827881,,197.88681030273438,0.5819099545478821,738.7600708007812
2000-07-12,75.81051635742188,2.738882541656494,388.9884948730469,2.635773181915283,,197.88681030273438,0.5819099545478821,735.4269409179688
2000-07-13,75.81051635742188,2.6436808109283447,388.9884948730469,2.5635595321655273,,197.88681030273438,0.558158278465271,716.5415649414062
2000-07-14,76.00874328613281,2.658327341079712,385.2484130859375,2.5094003677368164,,197.88681030273438,0.5640964508056641,714.8751831054688
2000-07-17,76.40509796142578,2.5924179553985596,385.2484130859375,2.5003738403320312,,203.70701599121094,0.5730032920837402,714.3196411132812
2000-07-18,76.40509796142578,2.5265085697174072,385.2484130859375,2.491347551345825,,203.70701599121094,0.5611273050308228,710.9869995117188
2000-07-19,76.40509796142578,2.4825692176818848,381.50811767578125,2.40108060836792,,203.70701599121094,0.5611273050308228,706.5431518554688
2000-07-20,76.40509796142578,2.5924179553985596,381.50811767578125,2.4371888637542725,,204.28903198242188,0.5611273050308228,688.213134765625
2000-07-21,78.28800964355469,2.585094690322876,381.50811767578125,2.40108060836792,,204.34725952148438,0.5640964508056641,680.992431640625
2000-07-24,77.99068450927734,2.6143879890441895,381.50811767578125,2.3649747371673584,,206.03504943847656,0.5522205829620361,638.7775268554688
2000-07-25,76.30604553222656,2.5924179553985596,381.50811767578125,2.40108060836792,,212.43727111816406,0.5640964508056641,644.3319091796875
2000-07-26,76.30604553222656,2.6949424743652344,385.2484130859375,2.3830277919769287,,215.34739685058594,0.5670650005340576,649.886474609375
2000-07-27,76.7024154663086,2.5118629932403564,385.2484130859375,2.3830277919769287,,215.34739685058594,0.5611273050308228,638.7775268554688
2000-07-28,76.60331726074219,2.4752461910247803,388.9884948730469,2.545506715774536,,215.93528747558594,0.5522205829620361,633.2230224609375
2000-07-31,76.60331726074219,2.4679229259490967,388.9884948730469,2.5996670722961426,,215.93528747558594,0.5611273050308228,616.5590209960938
2000-08-01,76.60331726074219,2.4679229259490967,388.9884948730469,2.5996670722961426,,232.8662567138672,0.5551896691322327,666.55029296875
2000-08-02,76.50424194335938,2.4679229259490967,388.9884948730469,2.617720603942871,,238.62820434570312,0.5551896691322327,672.1046752929688
2000-08-03,76.50424194335938,2.438631534576416,381.50811767578125,2.527453899383545,,247.35850524902344,0.5373761653900146,677.6595458984375
2000-08-04,76.99971771240234,2.4679229259490967,381.50811767578125,2.545506715774536,,267.7292175292969,0.546282947063446,677.6595458984375
2000-08-07,76.99971771240234,2.563124895095825,381.50811767578125,2.5094003677368164,,267.7292175292969,0.5433139204978943,688.7684936523438
2000-08-08,77.89163208007812,2.5558018684387207,381.50811767578125,2.527453899383545,,267.7292175292969,0.5492515563964844,699.8780517578125
2000-08-09,77.79249572753906,2.5118629932403564,381.50811767578125,2.5094003677368164,,267.7292175292969,0.558158278465271,699.8780517578125
2000-08-10,78.28800964355469,2.570448637008667,382.256103515625,2.45524001121521,,267.7292175292969,0.5373761653900146,738.7600708007812
2000-08-11,78.98168182373047,2.6070640087127686,385.2484130859375,2.545506715774536,,244.44839477539062,0.5609349608421326,742.9259033203125
2000-08-14,80.46815490722656,2.680295944213867,388.9884948730469,2.617720603942871,,244.44839477539062,0.5997231602668762,738.7600708007812
2000-08-15,82.64835357666016,2.6070640087127686,388.9884948730469,2.635773181915283,,244.44839477539062,0.5967397093772888,738.7600708007812
2000-08-16,83.44114685058594,2.68761944770813,388.9884948730469,2.6718802452087402,,244.44839477539062,0.5967397093772888,699.8780517578125
2000-08-17,83.44114685058594,2.6949424743652344,388.95123291015625,2.617720603942871,,238.62820434570312,0.5997231602668762,719.3187866210938
2000-08-18,83.44114685058594,2.6217105388641357,385.2484130859375,2.545506715774536,,238.62820434570312,0.6086743474006653,722.0960693359375
2000-08-21,83.54025268554688,2.636357069015503,381.50811767578125,2.5094003677368164,,238.62820434570312,0.6206093430519104,738.7600708007812
2000-08-22,83.73843383789062,2.6143879890441895,381.50811767578125,2.527453899383545,,238.62820434570312,0.6355276107788086,744.314697265625
2000-08-23,85.22493743896484,2.5997414588928223,374.0273742675781,2.5635595321655273,,238.62820434570312,0.659397542476654,730.42822265625
2000-08-24,86.21591186523438,2.6656506061553955,379.637939453125,2.707986354827881,,238.62820434570312,0.68923419713974,722.0960693359375
2000-08-25,86.21591186523438,2.6949424743652344,374.0273742675781,2.707986354827881,,238.62820434570312,0.68028324842453,722.0960693359375
2000-08-28,86.21591186523438,2.5924179553985596,374.0273742675781,2.617720603942871,,232.80801391601562,0.6772995591163635,715.986328125
2000-08-29,87.20687866210938,2.65100359916687,377.7677307128906,2.5635595321655273,,232.80801391601562,0.6653649210929871,719.3187866210938
2000-08-30,87.20687866210938,2.6217105388641357,381.50811767578125,2.5635595321655273,,232.80801391601562,0.6683486104011536,722.0960693359375
2000-08-31,88.49514770507812,2.5777719020843506,374.0273742675781,2.838872194290161,,238.62820434570312,0.6653649210929871,722.0960693359375
2000-09-01,92.9546127319336,2.563124895095825,381.50811767578125,2.798253059387207,,244.56484985351562,0.6683486104011536,738.7600708007812
2000-09-04,93.15281677246094,,381.50811767578125,,,244.56484985351562,,738.7600708007812
2000-09-05,97.61226654052734,2.5997414588928223,379.637939453125,2.816304922103882,,261.3269958496094,0.6832668781280518,727.6508178710938
2000-09-06,96.62124633789062,2.585094690322876,374.0273742675781,2.8704662322998047,,273.5494384765625,0.7011691331863403,716.5415649414062
2000-09-07,94.44110107421875,2.5997414588928223,370.2873840332031,2.780198574066162,,273.5494384765625,0.7160875201225281,719.3187866210938
2000-09-08,93.6483154296875,2.6217105388641357,366.54681396484375,2.8524115085601807,,273.5494384765625,0.7041528224945068,710.9869995117188
2000-09-11,93.25833892822266,2.6656506061553955,359.06634521484375,2.888518810272217,,273.4912109375,0.6981850862503052,705.4321899414062
2000-09-12,92.26725006103516,2.6949424743652344,353.45587158203125,2.9426777362823486,,270.6392822265625,0.7160875201225281,694.3232421875
2000-09-13,92.26725006103516,2.7608518600463867,347.8456115722656,3.032945394515991,,276.7504577636719,0.7578591704368591,705.4321899414062
2000-09-14,92.96100616455078,2.731560230255127,344.1051940917969,2.888518810272217,,278.78759765625,0.7429406046867371,694.3232421875
2000-09-15,94.94316101074219,2.6436808109283447,347.8456115722656,2.8704662322998047,,277.92041015625,0.6922180652618408,708.2097778320312
2000-09-18,97.12345123291016,2.6290345191955566,347.8456115722656,2.7440924644470215,,277.92041015625,0.6534299850463867,708.2097778320312
2000-09-19,98.21361541748047,2.65100359916687,347.8456115722656,2.635773181915283,,277.92041015625,0.7101201415061951,708.2097778320312
2000-09-20,98.80823516845703,2.658327341079712,344.1800842285156,2.5094003677368164,,279.36962890625,0.6772995591163635,688.7684936523438
2000-09-21,96.23149108886719,2.68761944770813,344.1051940917969,2.581613779067993,,279.36962890625,0.68028324842453,672.1046752929688
2000-09-22,94.84398651123047,2.5924179553985596,336.6246643066406,2.5996670722961426,,279.36962890625,0.7041528224945068,677.6595458984375
2000-09-25,94.84398651123047,2.519186019897461,331.0142822265625,2.581613779067993,,279.36962890625,0.7101201415061951,652.6637573242188
2000-09-26,94.64580535888672,2.519186019897461,325.4040222167969,2.5094003677368164,,279.36962890625,0.6952016949653625,663.7728881835938
2000-09-27,94.54671478271484,2.563124895095825,323.5301208496094,2.5996670722961426,,279.36962890625,0.7041528224945068,644.3319091796875
2000-09-28,93.95206451416016,2.4606001377105713,321.6636047363281,2.527453899383545,,267.43817138671875,0.6981850862503052,655.4408569335938
2000-09-29,93.95206451416016,2.402014970779419,321.6636047363281,2.545506715774536,,267.43817138671875,0.7399572134017944,649.886474609375
2000-10-02,93.95206451416016,2.4825692176818848,317.92340087890625,2.581613779067993,,261.90899658203125,0.7160875201225281,633.2230224609375
2000-10-03,93.95206451416016,2.4752461910247803,306.7025146484375,2.581613779067993,,256.0887451171875,0.6981850862503052,649.886474609375
2000-10-04,93.65475463867188,2.519186019897461,295.4817810058594,2.581613779067993,,250.26853942871094,0.6952016949653625,616.5590209960938
2000-10-05,92.56459045410156,2.431307315826416,295.4817810058594,2.527453899383545,,250.26853942871094,0.6981850862503052,616.5590209960938
2000-10-06,89.98784637451172,2.36539888381958,299.2219543457031,2.45524001121521,,244.44839477539062,0.6922180652618408,622.1135864257812
2000-10-09,89.59143829345703,2.416661500930786,299.2219543457031,2.545506715774536,,244.44839477539062,0.6713318824768066,622.1135864257812
2000-10-10,88.60035705566406,2.4606001377105713,302.96234130859375,2.4732937812805176,,244.44839477539062,0.6862508654594421,616.5590209960938
2000-10-11,85.23079681396484,2.445953369140625,299.2219543457031,2.45524001121521,,241.56736755371094,0.6862508654594421,611.0045166015625
2000-10-12,84.23970794677734,2.445953369140625,291.7415466308594,2.5094003677368164,,241.56736755371094,0.6713318824768066,599.8951416015625
2000-10-13,83.84329223632812,2.3873677253723145,288.0011291503906,2.45524001121521,,241.5382843017578,0.7011691331863403,627.6683959960938
2000-10-16,82.75314331054688,2.299489736557007,291.7415466308594,2.3288683891296387,,241.5382843017578,0.6623809933662415,619.3362426757812
2000-10-17,82.5549545288086,2.270195960998535,288.0011291503906,2.292762041091919,,241.48001098632812,0.6623809933662415,622.1135864257812
2000-10-18,83.5459976196289,2.226257085800171,284.26092529296875,2.3288683891296387,,235.71812438964844,0.6713318824768066,594.3406982421875
2000-10-19,83.5459976196289,2.218933582305908,288.0011291503906,2.3288683891296387,,235.71812438964844,0.6564134955406189,602.6727294921875
2000-10-20,83.05046844482422,2.328782081604004,291.7415466308594,2.310814142227173,,235.71812438964844,0.6623809933662415,599.8951416015625
2000-10-23,81.06835174560547,2.277519702911377,291.7415466308594,2.256655216217041,,235.71812438964844,0.6474626064300537,599.8951416015625
2000-10-24,80.67194366455078,2.366896152496338,291.7415466308594,2.256655216217041,,235.71812438964844,0.6623809933662415,599.8951416015625
2000-10-25,80.27550506591797,2.2775793075561523,288.0011291503906,2.2386021614074707,,235.71812438964844,0.6534299850463867,616.5590209960938
2000-10-26,80.27550506591797,2.307351589202881,291.7415466308594,2.2386021614074707,,235.71812438964844,0.6623809933662415,591.5636596679688
2000-10-27,80.27550506591797,2.292465925216675,295.4817810058594,2.2386021614074707,,235.71812438964844,0.6534299850463867,588.7863159179688
2000-10-30,80.27550506591797,2.292465925216675,302.96234130859375,2.3288683891296387,,235.71812438964844,0.6564134955406189,588.7863159179688
2000-10-31,80.47369384765625,2.359452724456787,317.92340087890625,2.292762041091919,,244.44839477539062,0.6653649210929871,594.3406982421875
2000-11-01,81.56385040283203,2.381782054901123,317.92340087890625,2.166389226913452,,244.44839477539062,0.6504464149475098,594.3406982421875
2000-11-02,84.63611602783203,2.3743398189544678,327.2739562988281,2.2024953365325928,,241.5382843017578,0.6444787979125977,611.0045166015625
2000-11-03,84.93345642089844,2.389225482940674,329.1441650390625,2.166389226913452,,241.5382843017578,0.6564134955406189,644.3319091796875
2000-11-06,84.93345642089844,2.404111623764038,329.1441650390625,2.148336410522461,,241.5382843017578,0.6444787979125977,655.4408569335938
2000-11-07,85.13166809082031,2.411555290222168,329.1441650390625,2.148336410522461,,241.5382843017578,0.6444787979125977,638.7775268554688
2000-11-08,85.23079681396484,2.381782054901123,327.2739562988281,2.2024953365325928,,241.5382843017578,0.6355276107788086,622.1135864257812
2000-11-09,85.23079681396484,2.344567060470581,327.2739562988281,2.166389226913452,,241.5382843017578,0.6414952278137207,622.1135864257812
2000-11-10,84.04149627685547,2.322237253189087,327.2739562988281,2.1122288703918457,,241.5382843017578,0.6325439810752869,616.5590209960938
2000-11-13,82.25760650634766,2.366896152496338,325.4040222167969,2.0580694675445557,,241.5382843017578,0.6056906580924988,599.8951416015625
2000-11-14,81.46472930908203,2.3379359245300293,325.4040222167969,2.040015459060669,,241.5382843017578,0.5937561392784119,599.8951416015625
2000-11-15,81.06835174560547,2.3303942680358887,325.4040222167969,2.0580694675445557,,241.5382843017578,0.5997231602668762,599.8951416015625
2000-11-16,80.27550506591797,2.3379359245300293,325.0298156738281,2.003910541534424,,241.5382843017578,0.6027069687843323,594.3406982421875
2000-11-17,80.27550506591797,2.3077690601348877,325.4040222167969,1.9497501850128174,,238.62820434570312,0.6086743474006653,596.0071411132812
2000-11-20,79.68087005615234,2.3303942680358887,321.6636047363281,2.040015459060669,,241.5382843017578,0.6086743474006653,583.2315063476562
2000-11-21,78.29339599609375,2.360560894012451,325.4040222167969,2.040015459060669,,241.5382843017578,0.5997231602668762,594.3406982421875
2000-11-22,77.69874572753906,2.360560894012451,319.7933654785156,2.0941762924194336,,238.62820434570312,0.5937561392784119,572.1224365234375
2000-11-23,77.10411071777344,,316.05316162109375,,,238.62820434570312,,577.6768798828125
2000-11-24,77.10411071777344,2.39072847366333,316.05316162109375,2.130281925201416,,238.62820434570312,0.6116582751274109,588.7863159179688
2000-11-27,77.00501251220703,2.541563034057617,314.1830749511719,2.2024953365325928,,238.62820434570312,0.5997231602668762,588.2307739257812
2000-11-28,77.00501251220703,2.428436279296875,313.43505859375,2.2386021614074707,,238.6340789794922,0.5907722115516663,583.2315063476562
2000-11-29,76.70769500732422,2.4435207843780518,313.43505859375,2.256655216217041,,238.6340789794922,0.5967397093772888,583.2315063476562
2000-11-30,76.50950622558594,2.435978889465332,313.43505859375,2.3288683891296387,,238.62820434570312,0.5991119146347046,586.0087890625
2000-12-01,76.11309814453125,2.4661457538604736,314.1830749511719,2.4191343784332275,,238.62820434570312,0.5960859060287476,586.0087890625
2000-12-04,76.80680847167969,2.541563034057617,314.1830749511719,2.5996670722961426,,244.44839477539062,0.6021376848220825,577.6768798828125
2000-12-05,77.50052642822266,2.5717291831970215,314.1830749511719,2.527453899383545,,250.26853942871094,0.6202927827835083,588.7863159179688
2000-12-06,79.28445434570312,2.5717291831970215,317.92340087890625,2.545506715774536,,250.26853942871094,0.5930601358413696,597.1182250976562
2000-12-07,81.66297149658203,2.58681321144104,321.6636047363281,2.5635595321655273,,250.26853942871094,0.5930601358413696,597.1182250976562
2000-12-08,82.65403747558594,2.5641884803771973,321.6636047363281,2.545506715774536,,250.26853942871094,0.60516357421875,597.1182250976562
2000-12-11,84.23970794677734,2.5566461086273193,322.03759765625,2.40108060836792,,250.26853942871094,0.617266833782196,587.1198120117188
2000-12-12,86.81649017333984,2.5641884803771973,322.03759765625,2.3830277919769287,,250.26853942871094,0.6112150549888611,587.1198120117188
2000-12-13,87.21287536621094,2.518937587738037,323.5337219238281,2.274707794189453,,260.74493408203125,0.60516357421875,586.0087890625
2000-12-14,87.41109466552734,2.5264792442321777,323.5337219238281,2.3469223976135254,,254.6337890625,0.5991119146347046,611.0045166015625
2000-12-15,87.60931396484375,2.518937587738037,323.5337219238281,2.310814142227173,,253.17864990234375,0.60516357421875,644.3319091796875
2000-12-18,88.99679565429688,2.496312379837036,332.8844299316406,2.3830277919769287,,253.17864990234375,0.6202927827835083,644.3319091796875
2000-12-19,89.4923095703125,2.518937587738037,325.4040222167969,2.3469223976135254,,253.17864990234375,0.60516357421875,633.2230224609375
2000-12-20,88.69947052001953,2.503854513168335,323.5337219238281,2.40108060836792,,253.17864990234375,0.60516357421875,658.2183227539062
2000-12-21,87.70840454101562,2.518937587738037,321.6561584472656,2.545506715774536,,256.0887451171875,0.6081891655921936,627.6683959960938
2000-12-22,87.70840454101562,2.518937587738037,321.6636047363281,2.5635595321655273,,256.0887451171875,0.6263440251350403,627.6128540039062
2000-12-25,87.70840454101562,,321.6636047363281,,,256.0887451171875,,627.6128540039062
2000-12-26,87.70840454101562,2.5113961696624756,317.92340087890625,2.581613779067993,,256.0887451171875,0.6142408847808838,627.6683959960938
2000-12-27,88.20393371582031,2.5491044521331787,317.92340087890625,2.527453899383545,,256.0887451171875,0.60516357421875,624.8910522460938
2000-12-28,88.20393371582031,2.518937587738037,317.92340087890625,2.635773181915283,,256.0887451171875,0.5991119146347046,641.5547485351562
2000-12-29,87.70840454101562,2.53402042388916,317.5494079589844,2.4732937812805176,,256.6708068847656,0.6233184933662415,649.886474609375
2001-01-01,87.70840454101562,,317.5494079589844,,,256.6708068847656,,649.886474609375
2001-01-02,88.00574493408203,2.518937587738037,332.5103454589844,2.40108060836792,,257.2528381347656,0.617266833782196,638.7775268554688
2001-01-03,87.90663146972656,2.5641884803771973,318.2973937988281,2.545506715774536,,257.2528381347656,0.6444989442825317,644.3319091796875
2001-01-04,87.90663146972656,2.677314281463623,318.2973937988281,2.40108060836792,,257.2528381347656,0.6414732933044434,672.1046752929688
2001-01-05,88.00574493408203,2.6697731018066406,329.1441650390625,2.40108060836792,,257.2528381347656,0.6293700337409973,688.7684936523438
2001-01-08,87.11380004882812,2.6923978328704834,336.6246643066406,2.5094003677368164,,257.3110656738281,0.6323959827423096,688.7684936523438
2001-01-09,86.5191650390625,2.654689311981201,333.2584228515625,2.491347551345825,,264.819091796875,0.6444989442825317,697.1006469726562
2001-01-10,86.32090759277344,2.5943551063537598,345.975341796875,2.527453899383545,,265.6920471191406,0.6505506634712219,697.1006469726562
2001-01-11,86.32090759277344,2.6169795989990234,347.9203796386719,2.545506715774536,,267.7292175292969,0.6323959827423096,711.0980834960938
2001-01-12,85.825439453125,2.5792713165283203,351.5858459472656,2.581613779067993,,270.6392822265625,0.6354216933250427,710.9869995117188
2001-01-15,85.52808380126953,,351.5483093261719,,,270.6392822265625,,722.0960693359375
2001-01-16,85.32986450195312,2.5491044521331787,349.7156677246094,2.5996670722961426,,270.6392822265625,0.6535765528678894,710.9869995117188
2001-01-17,85.13166809082031,2.451061248779297,351.5858459472656,2.617720603942871,,270.6392822265625,0.6354216933250427,716.5415649414062
2001-01-18,83.1495590209961,2.5113961696624756,351.5483093261719,3.069051504135132,,270.6392822265625,0.6354216933250427,738.7600708007812
2001-01-19,83.1495590209961,2.5264792442321777,349.7156677246094,3.1412642002105713,,270.6392822265625,0.6263440251350403,735.9827880859375
2001-01-22,83.1495590209961,2.496312379837036,336.6246643066406,3.43011736869812,,270.6392822265625,0.6475251317024231,744.314697265625
2001-01-23,83.1495590209961,2.481229305267334,340.3648986816406,3.43011736869812,,270.6392822265625,0.6414732933044434,742.648193359375
2001-01-24,83.1495590209961,2.4736874103546143,344.16510009765625,3.339848756790161,,270.6392822265625,0.6112150549888611,737.6491088867188
2001-01-25,83.1495590209961,2.413353443145752,344.1051940917969,3.3217952251434326,,270.6392822265625,0.617266833782196,739.870849609375
2001-01-26,83.1495590209961,2.413353443145752,344.1051940917969,3.2134780883789062,,270.6392822265625,0.6233184933662415,738.7600708007812
2001-01-29,83.05046844482422,2.4302468299865723,344.1051940917969,3.2409186363220215,,270.6392822265625,0.6429255604743958,727.6508178710938
2001-01-30,86.32090759277344,2.466447114944458,344.1051940917969,3.30446457862854,,269.4752197265625,0.6671320796012878,738.7600708007812
2001-01-31,86.42003631591797,2.506267786026001,344.8532409667969,3.3795669078826904,,270.6392822265625,0.6656798124313354,749.8690795898438
2001-02-01,91.47443389892578,2.6305553913116455,344.1051940917969,3.6222026348114014,,270.6392822265625,0.6608384847640991,749.9246826171875
2001-02-02,91.6726303100586,2.5364344120025635,344.1051940917969,3.691525936126709,,270.6392822265625,0.6690688133239746,738.7600708007812
2001-02-05,91.6726303100586,2.5798747539520264,344.1051940917969,3.7059683799743652,,270.6392822265625,0.6729418635368347,727.6508178710938
2001-02-06,91.6726303100586,2.5883219242095947,332.8844299316406,3.6539766788482666,,271.2212829589844,0.6826242208480835,719.3187866210938
2001-02-07,91.6726303100586,2.515921115875244,332.8844299316406,3.7001912593841553,,271.2212829589844,0.6840766668319702,705.4321899414062
2001-02-08,91.6726303100586,2.437486171722412,332.8807373046875,3.703080415725708,,271.2212829589844,0.6811716556549072,702.6552734375
2001-02-09,91.6726303100586,2.413353443145752,332.8807373046875,3.7233009338378906,,271.2212829589844,0.6956961750984192,702.6552734375
2001-02-12,92.16815948486328,2.445934772491455,332.8807373046875,3.6770846843719482,,273.5494384765625,0.7053784132003784,708.2097778320312
2001-02-13,92.16815948486328,2.432659864425659,332.8844299316406,3.630869150161743,,273.5494384765625,0.7261961102485657,716.5415649414062
2001-02-14,92.16815948486328,2.4954073429107666,331.0142822265625,3.5644311904907227,,273.5494384765625,0.7165135145187378,716.5415649414062
2001-02-15,92.16815948486328,2.419386386871338,331.0142822265625,3.6424221992492676,,273.5494384765625,0.7310375571250916,722.0960693359375
2001-02-16,92.16815948486328,2.5267813205718994,331.0142822265625,3.599094867706299,,273.5494384765625,0.7140930891036987,722.0960693359375
2001-02-19,92.16815948486328,,317.92340087890625,,,273.5494384765625,,722.0960693359375
2001-02-20,95.83505249023438,2.4435207843780518,329.1441650390625,3.4691107273101807,,273.5494384765625,0.7165135145187378,722.0960693359375
2001-02-21,97.3216552734375,2.461620807647705,329.1441650390625,3.54999041557312,,273.5494384765625,0.7261961102485657,713.7642211914062
2001-02-22,98.01538848876953,2.5328145027160645,325.4040222167969,3.8590619564056396,,270.6392822265625,0.7184499502182007,708.2097778320312
2001-02-23,98.6100082397461,2.517127513885498,321.6636047363281,3.798402786254883,,270.6392822265625,0.7140930891036987,710.9869995117188
2001-02-26,99.1055679321289,2.6293487548828125,325.4040222167969,4.069922924041748,,270.6392822265625,0.7213550209999084,716.5415649414062
2001-02-27,99.1055679321289,2.6426212787628174,319.7933654785156,4.043925762176514,,270.6392822265625,0.6898862719535828,719.3187866210938
2001-02-28,99.1055679321289,2.6486549377441406,319.7933654785156,4.058369159698486,,270.6392822265625,0.701989471912384,733.8165283203125
2001-03-01,95.43863677978516,2.6365885734558105,317.92340087890625,4.055478572845459,,273.5494384765625,0.6942436099052429,749.8690795898438
2001-03-02,95.43863677978516,2.649862051010132,306.7025146484375,4.055478572845459,,273.5494384765625,0.6787508726119995,772.087646484375
2001-03-05,94.64580535888672,2.7246761322021484,306.2911682128906,4.202793121337891,,276.4595031738281,0.6874658465385437,760.9783935546875
2001-03-06,102.47514343261719,2.6426212787628174,299.2219543457031,4.121915340423584,,276.4595031738281,0.6995691061019897,760.9783935546875
2001-03-07,104.358154296875,2.6341753005981445,306.7025146484375,4.116138935089111,,279.36962890625,0.7015053629875183,749.8690795898438
2001-03-08,106.43937683105469,2.5943551063537598,317.92340087890625,4.173908233642578,,282.2796936035156,0.701989471912384,738.7600708007812
2001-03-09,106.04293060302734,2.4917874336242676,321.6636047363281,4.145023822784424,,282.2796936035156,0.6874658465385437,730.42822265625
2001-03-12,102.87157440185547,2.521953821182251,316.05316162109375,3.9514927864074707,,282.2796936035156,0.6734259724617004,733.2054443359375
2001-03-13,99.1055679321289,2.5098862648010254,310.4427490234375,3.8012893199920654,,282.2796936035156,0.6874658465385437,735.9827880859375
2001-03-14,97.2225341796875,2.410940170288086,310.4427490234375,3.7001912593841553,,282.2796936035156,0.6871237754821777,735.9827880859375
2001-03-15,97.2225341796875,2.3976666927337646,317.92340087890625,3.682861328125,,282.2796936035156,0.6851674318313599,727.6508178710938
2001-03-16,97.2225341796875,2.4555864334106445,312.31292724609375,3.5962066650390625,,282.2796936035156,0.6846783757209778,722.0960693359375
2001-03-19,98.31269073486328,2.5352272987365723,310.4427490234375,3.6539766788482666,,282.2796936035156,0.6969045996665955,730.42822265625
2001-03-20,96.13236999511719,2.4362800121307373,308.5726318359375,3.65686297416687,,282.2796936035156,0.6895686984062195,727.6508178710938
2001-03-21,96.13236999511719,2.3952527046203613,310.4427490234375,3.65686297416687,,282.2796936035156,0.6881017088890076,724.8735961914062
2001-03-22,96.62789154052734,2.3469862937927246,310.4427490234375,3.5846524238586426,,282.2796936035156,0.6846783757209778,710.9869995117188
2001-03-23,97.3216552734375,2.3916337490081787,302.96234130859375,3.6193130016326904,,282.2796936035156,0.6841892600059509,710.9869995117188
2001-03-26,99.3037338256836,2.3952527046203613,299.2219543457031,3.6424221992492676,,282.2796936035156,0.6778316497802734,710.9869995117188
2001-03-27,99.70018005371094,2.4012866020202637,302.96234130859375,3.7579636573791504,,282.2796936035156,0.6841892600059509,710.9869995117188
2001-03-28,100.29480743408203,2.3554320335388184,302.2142639160156,3.5904297828674316,,282.2796936035156,0.6724518537521362,708.2097778320312
2001-03-29,100.29480743408203,2.350606679916382,299.2219543457031,3.6857502460479736,,282.2796936035156,0.6695173978805542,705.4321899414062
2001-03-30,100.09661865234375,2.32767915725708,299.2219543457031,3.7695152759552,,272.3853759765625,0.6748973727226257,708.2097778320312
2001-04-02,95.93416595458984,2.320439100265503,299.2219543457031,3.6684184074401855,,272.3853759765625,0.6700068116188049,710.9869995117188
2001-04-03,96.13236999511719,2.3397457599639893,299.2219543457031,3.607760429382324,,272.3853759765625,0.665116012096405,713.7642211914062
2001-04-04,96.52881622314453,2.3469862937927246,295.4817810058594,3.896611213684082,,272.3853759765625,0.6675611138343811,699.8780517578125
2001-04-05,96.52881622314453,2.407320022583008,295.4817810058594,3.925497055053711,,250.26853942871094,0.6797879934310913,710.9315185546875
2001-04-06,96.52881622314453,2.407320022583008,291.7415466308594,3.7897348403930664,,250.26853942871094,0.6675611138343811,708.2097778320312
2001-04-09,96.62789154052734,2.3530192375183105,295.4817810058594,3.9283859729766846,,241.5382843017578,0.6607145071029663,705.4321899414062
2001-04-10,96.72700500488281,2.4978201389312744,291.7415466308594,3.9572696685791016,,241.5382843017578,0.6675611138343811,702.6552734375
2001-04-11,96.33061981201172,2.571428060531616,291.7415466308594,3.9803783893585205,,241.5382843017578,0.6778316497802734,694.3232421875
2001-04-12,96.42974090576172,2.5991814136505127,291.7415466308594,4.029484272003174,,241.5382843017578,0.6724518537521362,708.2097778320312
2001-04-13,96.42974090576172,,291.7415466308594,,,241.5382843017578,,708.2097778320312
2001-04-16,96.42974090576172,2.5943551063537598,291.7415466308594,4.095918655395508,,241.5382843017578,0.6695173978805542,683.2139892578125
2001-04-17,96.23149108886719,2.5460879802703857,288.0011291503906,4.1103620529174805,,244.44839477539062,0.6700068116188049,683.7696533203125
2001-04-18,96.23149108886719,2.654689311981201,288.0011291503906,4.043925762176514,,244.44839477539062,0.6773425340652466,699.8780517578125
2001-04-19,94.34847259521484,2.6848549842834473,288.0011291503906,4.015041351318359,,244.45423889160156,0.6846783757209778,699.8780517578125
2001-04-20,94.84398651123047,2.751222610473633,291.7415466308594,4.0121541023254395,,244.45423889160156,0.6832113265991211,722.0960693359375
2001-04-23,95.33952331542969,2.6631364822387695,291.7415466308594,4.015041351318359,,244.45423889160156,0.6724518537521362,722.0960693359375
2001-04-24,95.53775024414062,2.7391562461853027,288.0086669921875,4.043925762176514,,244.45423889160156,0.6748973727226257,705.4321899414062
2001-04-25,95.14131927490234,2.6245217323303223,284.26092529296875,4.038149356842041,,241.5382843017578,0.6846783757209778,699.8780517578125
2001-04-26,95.33952331542969,2.5255749225616455,289.8714294433594,4.139247417449951,,244.44839477539062,0.6797879934310913,710.9869995117188
2001-04-27,96.13236999511719,2.5822877883911133,284.26092529296875,4.116138935089111,,244.44839477539062,0.6876125335693359,749.8690795898438
2001-04-30,101.78138732910156,2.6402087211608887,280.52056884765625,4.090143203735352,,244.44839477539062,0.6846783757209778,744.314697265625
2001-05-01,100.29480743408203,2.708989381790161,280.52056884765625,4.171019554138184,,244.44839477539062,0.6700068116188049,744.314697265625
2001-05-02,97.46409606933594,2.6764092445373535,280.52056884765625,4.159466743469238,,244.44839477539062,0.6895686984062195,744.314697265625
2001-05-03,97.46409606933594,2.654689311981201,284.26092529296875,4.043925762176514,,244.44839477539062,0.6969045996665955,766.532958984375
2001-05-04,97.95983123779297,2.7101945877075195,288.0011291503906,4.043925762176514,,245.32730102539062,0.7091310620307922,806.6119995117188
2001-05-07,97.95983123779297,2.7270891666412354,284.26092529296875,4.015041351318359,,245.32730102539062,0.6969045996665955,798.0914306640625
2001-05-08,96.4726333618164,2.6752028465270996,284.26092529296875,4.03525972366333,,245.61239624023438,0.6949484348297119,778.2102661132812
2001-05-09,96.77003479003906,2.7246761322021484,284.26092529296875,4.081477165222168,,245.61239624023438,0.6920139789581299,778.2102661132812
2001-05-10,96.86919403076172,2.7741496562957764,284.26092529296875,4.188352584838867,,245.6182861328125,0.6954375505447388,778.2102661132812
2001-05-11,96.77003479003906,2.769322633743286,291.7415466308594,4.153692245483398,,247.35850524902344,0.6846783757209778,792.4111328125
2001-05-14,97.3649673461914,2.769322633743286,299.2219543457031,4.188352584838867,,247.3643341064453,0.6841892600059509,781.90283203125
2001-05-15,99.64537048339844,2.7331225872039795,303.33624267578125,4.188352584838867,,247.9405059814453,0.690546989440918,766.8495483398438
2001-05-16,101.92584228515625,2.772941827774048,299.2219543457031,4.451206684112549,,247.9405059814453,0.6959266662597656,766.8495483398438
2001-05-17,101.82666015625,2.865856409072876,299.2219543457031,4.520530700683594,,253.17864990234375,0.6959266662597656,769.6895751953125
2001-05-18,103.1156005859375,2.9382576942443848,293.611572265625,4.679400444030762,,253.17864990234375,0.6969045996665955,783.8906860351562
2001-05-21,107.08161163330078,2.972045421600342,293.611572265625,4.904703140258789,,253.17864990234375,0.7091310620307922,783.8906860351562
2001-05-22,106.88333129882812,2.956357717514038,291.7415466308594,4.7545013427734375,,256.0887451171875,0.6915249824523926,778.2102661132812
2001-05-23,106.88333129882812,2.893610954284668,291.70404052734375,4.615850448608398,,256.0887451171875,0.6846783757209778,766.8495483398438
2001-05-24,106.7841567993164,2.859822988510132,291.7415466308594,4.638961315155029,,256.0887451171875,0.7037874460220337,761.1692504882812
2001-05-25,107.67650604248047,2.8405168056488037,299.2219543457031,4.670734882354736,,256.1761169433594,0.6934447288513184,766.8495483398438
2001-05-28,107.67650604248047,,301.092041015625,,,258.9988708496094,,761.1692504882812
2001-05-29,107.67650604248047,2.8091421127319336,325.4040222167969,4.615850448608398,,261.90899658203125,0.6870421767234802,755.4888305664062
2001-05-30,105.59436798095703,2.763289451599121,325.4040222167969,4.529197692871094,,261.90899658203125,0.6722670793533325,755.4888305664062
2001-05-31,103.1156005859375,2.7210564613342285,347.8456115722656,4.526310443878174,,264.8307189941406,0.6826099753379822,760.7716674804688
2001-06-01,102.61988067626953,2.7705299854278564,336.6246643066406,4.615850448608398,,265.1100769042969,0.6944296360015869,749.808349609375
2001-06-04,102.81817626953125,2.751222610473633,336.6246643066406,4.7053985595703125,,267.7408447265625,0.708219587802887,755.4888305664062
2001-06-05,100.33941650390625,2.8208277225494385,336.6246643066406,4.734281063079834,,273.5494384765625,0.7141299247741699,749.808349609375
2001-06-06,102.1241455078125,2.8281548023223877,336.6246643066406,4.514755725860596,,291.0099792480469,0.7170844674110413,755.4888305664062
2001-06-07,104.10712432861328,2.8208277225494385,332.323486328125,4.445430755615234,,291.0099792480469,0.7175772786140442,764.0094604492188
2001-06-08,103.31390380859375,2.864788293838501,329.1441650390625,4.607187271118164,,285.1898193359375,0.7101898193359375,761.1692504882812
2001-06-11,99.84370422363281,2.8403658866882324,329.1441650390625,4.422321796417236,,285.1898193359375,0.7096970677375793,761.1692504882812
2001-06-12,98.2573013305664,2.752443790435791,332.8844299316406,4.3818840980529785,,285.1898193359375,0.7141299247741699,761.1692504882812
2001-06-13,94.4896011352539,2.756107807159424,336.6246643066406,4.327000617980957,,276.4595031738281,0.7042798399925232,761.1692504882812
2001-06-14,94.4896011352539,2.7902989387512207,334.754638671875,4.2403459548950195,,276.4595031738281,0.7092046141624451,760.0332641601562
2001-06-15,94.39044952392578,2.7964048385620117,336.6246643066406,4.332778453826904,,276.4595031738281,0.7096970677375793,761.1692504882812
2001-06-18,93.99386596679688,2.759770154953003,329.1441650390625,4.324111461639404,,276.4595031738281,0.7047722935676575,732.7672729492188
2001-06-19,93.99386596679688,2.747558116912842,332.8844299316406,4.2345685958862305,,276.4595031738281,0.7072346210479736,738.4476928710938
2001-06-20,91.51512908935547,2.7353482246398926,329.1441650390625,4.043925762176514,,276.4595031738281,0.7018171548843384,727.0869750976562
2001-06-21,91.21766662597656,2.6620795726776123,327.2739562988281,3.9572696685791016,,273.5494384765625,0.6973847150802612,727.0869750976562
2001-06-22,90.721923828125,2.6608588695526123,327.2739562988281,3.7868499755859375,,273.5494384765625,0.6801466941833496,755.4888305664062
2001-06-25,90.721923828125,2.6266672611236572,323.5337219238281,3.7348546981811523,,273.5494384765625,0.6569995880126953,738.4476928710938
2001-06-26,90.52362060546875,2.674290895462036,325.4040222167969,3.691525936126709,,270.6392822265625,0.6589694619178772,727.0869750976562
2001-06-27,90.42445373535156,2.674290895462036,317.92340087890625,3.599094867706299,,270.6392822265625,0.6722670793533325,710.0458374023438
2001-06-28,90.42445373535156,2.674290895462036,316.05316162109375,3.5211033821105957,,270.6392822265625,0.6565068960189819,698.68505859375
2001-06-29,92.20916748046875,2.6559736728668213,310.4427490234375,3.191812515258789,,270.6392822265625,0.6082416772842407,710.0458374023438
2001-07-02,95.877685546875,2.771981716156006,310.4427490234375,3.0964908599853516,,270.6392822265625,0.6634017825126648,710.0458374023438
2001-07-03,97.3649673461914,2.818385124206543,295.4817810058594,3.0964908599853516,,270.6392822265625,0.6131665110588074,707.2056274414062
2001-07-04,98.15811157226562,,295.4817810058594,,,270.6392822265625,,707.2056274414062
2001-07-05,98.15811157226562,2.8037314414978027,299.2219543457031,3.0098366737365723,,264.819091796875,0.6107040643692017,693.0048828125
2001-07-06,94.68791198730469,2.6865015029907227,308.5726318359375,3.004060745239258,,264.819091796875,0.5959293246269226,690.16455078125
2001-07-09,92.70488739013672,2.747558116912842,310.4427490234375,3.0964908599853516,,264.819091796875,0.6205543279647827,687.267578125
2001-07-10,89.43296813964844,2.7011561393737793,314.1830749511719,3.3333497047424316,,264.819091796875,0.6057789921760559,678.803955078125
2001-07-11,89.43296813964844,2.719472646713257,306.7025146484375,3.434448719024658,,261.90899658203125,0.6052866578102112,675.9635620117188
2001-07-12,89.23468017578125,2.7170307636260986,299.2219543457031,3.4373369216918945,,256.0887451171875,0.6146438717842102,667.4430541992188
2001-07-13,89.23468017578125,2.723512887954712,299.2219543457031,3.434448719024658,,256.2052917480469,0.6175992488861084,670.2830810546875
2001-07-16,89.33382415771484,2.6755995750427246,299.2219543457031,3.373789072036743,,258.7137145996094,0.6087341904640198,670.2830810546875
2001-07-17,88.44149017333984,2.673076629638672,304.83245849609375,3.5384342670440674,,259.0047302246094,0.5998688340187073,707.2056274414062
2001-07-18,87.25167846679688,2.662989616394043,299.22576904296875,3.6337592601776123,,259.0047302246094,0.5949439406394958,681.6438598632812
2001-07-19,86.06188201904297,2.647859811782837,297.3518371582031,3.682861328125,,259.0047302246094,0.5969139933586121,675.9635620117188
2001-07-20,86.26018524169922,2.6125545501708984,293.611572265625,3.6539766788482666,,259.0047302246094,0.5974065661430359,681.6438598632812
2001-07-23,86.26018524169922,2.5066404342651367,299.2219543457031,3.472001075744629,,259.0047302246094,0.5983914136886597,693.0048828125
2001-07-24,85.9627456665039,2.4082911014556885,301.092041015625,3.4373369216918945,,258.9988708496094,0.5885413289070129,684.654541015625
2001-07-25,84.77296447753906,2.383073329925537,301.092041015625,3.411341428756714,,256.0887451171875,0.5885413289070129,698.68505859375
2001-07-26,84.47550201416016,2.41585636138916,301.1296081542969,3.3795669078826904,,256.0887451171875,0.5836165547370911,704.3655395507812
2001-07-27,84.47550201416016,2.4461193084716797,302.96234130859375,3.495107889175415,,256.0887451171875,0.5811538100242615,710.0458374023438
2001-07-30,84.47550201416016,2.4587254524230957,304.83245849609375,3.032945394515991,,257.2528381347656,0.59346604347229,710.0458374023438
2001-07-31,87.74742889404297,2.4839444160461426,303.33624267578125,3.108045816421509,,261.90899658203125,0.5846013426780701,710.0458374023438
2001-08-01,88.54063415527344,2.604990005493164,304.83245849609375,3.177370548248291,,261.90899658203125,0.59346604347229,698.68505859375
2001-08-02,89.036376953125,2.6125545501708984,304.83245849609375,3.1455962657928467,,261.90899658203125,0.6008539199829102,710.0458374023438
2001-08-03,89.036376953125,2.610032081604004,304.83245849609375,3.154263734817505,,261.90899658203125,0.59346604347229,727.0869750976562
2001-08-06,89.036376953125,2.6226413249969482,302.96234130859375,3.1687052249908447,,261.90899658203125,0.59346604347229,718.5665283203125
2001-08-07,88.7389144897461,2.5595977306365967,301.4661560058594,3.1715927124023438,,261.90899658203125,0.5870639085769653,721.9745483398438
2001-08-08,89.036376953125,2.4587254524230957,302.96234130859375,3.1687052249908447,,261.90899658203125,0.5762288570404053,721.4064331054688
2001-08-09,89.53211212158203,2.4713358879089355,305.2065124511719,3.203366994857788,,261.90899658203125,0.5737663507461548,738.4476928710938
2001-08-10,91.51512908935547,2.509162187576294,303.33624267578125,3.151374578475952,,261.90899658203125,0.5624387264251709,738.4476928710938
2001-08-13,96.17513275146484,2.488987684249878,303.33624267578125,3.1831464767456055,,261.90899658203125,0.5538831353187561,746.9682006835938
2001-08-14,97.56326293945312,2.4562056064605713,303.33624267578125,3.214921712875366,,244.44839477539062,0.5484433770179749,757.7608642578125
2001-08-15,99.14965057373047,2.488987684249878,303.33624267578125,3.2322518825531006,,244.44839477539062,0.551410436630249,757.7608642578125
2001-08-16,99.64537048339844,2.4209001064300537,306.7025146484375,3.2582497596740723,,244.44839477539062,0.5523995161056519,783.8906860351562
2001-08-17,96.17513275146484,2.572206497192383,304.83245849609375,3.4055633544921875,,244.44839477539062,0.5568504333496094,761.1692504882812
2001-08-20,97.86067962646484,2.4587254524230957,295.4817810058594,3.4257850646972656,,245.0304412841797,0.5598177313804626,809.4520874023438
2001-08-21,103.1156005859375,2.4814233779907227,293.611572265625,3.472001075744629,,245.32139587402344,0.5588284730911255,815.1327514648438
2001-08-22,105.09861755371094,2.4209001064300537,297.3518371582031,3.4026756286621094,,245.32139587402344,0.5652574896812439,761.1692504882812
2001-08-23,103.1156005859375,2.448639392852783,297.3518371582031,3.4864413738250732,,247.3643341064453,0.5613013505935669,766.8495483398438
2001-08-24,102.1241455078125,2.5268142223358154,296.2298583984375,3.6164238452911377,,247.35850524902344,0.5761372447013855,755.4888305664062
2001-08-27,102.1241455078125,2.5343801975250244,294.3596496582031,3.5644311904907227,,250.26853942871094,0.5786096453666687,766.8495483398438
2001-08-28,102.1241455078125,2.642815589904785,291.7415466308594,3.5817623138427734,,250.26853942871094,0.5909736156463623,806.6119995117188
2001-08-29,99.84370422363281,2.617598295211792,284.26092529296875,3.5788733959198,,250.8505859375,0.5934461355209351,812.2924194335938
2001-08-30,99.3479232788086,2.572206497192383,284.26092529296875,3.5326590538024902,,250.8505859375,0.5934461355209351,766.8495483398438
2001-08-31,98.7530517578125,2.529336452484131,286.131103515625,3.57598614692688,,251.72364807128906,0.5934461355209351,795.25146484375
2001-09-03,99.248779296875,,286.131103515625,,,251.72364807128906,,795.25146484375
2001-09-04,99.14965057373047,2.433509111404419,284.29833984375,3.4806652069091797,,251.72364807128906,0.5894898176193237,778.2102661132812
2001-09-05,99.94282531738281,2.5595977306365967,280.52056884765625,3.5384342670440674,,251.7294921875,0.5929518342018127,778.2102661132812
2001-09-06,101.82666015625,2.5343801975250244,276.7803649902344,3.472001075744629,,251.7294921875,0.5711920857429504,783.8906860351562
2001-09-07,100.63690185546875,2.509162187576294,261.8191833496094,3.4893293380737305,,251.7294921875,0.5687193870544434,789.5711669921875
2001-09-10,101.23179626464844,2.4839444160461426,261.8191833496094,3.457557201385498,,251.7294921875,0.5583338737487793,789.5711669921875
2001-09-11,99.14965057373047,,261.8191833496094,,,251.72364807128906,,789.5711669921875
2001-09-12,96.68059539794922,,250.59848022460938,,,251.72364807128906,,763.9525756835938
2001-09-13,98.16796875,,250.59848022460938,,,250.26853942871094,,752.6484375
2001-09-14,99.15960693359375,,235.6372833251953,,,250.26853942871094,,721.4064331054688
2001-09-17,98.16796875,2.21159291267395,241.24769592285156,3.2669131755828857,,250.26853942871094,0.5153090953826904,732.7672729492188
2001-09-18,96.1847915649414,2.521771192550659,241.24769592285156,3.3217952251434326,,250.26853942871094,0.5271779894828796,732.7672729492188
2001-09-19,93.21002197265625,2.2645487785339355,241.24769592285156,3.3593480587005615,,250.26853942871094,0.518276572227478,732.7672729492188
2001-09-20,84.9797592163086,2.075417995452881,241.24769592285156,3.4142282009124756,,250.26853942871094,0.5069016218185425,721.4064331054688
2001-09-21,87.65708923339844,1.9997642040252686,228.15672302246094,3.4546685218811035,,250.26853942871094,0.4668444097042084,693.0048828125
2001-09-24,83.19490051269531,2.093069076538086,228.15672302246094,3.3131303787231445,,250.26853942871094,0.47970256209373474,693.0048828125
2001-09-25,83.78986358642578,2.0325474739074707,228.15672302246094,3.0907142162323,,250.26853942871094,0.4895930886268616,681.6438598632812
2001-09-26,87.26043701171875,2.080461025238037,224.41653442382812,3.102269172668457,,250.26853942871094,0.4712951183319092,653.2423095703125
2001-09-27,85.1780776977539,2.130896806716919,224.41653442382812,3.047386884689331,,250.26853942871094,0.47722941637039185,653.2423095703125
2001-09-28,84.9797592163086,2.168722629547119,222.54641723632812,3.1744813919067383,,250.26853942871094,0.46733877062797546,667.4430541992188
2001-10-01,85.07893371582031,2.156113862991333,218.8060760498047,3.0416107177734375,,250.26853942871094,0.4648663103580475,675.9635620117188
2001-10-02,86.7646713256836,2.1813321113586426,216.93589782714844,3.0676064491271973,,250.26853942871094,0.4648663103580475,675.9635620117188
2001-10-03,88.45036315917969,2.21915864944458,216.93589782714844,3.0676064491271973,,250.26853942871094,0.47673499584198,673.1234130859375
2001-10-04,91.22681427001953,2.2443761825561523,213.19557189941406,2.969398260116577,,250.26853942871094,0.4599207937717438,673.1234130859375
2001-10-05,91.72261810302734,2.307420015335083,209.45535278320312,3.0185024738311768,,232.80801391601562,0.45398643612861633,670.2830810546875
2001-10-08,91.72261810302734,2.2872464656829834,196.36448669433594,2.853856086730957,,232.80801391601562,0.45744815468788147,653.2423095703125
2001-10-09,92.21841430664062,2.1989846229553223,198.23455810546875,2.7960867881774902,,232.80801391601562,0.44211748242378235,656.0823364257812
2001-10-10,91.72261810302734,2.231767177581787,211.32546997070312,2.8682987689971924,,232.80801391601562,0.44755733013153076,664.7164306640625
2001-10-11,91.72261810302734,2.312464475631714,220.6761932373047,2.7440924644470215,,232.80801391601562,0.44755733013153076,681.6438598632812
2001-10-12,90.73104095458984,2.3628995418548584,220.6761932373047,2.8856303691864014,,232.80801391601562,0.4500300884246826,681.6438598632812
2001-10-15,91.4251480102539,2.4713358879089355,220.6761932373047,2.8971846103668213,,232.80801391601562,0.45349183678627014,681.6438598632812
2001-10-16,91.4251480102539,2.4839444160461426,216.56185913085938,3.1138241291046143,,232.80801391601562,0.4599207937717438,693.0048828125
2001-10-17,88.1528549194336,2.4839444160461426,224.41653442382812,2.969398260116577,,238.62820434570312,0.4470626711845398,707.2056274414062
2001-10-18,87.65708923339844,2.3250725269317627,224.41653442382812,2.934735059738159,,238.62820434570312,0.44508442282676697,744.1281127929688
2001-10-19,87.4587631225586,2.357855796813965,224.41653442382812,2.888518810272217,,238.62820434570312,0.44755733013153076,738.4476928710938
2001-10-22,86.56633758544922,2.274637222290039,224.41653442382812,2.8914074897766113,,238.62820434570312,0.4500300884246826,766.8495483398438
2001-10-23,86.26885223388672,2.294811725616455,224.41653442382812,3.032945394515991,,244.44839477539062,0.43717196583747864,803.7716674804688
2001-10-24,85.97137451171875,2.3956825733184814,224.41653442382812,3.105156183242798,,244.44839477539062,0.44261184334754944,783.8906860351562
2001-10-25,84.78146362304688,2.3502907752990723,220.6761932373047,3.1340439319610596,,238.62820434570312,0.44261184334754944,772.52978515625
2001-10-26,84.78146362304688,2.383073329925537,216.93589782714844,3.061830759048462,,238.62820434570312,0.4386557340621948,795.25146484375
2001-10-29,85.07893371582031,2.345247268676758,213.19557189941406,2.9289562702178955,,238.62820434570312,0.44013896584510803,786.7308349609375
2001-10-30,84.58316040039062,2.2695934772491455,213.19557189941406,2.952065944671631,,238.62820434570312,0.4351936876773834,795.25146484375
2001-10-31,85.27726745605469,2.304898977279663,213.19557189941406,3.2062549591064453,,238.62820434570312,0.4351936876773834,795.25146484375
2001-11-01,85.77305603027344,2.3023769855499268,213.19557189941406,3.217808723449707,,238.62820434570312,0.44013896584510803,795.25146484375
2001-11-02,85.77305603027344,2.3200294971466064,213.19557189941406,3.203366994857788,,238.62820434570312,0.44261184334754944,792.4111328125
2001-11-05,86.7646713256836,2.3200294971466064,209.45535278320312,3.2004783153533936,,238.62820434570312,0.44508442282676697,795.25146484375
2001-11-06,92.4167709350586,2.2872464656829834,215.04335021972656,3.2322518825531006,,238.62820434570312,0.44508442282676697,811.7242431640625
2001-11-07,92.21841430664062,2.327594757080078,215.06582641601562,3.2611372470855713,,238.6340789794922,0.44112828373908997,823.6529541015625
2001-11-08,92.71419525146484,2.3200294971466064,224.41653442382812,3.330461263656616,,238.6864013671875,0.45101889967918396,835.0139770507812
2001-11-09,94.3999252319336,2.3755083084106445,224.41653442382812,3.472001075744629,,238.6864013671875,0.4490409195423126,836.718017578125
2001-11-12,94.99491119384766,2.4410746097564697,220.6761932373047,3.3997857570648193,,238.6864013671875,0.46733877062797546,828.765625
2001-11-13,95.49069213867188,2.5024209022521973,226.2865447998047,3.264025926589966,,238.6864013671875,0.48217520117759705,829.3338012695312
2001-11-14,100.74615478515625,2.632781744003296,237.5074462890625,3.5008838176727295,,238.6864013671875,0.5266836285591125,829.3338012695312
2001-11-15,102.92767333984375,2.6966841220855713,246.85818481445312,3.44022536277771,,238.6864013671875,0.5242108702659607,874.7763671875
2001-11-16,101.14278411865234,2.5535430908203125,258.07891845703125,3.3391294479370117,,238.6864013671875,0.5326179265975952,908.8585205078125
2001-11-19,100.6469955444336,2.6200010776519775,271.1697692871094,3.4055633544921875,,240.374267578125,0.5489376783370972,928.7398681640625
2001-11-20,100.2503662109375,2.573991060256958,267.4297180175781,3.3593480587005615,,245.0304412841797,0.5395414233207703,908.8585205078125
2001-11-21,100.54783630371094,2.533093214035034,267.4297180175781,3.411341428756714,,248.8135528564453,0.5291559100151062,908.8585205078125
2001-11-22,100.6469955444336,,258.07891845703125,,,248.8135528564453,,908.8585205078125
2001-11-23,101.34111785888672,2.5305378437042236,254.33872985839844,3.3564584255218506,,248.8135528564453,0.5266836285591125,871.8793334960938
2001-11-26,103.32427215576172,2.632781744003296,254.33872985839844,3.411341428756714,,248.8135528564453,0.5390467643737793,860.5755004882812
2001-11-27,102.43186950683594,2.6430060863494873,254.33872985839844,3.5644311904907227,,248.8135528564453,0.5558612942695618,843.5344848632812
2001-11-28,100.9444580078125,2.6200010776519775,254.33872985839844,3.6741943359375,,250.26853942871094,0.5439921021461487,846.3748168945312
2001-11-29,100.9444580078125,2.617445707321167,254.33872985839844,3.6279797554016113,,250.26853942871094,0.5563555955886841,846.3748168945312
2001-11-30,101.73775482177734,2.7094643115997314,250.59848022460938,3.856173276901245,,267.7292175292969,0.5275874137878418,852.0552368164062
2001-12-03,102.13439178466797,2.722245216369629,248.72821044921875,3.847506523132324,,282.2796936035156,0.5504826903343201,837.8541259765625
2001-12-04,102.43186950683594,2.7094643115997314,254.33872985839844,3.983267068862915,,282.2796936035156,0.554962158203125,835.0139770507812
2001-12-05,102.8284912109375,2.7529184818267822,254.33872985839844,4.058369159698486,,285.1956481933594,0.5514783263206482,857.735107421875
2001-12-06,107.98480224609375,2.7503628730773926,250.59848022460938,4.02370548248291,,291.0099792480469,0.5539665818214417,880.456787109375
2001-12-07,108.38145446777344,2.811708927154541,246.85818481445312,3.9861552715301514,,291.0099792480469,0.5484916567802429,894.6576538085938
2001-12-10,108.18310546875,2.691572427749634,246.85818481445312,3.7839622497558594,,291.0099792480469,0.5474960207939148,897.4981689453125
2001-12-11,108.08394622802734,2.7478058338165283,246.85818481445312,3.7521841526031494,,291.0099792480469,0.5524733662605286,897.4981689453125
2001-12-12,107.88565826416016,2.7196884155273438,246.85818481445312,3.7521841526031494,,285.1898193359375,0.5524733662605286,888.9771118164062
2001-12-13,106.39826202392578,2.658342123031616,246.48406982421875,3.604872465133667,,285.1898193359375,0.5350533723831177,874.7763671875
2001-12-14,106.39826202392578,2.671123504638672,246.48406982421875,3.6857502460479736,,279.36962890625,0.5649165511131287,874.7763671875
2001-12-17,106.39826202392578,2.666011333465576,243.11793518066406,3.529771327972412,,279.36962890625,0.5474960207939148,863.41552734375
2001-12-18,106.29907989501953,2.683903455734253,246.85818481445312,3.7868499755859375,,279.36962890625,0.5624276399612427,874.7763671875
2001-12-19,105.10916137695312,2.6890158653259277,246.85818481445312,3.630869150161743,,279.36962890625,0.5664098262786865,880.456787109375
2001-12-20,105.10916137695312,2.6430060863494873,246.85818481445312,3.798402786254883,,288.099853515625,0.5554600954055786,871.9360961914062
2001-12-21,105.10916137695312,2.722245216369629,246.85818481445312,3.6106483936309814,,288.099853515625,0.5703915953636169,866.2560424804688
2001-12-24,105.10916137695312,2.663455009460449,246.85818481445312,3.671306848526001,,288.099853515625,0.5848252177238464,866.2560424804688
2001-12-25,105.10916137695312,,246.85818481445312,,,288.099853515625,,866.2560424804688
2001-12-26,105.10916137695312,2.7605860233306885,246.48406982421875,3.740633487701416,,288.099853515625,0.5823366045951843,886.1370849609375
2001-12-27,104.61334991455078,2.737581491470337,243.11793518066406,3.7550747394561768,,282.2796936035156,0.5848252177238464,886.1370849609375
2001-12-28,104.61334991455078,2.683903455734253,239.37765502929688,3.743520498275757,,282.2796936035156,0.5898027420043945,880.456787109375
2001-12-31,104.51419067382812,2.737581491470337,239.37765502929688,3.8677244186401367,,282.2796936035156,0.5947802066802979,880.456787109375
2002-01-01,104.51419067382812,,239.37765502929688,,,282.2796936035156,,880.456787109375
2002-01-02,104.31591796875,2.811708927154541,239.41485595703125,3.8359534740448,,282.2796936035156,0.5848252177238464,886.1370849609375
2002-01-03,103.820068359375,2.8500499725341797,243.11793518066406,3.8070671558380127,,282.2796936035156,0.5947802066802979,891.8175659179688
2002-01-04,104.1175765991211,2.919064521789551,239.37765502929688,3.827287435531616,,282.2796936035156,0.599757194519043,903.1783447265625
2002-01-07,105.30748748779297,2.9957478046417236,237.5074462890625,3.971714735031128,,282.2796936035156,0.5898027420043945,891.8175659179688
2002-01-08,105.6049575805664,2.965074300765991,237.5074462890625,3.856173276901245,,282.2796936035156,0.609711766242981,880.456787109375
2002-01-09,106.29907989501953,3.028977394104004,231.89700317382812,4.000599384307861,,282.2796936035156,0.5947802066802979,880.456787109375
2002-01-10,106.29907989501953,2.9471821784973145,228.15672302246094,3.9283859729766846,,282.29132080078125,0.6037391424179077,880.456787109375
2002-01-11,107.98480224609375,2.9778544902801514,228.15672302246094,3.9543826580047607,,282.29132080078125,0.5848252177238464,880.456787109375
2002-01-14,108.48060607910156,2.919064521789551,224.41653442382812,3.911055088043213,,285.1898193359375,0.5763643383979797,880.456787109375
2002-01-15,109.27387237548828,2.901172637939453,224.41653442382812,3.968827247619629,,285.7718200683594,0.5823366045951843,863.41552734375
2002-01-16,109.373046875,2.8577184677124023,216.93589782714844,3.885057210922241,,285.48077392578125,0.5773594975471497,863.41552734375
2002-01-17,109.27387237548828,2.8372693061828613,216.89852905273438,3.896611213684082,,285.48077392578125,0.6022458672523499,852.0552368164062
2002-01-18,109.07555389404297,2.821934223175049,216.89852905273438,3.9283859729766846,,285.7718200683594,0.5972686409950256,843.5344848632812
2002-01-21,108.77806854248047,,216.89852905273438,,,285.1898193359375,,840.694091796875
2002-01-22,107.78649139404297,2.965074300765991,211.32546997070312,3.9370498657226562,,285.1898193359375,0.5674052238464355,843.5344848632812
2002-01-23,107.58817291259766,3.0034162998199463,209.45535278320312,4.02370548248291,,285.1898193359375,0.5773594975471497,835.0139770507812
2002-01-24,106.79486846923828,3.095435857772827,216.93589782714844,4.090143203735352,,285.7718200683594,0.5723825097084045,823.6529541015625
2002-01-25,106.39826202392578,3.0264201164245605,215.06582641601562,4.275008678436279,,288.099853515625,0.5624276399612427,823.6529541015625
2002-01-28,106.59657287597656,3.0008597373962402,215.06582641601562,4.171019554138184,,288.099853515625,0.5599393248558044,823.6529541015625
2002-01-29,106.59657287597656,2.875610828399658,209.45535278320312,4.347219944000244,,291.0099792480469,0.5430166721343994,837.8541259765625
2002-01-30,106.79486846923828,2.901172637939453,198.23455810546875,4.347219944000244,,291.3009948730469,0.5674052238464355,832.1737060546875
2002-01-31,109.57136535644531,2.9548492431640625,201.9747772216797,4.491647243499756,,291.330078125,0.5898027420043945,829.3338012695312
2002-02-01,110.06716918945312,2.9752988815307617,201.9747772216797,4.578301906585693,,294.5020751953125,0.592291533946991,829.3338012695312
2002-02-04,109.86884307861328,3.0161967277526855,198.23455810546875,4.480093479156494,,299.7403564453125,0.5649165511131287,829.3338012695312
2002-02-05,110.26545715332031,3.057093620300293,194.49424743652344,4.474313735961914,,311.3807067871094,0.5713868141174316,817.9730224609375
2002-02-06,111.05876159667969,3.0979907512664795,187.01368713378906,4.451206684112549,,320.1109924316406,0.5723825097084045,812.2924194335938
2002-02-07,111.05876159667969,3.0366451740264893,187.01368713378906,4.425209999084473,,320.6929626464844,0.5773594975471497,812.2924194335938
2002-02-08,111.5545425415039,3.069873809814453,190.75405883789062,4.491647243499756,,325.93121337890625,0.5848252177238464,812.2924194335938
2002-02-11,111.5545425415039,3.164449453353882,187.01368713378906,4.477204322814941,,337.5716552734375,0.5843275785446167,812.2924194335938
2002-02-12,112.54615020751953,3.1184403896331787,188.8838653564453,4.436765670776367,,343.391845703125,0.5798481702804565,800.931640625
2002-02-13,113.53775024414062,3.2283530235290527,192.62420654296875,4.6100754737854,,343.391845703125,0.5860087275505066,795.25146484375
2002-02-14,121.66880798339844,3.2488012313842773,192.62420654296875,4.468539714813232,,343.391845703125,0.5774945020675659,789.5711669921875
2002-02-15,121.66880798339844,3.100548267364502,190.75405883789062,4.534974575042725,,343.3976135253906,0.5659742951393127,789.5711669921875
2002-02-18,121.2721939086914,,190.75405883789062,,,343.3976135253906,,786.7308349609375
2002-02-19,121.2721939086914,3.067317485809326,188.8838653564453,4.309669494628906,,343.3976135253906,0.5634701251983643,781.0504150390625
2002-02-20,120.97470092773438,3.067317485809326,191.09461975097656,4.168133735656738,,314.2908020019531,0.5870108008384705,783.8906860351562
2002-02-21,120.97470092773438,3.115884304046631,192.9680938720703,4.1305832862854,,314.8727722167969,0.5559570789337158,781.0504150390625
2002-02-22,120.97470092773438,3.039201021194458,191.09461975097656,4.038149356842041,,314.3199157714844,0.5419329404830933,781.0504150390625
2002-02-25,120.7763671875,3.059650421142578,187.34759521484375,4.098807334899902,,314.3199157714844,0.5584616661071777,786.7308349609375
2002-02-26,120.7763671875,3.0979907512664795,192.9680938720703,4.171019554138184,,314.8727722167969,0.5659742951393127,783.8906860351562
2002-02-27,120.7763671875,3.1184403896331787,192.9680938720703,4.246122360229492,,320.1109924316406,0.5810002684593201,786.7875366210938
2002-02-28,121.37133026123047,3.1184403896331787,192.9680938720703,4.231679439544678,,320.1109924316406,0.560965895652771,786.7875366210938
2002-03-01,121.37133026123047,3.1440021991729736,183.60061645507812,4.456984519958496,,325.93121337890625,0.5860087275505066,823.6529541015625
2002-03-04,121.37133026123047,3.2053475379943848,185.47422790527344,4.581190586090088,,325.93121337890625,0.5960262417793274,840.694091796875
2002-03-05,122.660400390625,3.1440021991729736,181.72714233398438,4.387659549713135,,325.93121337890625,0.6010348796844482,846.3748168945312
2002-03-06,124.14778900146484,3.207904100418091,187.34759521484375,4.514755725860596,,331.7513427734375,0.5885130167007446,846.3748168945312
2002-03-07,125.13939666748047,3.259026527404785,192.9680938720703,4.462759017944336,,337.5716552734375,0.6010348796844482,871.9360961914062
2002-03-08,125.13939666748047,3.197678565979004,183.60061645507812,4.419432640075684,,343.391845703125,0.6060435771942139,869.0961303710938
2002-03-11,125.43690490722656,3.169562578201294,183.60061645507812,4.462759017944336,,343.391845703125,0.6035391688346863,866.2560424804688
2002-03-12,125.04022979736328,3.207904100418091,181.72714233398438,4.558082103729248,,343.391845703125,0.613556444644928,852.0552368164062
2002-03-13,124.94108581542969,3.1031041145324707,182.47657775878906,4.482983112335205,,343.391845703125,0.613556444644928,852.0552368164062
2002-03-14,124.7427749633789,3.0877668857574463,181.72714233398438,4.445430755615234,,343.391845703125,0.6260784268379211,840.694091796875
2002-03-15,124.04865264892578,3.1721179485321045,181.72714233398438,4.402102947235107,,349.2119140625,0.6315873861312866,860.5755004882812
2002-03-18,124.04865264892578,3.0979907512664795,179.8536834716797,4.474313735961914,,349.2119140625,0.6325893402099609,860.5755004882812
2002-03-19,124.04865264892578,3.1312217712402344,179.8536834716797,4.650514602661133,,366.6725769042969,0.636095404624939,863.41552734375
2002-03-20,124.04865264892578,3.215571403503418,183.60061645507812,4.757390975952148,,378.31298828125,0.6270797252655029,852.0552368164062
2002-03-21,124.04865264892578,3.1312217712402344,192.9680938720703,4.659180641174316,,384.1331481933594,0.6320883631706238,863.41552734375
2002-03-22,124.04865264892578,3.067317485809326,198.2137451171875,4.673623085021973,,401.6055603027344,0.629082977771759,858.3035278320312
2002-03-25,124.04865264892578,3.059650421142578,202.3353729248047,4.679400444030762,,389.953369140625,0.6225722432136536,869.0961303710938
2002-03-26,124.04865264892578,3.02386474609375,208.3304901123047,4.751614570617676,,389.953369140625,0.6611384749412537,886.1370849609375
2002-03-27,124.04865264892578,3.1235530376434326,181.72714233398438,5.1126790046691895,,381.22308349609375,0.6581332087516785,886.1370849609375
2002-03-28,122.95790100097656,3.1286652088165283,187.34759521484375,5.089571952819824,,381.22308349609375,0.6486169695854187,886.1370849609375
2002-03-29,122.95790100097656,,187.34759521484375,,,381.22308349609375,,886.1370849609375
2002-04-01,122.95790100097656,3.1363325119018555,186.22352600097656,5.1848907470703125,,381.22308349609375,0.6561297178268433,886.1370849609375
2002-04-02,122.95790100097656,3.207904100418091,187.34759521484375,5.127119064331055,,381.22308349609375,0.6636425852775574,863.41552734375
2002-04-03,122.95790100097656,3.169562578201294,185.47422790527344,4.953811168670654,,380.64111328125,0.6686512231826782,863.41552734375
2002-04-04,123.15621185302734,3.1440021991729736,179.8536834716797,4.985581874847412,,407.4140319824219,0.673660159111023,869.0961303710938
2002-04-05,122.95790100097656,3.164449453353882,179.8536834716797,4.950921535491943,,410.3240661621094,0.6661469340324402,869.0961303710938
2002-04-08,122.95790100097656,3.187455177307129,177.98025512695312,5.026022911071777,,410.3240661621094,0.6626412272453308,863.41552734375
2002-04-09,122.95790100097656,3.187455177307129,176.10682678222656,5.075126647949219,,410.3240661621094,0.6711561679840088,871.9360961914062
2002-04-10,122.95790100097656,3.259026527404785,176.10682678222656,5.127119064331055,,407.4140319824219,0.7012072801589966,869.0961303710938
2002-04-11,122.95790100097656,3.159337282180786,177.98025512695312,5.043354034423828,,407.4140319824219,0.6966994404792786,866.2560424804688
2002-04-12,122.95790100097656,3.182342767715454,177.98025512695312,5.0693488121032715,,407.4140319824219,0.7462852001190186,857.735107421875
2002-04-15,122.95790100097656,3.182342767715454,179.8536834716797,5.028911113739014,,407.4140319824219,0.7327619194984436,840.694091796875
2002-04-16,122.95790100097656,3.164449453353882,181.72714233398438,5.089571952819824,,407.4140319824219,0.7563024759292603,852.0552368164062
2002-04-17,122.95790100097656,3.197678565979004,183.60061645507812,5.323538780212402,,384.1331481933594,0.7432795166969299,852.0552368164062
2002-04-18,122.95790100097656,3.161893129348755,179.8536834716797,5.288876533508301,,389.953369140625,0.7412764430046082,851.9983520507812
2002-04-19,122.8587417602539,3.1900112628936768,181.72714233398438,5.259993076324463,,395.77362060546875,0.7537980675697327,852.0552368164062
2002-04-22,122.8587417602539,3.1312217712402344,181.72714233398438,5.294652938842773,,395.77362060546875,0.7537980675697327,852.0552368164062
2002-04-23,122.8587417602539,3.0877668857574463,174.23330688476562,5.259993076324463,,396.3555908203125,0.7532971501350403,843.5344848632812
2002-04-24,120.67723083496094,3.028977394104004,174.23330688476562,5.0924577713012695,,396.3555908203125,0.7583052515983582,843.5344848632812
2002-04-25,120.67723083496094,3.0161967277526855,168.6128387451172,5.005804538726807,,389.953369140625,0.7387720346450806,835.0139770507812
2002-04-26,117.80158996582031,3.0161967277526855,176.10682678222656,5.225330352783203,,389.953369140625,0.7137288451194763,869.0961303710938
2002-04-29,117.30580139160156,2.939513921737671,176.3168487548828,5.314873695373535,,389.953369140625,0.7162330746650696,869.0961303710938
2002-04-30,114.7276611328125,2.952294111251831,176.3168487548828,5.130009651184082,,392.8634948730469,0.7237462997436523,871.9360961914062
2002-05-01,114.52934265136719,2.939513921737671,176.3168487548828,5.147340297698975,,392.8634948730469,0.7187375426292419,871.9360961914062
2002-05-02,114.33102416992188,2.934401273727417,178.19256591796875,5.083792686462402,,392.8634948730469,0.7467861175537109,877.61669921875
2002-05-03,114.23185729980469,3.057093620300293,174.81637573242188,5.164669990539551,,387.0433654785156,0.7487894296646118,902.0714721679688
2002-05-06,114.23185729980469,3.0468697547912598,176.3168487548828,5.10978889465332,,381.22308349609375,0.7337633967399597,867.15283203125
2002-05-07,114.23185729980469,2.965074300765991,178.19256591796875,5.106899738311768,,381.22308349609375,0.7412764430046082,870.0625
2002-05-08,116.36937713623047,3.1951229572296143,180.06825256347656,5.208000659942627,,381.22308349609375,0.757303774356842,870.0625
2002-05-09,116.86540222167969,3.1312217712402344,180.06825256347656,5.248438358306885,,378.31298828125,0.7412764430046082,870.0625
2002-05-10,116.76620483398438,3.1184403896331787,180.06825256347656,5.291767120361328,,378.31298828125,0.7467861175537109,870.6446533203125
2002-05-13,116.76620483398438,3.1337764263153076,176.3168487548828,5.415972709655762,,384.1331481933594,0.7462852001190186,902.0133056640625
2002-05-14,116.76620483398438,3.169562578201294,180.06825256347656,5.1848907470703125,,384.1331481933594,0.7532971501350403,899.1616821289062
2002-05-15,116.76620483398438,3.161893129348755,180.06825256347656,5.271546363830566,,384.2496337890625,0.7542988061904907,896.2516479492188
2002-05-16,116.76620483398438,3.2794735431671143,180.06825256347656,5.268660068511963,,384.2554931640625,0.733206570148468,913.711181640625
2002-05-17,116.76620483398438,3.2794735431671143,176.3168487548828,5.372644901275635,,384.7151794433594,0.742245614528656,936.9902954101562
2002-05-20,116.76620483398438,3.2513580322265625,176.3168487548828,5.51707124710083,,381.22308349609375,0.7412417531013489,931.1704711914062
2002-05-21,116.56780242919922,3.169562578201294,176.3168487548828,5.65571928024292,,381.22308349609375,0.7362194061279297,931.1704711914062
2002-05-22,115.77410888671875,3.1951229572296143,174.44117736816406,5.704823017120361,,381.22308349609375,0.7407397031784058,922.4410400390625
2002-05-23,115.77410888671875,3.146557331085205,174.44117736816406,5.8463616371154785,,381.22308349609375,0.7522903084754944,913.711181640625
2002-05-24,115.97254943847656,3.156782388687134,178.19256591796875,5.791480541229248,,378.31298828125,0.7382285594940186,919.53125
2002-05-27,115.97254943847656,,178.19256591796875,,,378.31298828125,,919.53125
2002-05-28,115.97254943847656,3.1951229572296143,174.44117736816406,6.008121490478516,,381.22308349609375,0.7527922987937927,919.53125
2002-05-29,116.27017211914062,3.169562578201294,170.68968200683594,5.736597537994385,,384.1331481933594,0.7698668241500854,913.711181640625
2002-05-30,116.27017211914062,3.156782388687134,172.56539916992188,5.528624057769775,,381.22308349609375,0.7804129719734192,899.1616821289062
2002-05-31,116.46858215332031,3.164449453353882,172.56539916992188,5.704823017120361,,381.22308349609375,0.7005640268325806,896.2516479492188
2002-06-03,116.46858215332031,3.1440021991729736,172.56539916992188,5.823253154754639,,381.22308349609375,0.7306956052780151,890.4319458007812
2002-06-04,116.46858215332031,3.105250358581543,169.18914794921875,5.745262145996094,,381.22308349609375,0.7357176542282104,889.791748046875
2002-06-05,118.25428009033203,3.125917911529541,168.81394958496094,5.80592155456543,,384.7151794433594,0.7372238636016846,878.7919921875
2002-06-06,123.5122299194336,3.0535833835601807,165.81280517578125,5.7308220863342285,,384.7151794433594,0.7387304902076721,872.9727172851562
2002-06-07,123.31383514404297,3.056165933609009,165.43768310546875,5.531512260437012,,389.953369140625,0.7588183283805847,873.03076171875
2002-06-10,126.48847961425781,3.0122480392456055,165.06260681152344,5.372644901275635,,392.8634948730469,0.745259165763855,872.9727172851562
2002-06-11,128.67103576660156,3.022580862045288,165.06260681152344,5.3437604904174805,,392.8634948730469,0.745259165763855,872.9727172851562
2002-06-12,127.18292236328125,3.050999164581299,165.06260681152344,5.326430320739746,,392.8634948730469,0.757311999797821,873.5543823242188
2002-06-13,126.1908187866211,3.0664994716644287,165.06260681152344,5.24554967880249,,392.8634948730469,0.7532943487167358,887.5221557617188
2002-06-14,124.50431060791016,2.9709131717681885,165.06260681152344,5.430414199829102,,392.8634948730469,0.7301933169364929,887.5221557617188
2002-06-17,124.30591583251953,3.022580862045288,165.06260681152344,5.320651054382324,,392.8634948730469,0.7241668701171875,893.3416137695312
2002-06-18,123.01622009277344,3.0613327026367188,165.06260681152344,5.375535488128662,,392.8634948730469,0.7236645817756653,887.5221557617188
2002-06-19,121.7265396118164,3.022580862045288,165.06260681152344,5.450634956359863,,392.8634948730469,0.7106077075004578,887.5221557617188
2002-06-20,121.7265396118164,3.0535833835601807,166.93824768066406,5.563287734985352,,387.0433654785156,0.7201493382453918,893.3416137695312
2002-06-21,122.02415466308594,3.0096638202667236,172.56539916992188,5.563287734985352,,392.8634948730469,0.7231622338294983,896.2516479492188
2002-06-24,121.7265396118164,2.9502463340759277,172.56539916992188,5.540180683135986,,392.8634948730469,0.7186429500579834,887.580078125
2002-06-25,121.52812957763672,3.0199973583221436,176.3168487548828,5.505516529083252,,394.60955810546875,0.7462634444236755,887.5221557617188
2002-06-26,119.04796600341797,2.914078950881958,172.56539916992188,5.4592976570129395,,394.60955810546875,0.7382285594940186,894.505859375
2002-06-27,119.14715576171875,3.0019140243530273,174.44117736816406,5.346647262573242,,394.60955810546875,0.7542988061904907,893.3416137695312
2002-06-28,118.84956359863281,3.0484163761138916,174.44117736816406,5.156005382537842,,395.77362060546875,0.7527922987937927,896.2516479492188
2002-07-01,117.55986022949219,2.9967477321624756,174.44117736816406,5.262880802154541,,395.77362060546875,0.7532943487167358,887.5221557617188
2002-07-02,116.86540222167969,2.9993317127227783,176.3168487548828,4.924920558929443,,395.77362060546875,0.742748498916626,878.7919921875
2002-07-03,116.27017211914062,3.0484163761138916,172.56539916992188,4.800717830657959,,384.7151794433594,0.7432503700256348,861.3326416015625
2002-07-04,116.46858215332031,,176.3168487548828,,,384.7151794433594,,861.3326416015625
2002-07-05,116.76620483398438,3.1310839653015137,183.8196563720703,4.93936824798584,,389.953369140625,0.757311999797821,878.7919921875
2002-07-08,115.97254943847656,3.1646697521209717,183.8196563720703,5.0462422370910645,,389.953369140625,0.7367215156555176,849.6934814453125
2002-07-09,115.97254943847656,3.2550878524780273,178.19256591796875,5.262880802154541,,389.953369140625,0.7532943487167358,838.0537719726562
2002-07-10,115.97254943847656,3.1000826358795166,178.19256591796875,5.210885524749756,,389.953369140625,0.7437527775764465,808.9546508789062
2002-07-11,112.79794311523438,3.0613327026367188,178.19256591796875,5.130009651184082,,389.953369140625,0.7457616329193115,806.0446166992188
2002-07-12,112.9963607788086,3.007080554962158,178.19256591796875,4.976917266845703,,407.4140319824219,0.7412417531013489,820.5940551757812
2002-07-15,106.15107727050781,3.4751336574554443,178.19256591796875,5.011579513549805,,407.4140319824219,0.742748498916626,808.9546508789062
2002-07-16,105.85347747802734,3.3789589405059814,168.81394958496094,4.800717830657959,,407.4140319824219,0.7372238636016846,797.3148803710938
2002-07-17,106.15107727050781,3.4046061038970947,168.81394958496094,4.696731090545654,,389.953369140625,0.7568098902702332,791.4949340820312
2002-07-18,105.0598373413086,3.491163492202759,168.81394958496094,4.64185094833374,,389.953369140625,0.7251712679862976,779.8555297851562
2002-07-19,104.9605941772461,3.4206345081329346,163.18690490722656,4.543640613555908,,395.77362060546875,0.7311976552009583,785.6752319335938
2002-07-22,104.76220703125,3.398192882537842,157.55970764160156,4.214349746704102,,392.8634948730469,0.7251712679862976,779.8555297851562
2002-07-23,104.36539459228516,3.3052239418029785,150.056884765625,3.740633487701416,,392.8634948730469,0.6829869747161865,759.4860229492188
2002-07-24,100.4963150024414,3.3501064777374268,150.056884765625,4.0092644691467285,,387.0433654785156,0.6990572810173035,762.3960571289062
2002-07-25,102.38124084472656,3.176990270614624,150.056884765625,4.205682754516602,,381.22308349609375,0.6955417990684509,759.4860229492188
2002-07-26,102.38124084472656,3.1609601974487305,150.056884765625,4.188352584838867,,381.22308349609375,0.6990572810173035,768.2156982421875
2002-07-29,102.18284606933594,3.2731659412384033,150.056884765625,4.428098201751709,,378.31298828125,0.7477701902389526,808.9546508789062
2002-07-30,100.69473266601562,3.318047523498535,148.5563507080078,4.491647243499756,,378.3711242675781,0.7311976552009583,838.0537719726562
2002-07-31,100.4963150024414,3.3052239418029785,146.3054962158203,4.410768032073975,,381.22308349609375,0.7322019934654236,852.6030883789062
2002-08-01,100.19867706298828,3.212254524230957,140.67832946777344,4.303891658782959,,381.22308349609375,0.7166340947151184,778.691650390625
2002-08-02,100.19867706298828,3.061579942703247,140.67832946777344,4.246122360229492,,387.0433654785156,0.6980529427528381,826.4138793945312
2002-08-05,98.71060943603516,2.875641107559204,142.55406188964844,4.058369159698486,,387.0433654785156,0.6704320907592773,820.5940551757812
2002-08-06,93.75025177001953,2.975022792816162,142.55406188964844,4.217236042022705,,387.0433654785156,0.6779650449752808,820.5940551757812
2002-08-07,93.94867706298828,3.0872278213500977,146.3054962158203,4.347219944000244,,445.2453308105469,0.6860001087188721,861.3326416015625
2002-08-08,94.74232482910156,3.189814329147339,150.80722045898438,4.393436908721924,,448.15533447265625,0.691524088382721,881.7021484375
2002-08-09,95.23836517333984,3.247518301010132,150.80722045898438,4.676509380340576,,445.82733154296875,0.6974166035652161,861.3326416015625
2002-08-12,95.436767578125,3.189814329147339,151.9363250732422,4.581190586090088,,448.15533447265625,0.6831938028335571,861.3326416015625
2002-08-13,95.436767578125,3.109668731689453,151.93264770507812,4.500311851501465,,445.2453308105469,0.6654156446456909,853.3016357421875
2002-08-14,95.436767578125,3.189814329147339,151.93264770507812,4.537862777709961,,445.2453308105469,0.6654156446456909,884.6118774414062
2002-08-15,95.436767578125,3.189814329147339,151.93264770507812,4.679400444030762,,445.2453308105469,0.6643996834754944,884.6118774414062
2002-08-16,95.63518524169922,3.132108449935913,151.93264770507812,4.592743873596191,,445.2453308105469,0.675574779510498,890.4319458007812
2002-08-19,95.63518524169922,3.2763712406158447,151.93264770507812,4.503199577331543,,445.82733154296875,0.6781145334243774,887.5221557617188
2002-08-20,95.83361053466797,3.205842971801758,144.804931640625,4.563859462738037,,445.82733154296875,0.6745588779449463,892.5850830078125
2002-08-21,96.23041534423828,3.340489625930786,148.1811981201172,4.633184909820557,,445.82733154296875,0.6882737874984741,872.9727172851562
2002-08-22,100.69473266601562,3.3789589405059814,146.3054962158203,4.803605556488037,,445.82733154296875,0.6831938028335571,872.9727172851562
2002-08-23,101.19075012207031,3.2539315223693848,146.3054962158203,4.664958953857422,,445.82733154296875,0.6806546449661255,881.7021484375
2002-08-26,101.19075012207031,3.3565187454223633,146.3054962158203,4.823825359344482,,445.82733154296875,0.701988160610199,899.1616821289062
2002-08-27,107.63919067382812,3.366136074066162,146.3054962158203,4.959587097167969,,445.82733154296875,0.7035119533538818,905.5635375976562
2002-08-28,107.34158325195312,3.3084309101104736,146.3054962158203,4.794939994812012,,445.82733154296875,0.7035119533538818,902.0714721679688
2002-08-29,107.34158325195312,3.3020191192626953,146.3054962158203,4.737168788909912,,445.82733154296875,0.7024961113929749,922.4410400390625
2002-08-30,107.34158325195312,3.205842971801758,146.68063354492188,4.734281063079834,,445.82733154296875,0.6796385049819946,925.350830078125
2002-09-02,107.34158325195312,,146.3054962158203,,,449.6105041503906,,925.350830078125
2002-09-03,112.40111541748047,3.189814329147339,146.3054962158203,4.246122360229492,,449.6105041503906,0.6791303753852844,904.9813232421875
2002-09-04,112.40111541748047,3.1834027767181396,144.42974853515625,4.113250732421875,,449.6105041503906,0.6857337355613708,907.8912353515625
2002-09-05,112.40111541748047,3.04555082321167,144.42974853515625,4.159466743469238,,449.6105041503906,0.6781145334243774,907.8912353515625
2002-09-06,112.00428771972656,3.205842971801758,142.55406188964844,4.32988977432251,,449.6105041503906,0.6765906810760498,919.53125
2002-09-09,111.40907287597656,3.189814329147339,142.55406188964844,4.445430755615234,,449.6105041503906,0.6765906810760498,910.8009643554688
2002-09-10,110.11937713623047,3.295607328414917,138.80264282226562,4.142134189605713,,451.06549072265625,0.6623679995536804,919.53125
2002-09-11,106.65969848632812,3.3533120155334473,146.3054962158203,4.327000617980957,,451.06549072265625,0.6613519191741943,922.4410400390625
2002-09-12,104.57610321044922,3.2699599266052246,143.3043212890625,4.188352584838867,,451.06549072265625,0.6628759503364563,919.53125
2002-09-13,103.58391571044922,3.3276660442352295,143.3043212890625,4.159466743469238,,451.06549072265625,0.675067126750946,919.53125
2002-09-16,102.98860931396484,3.2924015522003174,143.3043212890625,4.116138935089111,,451.06549072265625,0.675574779510498,907.8912353515625
2002-09-17,102.79015350341797,3.3148422241210938,146.3054962158203,3.844618558883667,,459.7958679199219,0.675574779510498,907.8912353515625
2002-09-18,102.79015350341797,3.247518301010132,146.3054962158203,3.815732717514038,,459.7958679199219,0.6704950928688049,907.8912353515625
2002-09-19,102.79015350341797,3.2250773906707764,146.3054962158203,3.9081664085388184,,459.7958679199219,0.6527169942855835,907.8912353515625
2002-09-20,102.1948471069336,3.173785448074341,146.3054962158203,3.8995003700256348,,459.7958679199219,0.6608439087867737,885.194091796875
2002-09-23,102.1948471069336,3.061579942703247,146.30169677734375,3.6973037719726562,,459.7958679199219,0.6588121652603149,890.4319458007812
2002-09-24,102.1948471069336,3.019904613494873,145.5551300048828,3.5239925384521484,,459.7958679199219,0.6618598103523254,849.6934814453125
2002-09-25,102.1948471069336,3.205842971801758,145.5551300048828,3.593315839767456,,459.7958679199219,0.6781145334243774,843.8731689453125
2002-09-26,102.1948471069336,3.2379016876220703,142.17889404296875,3.671306848526001,,459.7958679199219,0.6826862096786499,843.8731689453125
2002-09-27,102.1948471069336,3.2539315223693848,140.67832946777344,3.743520498275757,,459.7958679199219,0.6679553985595703,838.0537719726562
2002-09-30,102.1948471069336,3.1256959438323975,140.67832946777344,3.8879458904266357,,459.7958679199219,0.6964007019996643,838.0537719726562
2002-10-01,97.73001861572266,3.3276660442352295,140.67832946777344,3.8995003700256348,,459.7958679199219,0.7070674300193787,843.8731689453125
2002-10-02,97.23396301269531,3.1801958084106445,140.67832946777344,3.7261881828308105,,459.7958679199219,0.6994482278823853,838.0537719726562
2002-10-03,96.9362564086914,3.2539315223693848,140.67832946777344,3.6424221992492676,,459.7958679199219,0.7045280337333679,855.5130615234375
2002-10-04,95.74565887451172,3.247518301010132,140.67832946777344,3.463334321975708,,459.7958679199219,0.6730349659919739,855.6295166015625
2002-10-07,94.25737762451172,3.2346956729888916,140.67832946777344,3.2409186363220215,,459.7958679199219,0.675574779510498,855.5130615234375
2002-10-08,96.9362564086914,3.3501064777374268,140.67832946777344,3.2004783153533936,,459.7958679199219,0.7085915207862854,855.5130615234375
2002-10-09,97.23396301269531,3.0776100158691406,140.67832946777344,3.027167797088623,,459.7958679199219,0.6974166035652161,815.3563842773438
2002-10-10,95.24957275390625,3.2379016876220703,136.92689514160156,3.1802592277526855,,459.7958679199219,0.6974166035652161,835.143798828125
2002-10-11,96.73783874511719,3.3340766429901123,136.92689514160156,3.567319393157959,,459.7958679199219,0.7050356864929199,852.6030883789062
2002-10-14,97.73001861572266,3.295607328414917,123.79692840576172,3.151374578475952,,459.7958679199219,0.7035119533538818,852.6030883789062
2002-10-15,98.22612762451172,3.443074941635132,123.79692840576172,3.5326590538024902,,459.7958679199219,0.7136712670326233,855.5130615234375
2002-10-16,99.71440124511719,3.3372833728790283,123.79692840576172,3.3333497047424316,,459.7958679199219,0.7024961113929749,837.9955444335938
2002-10-17,101.40109252929688,3.552074909210205,133.17550659179688,3.4864413738250732,,459.7958679199219,0.7141786813735962,835.143798828125
2002-10-18,106.16358184814453,3.468721389770508,135.08865356445312,3.495107889175415,,459.7958679199219,0.71976637840271,840.9635620117188
2002-10-21,103.1870346069336,3.526427745819092,138.80264282226562,3.506662130355835,,459.7958679199219,0.7253536581993103,846.783203125
2002-10-22,107.15575408935547,3.4238405227661133,145.93032836914062,3.6741943359375,,459.7958679199219,0.7212901711463928,849.6934814453125
2002-10-23,105.86591339111328,3.574514627456665,145.93032836914062,3.6741943359375,,459.7958679199219,0.7243375778198242,931.1704711914062
2002-10-24,105.46906280517578,3.4879581928253174,145.93032836914062,3.6799724102020264,,459.85394287109375,0.7101152539253235,902.0714721679688
2002-10-25,103.48468017578125,3.3501064777374268,144.42974853515625,3.5384342670440674,,459.85394287109375,0.7024961113929749,902.0133056640625
2002-10-28,103.98077392578125,3.4206345081329346,146.3054962158203,3.6395325660705566,,459.7958679199219,0.7014802098274231,893.3416137695312
2002-10-29,102.1948471069336,3.37575364112854,146.3054962158203,3.5962066650390625,,459.7958679199219,0.7177343964576721,878.7919921875
2002-10-30,102.69093322753906,3.398192882537842,146.3054962158203,3.6222026348114014,,459.7958679199219,0.7060519456863403,919.53125
2002-10-31,103.38548278808594,3.391782760620117,148.18496704101562,3.5239925384521484,,459.7958679199219,0.7101152539253235,919.53125
2002-11-01,104.47686004638672,3.4110171794891357,148.18496704101562,3.691525936126709,,459.7958679199219,0.7258619070053101,919.53125
2002-11-04,105.5682601928711,3.471928596496582,150.056884765625,3.870614767074585,,459.7958679199219,0.7289095520973206,948.6302490234375
2002-11-05,105.5682601928711,3.478339910507202,150.056884765625,3.91972017288208,,465.61602783203125,0.7319568395614624,942.8102416992188
2002-11-06,105.5682601928711,3.6129848957061768,153.80831909179688,4.0121541023254395,,460.37774658203125,0.7416083812713623,936.9902954101562
2002-11-07,105.5682601928711,3.497575283050537,153.80831909179688,3.91972017288208,,460.37774658203125,0.7329732775688171,936.9902954101562
2002-11-08,106.06439208984375,3.4943687915802,153.80831909179688,3.7579636573791504,,460.37774658203125,0.7035119533538818,960.269775390625
2002-11-11,106.06439208984375,3.433457136154175,150.056884765625,3.7146341800689697,,462.7059326171875,0.710623025894165,951.5399169921875
2002-11-12,106.06439208984375,3.4756858348846436,151.93264770507812,3.662640333175659,,462.7059326171875,0.6979241371154785,942.8102416992188
2002-11-13,106.06439208984375,3.4107210636138916,151.93264770507812,3.6973037719726562,,462.7059326171875,0.7024961113929749,966.0892333984375
2002-11-14,106.06439208984375,3.4204652309417725,151.93264770507812,3.8590619564056396,,462.7059326171875,0.7136712670326233,963.1797485351562
2002-11-15,106.06439208984375,3.4821834564208984,151.93264770507812,3.977489948272705,,462.7059326171875,0.7126521468162537,957.302001953125
2002-11-18,106.16358184814453,3.5406532287597656,153.80831909179688,4.003486633300781,,471.4362487792969,0.7213122844696045,960.269775390625
2002-11-19,101.69876098632812,3.5016722679138184,150.056884765625,3.971714735031128,,474.3463134765625,0.7167271971702576,942.8102416992188
2002-11-20,101.69876098632812,3.605618476867676,150.056884765625,4.101696491241455,,474.3463134765625,0.7182556390762329,942.8102416992188
2002-11-21,104.17922973632812,3.6770801544189453,148.1811981201172,4.419432640075684,,474.3463134765625,0.7289528846740723,942.8102416992188
2002-11-22,107.25497436523438,3.6283576488494873,142.17889404296875,4.318337440490723,,474.3463134765625,0.7187650203704834,950.3759155273438
2002-11-25,108.64403533935547,3.5828804969787598,142.55406188964844,4.217236042022705,,474.3463134765625,0.713671088218689,936.9902954101562
2002-11-26,108.14791870117188,3.4659409523010254,140.67832946777344,4.269231796264648,,483.0765686035156,0.708577036857605,922.3245849609375
2002-11-27,108.14791870117188,3.5406532287597656,140.67832946777344,4.503199577331543,,483.0765686035156,0.7218213081359863,931.1704711914062
2002-11-28,110.23153686523438,,141.05348205566406,,,494.7170104980469,,931.1704711914062
2002-11-29,110.23153686523438,3.7290539741516113,141.05348205566406,4.477204322814941,,494.7170104980469,0.7360846400260925,925.350830078125
2002-12-02,110.23153686523438,3.7582883834838867,141.05348205566406,4.361663818359375,,494.7170104980469,0.7340467572212219,919.53125
2002-12-03,110.23153686523438,3.6705853939056396,141.05348205566406,4.3587751388549805,,494.7170104980469,0.7233496308326721,942.8102416992188
2002-12-04,109.93387603759766,3.6673359870910645,141.05348205566406,4.390550136566162,,494.7170104980469,0.7131617069244385,942.8102416992188
2002-12-05,109.93387603759766,3.6381027698516846,140.67832946777344,4.295225620269775,,494.7170104980469,0.7233496308326721,919.53125
2002-12-06,110.42994689941406,3.7355501651763916,140.67832946777344,4.231679439544678,,494.7170104980469,0.7284436225891113,919.53125
2002-12-09,110.42994689941406,3.612114191055298,140.67832946777344,4.159466743469238,,500.5370788574219,0.7182556390762329,925.350830078125
2002-12-10,111.62060546875,3.6283576488494873,140.67832946777344,4.153692245483398,,500.5370788574219,0.738631546497345,913.711181640625
2002-12-11,114.10105895996094,3.634852647781372,140.68580627441406,4.142134189605713,,500.5370788574219,0.739650309085846,924.18701171875
2002-12-12,114.10105895996094,3.5958738327026367,141.05723571777344,4.410768032073975,,500.5370788574219,0.7432161569595337,919.53125
2002-12-13,114.59715270996094,3.5633907318115234,142.55406188964844,4.468539714813232,,500.5370788574219,0.7218213081359863,913.711181640625
2002-12-16,115.58932495117188,3.615363121032715,144.42974853515625,4.624518871307373,,500.5370788574219,0.7432161569595337,955.6139526367188
2002-12-17,115.7877426147461,3.6575920581817627,148.1811981201172,4.65629243850708,,500.5370788574219,0.7406694293022156,919.53125
2002-12-18,116.58151245117188,3.5633907318115234,151.93264770507812,4.676509380340576,,500.5370788574219,0.7360846400260925,925.350830078125
2002-12-19,120.05414581298828,3.4984242916107178,152.00767517089844,4.737168788909912,,500.5370788574219,0.7299719452857971,939.900390625
2002-12-20,121.54240417480469,3.6543426513671875,154.1834716796875,4.722726345062256,,500.5370788574219,0.7202927470207214,925.350830078125
2002-12-23,122.03851318359375,3.6445977687835693,155.68399047851562,4.789163589477539,,500.5370788574219,0.7187650203704834,936.9902954101562
2002-12-24,122.7330322265625,3.683577060699463,157.55970764160156,4.760279178619385,,500.5370788574219,0.7131617069244385,919.53125
2002-12-25,122.7330322265625,,157.55970764160156,,,500.5370788574219,,919.53125
2002-12-26,122.7330322265625,3.719308376312256,157.55970764160156,4.867153167724609,,500.5370788574219,0.7269154787063599,925.350830078125
2002-12-27,122.7330322265625,3.6575920581817627,157.5559539794922,4.823825359344482,,500.5370788574219,0.7325187921524048,919.53125
2002-12-30,125.31271362304688,3.6900744438171387,153.80831909179688,4.818048477172852,,500.5370788574219,0.7421973347663879,925.350830078125
2002-12-31,124.02287292480469,3.7355501651763916,153.80831909179688,4.846933364868164,,500.5370788574219,0.7335375547409058,925.350830078125
2003-01-01,124.02287292480469,,153.80831909179688,,,500.5370788574219,,925.350830078125
2003-01-02,122.53459167480469,3.7030677795410156,157.55970764160156,5.040465354919434,,500.5370788574219,0.7615545988082886,919.53125
2003-01-03,122.53459167480469,3.794020652770996,157.1846160888672,5.086682319641113,,500.5370788574219,0.7727617025375366,919.53125
2003-01-06,122.53459167480469,3.7517917156219482,157.1846160888672,5.083792686462402,,500.5370788574219,0.7737802863121033,919.53125
2003-01-07,123.03068542480469,3.7290539741516113,155.68399047851562,4.930698394775391,,500.5370788574219,0.7936471104621887,931.1704711914062
2003-01-08,122.23694610595703,3.6868269443511963,155.68399047851562,4.803605556488037,,500.5370788574219,0.7793835997581482,931.1704711914062
2003-01-09,121.54240417480469,3.7452967166900635,155.68399047851562,4.91048002243042,,500.5370788574219,0.8048536777496338,948.6302490234375
2003-01-10,117.57366943359375,3.719308376312256,157.55970764160156,5.16756010055542,,500.5370788574219,0.7916092276573181,954.449462890625
2003-01-13,118.26820373535156,3.7128121852874756,159.43551635742188,4.997137069702148,,500.5370788574219,0.8201359510421753,972.4911499023438
2003-01-14,119.359619140625,3.748544216156006,163.56199645996094,4.904703140258789,,501.11932373046875,0.8237018585205078,987.1572875976562
2003-01-15,120.05414581298828,3.7030677795410156,165.06260681152344,4.91048002243042,,501.11932373046875,0.8074008822441101,968.9992065429688
2003-01-16,122.03851318359375,3.716060161590576,174.8912811279297,5.294652938842773,,501.11932373046875,0.8201359510421753,971.9096069335938
2003-01-17,123.03068542480469,3.6868269443511963,174.6287078857422,5.285989761352539,,501.11932373046875,0.8201359510421753,971.9096069335938
2003-01-20,121.04633331298828,,180.06825256347656,,,501.11932373046875,,974.8193969726562
2003-01-21,120.05414581298828,3.615363121032715,187.57110595703125,5.0924577713012695,,501.11932373046875,0.8114759922027588,971.9096069335938
2003-01-22,120.05414581298828,3.6023709774017334,181.9438934326172,5.268660068511963,,501.11932373046875,0.8053635358810425,977.7289428710938
2003-01-23,120.05414581298828,3.5893781185150146,187.57110595703125,5.453523635864258,,501.11932373046875,0.8053635358810425,971.9096069335938
2003-01-24,121.84008026123047,3.5893781185150146,183.8196563720703,5.3668694496154785,,523.8179931640625,0.8023070693016052,960.85205078125
2003-01-27,121.54240417480469,3.521162986755371,180.06825256347656,5.433300495147705,,523.8179931640625,0.8017975687980652,960.269775390625
2003-01-28,119.75648498535156,3.4886786937713623,179.5055389404297,5.413084506988525,,523.8179931640625,0.8074008822441101,966.1477661132812
2003-01-29,119.55803680419922,3.4594452381134033,179.5055389404297,5.444856643676758,,523.8179931640625,0.802815854549408,966.0892333984375
2003-01-30,120.351806640625,3.378237247467041,176.3168487548828,5.467965602874756,,523.8179931640625,0.8074008822441101,971.9096069335938
2003-01-31,120.351806640625,3.4269614219665527,172.56539916992188,5.421750068664551,,523.8179931640625,0.800778329372406,966.0892333984375
2003-02-03,120.55024719238281,3.4107210636138916,170.68968200683594,5.294652938842773,,523.8179931640625,0.7997599244117737,971.9096069335938
2003-02-04,121.54240417480469,3.4951775074005127,168.81394958496094,5.479519367218018,,523.8179931640625,0.8023070693016052,966.0892333984375
2003-02-05,124.51895141601562,3.4919278621673584,165.06260681152344,5.24554967880249,,535.4584350585938,0.7961940169334412,971.9096069335938
2003-02-06,124.32054138183594,3.4821834564208984,163.18690490722656,4.864265441894531,,544.188720703125,0.801287829875946,960.269775390625
2003-02-07,124.32054138183594,3.5244100093841553,168.81394958496094,4.893150806427002,,544.188720703125,0.7793835997581482,966.0892333984375
2003-02-10,123.2291259765625,3.556894540786743,168.81394958496094,4.82960319519043,,544.188720703125,0.7997599244117737,960.269775390625
2003-02-11,123.2291259765625,3.556894540786743,176.3168487548828,4.855599403381348,,544.188720703125,0.7997599244117737,954.449462890625
2003-02-12,123.42754364013672,3.5406532287597656,176.3168487548828,4.7545013427734375,,544.188720703125,0.799250602722168,966.0892333984375
2003-02-13,125.01506042480469,3.504920482635498,176.3168487548828,4.858489513397217,,544.188720703125,0.801287829875946,960.269775390625
2003-02-14,125.01506042480469,3.504920482635498,176.3168487548828,4.881597995758057,,544.188720703125,0.8090764880180359,968.9992065429688
2003-02-17,123.03068542480469,,173.31573486328125,,,544.188720703125,,960.269775390625
2003-02-18,122.23694610595703,3.5406532287597656,178.19256591796875,4.80649471282959,,544.188720703125,0.8249610662460327,960.269775390625
2003-02-19,121.84008026123047,3.6023709774017334,178.19256591796875,4.945143222808838,,544.188720703125,0.8177875280380249,954.5081176757812
2003-02-20,125.31271362304688,3.5991218090057373,178.19256591796875,4.988472938537598,,544.188720703125,0.8198366165161133,954.449462890625
2003-02-21,124.7173843383789,3.6218602657318115,178.19256591796875,4.979806423187256,,544.188720703125,0.8188121318817139,960.269775390625
2003-02-24,124.22130584716797,3.6445977687835693,180.06825256347656,4.881597995758057,,544.188720703125,0.8162500262260437,960.269775390625
2003-02-25,123.2291259765625,3.664088010787964,180.06825256347656,4.861378192901611,,552.9190063476562,0.7978036403656006,960.269775390625
2003-02-26,123.52678680419922,3.6251094341278076,180.06825256347656,4.907594203948975,,552.9190063476562,0.7926796674728394,963.1797485351562
2003-02-27,123.03068542480469,3.6381027698516846,180.06825256347656,4.930698394775391,,552.9190063476562,0.814200758934021,960.85205078125
2003-02-28,123.03068542480469,3.6478464603424072,180.06825256347656,4.916258811950684,,552.9190063476562,0.7967787981033325,977.7289428710938
2003-03-03,125.21347045898438,3.7290539741516113,180.06825256347656,4.901817321777344,,552.9190063476562,0.8136882185935974,966.0892333984375
2003-03-04,127.9916000366211,3.6251094341278076,181.5688934326172,4.896039009094238,,552.9190063476562,0.7983162999153137,966.0892333984375
2003-03-05,126.9994125366211,3.6218602657318115,180.06825256347656,4.924920558929443,,552.9190063476562,0.8121510148048401,974.8193969726562
2003-03-06,126.9994125366211,3.543900728225708,180.06825256347656,4.890262126922607,,552.9190063476562,0.8054894804954529,974.8193969726562
2003-03-07,126.80097961425781,3.5179150104522705,180.06825256347656,4.91914701461792,,552.9190063476562,0.7885808348655701,1010.3203125
2003-03-10,127.2970962524414,3.449700117111206,180.06825256347656,4.624518871307373,,552.9190063476562,0.8044650554656982,1013.8121337890625
2003-03-11,132.65487670898438,3.407471179962158,172.56539916992188,4.673623085021973,,552.9190063476562,0.8054894804954529,995.1890869140625
2003-03-12,128.98373413085938,3.349001884460449,172.56539916992188,4.693844795227051,,552.9190063476562,0.8116386532783508,995.1890869140625
2003-03-13,128.4876708984375,3.521162986755371,166.97579956054688,4.855599403381348,,552.9190063476562,0.8147129416465759,1003.9183959960938
2003-03-14,124.7173843383789,3.508169412612915,169.19407653808594,4.93936824798584,,552.9190063476562,0.7803822755813599,1018.4677734375
2003-03-17,124.51895141601562,3.5958738327026367,169.19407653808594,4.98269510269165,,552.9190063476562,0.7865312695503235,1018.4677734375
2003-03-18,122.23694610595703,3.6088671684265137,169.19407653808594,5.1040143966674805,,550.0088500976562,0.7957539558410645,1017.8860473632812
2003-03-19,123.03068542480469,3.7387986183166504,169.19407653808594,5.002915859222412,,550.0088500976562,0.8070272207260132,1018.4677734375
2003-03-20,124.02287292480469,3.6381027698516846,169.19407653808594,4.945143222808838,,552.9190063476562,0.7983162999153137,1030.1075439453125
2003-03-21,122.33617401123047,3.7258052825927734,169.19407653808594,5.052019119262695,,552.9190063476562,0.7942172288894653,1018.4677734375
2003-03-24,118.06975555419922,3.5471489429473877,169.19407653808594,4.82960319519043,,552.9190063476562,0.7926796674728394,1018.4677734375
2003-03-25,117.07760620117188,3.6575920581817627,169.19407653808594,4.855599403381348,,552.9190063476562,0.7998529672622681,1015.499755859375
2003-03-26,112.31513214111328,3.6543426513671875,169.19407653808594,4.904703140258789,,552.9190063476562,0.7819190621376038,1006.8280029296875
2003-03-27,117.07760620117188,3.612114191055298,169.19407653808594,4.742947101593018,,550.0088500976562,0.769622266292572,1006.8280029296875
2003-03-28,115.29165649414062,3.592625617980957,169.19407653808594,5.00869083404541,,550.0088500976562,0.7711590528488159,1006.8280029296875
2003-03-31,115.09321594238281,3.605618476867676,169.19407653808594,4.924920558929443,,550.0088500976562,0.7481011748313904,1006.8280029296875
2003-04-01,115.94654083251953,3.6023709774017334,169.19786071777344,4.922036170959473,,550.0088500976562,0.7624486684799194,1001.0083618164062
2003-04-02,119.06196594238281,3.664088010787964,180.47369384765625,5.057797431945801,,544.188720703125,0.7752582430839539,1030.1075439453125
2003-04-03,121.84008026123047,3.673832654953003,196.26519775390625,5.011579513549805,,550.0088500976562,0.738878071308136,1029.2928466796875
2003-04-04,123.03068542480469,3.6705853939056396,206.41688537597656,5.028911113739014,,550.0088500976562,0.7409276366233826,1024.345947265625
2003-04-07,127.9916000366211,3.7647860050201416,214.31248474121094,5.1126790046691895,,550.0088500976562,0.7778201103210449,1027.1978759765625
2003-04-08,126.60254669189453,3.6900744438171387,233.1118621826172,5.225330352783203,,550.0088500976562,0.7860186696052551,1033.017578125
2003-04-09,125.01506042480469,3.6543426513671875,244.39157104492188,5.32931661605835,,550.0088500976562,0.7691095471382141,1047.5670166015625
2003-04-10,125.01506042480469,3.5991218090057373,278.23040771484375,5.3668694496154785,,552.9190063476562,0.7691095471382141,1055.71484375
2003-04-11,126.00724029541016,3.664088010787964,270.7106018066406,5.36686897277832,,552.9190063476562,0.7614235281944275,1056.296875
2003-04-14,124.0824203491211,3.732302665710449,251.53533935546875,5.311717987060547,,552.9190063476562,0.7757706046104431,1067.93603515625
2003-04-15,126.00724029541016,3.7550394535064697,244.39157104492188,5.4133100509643555,,552.9190063476562,0.7762830853462219,1064.4442138671875
2003-04-16,125.01506042480469,3.7290539741516113,244.76747131347656,5.4220170974731445,,552.9190063476562,0.7916550040245056,1065.0262451171875
2003-04-17,125.01506042480469,3.7680344581604004,255.92271423339844,5.273985385894775,,552.9190063476562,0.79729163646698,1062.698486328125
2003-04-18,125.01506042480469,,255.92271423339844,,,552.9190063476562,,1062.698486328125
2003-04-21,125.01506042480469,3.797267436981201,263.4499206542969,5.305912971496582,,552.9190063476562,0.800365686416626,1062.1165771484375
2003-04-22,126.40411376953125,3.852490186691284,270.6007385253906,5.276890277862549,,552.9190063476562,0.8126632571220398,1059.20654296875
2003-04-23,124.02287292480469,3.7810275554656982,289.7948913574219,5.352360248565674,,552.9190063476562,0.8111261129379272,1067.93603515625
2003-04-24,124.02287292480469,3.5958738327026367,319.8997497558594,5.137563705444336,,552.9190063476562,0.7952417731285095,1065.0849609375
2003-04-25,124.02287292480469,3.508169412612915,312.1881408691406,5.030170440673828,,538.3684692382812,0.7824321389198303,1062.1165771484375
2003-04-28,125.01506042480469,3.5958738327026367,314.2579650878906,5.050487995147705,,538.3684692382812,0.7983162999153137,1063.8624267578125
2003-04-29,123.2291259765625,3.673832654953003,327.39288330078125,5.067901134490967,,538.3684692382812,0.7978036403656006,1076.6658935546875
2003-04-30,124.91582489013672,3.6218602657318115,344.36663818359375,5.0243635177612305,,538.3684692382812,0.8013907074928284,1076.6658935546875
2003-05-01,124.22130584716797,3.6608381271362305,344.36663818359375,5.242059230804443,,538.3684692382812,0.803952693939209,1076.6658935546875
2003-05-02,124.02287292480469,3.6413493156433105,357.53912353515625,5.279788970947266,,538.3684692382812,0.8049773573875427,1094.1258544921875
2003-05-05,124.02287292480469,3.6770801544189453,376.3568420410156,5.276890277862549,,538.3684692382812,0.8065146803855896,1111.5850830078125
2003-05-06,124.02287292480469,3.699819803237915,368.82977294921875,5.282693386077881,,538.3684692382812,0.8044650554656982,1099.945556640625
2003-05-07,119.08325958251953,3.5276598930358887,350.01190185546875,5.207225799560547,,538.950439453125,0.7993410229682922,1107.9150390625
2003-05-08,119.08325958251953,3.5601422786712646,357.53912353515625,5.311717987060547,,538.3684692382812,0.7942172288894653,1107.8551025390625
2003-05-09,120.33363342285156,3.6543426513671875,366.947998046875,5.375576019287109,,535.4584350585938,0.808564305305481,1113.9036865234375
2003-05-12,121.56414794921875,3.673832654953003,368.82977294921875,5.511998176574707,,529.63818359375,0.8121510148048401,1113.9036865234375
2003-05-13,123.05270385742188,3.6381027698516846,380.1204833984375,5.58746337890625,,529.63818359375,0.8075389862060547,1122.8865966796875
2003-05-14,121.46492004394531,3.5796310901641846,395.1748046875,5.52360725402832,,523.8179931640625,0.7875556945800781,1131.8701171875
2003-05-15,121.46492004394531,3.556894540786743,413.9677734375,5.607782363891602,,523.8179931640625,0.7860186696052551,1134.86474609375
2003-05-16,121.46492004394531,3.5406532287597656,400.7360534667969,5.747102737426758,,523.8179931640625,0.7793572545051575,1119.8927001953125
2003-05-19,120.27408599853516,3.550396680831909,396.95538330078125,5.660029411315918,,539.5907592773438,0.7793572545051575,1095.9375
2003-05-20,120.27408599853516,3.556894540786743,393.175048828125,5.799351215362549,,539.6547241210938,0.7778201103210449,1062.9998779296875
2003-05-21,124.04507446289062,3.5601422786712646,393.175048828125,5.996725559234619,,539.6547241210938,0.7793572545051575,1062.9998779296875
2003-05-22,122.06035614013672,3.6478464603424072,419.638671875,5.964798927307129,,552.9190063476562,0.781407356262207,1089.9490966796875
2003-05-23,121.06800079345703,3.6705853939056396,413.9677734375,6.05768346786499,,552.9190063476562,0.7831107974052429,1098.931884765625
2003-05-26,121.06800079345703,,413.9677734375,,,552.9190063476562,,1101.92626953125
2003-05-27,122.06035614013672,3.673832654953003,408.2969055175781,6.353744029998779,,552.9190063476562,0.8109866976737976,1107.9150390625
2003-05-28,123.05270385742188,3.699819803237915,413.9299621582031,6.205710411071777,,552.9190063476562,0.8109866976737976,1119.8927001953125
2003-05-29,123.64811706542969,3.6933228969573975,419.638671875,6.391479969024658,,558.7392578125,0.8176978230476379,1143.84765625
2003-05-30,124.04507446289062,3.7355501651763916,396.95538330078125,6.371159553527832,,558.7392578125,0.8197627067565918,1143.84765625
2003-06-02,125.03741455078125,3.7680344581604004,404.5164794921875,6.603365898132324,,558.7392578125,0.8233763575553894,1167.8023681640625
2003-06-03,125.03741455078125,3.7550394535064697,385.61376953125,6.652709484100342,,558.7392578125,0.807889461517334,1146.8419189453125
2003-06-04,125.03741455078125,3.816758632659912,378.0528259277344,6.664321422576904,,596.5706176757812,0.8362814784049988,1149.83642578125
2003-06-05,126.02977752685547,3.8362483978271484,396.9175109863281,6.728179931640625,,596.5706176757812,0.8285381197929382,1191.7572021484375
2003-06-06,126.02977752685547,3.8135106563568115,396.95538330078125,6.707858562469482,,596.5706176757812,0.8182142972946167,1191.7572021484375
2003-06-09,127.02215576171875,3.7615363597869873,395.0652160644531,6.623684406280518,,596.5706176757812,0.8094378113746643,1185.7686767578125
2003-06-10,126.02977752685547,3.916210889816284,391.28460693359375,6.675928592681885,,596.5706176757812,0.8115026950836182,1212.7178955078125
2003-06-11,125.03741455078125,3.9655749797821045,413.5897216796875,6.806549072265625,,596.5706176757812,0.8135679364204407,1216.311279296875
2003-06-12,125.03741455078125,3.9524104595184326,410.1871032714844,6.858792781829834,,640.2219848632812,0.8120192885398865,1227.689697265625
2003-06-13,125.53361511230469,3.9655749797821045,427.199462890625,6.815254211425781,,640.2219848632812,0.8006621599197388,1224.695556640625
2003-06-16,121.32601928710938,4.047848701477051,427.199462890625,7.061972141265869,,640.2219848632812,0.8151165246963501,1224.695556640625
2003-06-17,132.97634887695312,4.041265487670898,451.7731018066406,7.233223915100098,,640.2219848632812,0.8156334757804871,1227.689697265625
2003-06-18,129.40379333496094,3.9655749797821045,459.33404541015625,7.401574611663818,,640.2219848632812,0.8259567618370056,1224.695556640625
2003-06-19,126.02977752685547,3.9458296298980713,453.6631164550781,7.070676803588867,,640.2219848632812,0.807889461517334,1227.689697265625
2003-06-20,125.03741455078125,3.942537784576416,472.5660400390625,7.0822930335998535,,640.2219848632812,0.8197627067565918,1209.723388671875
2003-06-23,125.03741455078125,3.886592149734497,453.2852783203125,6.855889320373535,,640.2219848632812,0.8238921761512756,1197.746337890625
2003-06-24,120.07561492919922,3.860264778137207,446.1026306152344,6.992311000823975,,640.2219848632812,0.8202790021896362,1179.77978515625
2003-06-25,122.3580551147461,3.8306467533111572,442.3216247558594,6.94877290725708,,640.2219848632812,0.8027267456054688,1173.7911376953125
2003-06-26,122.25881958007812,3.8174827098846436,438.5412292480469,7.076484680175781,,611.1209716796875,0.8104708790779114,1173.7911376953125
2003-06-27,121.06800079345703,3.7845728397369385,461.2243347167969,7.015533924102783,,611.1209716796875,0.7898216247558594,1179.77978515625
2003-06-30,122.06035614013672,3.814192533493042,465.00518798828125,7.111317157745361,,611.1209716796875,0.7898216247558594,1197.746337890625
2003-07-01,121.06800079345703,3.777991771697998,453.2852783203125,6.980700969696045,,611.1209716796875,0.8011784553527832,1209.723388671875
2003-07-02,122.65575408935547,3.8109004497528076,459.33404541015625,7.061972141265869,,611.1209716796875,0.8197627067565918,1221.7008056640625
2003-07-03,122.06035614013672,3.7878637313842773,459.2965393066406,7.0358476638793945,,611.1209716796875,0.8223440647125244,1221.760498046875
2003-07-04,123.05270385742188,,457.4439392089844,,,611.1209716796875,,1215.7120361328125
2003-07-07,121.46492004394531,3.9458296298980713,453.6631164550781,7.11422061920166,,611.1209716796875,0.831635594367981,1218.70703125
2003-07-08,122.06035614013672,3.9129199981689453,453.6631164550781,7.0997090339660645,,611.1209716796875,0.8373141884803772,1221.7008056640625
2003-07-09,126.12902069091797,3.9227936267852783,449.88275146484375,7.180980682373047,,611.1209716796875,0.8342167735099792,1221.7008056640625
2003-07-10,127.02215576171875,3.9721567630767822,435.138671875,7.230320930480957,,611.1209716796875,0.838346004486084,1233.0797119140625
2003-07-11,128.0145263671875,3.949120044708252,434.7608337402344,7.241973400115967,,611.1209716796875,0.8388630151748657,1239.667236328125
2003-07-14,132.97634887695312,4.008357524871826,442.3216247558594,7.13710355758667,,611.1209716796875,0.8445414900779724,1227.689697265625
2003-07-15,133.43283081054688,3.8701372146606445,435.138671875,6.965228080749512,,611.1209716796875,0.8491870760917664,1227.689697265625
2003-07-16,133.53201293945312,3.9524104595184326,438.5412292480469,6.877838134765625,,611.1209716796875,0.8466067314147949,1221.7008056640625
2003-07-17,132.97634887695312,3.975447177886963,438.5412292480469,7.140017986297607,,611.1209716796875,0.8595120310783386,1211.2205810546875
2003-07-18,132.97634887695312,4.021521091461182,438.5412292480469,7.282760143280029,,625.67138671875,0.8610601425170898,1215.7120361328125
2003-07-21,132.97634887695312,3.903047561645508,437.218017578125,7.311891555786133,,625.67138671875,0.8873880505561829,1212.7178955078125
2003-07-22,129.99920654296875,4.024810791015625,438.5412292480469,7.262368679046631,,625.67138671875,0.8930665254592896,1227.6300048828125
2003-07-23,132.77784729003906,4.047848701477051,438.5412292480469,7.547851085662842,,625.67138671875,0.8853234052658081,1226.492431640625
2003-07-24,130.99156188964844,4.199230670928955,449.88275146484375,7.652719974517822,,625.67138671875,0.8734490871429443,1233.6787109375
2003-07-25,133.6709442138672,4.376941680908203,452.151123046875,8.037251472473145,,625.67138671875,0.8724170327186584,1257.633544921875
2003-07-28,133.9687042236328,4.327579021453857,445.3463134765625,7.938204765319824,,640.8040161132812,0.8672547340393066,1257.633544921875
2003-07-29,134.4251251220703,4.304539680480957,446.1026306152344,7.8653788566589355,,648.9522705078125,0.8600276708602905,1275.5997314453125
2003-07-30,136.9060821533203,4.232141017913818,449.88275146484375,7.719725131988525,,648.9522705078125,0.8620929718017578,1275.5997314453125
2003-07-31,142.10604858398438,4.278213977813721,449.8450622558594,7.804203510284424,,648.9522705078125,0.8491870760917664,1298.95556640625
2003-08-01,142.89991760253906,4.327579021453857,453.2852783203125,7.807117462158203,,669.3230590820312,0.8424762487411499,1317.52099609375
2003-08-04,140.9152069091797,4.248595237731934,450.6387634277344,7.815857887268066,,669.3230590820312,0.8393787741661072,1317.52099609375
2003-08-05,143.69378662109375,4.265049457550049,449.88275146484375,7.705160617828369,,669.3230590820312,0.867771565914154,1311.531982421875
2003-08-06,141.51060485839844,4.357197284698486,452.151123046875,7.716813087463379,,669.3230590820312,0.8806768655776978,1316.921875
2003-08-07,143.8922576904297,4.357197284698486,468.7476806640625,7.632332801818848,,669.3230590820312,0.8698360323905945,1324.108642578125
2003-08-08,142.9991912841797,4.376941680908203,479.7491149902344,8.037251472473145,,704.244140625,0.8801604509353638,1356.447509765625
2003-08-11,145.2815704345703,4.396686553955078,483.9073486328125,8.273215293884277,,721.7047119140625,0.8929095268249512,1395.3736572265625
2003-08-12,144.8845977783203,4.393396854400635,483.9073486328125,8.112992286682129,,721.7047119140625,0.8986330628395081,1389.3853759765625
2003-08-13,146.8693389892578,4.436178684234619,483.9073486328125,8.252820014953613,,721.7047119140625,0.8975916504859924,1395.3736572265625
2003-08-14,146.8693389892578,4.478959083557129,472.5660400390625,8.418868064880371,,733.3451538085938,0.9184059500694275,1413.340087890625
2003-08-15,150.04486083984375,4.505288124084473,472.5660400390625,8.357691764831543,,733.3451538085938,0.910601019859314,1413.340087890625
2003-08-18,146.8693389892578,4.6467976570129395,453.6631164550781,8.249908447265625,,737.4192504882812,0.9267314672470093,1443.2843017578125
2003-08-19,145.8770294189453,4.613889217376709,449.5048522949219,8.59365463256836,,744.985595703125,0.9064385294914246,1488.1993408203125
2003-08-20,145.8770294189453,4.607307434082031,444.2120056152344,8.59365463256836,,744.985595703125,0.9100809097290039,1482.2108154296875
2003-08-21,147.8616943359375,4.577688217163086,436.65093994140625,8.456738471984863,,744.985595703125,0.9308940172195435,1476.2222900390625
2003-08-22,148.45709228515625,4.541487216949463,430.9800109863281,7.9469451904296875,,744.985595703125,0.9079994559288025,1449.3328857421875
2003-08-25,148.45709228515625,4.498705863952637,427.199462890625,7.862467288970947,,744.985595703125,0.8819817900657654,1425.3177490234375
2003-08-26,147.12730407714844,4.49541711807251,427.199462890625,8.284866333007812,,747.953857421875,0.8923892974853516,1425.3177490234375
2003-08-27,147.6631622314453,4.548069477081299,438.5412292480469,8.657747268676758,,750.8640747070312,0.8923892974853516,1479.2161865234375
2003-08-28,147.8616943359375,4.6467976570129395,441.9436950683594,8.739309310913086,,750.8640747070312,0.895510733127594,1467.238525390625
2003-08-29,154.80821228027344,4.696162223815918,442.3216247558594,8.739309310913086,,756.6259765625,0.889786958694458,1473.2275390625
2003-09-01,158.876953125,,442.35955810546875,,,756.6259765625,,1467.238525390625
2003-09-02,170.78524780273438,4.72578239440918,449.88275146484375,8.81505012512207,,760.1181030273438,0.9111210107803345,1467.238525390625
2003-09-03,176.6402130126953,4.738944053649902,449.5048522949219,8.791746139526367,,768.2662963867188,0.9184059500694275,1473.287841796875
2003-09-04,178.4263916015625,4.7455267906188965,441.9436950683594,8.96362018585205,,768.2662963867188,0.9152837991714478,1473.2275390625
2003-09-05,174.7547149658203,4.804763317108154,446.1026306152344,8.876225471496582,,768.2662963867188,0.9220483303070068,1476.2222900390625
2003-09-08,181.30421447753906,4.847546100616455,449.88275146484375,8.949052810668945,,768.2662963867188,0.9298542141914368,1549.10498046875
2003-09-09,180.01416015625,4.893619060516357,446.1026306152344,9.074316024780273,,768.2662963867188,0.944423496723175,1539.103515625
2003-09-10,182.01278686523438,4.74881649017334,438.5412292480469,9.053926467895508,,768.2662963867188,0.944423496723175,1539.103515625
2003-09-11,180.92103576660156,4.775145530700684,438.5412292480469,9.11509895324707,,768.2662963867188,0.9418213367462158,1536.1092529296875
2003-09-12,182.6082000732422,4.752107620239258,432.87042236328125,9.179190635681152,,768.2662963867188,0.9600335359573364,1545.0924072265625
2003-09-15,186.57797241210938,4.752107620239258,434.7608337402344,9.28697395324707,,768.2662963867188,0.9912539720535278,1527.1260986328125
2003-09-16,184.19618225097656,4.804763317108154,434.7608337402344,9.260757446289062,,768.2662963867188,0.9860510230064392,1545.0924072265625
2003-09-17,183.6006317138672,4.811345100402832,434.7608337402344,9.231624603271484,,768.2662963867188,1.0141493082046509,1539.103515625
2003-09-18,188.56280517578125,4.840961933135986,434.7608337402344,9.543325424194336,,768.2662963867188,1.027678370475769,1539.103515625
2003-09-19,175.5619659423828,4.804763317108154,434.7608337402344,9.81424617767334,,768.2662963867188,1.0510934591293335,1539.103515625
2003-09-22,182.6082000732422,4.775145530700684,430.9800109863281,9.956989288330078,,768.2662963867188,1.0682649612426758,1527.1260986328125
2003-09-23,182.6082000732422,4.791598320007324,427.199462890625,9.962813377380371,,774.0867309570312,1.1161365509033203,1539.103515625
2003-09-24,183.20364379882812,4.788309097290039,415.8201599121094,9.994857788085938,,774.0867309570312,1.1905454397201538,1533.1151123046875
2003-09-25,179.33319091796875,4.7224884033203125,412.0775451660156,9.598675727844238,,774.0867309570312,1.1728535890579224,1545.0924072265625
2003-09-26,177.64608764648438,4.62376070022583,422.284912109375,9.386018753051758,,785.7269897460938,1.1515196561813354,1575.0360107421875
2003-09-29,177.904052734375,4.729071140289307,419.6763610839844,9.732682228088379,,768.2662963867188,1.1515196561813354,1581.0247802734375
2003-09-30,177.24905395507812,4.666545867919922,412.0775451660156,9.642372131347656,,768.2662963867188,1.150999665260315,1587.0133056640625
2003-10-01,172.88233947753906,4.709325313568115,408.2969055175781,9.99194622039795,,768.2662963867188,1.1463162899017334,1595.9969482421875
2003-10-02,172.4854278564453,4.771852970123291,406.4067077636719,10.411431312561035,,768.2662963867188,1.1577633619308472,1598.99072265625
2003-10-03,175.66116333007812,4.8870368003845215,427.199462890625,9.83754825592041,,785.7269897460938,1.2025139331817627,1616.9571533203125
2003-10-06,177.64608764648438,5.005509853363037,438.5412292480469,10.198772430419922,,785.7269897460938,1.2019928693771362,1616.9571533203125
2003-10-07,176.65365600585938,5.0022196769714355,436.65093994140625,10.612431526184082,,785.7269897460938,1.2009525299072266,1634.92333984375
2003-10-08,177.50706481933594,4.979181289672852,449.88275146484375,10.89500617980957,,785.7269897460938,1.2254085540771484,1640.9122314453125
2003-10-09,174.37103271484375,5.166764736175537,480.50518798828125,10.4842529296875,,785.7269897460938,1.256629228591919,1646.9010009765625
2003-10-10,177.64608764648438,5.18651008605957,506.212646484375,10.475499153137207,,785.7269897460938,1.2852483987808228,1664.86767578125
2003-10-13,182.6082000732422,5.377386093139648,510.3713073730469,11.030375480651855,,785.7269897460938,1.305541753768921,1670.8555908203125
2003-10-14,182.6082000732422,5.3609299659729,514.151611328125,10.846392631530762,,785.7269897460938,1.3024194240570068,1706.7879638671875
2003-10-15,182.6082000732422,5.426749229431152,510.4090576171875,10.860989570617676,,756.6259765625,1.3789100646972656,1730.7432861328125
2003-10-16,183.6006317138672,5.469532012939453,521.7128295898438,10.922319412231445,,756.6259765625,1.3986830711364746,1781.647216796875
2003-10-17,183.6006317138672,5.43991231918335,533.054443359375,10.665326118469238,,756.6259765625,1.3554942607879639,1781.647216796875
2003-10-20,183.6006317138672,5.423458576202393,540.615478515625,10.671165466308594,,771.2346801757812,1.3554942607879639,1793.6251220703125
2003-10-21,186.57797241210938,5.535350322723389,548.2141723632812,11.08586311340332,,785.7269897460938,1.430944800376892,1784.64208984375
2003-10-22,187.57040405273438,5.476112365722656,549.3168334960938,10.910640716552734,,785.7269897460938,1.3414455652236938,1763.6815185546875
2003-10-23,187.57040405273438,5.318149089813232,541.7400512695312,10.825949668884277,,785.7269897460938,1.2529869079589844,1724.7550048828125
2003-10-24,186.57797241210938,5.2062578201293945,528.4805297851562,10.828866958618164,,785.7269897460938,1.2670358419418335,1688.822021484375
2003-10-27,184.59310913085938,5.2589111328125,526.5865478515625,10.910640716552734,,785.7269897460938,1.304500937461853,1675.048095703125
2003-10-28,185.58551025390625,5.3609299659729,522.7979736328125,10.969049453735352,,785.7269897460938,1.3789100646972656,1631.869140625
2003-10-29,184.9900665283203,5.222711563110352,519.0098266601562,11.08586311340332,,785.7269897460938,1.5089960098266602,1634.8037109375
2003-10-30,193.52499389648438,5.456368923187256,515.2210693359375,11.228963851928711,,785.7269897460938,1.5610296726226807,1581.0247802734375
2003-10-31,208.01461791992188,5.423458576202393,519.0098266601562,11.316575050354004,,785.7269897460938,1.4808974266052246,1557.129638671875
2003-11-03,207.41920471191406,5.377386093139648,536.0574340820312,11.3107328414917,,785.7269897460938,1.5402164459228516,1563.058837890625
2003-11-04,211.6865997314453,5.423458576202393,511.4329833984375,11.988269805908203,,800.8594970703125,1.6885149478912354,1539.103515625
2003-11-05,206.02969360351562,5.304986000061035,498.1734924316406,11.684547424316406,,820.6481323242188,1.821202039718628,1503.17138671875
2003-11-06,204.83877563476562,5.43662166595459,498.1734924316406,11.59401798248291,,820.6481323242188,1.8113155364990234,1515.149169921875
2003-11-07,196.5022735595703,5.479405403137207,511.4329833984375,11.973662376403809,,820.6481323242188,1.8951555490493774,1497.1826171875
2003-11-10,191.5401611328125,5.48937463760376,503.8560485839844,11.383746147155762,,826.4685668945312,1.8152343034744263,1503.17138671875
2003-11-11,195.6091766357422,5.34981107711792,503.8560485839844,11.237724304199219,,826.4685668945312,1.7901597023010254,1526.52783203125
2003-11-12,195.47018432617188,5.466114521026611,522.7979736328125,11.783841133117676,,826.4685668945312,1.8993340730667114,1593.0025634765625
2003-11-13,194.5769805908203,5.48937463760376,536.0574340820312,11.818886756896973,,826.4685668945312,1.956272840499878,1598.99072265625
2003-11-14,195.5098876953125,5.34649133682251,526.5865478515625,11.532684326171875,,826.4685668945312,1.914483904838562,1610.968994140625
2003-11-17,194.5174560546875,5.240157604217529,507.64459228515625,11.264006614685059,,826.4685668945312,1.8836634159088135,1568.98779296875
2003-11-18,194.477783203125,5.326552391052246,501.9617919921875,11.731273651123047,,826.4685668945312,1.9578399658203125,1527.1260986328125
2003-11-19,194.08084106445312,5.359782695770264,500.0676574707031,12.014551162719727,,826.4685668945312,1.8951555490493774,1527.1260986328125
2003-11-20,189.75375366210938,5.223544120788574,492.49090576171875,11.842245101928711,,826.4685668945312,1.8335164785385132,1503.17138671875
2003-11-21,186.67718505859375,5.210252285003662,492.49090576171875,11.86853313446045,,826.4685668945312,1.8836634159088135,1503.17138671875
2003-11-24,189.55528259277344,5.167055130004883,494.3849792480469,12.03207778930664,,826.4685668945312,1.8962007761001587,1503.17138671875
2003-11-25,188.6223907470703,5.309938907623291,500.8255615234375,12.388360977172852,,826.4685668945312,1.9123941659927368,1503.17138671875
2003-11-26,188.3643341064453,5.393009185791016,515.2210693359375,12.452611923217773,,814.8280639648438,1.9494823217391968,1521.13720703125
2003-11-27,191.5401611328125,,526.5865478515625,,,814.8280639648438,,1533.1151123046875
2003-11-28,189.55528259277344,5.466114521026611,530.3750610351562,12.712526321411133,,785.7269897460938,1.9823920726776123,1557.0697021484375
2003-12-01,188.76129150390625,5.545863151550293,537.9514770507812,13.068814277648926,,785.7269897460938,2.2373080253601074,1587.0133056640625
2003-12-02,190.94473266601562,5.555830001831055,526.5865478515625,13.185628890991211,,785.7269897460938,2.2514121532440186,1581.0247802734375
2003-12-03,192.0959014892578,5.725297451019287,522.7979736328125,13.12723159790039,,814.8280639648438,2.2461886405944824,1557.0697021484375
2003-12-04,193.92193603515625,5.705361843109131,522.7979736328125,12.919876098632812,,814.8280639648438,2.2033536434173584,1578.0306396484375
2003-12-05,194.3189697265625,5.675455093383789,519.0098266601562,13.217757225036621,,814.8280639648438,2.199174404144287,1581.0247802734375
2003-12-08,190.54766845703125,5.75187873840332,519.0098266601562,13.503958702087402,,814.8280639648438,2.2973804473876953,1581.0247802734375
2003-12-09,194.77549743652344,5.761847496032715,507.64459228515625,13.352097511291504,,814.8280639648438,2.3187971115112305,1557.0697021484375
2003-12-10,194.5174560546875,5.731942653656006,507.64459228515625,12.519781112670898,,814.8280639648438,2.223724603652954,1545.0924072265625
2003-12-11,192.13560485839844,5.708681106567383,501.9617919921875,13.109702110290527,,814.8280639648438,2.264993667602539,1515.149169921875
2003-12-12,184.59310913085938,5.795075416564941,500.0676574707031,13.062978744506836,,814.8280639648438,2.371556043624878,1515.149169921875
2003-12-15,195.1129150390625,5.854887962341309,500.0676574707031,13.13306999206543,,840.4367065429688,2.3590195178985596,1509.1600341796875
2003-12-16,194.3189697265625,5.768494129180908,496.2792663574219,12.893592834472656,,840.4367065429688,2.3558855056762695,1497.1826171875
2003-12-17,195.5098876953125,5.795075416564941,492.49090576171875,13.112631797790527,,829.37841796875,2.3261101245880127,1494.1881103515625
2003-12-18,196.5022735595703,5.914699554443359,500.0676574707031,12.709612846374512,,843.9290771484375,2.3475277423858643,1491.19384765625
2003-12-19,198.9833984375,5.937960147857666,498.1734924316406,12.052519798278809,,843.9290771484375,2.2566349506378174,1437.2947998046875
2003-12-22,203.94561767578125,5.898086071014404,498.1734924316406,11.553128242492676,,843.9290771484375,2.398198127746582,1449.2725830078125
2003-12-23,207.22061157226562,5.851564884185791,503.8560485839844,11.582334518432617,,843.9290771484375,2.3861823081970215,1473.2275390625
2003-12-24,210.7933807373047,6.07087516784668,509.53863525390625,11.740034103393555,,843.9290771484375,2.38722825050354,1482.2108154296875
2003-12-25,210.7933807373047,,509.53863525390625,,,843.9290771484375,,1482.2108154296875
2003-12-26,210.7933807373047,6.07087516784668,515.2210693359375,12.166409492492676,,785.7269897460938,2.4436421394348145,1488.1993408203125
2003-12-29,208.61009216308594,6.080841064453125,526.5865478515625,12.294915199279785,,785.7269897460938,2.5517737865448,1467.238525390625
2003-12-30,209.40402221679688,6.094132423400879,526.5865478515625,12.315354347229004,,785.7269897460938,2.5115509033203125,1485.1451416015625
2003-12-31,209.40402221679688,6.067551612854004,526.5865478515625,12.303669929504395,,785.7269897460938,2.4634933471679688,1485.1451416015625
2004-01-01,209.40402221679688,,526.5865478515625,,,785.7269897460938,,1485.1451416015625
2004-01-02,210.39645385742188,6.173882961273193,520.9039916992188,12.239419937133789,,785.7269897460938,2.564832925796509,1479.2161865234375
2004-01-05,214.9616241455078,6.3799004554748535,521.6616821289062,12.835189819335938,,785.7269897460938,2.6379635334014893,1473.287841796875
2004-01-06,220.71778869628906,6.3799004554748535,524.6923217773438,12.572354316711426,,785.7269897460938,2.530879497528076,1456.4591064453125
2004-01-07,218.33595275878906,6.150622367858887,530.3750610351562,12.586953163146973,,785.7269897460938,2.546027421951294,1464.2442626953125
2004-01-08,216.35104370117188,6.21375846862793,537.9514770507812,12.776775360107422,,785.7269897460938,2.5857274532318115,1464.2442626953125
2004-01-09,214.3662109375,6.024354934692383,532.2689208984375,12.981210708618164,,785.7269897460938,2.538191795349121,1443.34423828125
2004-01-12,211.38888549804688,6.0642290115356445,541.7400512695312,12.528539657592773,,785.7269897460938,2.507371664047241,1457.05810546875
2004-01-13,209.40402221679688,5.9811577796936035,534.1632080078125,11.753947257995605,,785.7269897460938,2.530357599258423,1436.696044921875
2004-01-14,212.38134765625,6.167236804962158,536.0574340820312,11.35197925567627,,785.7269897460938,2.549161195755005,1467.238525390625
2004-01-15,209.5032501220703,5.937960147857666,530.3750610351562,10.521627426147461,,785.7269897460938,2.358497142791748,1467.238525390625
2004-01-16,215.3585968017578,5.834951400756836,530.3750610351562,10.577374458312988,,814.8280639648438,2.364765167236328,1461.250732421875
2004-01-19,216.35104370117188,,526.5865478515625,,,814.8280639648438,,1455.26123046875
2004-01-20,217.44271850585938,6.0110626220703125,526.5865478515625,11.296228408813477,,814.8280639648438,2.5857274532318115,1431.3067626953125
2004-01-21,229.3519744873047,6.080841064453125,522.7979736328125,11.363710403442383,,829.37841796875,2.5517737865448,1431.3067626953125
2004-01-22,231.8330841064453,6.077520847320557,524.6748046875,11.445869445800781,,829.37841796875,2.5596094131469727,1443.2843017578125
2004-01-23,227.6648712158203,6.0974578857421875,532.3731689453125,11.137786865234375,,829.37841796875,2.481776237487793,1443.2843017578125
2004-01-26,236.1005096435547,6.0974578857421875,524.7130737304688,11.158326148986816,,829.37841796875,2.541848659515381,1425.3177490234375
2004-01-27,239.9710235595703,6.001094341278076,524.7130737304688,11.372514724731445,,829.37841796875,2.4614038467407227,1437.2947998046875
2004-01-28,234.31414794921875,5.79840087890625,524.7130737304688,10.905996322631836,,829.37841796875,2.3668549060821533,1431.3067626953125
2004-01-29,235.8027801513672,5.59902811050415,524.7130737304688,10.53336238861084,,829.37841796875,2.2043979167938232,1431.3067626953125
2004-01-30,237.9861297607422,5.682098388671875,536.2032470703125,10.81503963470459,,829.37841796875,2.293200731277466,1397.7694091796875
2004-02-02,240.76502990722656,5.67877721786499,534.2880249023438,10.489355087280273,,829.37841796875,2.1291775703430176,1397.7694091796875
2004-02-03,241.16197204589844,5.635579586029053,534.2880249023438,10.709409713745117,,829.37841796875,2.1861157417297363,1431.3067626953125
2004-02-04,231.53529357910156,5.675455093383789,534.2880249023438,10.539231300354004,,841.0188598632812,2.018956422805786,1377.408203125
2004-02-05,229.8481903076172,5.815013408660889,536.2032470703125,10.885453224182129,,841.0188598632812,1.981868863105774,1365.4306640625
2004-02-06,226.67234802246094,5.874825477600098,547.6929321289062,11.583765983581543,,841.0188598632812,2.0006744861602783,1366.6878662109375
2004-02-09,230.44369506835938,5.991125106811523,557.268310546875,11.6453857421875,,843.9290771484375,2.09887957572937,1353.4530029296875
2004-02-10,225.2829132080078,6.034323692321777,574.5033569335938,11.618973731994629,,843.9290771484375,2.0894768238067627,1334.8280029296875
2004-02-11,221.90867614746094,6.187175273895264,574.5033569335938,12.243937492370605,,843.9290771484375,2.1923835277557373,1365.4306640625
2004-02-12,229.252685546875,6.273568630218506,574.5033569335938,12.246875762939453,,849.7490844726562,2.184025287628174,1377.408203125
2004-02-13,233.2224578857422,6.230372428894043,574.5033569335938,12.088434219360352,,873.030029296875,2.1364893913269043,1413.340087890625
2004-02-16,233.02394104003906,,587.9083862304688,,,873.030029296875,,1437.2947998046875
2004-02-17,234.21490478515625,6.416450500488281,610.8885498046875,12.52853775024414,,873.030029296875,2.182981491088867,1461.250732421875
2004-02-18,243.14678955078125,6.29018497467041,645.3584594726562,12.103103637695312,,873.030029296875,2.2043979167938232,1485.2052001953125
2004-02-19,248.7044677734375,6.625793933868408,651.103759765625,12.414111137390137,,873.030029296875,2.1434130668640137,1482.2108154296875
2004-02-20,249.69686889648438,6.416450500488281,645.3584594726562,12.01214599609375,,873.030029296875,2.0635015964508057,1485.2052001953125
2004-02-23,243.64297485351562,6.2968292236328125,681.7440185546875,11.821429252624512,,931.2320556640625,2.062450647354126,1527.1260986328125
2004-02-24,239.37557983398438,6.2702460289001465,670.2537841796875,12.04442024230957,,919.5917358398438,2.0698111057281494,1497.1826171875
2004-02-25,246.1241455078125,6.2370171546936035,666.4242553710938,11.950529098510742,,919.5917358398438,1.9925276041030884,1497.1826171875
2004-02-26,243.3452911376953,6.3466715812683105,662.5939331054688,12.217530250549316,,919.5917358398438,2.0493075847625732,1503.231689453125
2004-02-27,242.5513458251953,6.3499932289123535,666.4242553710938,12.513875007629395,,919.5917358398438,1.987270474433899,1497.1826171875
2004-03-01,245.13172912597656,6.556013107299805,689.4042358398438,12.997992515563965,,919.5917358398438,2.1029305458068848,1497.1826171875
2004-03-02,249.10145568847656,6.506170272827148,727.7042846679688,12.44345474243164,,919.5917358398438,2.0345864295959473,1563.058837890625
2004-03-03,243.14678955078125,6.280216217041016,754.5143432617188,12.37890625,,919.5917358398438,1.997786521911621,1557.0697021484375
2004-03-04,233.4208984375,6.243664264678955,762.1743774414062,12.52853775024414,,931.8138427734375,2.0282773971557617,1539.103515625
2004-03-05,232.2300262451172,6.376580238342285,788.9847412109375,12.710454940795898,,931.8138427734375,2.013556957244873,1515.149169921875
2004-03-08,232.62696838378906,6.246987342834473,788.9847412109375,12.466927528381348,,931.8138427734375,1.988848090171814,1482.2108154296875
2004-03-09,226.27540588378906,6.260276794433594,846.434814453125,12.408246994018555,,932.39599609375,1.936274528503418,1515.149169921875
2004-03-10,220.32077026367188,5.984480381011963,869.4151000976562,11.944663047790527,,932.39599609375,1.9010499715805054,1527.1260986328125
2004-03-11,208.11383056640625,5.834951400756836,865.5845947265625,12.123640060424805,,960.333251953125,1.9205026626586914,1497.1826171875
2004-03-12,213.17526245117188,5.997771739959717,850.264892578125,12.305551528930664,,960.333251953125,1.9441601037979126,1485.2052001953125
2004-03-15,208.41156005859375,5.951251983642578,840.6897583007812,11.888915061950684,,948.692626953125,1.935748815536499,1479.2161865234375
2004-03-16,209.5032501220703,6.0476155281066895,903.8853149414062,11.906516075134277,,931.2320556640625,1.9636120796203613,1467.238525390625
2004-03-17,212.38134765625,6.190498352050781,953.29248046875,12.141241073608398,,931.2320556640625,2.022493600845337,1467.238525390625
2004-03-18,208.41156005859375,6.230372428894043,938.3551025390625,12.311424255371094,,931.2320556640625,2.0203912258148193,1449.2725830078125
2004-03-19,211.98439025878906,6.160592555999756,938.3551025390625,12.308484077453613,,931.2320556640625,2.0288033485412598,1437.2947998046875
2004-03-22,206.02969360351562,6.027679443359375,884.7348022460938,11.777419090270996,,931.2320556640625,1.9925276041030884,1383.396728515625
2004-03-23,204.04483032226562,6.084165573120117,919.204833984375,11.428263664245605,,931.2320556640625,1.9636120796203613,1400.164794921875
2004-03-24,195.5098876953125,5.834951400756836,896.2250366210938,11.146589279174805,,931.2320556640625,1.9099880456924438,1407.3515625
2004-03-25,204.4418487548828,5.9811577796936035,934.1422119140625,11.246350288391113,,931.2320556640625,1.9578293561935425,1437.2947998046875
2004-03-26,207.41920471191406,6.037643909454346,919.204833984375,11.319700241088867,,961.4970703125,2.0214436054229736,1455.26123046875
2004-03-29,207.02212524414062,6.107425212860107,919.204833984375,11.431191444396973,,960.333251953125,2.073490619659424,1485.2052001953125
2004-03-30,205.4342803955078,6.207112789154053,934.525390625,11.525087356567383,,960.333251953125,2.1055610179901123,1497.1826171875
2004-03-31,205.4342803955078,6.240341663360596,941.8025512695312,11.469341278076172,,960.333251953125,2.1265902519226074,1497.1826171875
2004-04-01,206.82366943359375,6.35331916809082,991.9757080078125,11.569098472595215,,989.4340209960938,2.1265902519226074,1491.19384765625
2004-04-02,217.74044799804688,6.4397125244140625,1026.4462890625,11.648322105407715,,989.4340209960938,2.200192451477051,1497.1826171875
2004-04-05,214.3662109375,6.359963417053223,1045.5958251953125,11.343172073364258,,989.4340209960938,2.1886255741119385,1488.1993408203125
2004-04-06,207.22061157226562,6.29018497467041,1049.4261474609375,11.49868392944336,,989.4340209960938,2.187049388885498,1479.2161865234375
2004-04-07,209.20550537109375,6.363286018371582,1043.68115234375,11.328499794006348,,989.4340209960938,2.1328988075256348,1449.2725830078125
2004-04-08,212.38134765625,6.2968292236328125,1037.9361572265625,11.225811004638672,,989.4340209960938,2.113447427749634,1449.2725830078125
2004-04-09,212.38134765625,,1037.9361572265625,,,989.4340209960938,,1449.2725830078125
2004-04-12,212.38134765625,6.376580238342285,1034.10595703125,11.099648475646973,,989.4340209960938,2.084530830383301,1437.2347412109375
2004-04-13,209.80096435546875,6.182129383087158,1045.5958251953125,10.51855754852295,,989.4340209960938,1.9883226156234741,1419.3289794921875
2004-04-14,201.66302490234375,6.034618377685547,1034.10595703125,10.371077537536621,,989.4340209960938,1.9462635517120361,1428.3115234375
2004-04-15,196.5022735595703,6.031264305114746,1018.7478637695312,10.409418106079102,,989.4340209960938,1.9546746015548706,1416.334716796875
2004-04-16,201.66302490234375,6.111724853515625,1014.955810546875,10.586400985717773,,989.4340209960938,1.997786521911621,1413.340087890625
2004-04-19,203.44940185546875,6.078199863433838,995.8056030273438,10.441866874694824,,989.4340209960938,1.9746533632278442,1395.3736572265625
2004-04-20,205.4342803955078,5.944095611572266,991.9757080078125,9.907975196838379,,989.4340209960938,1.8821227550506592,1377.408203125
2004-04-21,194.12051391601562,5.7664103507995605,991.9757080078125,9.533363342285156,,989.4340209960938,1.7964295148849487,1353.4530029296875
2004-04-22,194.3189697265625,5.9575066566467285,988.1459350585938,10.04955768585205,,989.4340209960938,1.8137787580490112,1389.3853759765625
2004-04-23,197.4947509765625,6.004444122314453,992.1298217773438,9.613004684448242,,989.4340209960938,1.7964295148849487,1389.3853759765625
2004-04-26,200.6705780029297,5.880398750305176,980.5932006835938,9.672000885009766,,989.4340209960938,1.6224117279052734,1407.3515625
2004-04-27,200.86903381347656,5.900513648986816,990.5914306640625,9.37997817993164,,989.4340209960938,1.6208345890045166,1401.3028564453125
2004-04-28,195.1129150390625,5.622251033782959,972.9022216796875,8.701554298400879,,989.4340209960938,1.5009679794311523,1389.3853759765625
2004-04-29,188.56280517578125,5.4646806716918945,915.2202758789062,8.795941352844238,,989.4340209960938,1.503596544265747,1353.4530029296875
2004-04-30,186.57797241210938,5.501559734344482,857.8049926757812,8.9965238571167,,989.4340209960938,1.5262031555175781,1347.4644775390625
2004-05-03,186.57797241210938,5.514969825744629,865.4986572265625,8.993572235107422,,989.4340209960938,1.503596544265747,1365.4306640625
2004-05-04,188.56280517578125,5.716123104095459,942.4312744140625,9.13220500946045,,989.4340209960938,1.6061139106750488,1377.408203125
2004-05-05,192.92959594726562,5.7697649002075195,919.3516235351562,8.999471664428711,,989.4340209960938,1.5745700597763062,1374.4132080078125
2004-05-06,188.3643341064453,5.588724136352539,930.8917846679688,8.745803833007812,,989.4340209960938,1.5666835308074951,1365.4306640625
2004-05-07,183.6006317138672,5.4445648193359375,923.1983642578125,8.439033508300781,,989.4340209960938,1.461538314819336,1368.5322265625
2004-05-10,176.85211181640625,5.327225685119629,884.7318725585938,8.624865531921387,,989.4340209960938,1.4620633125305176,1325.5126953125
2004-05-11,176.65365600585938,5.431155204772949,913.9662475585938,8.663209915161133,,960.333251953125,1.4715269804000854,1374.6690673828125
2004-05-12,174.49539184570312,5.431155204772949,877.0380859375,8.595367431640625,,960.333251953125,1.4562801122665405,1362.395751953125
2004-05-13,179.45835876464844,5.3741607666015625,862.4207763671875,8.377091407775879,,945.7825927734375,1.4531255960464478,1380.8065185546875
2004-05-14,173.89984130859375,5.367457866668701,865.4986572265625,8.503924369812012,,945.7825927734375,1.436828374862671,1362.395751953125
2004-05-17,169.333984375,5.263525009155273,884.7318725585938,8.433133125305176,,931.2320556640625,1.4229899644851685,1350.121826171875
2004-05-18,165.95924377441406,5.407687664031982,880.185791015625,8.787092208862305,,931.2320556640625,1.4835997819900513,1374.6690673828125
2004-05-19,178.26715087890625,5.578667640686035,901.3724365234375,9.105660438537598,,931.2320556640625,1.4911082983016968,1368.5322265625
2004-05-20,175.88499450683594,5.4646806716918945,905.224609375,8.972925186157227,,931.2320556640625,1.471799612045288,1350.121826171875
2004-05-21,178.6642303466797,5.60548734664917,905.224609375,9.506816864013672,,931.2320556640625,1.5924831628799438,1350.121826171875
2004-05-24,179.45835876464844,5.615546226501465,905.224609375,9.453721046447754,,931.2320556640625,1.603747010231018,1337.847900390625
2004-05-25,178.6642303466797,5.69935941696167,885.9644775390625,9.695601463317871,,931.2320556640625,1.70565664768219,1337.847900390625
2004-05-26,177.87020874023438,5.729535102844238,885.9644775390625,9.866678237915039,,931.2320556640625,1.6627475023269653,1350.121826171875
2004-05-27,179.65682983398438,5.806641578674316,909.0768432617188,9.907975196838379,,931.2320556640625,1.6815205812454224,1380.8065185546875
2004-05-28,178.6642303466797,5.78317403793335,909.0768432617188,9.919771194458008,,931.2320556640625,1.6724023818969727,1377.79931640625
2004-05-31,178.6642303466797,,897.5203857421875,,,931.2320556640625,,1372.2147216796875
2004-06-01,179.25979614257812,5.773117542266846,905.224609375,9.71329402923584,,931.2320556640625,1.7002936601638794,1356.2589111328125
2004-06-02,177.47317504882812,5.645718574523926,912.9287719726562,9.716242790222168,,931.2320556640625,1.6718666553497314,1362.395751953125
2004-06-03,172.51031494140625,5.514969825744629,897.9052734375,9.285592079162598,,931.2320556640625,1.6091103553771973,1361.16796875
2004-06-04,171.91468811035156,5.608841896057129,893.6681518554688,9.415376663208008,,931.2320556640625,1.617691993713379,1340.9163818359375
2004-06-07,180.4508514404297,5.8636369705200195,893.6681518554688,9.74278736114502,,931.2320556640625,1.6831284761428833,1340.9163818359375
2004-06-08,181.4434356689453,5.796584606170654,905.224609375,9.704446792602539,,931.2320556640625,1.6976113319396973,1347.11474609375
2004-06-09,180.4508514404297,5.571963310241699,924.4845581054688,9.161706924438477,,931.2320556640625,1.6616744995117188,1362.395751953125
2004-06-10,175.88499450683594,5.685949325561523,939.8927001953125,9.335736274719238,,931.2320556640625,1.7432029247283936,1368.5322265625
2004-06-11,179.45835876464844,,939.8927001953125,,,931.2320556640625,,1396.149169921875
2004-06-14,176.2821044921875,5.558553218841553,928.3366088867188,8.908034324645996,,931.2320556640625,1.7233576774597168,1390.01171875
2004-06-15,178.06869506835938,5.69935941696167,916.7803955078125,9.10270881652832,,931.2320556640625,1.7732408046722412,1436.038818359375
2004-06-16,176.4805450439453,5.632308006286621,924.4845581054688,9.23544692993164,,931.2320556640625,1.8526220321655273,1472.92138671875
2004-06-17,179.65682983398438,5.692653656005859,916.7803955078125,9.350482940673828,,931.2320556640625,1.8349229097366333,1503.6064453125
2004-06-18,181.6419677734375,5.759705066680908,916.7803955078125,9.592357635498047,,931.2320556640625,2.0650253295898438,1534.842529296875
2004-06-21,181.8404541015625,5.7764692306518555,920.6321411132812,9.415376663208008,,931.2320556640625,2.073070764541626,1521.9554443359375
2004-06-22,182.43603515625,5.69600772857666,912.9287719726562,9.536310195922852,,931.2320556640625,2.0703887939453125,1521.9554443359375
2004-06-23,184.91748046875,5.753000259399414,918.7064819335938,9.739838600158691,,931.2320556640625,2.0800437927246094,1558.776611328125
2004-06-24,187.89524841308594,5.833463191986084,936.0408325195312,9.937472343444824,,931.2320556640625,2.1245620250701904,1558.776611328125
2004-06-25,189.2848663330078,5.8636369705200195,955.3008422851562,10.014165878295898,,931.2320556640625,2.162108898162842,1561.845458984375
2004-06-28,191.66705322265625,5.8167009353637695,955.3008422851562,9.77818775177002,,931.2320556640625,2.153526544570923,1561.845458984375
2004-06-29,188.88787841796875,5.78317403793335,951.4487915039062,9.571707725524902,,931.2320556640625,2.1803441047668457,1583.3243408203125
2004-06-30,186.7041015625,5.873692989349365,957.2267456054688,9.77818775177002,,919.5917358398438,2.2168171405792236,1589.4617919921875
2004-07-01,186.60487365722656,5.866988182067871,951.4487915039062,9.58646011352539,,919.5917358398438,2.204481601715088,1583.3243408203125
2004-07-02,187.2003936767578,5.934038162231445,961.078857421875,9.73099136352539,,919.5917358398438,2.196972131729126,1577.1878662109375
2004-07-05,188.4908447265625,,959.152587890625,,,919.5917358398438,,1555.708740234375
2004-07-06,188.4908447265625,6.017856121063232,961.078857421875,9.595307350158691,,919.5917358398438,2.215208053588867,1555.708740234375
2004-07-07,192.560302734375,6.1687188148498535,982.2648315429688,10.247184753417969,,931.2320556640625,2.245244026184082,1570.43701171875
2004-07-08,195.33958435058594,6.111724853515625,968.7828369140625,10.329777717590332,,931.2320556640625,2.1615710258483887,1561.845458984375
2004-07-09,197.72174072265625,6.208949565887451,982.2648315429688,10.50380802154541,,931.2320556640625,2.1208081245422363,1556.3223876953125
2004-07-12,198.8136444091797,6.232418060302734,980.3386840820312,10.338626861572266,,931.2320556640625,2.134216547012329,1571.05078125
2004-07-13,198.51577758789062,6.255887031555176,982.2648315429688,10.231830596923828,,931.2320556640625,2.1079349517822266,1595.5987548828125
2004-07-14,196.62997436523438,6.17877721786499,993.8212890625,10.445426940917969,,931.2320556640625,2.1883907318115234,1585.7794189453125
2004-07-15,198.51577758789062,6.212303161621094,989.9686889648438,10.605623245239258,,931.2320556640625,2.1749801635742188,1587.62060546875
2004-07-16,200.30250549316406,6.292762279510498,982.2648315429688,10.67978572845459,,931.2320556640625,2.1953628063201904,1583.3243408203125
2004-07-19,198.51577758789062,6.296117305755615,963.0047607421875,10.483992576599121,,948.692626953125,2.164254665374756,1564.913330078125
2004-07-20,194.34703063964844,6.229065418243408,982.2648315429688,10.323796272277832,,948.692626953125,2.164254665374756,1564.913330078125
2004-07-21,194.5455322265625,6.084904193878174,982.2648315429688,9.938138008117676,,989.4340209960938,2.117589235305786,1571.05078125
2004-07-22,188.58999633789062,6.048027038574219,981.4422607421875,10.092395782470703,,1018.53515625,2.088625192642212,1577.1878662109375
2004-07-23,185.8108367919922,5.920629978179932,981.4422607421875,9.896597862243652,,1047.635986328125,2.0478603839874268,1571.05078125
2004-07-26,188.19300842285156,5.934038162231445,973.6842041015625,9.688939094543457,,1047.635986328125,1.95292329788208,1555.708740234375
2004-07-27,187.59742736816406,5.987680435180664,977.5632934570312,9.795733451843262,,1047.635986328125,2.033914566040039,1589.4617919921875
2004-07-28,191.56777954101562,6.027911186218262,977.5632934570312,9.899565696716309,,1047.635986328125,2.0408883094787598,1583.3243408203125
2004-07-29,196.33212280273438,6.088258266448975,995.873046875,10.208093643188477,,1047.635986328125,2.071998357772827,1583.3243408203125
2004-07-30,198.51577758789062,6.195539951324463,999.6749877929688,10.338628768920898,,1047.635986328125,2.098816156387329,1583.3243408203125
2004-08-02,199.5084228515625,6.188835144042969,1016.3550415039062,10.368295669555664,,1047.635986328125,2.1132988929748535,1580.2568359375
2004-08-03,199.11138916015625,6.279355525970459,1031.872314453125,10.062728881835938,,1047.635986328125,2.081115245819092,1564.913330078125
2004-08-04,197.82107543945312,6.229065418243408,1043.510009765625,9.846171379089355,,1047.635986328125,2.028015375137329,1558.776611328125
2004-08-05,198.91285705566406,6.1720733642578125,1035.7513427734375,9.641477584838867,,1018.53515625,2.0258703231811523,1558.776611328125
2004-08-06,196.03433227539062,6.232418060302734,1041.570556640625,9.513911247253418,,1018.53515625,1.9395142793655396,1558.776611328125
2004-08-09,192.560302734375,6.212303161621094,1051.268310546875,9.386344909667969,,1047.635986328125,1.9405876398086548,1555.708740234375
2004-08-10,196.23292541503906,6.276002407073975,1051.3072509765625,9.804635047912598,,1047.635986328125,2.0623433589935303,1555.708740234375
2004-08-11,192.560302734375,6.188835144042969,1053.2081298828125,9.558409690856934,,1047.635986328125,2.0079047679901123,1552.6402587890625
2004-08-12,195.24029541015625,6.229065418243408,1078.4227294921875,9.392280578613281,,1047.635986328125,2.0024337768554688,1595.5987548828125
2004-08-13,196.72915649414062,6.296117305755615,1074.543701171875,9.582141876220703,,1056.3665771484375,2.0358080863952637,1580.2568359375
2004-08-16,199.80616760253906,6.433570861816406,1078.384033203125,9.828368186950684,,1056.3665771484375,2.1031031608581543,1583.3243408203125
2004-08-17,199.21070861816406,6.389989852905273,1097.8189697265625,10.03603458404541,,1056.3665771484375,2.152890920639038,1607.872314453125
2004-08-18,195.53807067871094,6.3598151206970215,1124.9735107421875,10.234795570373535,,1091.28759765625,2.1556265354156494,1637.2679443359375
2004-08-19,200.20323181152344,6.483859539031982,1121.0941162109375,10.561124801635742,,1091.28759765625,2.199394941329956,1632.419677734375
2004-08-20,198.8136444091797,6.5039753913879395,1115.2750244140625,10.750986099243164,,1094.19775390625,2.254105806350708,1653.2855224609375
2004-08-23,197.82107543945312,6.4704484939575195,1105.5771484375,10.656050682067871,,1114.568115234375,2.218543767929077,1681.5150146484375
2004-08-24,195.73658752441406,6.296117305755615,1078.4227294921875,10.501790046691895,,1114.568115234375,2.3525867462158203,1690.7210693359375
2004-08-25,195.53807067871094,6.2827067375183105,1117.2152099609375,10.718356132507324,,1114.568115234375,2.327967643737793,1730.6103515625
2004-08-26,195.53807067871094,6.296117305755615,1124.9735107421875,10.837013244628906,,1105.8380126953125,2.32413649559021,1742.271240234375
2004-08-27,196.53062438964844,6.329641819000244,1129.24072265625,11.041712760925293,,1100.0177001953125,2.3684520721435547,1761.2950439453125
2004-08-30,196.53062438964844,6.185479640960693,1129.24072265625,11.056544303894043,,1117.478515625,2.3564162254333496,1736.7474365234375
2004-08-31,198.11878967285156,6.27264928817749,1163.7657470703125,11.163342475891113,,1117.478515625,2.4346539974212646,1718.33642578125
2004-09-01,197.72174072265625,6.306516647338867,1214.195556640625,11.198945999145508,,1117.478515625,2.418240547180176,1693.78857421875
2004-09-02,198.51577758789062,6.360708713531494,1229.7122802734375,11.207847595214844,,1117.478515625,2.4286344051361084,1681.5150146484375
2004-09-03,202.98236083984375,6.265872478485107,1299.5386962890625,11.083247184753418,,1117.478515625,2.4368412494659424,1712.2001953125
2004-09-06,205.7616729736328,,1353.847900390625,,,1117.478515625,,1739.8154296875
2004-09-07,205.66238403320312,6.218454837799072,1284.409423828125,11.195979118347168,,1164.0399169921875,2.5014021396636963,1718.33642578125
2004-09-08,207.05198669433594,6.208296298980713,1317.770751953125,11.095109939575195,,1164.0399169921875,2.5139856338500977,1687.0384521484375
2004-09-09,206.05943298339844,6.221843242645264,1367.4248046875,11.216741561889648,,1164.0399169921875,2.5331344604492188,1666.17333984375
2004-09-10,208.9379119873047,6.235393047332764,1435.31103515625,11.246403694152832,,1169.8602294921875,2.470763921737671,1699.926025390625
2004-09-13,208.44163513183594,6.242166996002197,1439.9656982421875,11.071378707885742,,1170.4423828125,2.4614615440368652,1718.33642578125
2004-09-14,209.63272094726562,6.333612442016602,1454.7071533203125,11.23157787322998,,1181.50048828125,2.4904580116271973,1733.679443359375
2004-09-15,209.54998779296875,6.232003688812256,1443.0699462890625,11.012043952941895,,1181.50048828125,2.4806113243103027,1733.0655517578125
2004-09-16,207.46539306640625,6.384418487548828,1481.861328125,11.109946250915527,,1181.50048828125,2.451066017150879,1736.7474365234375
2004-09-17,212.82568359375,6.563925266265869,1481.861328125,11.041712760925293,,1181.50048828125,2.382676839828491,1736.7474365234375
2004-09-20,210.24484252929688,6.5707011222839355,1540.050048828125,11.083247184753418,,1181.50048828125,2.4341065883636475,1736.7474365234375
2004-09-21,210.641845703125,6.712953090667725,1559.252197265625,11.51043701171875,,1181.50048828125,2.527662992477417,1761.2950439453125
2004-09-22,215.40663146972656,6.682473182678223,1532.2913818359375,11.587569236755371,,1181.50048828125,2.565959930419922,1745.953369140625
2004-09-23,215.2080535888672,6.770531177520752,1551.687744140625,11.53713321685791,,1181.50048828125,2.528757333755493,1755.1583251953125
2004-09-24,216.39930725097656,6.706181049346924,1590.479736328125,11.807098388671875,,1222.241943359375,2.582374334335327,1758.2264404296875
2004-09-27,216.0022430419922,6.668919563293457,1666.125,11.97026252746582,,1239.70263671875,2.6381800174713135,1755.1583251953125
2004-09-28,221.5610809326172,7.007617473602295,1683.58203125,12.444914817810059,,1239.70263671875,2.745961904525757,1745.953369140625
2004-09-29,224.93612670898438,7.075358867645264,1881.4205322265625,11.827863693237305,,1268.8035888671875,2.7005505561828613,1791.9801025390625
2004-09-30,224.53907775878906,7.027942180633545,1823.2333984375,12.014761924743652,,1280.4439697265625,2.8263862133026123,1801.1851806640625
2004-10-01,227.71560668945312,7.173577308654785,1862.0244140625,11.896092414855957,,1280.4439697265625,2.890946388244629,1813.459228515625
2004-10-04,222.355224609375,7.156642913818359,1900.8172607421875,11.955425262451172,,1338.6461181640625,2.93635630607605,1896.306396484375
2004-10-05,224.73757934570312,7.32599401473999,1842.6292724609375,11.937625885009766,,1367.7467041015625,2.9084537029266357,1893.8526611328125
2004-10-06,226.12733459472656,7.400505065917969,1881.4205322265625,12.163084983825684,,1338.6461181640625,2.9598817825317383,1862.5538330078125
2004-10-07,232.28179931640625,7.353087425231934,1881.4205322265625,12.192752838134766,,1338.6461181640625,2.9325270652770996,1884.0335693359375
2004-10-08,233.2744598388672,7.383573532104492,1814.3109130859375,12.456788063049316,,1338.6461181640625,2.9073596000671387,1896.306396484375
2004-10-11,229.8994140625,7.370022296905518,1814.3109130859375,12.207588195800781,,1338.6461181640625,2.8592138290405273,1896.306396484375
2004-10-12,226.3258514404297,7.261641025543213,1784.44091796875,11.89016342163086,,1338.6461181640625,2.82419753074646,1902.68994140625
2004-10-13,211.634521484375,6.909397125244141,1727.2611083984375,10.866230010986328,,1338.6461181640625,2.511249542236328,1902.444091796875
2004-10-14,214.0168914794922,6.9161696434021,1699.75732421875,10.872196197509766,,1338.6461181640625,2.5249266624450684,1865.6220703125
2004-10-15,212.2301025390625,6.950039386749268,1730.170654296875,11.027432441711426,,1338.6461181640625,2.6069936752319336,1865.6220703125
2004-10-18,211.4359588623047,6.875528335571289,1784.44091796875,10.776671409606934,,1338.6461181640625,2.539152145385742,1890.1702880859375
2004-10-19,206.86976623535156,6.740049362182617,1846.3927001953125,10.418447494506836,,1338.6461181640625,2.4368412494659424,1865.37744140625
2004-10-20,204.8844757080078,6.797627925872803,1815.5523681640625,10.725924491882324,,1338.6461181640625,2.4598207473754883,1847.333984375
2004-10-21,207.86241149902344,7.004230499267578,1860.663818359375,10.851302146911621,,1338.6461181640625,2.5123419761657715,1853.41015625
2004-10-22,205.48007202148438,6.922944068908691,1905.8538818359375,10.66025161743164,,1338.6461181640625,2.391977548599243,1920.855224609375
2004-10-25,203.89178466796875,7.011005878448486,1858.73876953125,10.98265552520752,,1338.6461181640625,2.396355390548706,1873.0487060546875
2004-10-26,205.8771209716797,7.119387626647949,1858.6998291015625,11.05728530883789,,1280.4439697265625,2.466933488845825,1902.444091796875
2004-10-27,207.26683044433594,7.156642913818359,1858.6600341796875,11.075191497802734,,1280.4439697265625,2.4384841918945312,1918.0933837890625
2004-10-28,198.33291625976562,6.8619794845581055,1817.242431640625,10.466206550598145,,1280.4439697265625,2.306081533432007,1926.992431640625
2004-10-29,198.13436889648438,7.000844478607178,1784.0369873046875,10.812496185302734,,1274.6239013671875,2.362433910369873,1926.992431640625
2004-11-01,201.31088256835938,7.061809539794922,1784.0369873046875,10.6781587600708,,1274.6239013671875,2.406203508377075,1926.992431640625
2004-11-02,200.51683044433594,7.007617473602295,1808.400390625,10.445313453674316,,1280.4439697265625,2.4072978496551514,1933.1290283203125
2004-11-03,202.1050262451172,7.2108378410339355,1787.9656982421875,10.80055046081543,,1280.4439697265625,2.454897403717041,1926.992431640625
2004-11-04,204.48739624023438,7.339540004730225,1847.970947265625,11.3737211227417,,1338.6461181640625,2.561037063598633,1915.332275390625
2004-11-05,206.0756378173828,7.23115873336792,1874.4176025390625,11.502079963684082,,1338.6461181640625,2.518362283706665,1933.1290283203125
2004-11-08,206.86976623535156,7.132935523986816,1846.5169677734375,11.308043479919434,,1361.9267578125,2.4902284145355225,1933.1290283203125
2004-11-09,206.86976623535156,7.23115873336792,1833.15673828125,11.681196212768555,,1361.9267578125,2.5437088012695312,1936.1968994140625
2004-11-10,214.81106567382812,7.370022296905518,1787.9656982421875,11.340880393981934,,1338.6461181640625,2.5253264904022217,1933.1290283203125
2004-11-11,216.2007598876953,7.4513092041015625,1776.6099853515625,11.600598335266113,,1338.6461181640625,2.574350357055664,1926.992431640625
2004-11-12,217.78900146484375,7.485177040100098,1767.92529296875,12.054350852966309,,1338.6461181640625,2.6712844371795654,1951.53955078125
2004-11-15,218.38461303710938,7.512275218963623,1768.318359375,11.833441734313965,,1332.82568359375,2.6529011726379395,1945.4638671875
2004-11-16,215.60516357421875,7.397119998931885,1787.9656982421875,11.779712677001953,,1332.82568359375,2.5960772037506104,1945.4027099609375
2004-11-17,224.34051513671875,7.62404727935791,1788.398681640625,11.94986343383789,,1321.1854248046875,2.632289171218872,1960.6219482421875
2004-11-18,220.36988830566406,7.532594203948975,1856.7344970703125,11.642388343811035,,1321.1854248046875,2.610003709793091,2039.85009765625
2004-11-19,221.9581298828125,7.718879699707031,1856.7344970703125,11.678213119506836,,1321.1854248046875,2.568221092224121,2039.85009765625
2004-11-22,220.36988830566406,7.607109069824219,1827.2618408203125,11.627461433410645,,1321.1854248046875,2.571564197540283,2031.319091796875
2004-11-23,218.98016357421875,7.905161380767822,1854.77001953125,11.525964736938477,,1321.1854248046875,2.5342392921447754,2043.347412109375
2004-11-24,221.36256408691406,7.989835262298584,1846.9100341796875,11.800606727600098,,1338.6461181640625,2.6083335876464844,2049.730712890625
2004-11-25,225.3331756591797,,1858.6998291015625,,,1338.6461181640625,,2049.730712890625
2004-11-26,226.72283935546875,8.230308532714844,1917.17138671875,12.111068725585938,,1338.6461181640625,2.6595873832702637,2098.825927734375
2004-11-29,227.3184356689453,8.179506301879883,1958.4322509765625,12.128982543945312,,1338.6461181640625,2.6829848289489746,2135.6474609375
2004-11-30,227.3184356689453,8.047412872314453,1992.304931640625,11.681196212768555,,1338.6461181640625,2.6473300457000732,2197.01611328125
2004-12-01,228.3111572265625,8.10499382019043,2023.7425537109375,11.576711654663086,,1338.6461181640625,2.6289453506469727,2177.3779296875
2004-12-02,224.34051513671875,7.932258605957031,2003.7012939453125,11.164751052856445,,1338.6461181640625,2.533125162124634,2163.26220703125
2004-12-03,218.38461303710938,8.074511528015137,1984.800048828125,11.161768913269043,,1332.82568359375,2.582149028778076,2131.351318359375
2004-12-06,216.2007598876953,7.922095775604248,1972.6572265625,11.04235553741455,,1309.5450439453125,2.559866189956665,2144.852783203125
2004-12-07,214.41395568847656,7.708718299865723,1956.938232421875,10.80055046081543,,1309.5450439453125,2.4857723712921143,2098.825927734375
2004-12-08,211.2374725341797,7.586787223815918,1956.938232421875,10.743829727172852,,1309.5450439453125,2.418362617492676,2098.825927734375
2004-12-09,209.4507293701172,7.535985946655273,1893.672607421875,10.967728614807129,,1312.4549560546875,2.44566011428833,2074.278564453125
2004-12-10,212.62718200683594,7.532594203948975,1937.2913818359375,10.928918838500977,,1309.5450439453125,2.4857723712921143,2098.825927734375
2004-12-13,216.2007598876953,7.749361038208008,1947.114990234375,11.212518692016602,,1251.3427734375,2.5431525707244873,2129.51025390625
2004-12-14,216.0022430419922,7.749361038208008,1956.938232421875,11.15579891204834,,1178.59033203125,2.5058276653289795,2147.921142578125
2004-12-15,211.2374725341797,7.773070812225342,1960.4757080078125,11.278192520141602,,1178.59033203125,2.5565242767333984,2147.921142578125
2004-12-16,209.05361938476562,7.776458740234375,1984.21044921875,11.194049835205078,,1213.5118408203125,2.5609793663024902,2132.578369140625
2004-12-17,210.04629516601562,7.891613483428955,1984.8397216796875,11.30223560333252,,1210.6015625,2.5899486541748047,2129.51025390625
2004-12-20,214.21543884277344,7.989835262298584,2002.71875,11.20907211303711,,1210.6015625,2.5877201557159424,2112.32666015625
2004-12-21,218.58309936523438,8.084671020507812,2043.350830078125,11.464503288269043,,1210.6015625,2.61891770362854,2114.167724609375
2004-12-22,220.96554565429688,7.97628927230835,2051.681884765625,11.404403686523438,,1204.78125,2.594405174255371,2105.27001953125
2004-12-23,221.9581298828125,8.020318984985352,2047.3197021484375,11.359326362609863,,1204.78125,2.602762460708618,2117.23583984375
2004-12-24,221.36256408691406,,2043.3902587890625,,,1204.78125,,2120.244140625
2004-12-27,221.36256408691406,8.040640830993652,2043.3902587890625,11.4074068069458,,1196.0511474609375,2.6022050380706787,2110.42431640625
2004-12-28,221.36256408691406,8.176118850708008,2035.5303955078125,11.449481010437012,,1175.68017578125,2.641202211380005,2129.51025390625
2004-12-29,222.75230407714844,8.128702163696289,2043.3902587890625,11.530617713928223,,1175.68017578125,2.6512293815612793,2119.69140625
2004-12-30,221.5610809326172,8.06773567199707,2043.3902587890625,11.479536056518555,,1280.4439697265625,2.6155757904052734,2111.099365234375
2004-12-31,222.55368041992188,8.135476112365723,2043.3902587890625,11.48854923248291,,1280.4439697265625,2.6300604343414307,2111.099365234375
2005-01-03,222.55368041992188,7.97967529296875,2023.7425537109375,11.182031631469727,,1280.4439697265625,2.573793888092041,2117.23583984375
2005-01-04,212.62718200683594,7.6714630126953125,1984.446533203125,10.740270614624023,,1280.4439697265625,2.439532518386841,2092.320068359375
2005-01-05,211.634521484375,7.6951727867126465,1953.0086669921875,10.617064476013184,,1222.241943359375,2.4055490493774414,2074.278564453125
2005-01-06,216.5977783203125,7.779844284057617,1878.7008056640625,10.60204029083252,,1222.241943359375,2.4088919162750244,2049.730712890625
2005-01-07,218.98016357421875,7.773070812225342,1858.6998291015625,10.70421314239502,,1219.331787109375,2.462374210357666,2049.730712890625
2005-01-10,219.3772430419922,7.779844284057617,1856.7344970703125,10.647114753723145,,1219.331787109375,2.412233591079712,2050.037109375
2005-01-11,218.78163146972656,7.874680995941162,1825.297607421875,10.686185836791992,,1166.949951171875,2.415020227432251,2024.568359375
2005-01-12,218.78163146972656,8.0067720413208,1821.2108154296875,10.834478378295898,,1166.949951171875,2.40499210357666,2006.2191162109375
2005-01-13,217.39193725585938,7.945808410644531,1827.2618408203125,10.973689079284668,,1166.949951171875,2.443431854248047,2023.341796875
2005-01-14,216.79637145996094,8.094831466674805,1852.8045654296875,11.079609870910645,,1166.949951171875,2.4679441452026367,2083.48291015625
2005-01-17,226.5244140625,,1890.135498046875,,,1166.949951171875,,2083.48291015625
2005-01-18,225.73023986816406,8.074511528015137,1858.6998291015625,11.560813903808594,,1152.3994140625,2.5008130073547363,2055.867919921875
2005-01-19,225.3331756591797,8.044028282165527,1858.6998291015625,11.24606704711914,,1152.3994140625,2.5147407054901123,2086.552978515625
2005-01-20,224.34051513671875,8.027092933654785,1870.6396484375,11.131059646606445,,1152.3994140625,2.4657156467437744,2123.373291015625
2005-01-21,226.72283935546875,8.250631332397461,1866.6600341796875,11.300541877746582,,1164.0399169921875,2.506941556930542,2147.921142578125
2005-01-24,234.86265563964844,8.46739673614502,1864.6693115234375,11.30356502532959,,1178.59033203125,2.4796433448791504,2141.78369140625
2005-01-25,233.2744598388672,8.403044700622559,1910.4400634765625,11.143166542053223,,1190.2308349609375,2.5169684886932373,2123.373291015625
2005-01-26,235.6568145751953,8.460623741149902,1940.2908935546875,11.288432121276855,,1221.659912109375,2.540367603302002,2123.373291015625
2005-01-27,237.04653930664062,8.619811058044434,1974.1212158203125,11.215801239013672,,1221.659912109375,2.5554094314575195,2147.921142578125
2005-01-28,240.4215850830078,8.477559089660645,1990.0025634765625,10.88290023803711,,1221.659912109375,2.544267177581787,2126.44091796875
2005-01-31,242.20835876464844,8.64351749420166,1993.146240234375,11.140138626098633,,1221.659912109375,2.6233742237091064,2135.6474609375
2005-02-01,245.7819366455078,8.877219200134277,2009.9427490234375,11.218832015991211,,1207.6915283203125,2.6384165287017822,2147.921142578125
2005-02-02,248.7598876953125,8.975441932678223,1990.0416259765625,11.397381782531738,,1204.78125,2.682427406311035,2163.26220703125
2005-02-03,243.9951934814453,8.839962005615234,1990.0416259765625,11.30961799621582,,1204.78125,2.651787281036377,2172.468994140625
2005-02-04,244.39219665527344,8.772222518920898,1950.2410888671875,11.236987113952637,,1175.68017578125,2.6462149620056152,2276.79638671875
2005-02-07,252.13490295410156,8.890764236450195,1960.19140625,11.112907409667969,,1175.68017578125,2.6439871788024902,2365.3515625
2005-02-08,254.12025451660156,8.77561092376709,1970.1419677734375,10.970663070678711,,1175.68017578125,2.6250462532043457,2368.8505859375
2005-02-09,253.524658203125,8.636746406555176,1970.1419677734375,10.86776351928711,,1175.68017578125,2.576578378677368,2356.57568359375
2005-02-10,256.7011413574219,8.880605697631836,1990.0416259765625,11.23396110534668,,1175.68017578125,2.666271686553955,2335.096923828125
2005-02-11,264.04681396484375,8.934797286987305,1990.0416259765625,11.524497032165527,,1175.68017578125,2.6991398334503174,2465.07666015625
2005-02-14,263.05419921875,9.060115814208984,1994.0216064453125,11.551730155944824,,1169.8602294921875,2.783262014389038,2485.45166015625
2005-02-15,264.04681396484375,9.229463577270508,1994.0216064453125,11.539624214172363,,1169.8602294921875,2.7901179790496826,2454.766845703125
2005-02-16,267.22332763671875,9.463163375854492,1990.0416259765625,11.854371070861816,,1169.8602294921875,2.8723983764648438,2454.706298828125
2005-02-17,261.8629455566406,9.561384201049805,1990.0416259765625,12.01476764678955,,1169.8602294921875,2.8998262882232666,2479.314453125
2005-02-18,262.4585876464844,9.676541328430176,2019.8929443359375,12.023848533630371,,1169.8602294921875,3.027247190475464,2504.474853515625
2005-02-21,263.252685546875,,2009.9427490234375,,,1169.8602294921875,,2546.820556640625
2005-02-22,267.22332763671875,9.649447441101074,2109.48388671875,12.01174259185791,,1175.68017578125,3.1009585857391357,2534.54638671875
2005-02-23,265.2380065917969,9.91701602935791,2224.866943359375,12.04806137084961,,1175.68017578125,3.2912309169769287,2546.820556640625
2005-02-24,263.4511413574219,9.933952331542969,2264.66748046875,12.244772911071777,,1175.68017578125,3.2740895748138428,2549.888916015625
2005-02-25,271.9880676269531,10.232001304626465,2268.647705078125,12.438461303710938,,1175.68017578125,3.3980815410614014,2595.916015625
2005-02-28,274.76751708984375,10.418288230895996,2288.548583984375,12.656359672546387,,1175.68017578125,3.5946428775787354,2615.2470703125
2005-03-01,271.78961181640625,10.171042442321777,2348.249267578125,12.489912986755371,,1175.68017578125,3.5015039443969727,2608.12939453125
2005-03-02,266.03216552734375,10.08217716217041,2341.283935546875,12.644258499145508,,1169.8602294921875,3.294658899307251,2617.394775390625
2005-03-03,265.2380065917969,10.283821105957031,2368.667724609375,12.532278060913086,,1175.68017578125,3.423222303390503,2658.635498046875
2005-03-04,268.4145812988281,10.417112350463867,2364.168701171875,13.234404563903809,,1164.0399169921875,3.668351650238037,2657.28466796875
2005-03-07,269.4071044921875,10.22572135925293,2396.010498046875,12.983214378356934,,1164.0399169921875,3.5883562564849854,2657.28466796875
2005-03-08,270.79681396484375,10.222301483154297,2626.736083984375,13.016500473022461,,1175.68017578125,3.5180740356445312,2638.874267578125
2005-03-09,271.9880676269531,10.253067016601562,2694.557373046875,12.831891059875488,,1175.68017578125,3.471792459487915,2638.874267578125
2005-03-10,264.44390869140625,10.181292533874512,2784.5068359375,12.383984565734863,,1175.68017578125,3.3020875453948975,2626.599365234375
2005-03-11,267.22332763671875,10.116355895996094,2746.257080078125,12.512665748596191,,1164.0399169921875,3.3866524696350098,2577.444580078125
2005-03-14,263.4511413574219,10.23597240447998,2706.45654296875,12.552501678466797,,1222.241943359375,3.3055152893066406,2546.820556640625
2005-03-15,261.8629455566406,10.017241477966309,2738.29736328125,12.678114891052246,,1222.241943359375,3.445507287979126,2546.820556640625
2005-03-16,259.2820739746094,10.037748336791992,2797.9189453125,12.512665748596191,,1222.241943359375,3.4443655014038086,2546.820556640625
2005-03-17,261.2673645019531,10.283821105957031,2875.650146484375,12.708754539489746,,1164.0399169921875,3.498077869415283,2559.094482421875
2005-03-18,261.2673645019531,10.355592727661133,2997.51123046875,12.619898796081543,,1187.32080078125,3.42265248298645,2590.20849609375
2005-03-21,259.6790771484375,10.256479263305664,3121.163330078125,12.353349685668945,,1175.68017578125,3.3238000869750977,2632.738037109375
2005-03-22,256.10565185546875,10.034329414367676,3045.523193359375,12.276758193969727,,1175.68017578125,3.324373483657837,2684.901611328125
2005-03-23,252.53199768066406,9.665221214294434,3013.75390625,11.921355247497559,,1175.68017578125,3.19409441947937,2659.126220703125
2005-03-24,250.14962768554688,9.559272766113281,3136.29150390625,11.863144874572754,,1175.68017578125,3.1769518852233887,2700.24365234375
2005-03-25,250.14962768554688,,3136.29150390625,,,1175.68017578125,,2700.24365234375
2005-03-28,250.14962768554688,9.453323364257812,3300.82861328125,11.835558891296387,,1175.68017578125,3.075244665145874,2786.160888671875
2005-03-29,246.1790313720703,9.238009452819824,3169.891357421875,11.59964656829834,,1149.4893798828125,2.9998207092285156,2773.88623046875
2005-03-30,248.7598876953125,9.419149398803711,3217.7041015625,11.899903297424316,,1149.4893798828125,3.0838146209716797,2834.151123046875
2005-03-31,253.32606506347656,9.562689781188965,3220.451171875,12.13581657409668,,1164.0399169921875,3.1689536571502686,2921.173095703125
2005-04-01,252.13490295410156,9.702812194824219,3224.67138671875,12.25837230682373,,1164.0399169921875,3.1935229301452637,2908.8984375
2005-04-04,246.77459716796875,9.620789527893066,3220.6904296875,11.997950553894043,,1164.0399169921875,3.1203839778900146,2915.709716796875
2005-04-05,242.00982666015625,9.511423110961914,3275.628662109375,11.927474975585938,,1149.4893798828125,3.1518120765686035,2930.37744140625
2005-04-06,249.156982421875,9.429397583007812,3264.48193359375,11.936671257019043,,1149.4893798828125,3.1295266151428223,3043.910888671875
2005-04-07,250.54666137695312,9.545599937438965,3264.48193359375,11.927474975585938,,1149.4893798828125,3.224377393722534,3007.089599609375
2005-04-08,254.12025451660156,9.644715309143066,3204.766845703125,11.777350425720215,,1149.4893798828125,3.1443839073181152,2969.65478515625
2005-04-11,250.74526977539062,9.487504005432129,3137.088134765625,11.691559791564941,,1149.4893798828125,3.188380002975464,2953.697998046875
2005-04-12,251.34075927734375,9.590030670166016,3164.556640625,11.792673110961914,,1149.4893798828125,3.146096706390381,2985.6103515625
2005-04-13,243.20098876953125,9.261931419372559,3240.556396484375,11.259160041809082,,1149.4893798828125,3.147812843322754,3062.32080078125
2005-04-14,238.23776245117188,8.862064361572266,3216.70947265625,10.737992286682129,,1175.68017578125,3.028390645980835,3007.089599609375
2005-04-15,228.3111572265625,8.530550956726074,3244.178955078125,10.540626525878906,,1141.34130859375,3.010105848312378,2945.719482421875
2005-04-18,227.3184356689453,8.704851150512695,3208.4833984375,10.855177879333496,,1141.34130859375,3.1432409286499023,2970.26708984375
2005-04-19,234.46566772460938,9.050036430358887,3248.59033203125,11.160478591918945,,1141.34130859375,3.3826546669006348,2970.26708984375
2005-04-20,234.66415405273438,8.913329124450684,3244.579833984375,11.10496997833252,,1152.3994140625,3.234663248062134,2982.5419921875
2005-04-21,234.26710510253906,9.077377319335938,3288.69580078125,11.132722854614258,,1152.3994140625,3.2980892658233643,3007.089599609375
2005-04-22,236.2523956298828,9.015859603881836,3248.96240234375,11.17590045928955,,1152.3994140625,3.2123780250549316,2994.753662109375
2005-04-25,235.4583282470703,9.169655799865723,3188.796630859375,11.468856811523438,,1152.3994140625,3.286088466644287,3019.36279296875
2005-04-26,233.07589721679688,8.872314453125,3208.85107421875,11.132722854614258,,1152.3994140625,3.34837007522583,3056.183349609375
2005-04-27,223.74497985839844,8.721935272216797,3208.85107421875,10.750323295593262,,1152.3994140625,3.1540987491607666,3019.36279296875
2005-04-28,217.59046936035156,8.400674819946289,3269.018310546875,10.475859642028809,,1152.3994140625,3.0528531074523926,3019.36279296875
2005-04-29,222.355224609375,8.639914512634277,3248.96240234375,10.688647270202637,,1152.3994140625,3.045705795288086,3007.089599609375
2005-05-02,222.355224609375,8.78345775604248,3206.846923828125,10.725650787353516,,1152.3994140625,3.04630184173584,3068.45849609375
2005-05-03,226.92147827148438,8.643332481384277,3188.796630859375,10.913772583007812,,1152.3994140625,3.048088312149048,3105.280517578125
2005-05-04,226.92147827148438,8.766371726989746,3188.796630859375,11.111136436462402,,1152.3994140625,3.085012912750244,3126.7587890625
2005-05-05,230.69357299804688,8.865480422973633,3116.597900390625,11.191319465637207,,1134.9390869140625,3.1642234325408936,3129.82666015625
2005-05-06,229.3037872314453,8.797128677368164,3104.564208984375,11.178980827331543,,1134.9390869140625,3.1386122703552246,3130.441162109375
2005-05-09,231.48768615722656,8.831306457519531,3084.509765625,11.185149192810059,,1152.3994140625,3.126105785369873,3165.2646484375
2005-05-10,229.3037872314453,8.687761306762695,3048.408935546875,10.960029602050781,,1152.3994140625,3.0528531074523926,3171.533935546875
2005-05-11,218.8443603515625,8.687761306762695,2923.66552734375,10.870594024658203,,1152.3994140625,2.9510116577148438,3130.791748046875
2005-05-12,215.4683837890625,8.332322120666504,2847.856201171875,10.198315620422363,,1152.3994140625,2.7902097702026367,3090.0517578125
2005-05-13,208.91490173339844,8.117006301879883,2686.61181640625,9.886846542358398,,1152.3994140625,2.6526334285736084,3071.247802734375
2005-05-16,213.87962341308594,8.117006301879883,2494.882080078125,9.893013000488281,,1152.3994140625,2.6532301902770996,3024.238525390625
2005-05-17,210.7022247314453,8.181943893432617,2667.3583984375,10.330920219421387,,1134.9390869140625,2.7568585872650146,3046.1767578125
2005-05-18,218.4471893310547,8.421181678771973,2759.612548828125,10.617720603942871,,1134.9390869140625,2.7747247219085693,3014.83740234375
2005-05-19,217.85142517089844,8.356245994567871,2665.352294921875,10.5837984085083,,1134.9390869140625,2.7002804279327393,2946.517333984375
2005-05-20,213.6810760498047,8.151183128356934,2596.762939453125,10.411100387573242,,1134.9390869140625,2.7604317665100098,2952.158447265625
2005-05-23,216.0641632080078,8.328904151916504,2596.762939453125,10.457358360290527,,1134.9390869140625,2.7068307399749756,2952.158447265625
2005-05-24,220.8302764892578,8.523710250854492,2595.158935546875,10.670146942138672,,1134.9390869140625,2.6359593868255615,2889.48095703125
2005-05-25,220.63165283203125,8.363081932067871,2506.9150390625,10.676311492919922,,1123.298828125,2.7014718055725098,2881.645263671875
2005-05-26,226.19215393066406,8.46219539642334,2567.080810546875,10.774993896484375,,1123.298828125,2.7115964889526367,2986.630615234375
2005-05-27,225.59640502929688,8.629659652709961,2583.126953125,10.960029602050781,,1123.298828125,2.7538809776306152,3058.712158203125
2005-05-30,225.59640502929688,,2637.275390625,,,1123.298828125,,3140.193603515625
2005-05-31,229.56808471679688,8.57839298248291,2597.16455078125,10.886015892028809,,1123.298828125,2.7669832706451416,3146.462158203125
2005-06-01,233.34132385253906,8.800544738769531,2583.126953125,11.126557350158691,,1123.298828125,2.7765111923217773,3165.2646484375
2005-06-02,235.5258331298828,8.868896484375,2583.126953125,11.178980827331543,,1117.478515625,2.8336856365203857,3353.3017578125
2005-06-03,238.70321655273438,8.950922966003418,2567.080810546875,11.354761123657227,,1105.8380126953125,2.93314528465271,3428.515869140625
2005-06-06,238.50462341308594,9.039785385131836,2555.049072265625,11.157395362854004,,1105.8380126953125,2.8378539085388184,3384.640869140625
2005-06-07,236.7173309326172,9.039785385131836,2491.6728515625,10.984699249267578,,1105.8380126953125,2.7896151542663574,3309.42626953125
2005-06-08,234.7314453125,8.903077125549316,2526.969482421875,10.781167030334473,,1105.8380126953125,2.6812219619750977,3359.569091796875
2005-06-09,234.3342742919922,8.896242141723633,2502.905517578125,10.787328720092773,,1105.8380126953125,2.5847408771514893,3340.138671875
2005-06-10,235.3272247314453,8.974847793579102,2486.859619140625,11.018625259399414,,1105.8380126953125,2.5954604148864746,3384.640869140625
2005-06-13,237.31312561035156,9.036365509033203,2382.572509765625,11.098795890808105,,1105.8380126953125,2.620474338531494,3422.246337890625
2005-06-14,234.13572692871094,9.032947540283203,2406.638427734375,10.913772583007812,,1105.8380126953125,2.5811667442321777,3434.782958984375
2005-06-15,234.7314453125,9.296109199523926,2587.135986328125,11.311586380004883,,1105.8380126953125,2.674074649810791,3447.31982421875
2005-06-16,243.27069091796875,9.569525718688965,2735.14453125,11.718655586242676,,1105.8380126953125,2.732440710067749,3572.67626953125
2005-06-17,247.04391479492188,9.750662803649902,2755.601806640625,11.885185241699219,,1105.8380126953125,2.739586591720581,3622.81884765625
2005-06-20,247.83822631835938,9.672056198120117,2627.24755859375,11.573718070983887,,1105.8380126953125,2.683008909225464,3600.880126953125
2005-06-21,242.47634887695312,9.641298294067383,2717.49560546875,11.502786636352539,,1105.8380126953125,2.6329805850982666,3616.550537109375
2005-06-22,244.06512451171875,9.576362609863281,2787.6904296875,11.385598182678223,,1105.8380126953125,2.592482805252075,3666.69384765625
2005-06-23,242.27781677246094,9.282437324523926,2733.540771484375,11.188234329223633,,1105.8380126953125,2.479326009750366,3698.033203125
2005-06-24,238.70321655273438,9.166239738464355,2676.703857421875,11.311586380004883,,1105.8380126953125,2.519228458404541,3667.382568359375
2005-06-27,236.3201446533203,9.320033073425293,2676.703857421875,11.330094337463379,,1105.8380126953125,2.513273000717163,3667.382568359375
2005-06-28,241.4834747314453,9.50800895690918,2739.196533203125,11.456527709960938,,1105.8380126953125,2.5716373920440674,3635.35498046875
2005-06-29,241.0863037109375,9.449905395507812,2707.46923828125,11.687811851501465,,1076.7369384765625,2.5930795669555664,3651.557373046875
2005-06-30,242.27781677246094,9.330290794372559,2695.43505859375,11.54595947265625,,1076.7369384765625,2.5513877868652344,3635.35498046875
2005-07-01,242.27781677246094,9.364462852478027,2668.16015625,11.697068214416504,,1076.7369384765625,2.55377197265625,3698.033203125
2005-07-04,245.256591796875,,2627.24755859375,,,1076.7369384765625,,3729.371337890625
2005-07-05,244.263671875,9.487504005432129,2623.235595703125,11.71249008178711,,1076.7369384765625,2.581763505935669,3698.033203125
2005-07-06,246.84530639648438,9.466992378234863,2623.235595703125,11.832756996154785,,1047.635986328125,2.6323862075805664,3691.139404296875
2005-07-07,244.263671875,9.347375869750977,2607.19287109375,11.786506652832031,,1047.635986328125,2.671692371368408,3745.043212890625
2005-07-08,247.6396942138672,9.439654350280762,2607.19287109375,11.968449592590332,,1076.7369384765625,2.7330362796783447,3760.711669921875
2005-07-11,247.24253845214844,9.644715309143066,2561.064697265625,12.159650802612305,,1076.7369384765625,2.771150827407837,3835.9267578125
2005-07-12,245.05801391601562,9.672056198120117,2518.947998046875,12.088720321655273,,1047.635986328125,2.7824671268463135,3917.407958984375
2005-07-13,247.83822631835938,9.569525718688965,2607.19287109375,12.206658363342285,,1047.635986328125,2.7747247219085693,4005.157470703125
2005-07-14,249.6255340576172,9.501171112060547,2619.225830078125,12.020434379577637,,1047.635986328125,2.8003337383270264,3942.479248046875
2005-07-15,245.65383911132812,9.45673942565918,2627.24755859375,11.980093002319336,,1047.635986328125,2.807481527328491,3935.5849609375
2005-07-18,246.44813537597656,9.490918159484863,2647.675048828125,11.995611190795898,,1053.4561767578125,2.843214511871338,3916.15478515625
2005-07-19,245.45518493652344,9.446488380432129,2729.39599609375,12.029754638671875,,1053.4561767578125,2.846787452697754,3980.0859375
2005-07-20,253.79591369628906,9.788254737854004,2778.8759765625,12.299768447875977,,1105.8380126953125,2.9438655376434326,3973.818603515625
2005-07-21,256.77471923828125,9.989900588989258,2858.10205078125,12.439433097839355,,1134.9390869140625,2.941481590270996,3967.549560546875
2005-07-22,261.14361572265625,10.08901596069336,2860.145263671875,12.507715225219727,,1164.0399169921875,3.0069944858551025,4099.17626953125
2005-07-25,261.14361572265625,9.979646682739258,2921.4345703125,12.52322769165039,,1164.0399169921875,2.9748332500457764,4306.01513671875
2005-07-26,259.3563232421875,9.94888973236084,2901.00537109375,12.253213882446289,,1146.5791015625,2.9885308742523193,4262.1416015625
2005-07-27,258.1648864746094,10.006989479064941,2880.533935546875,12.312182426452637,,1146.5791015625,3.0403459072113037,4249.60595703125
2005-07-28,260.5479736328125,10.065089225769043,2937.36865234375,12.417705535888672,,1175.68017578125,3.085012912750244,4368.693359375
2005-07-29,266.1084289550781,10.123191833496094,2921.4345703125,12.501507759094238,,1193.1412353515625,3.049278736114502,4293.4794921875
2005-08-01,262.9310607910156,10.095847129821777,2933.690673828125,12.58530330657959,,1193.1412353515625,3.1278929710388184,4450.23779296875
2005-08-02,267.29998779296875,10.321412086486816,3015.369873046875,12.774627685546875,,1193.72265625,3.2076990604400635,4494.05078125
2005-08-03,276.633544921875,10.553821563720703,3019.495849609375,12.963953971862793,,1251.3427734375,3.09734845161438,4450.17529296875
2005-08-04,277.2294006347656,10.376100540161133,2978.636474609375,12.967050552368164,,1251.3427734375,3.0937047004699707,4287.1484375
2005-08-05,277.0306701660156,10.287238121032715,2856.05859375,12.731178283691406,,1251.3427734375,3.061516761779785,4136.783203125
2005-08-08,281.0025329589844,10.618757247924805,2860.145263671875,12.728075981140137,,1251.3427734375,3.1192121505737305,4105.44384765625
2005-08-09,281.9955139160156,10.680273056030273,2872.404296875,12.703238487243652,,1251.3427734375,3.0572640895843506,4260.2587890625
2005-08-10,284.37847900390625,10.717866897583008,2798.85546875,13.00739860534668,,1251.3427734375,3.1933066844940186,4227.04052734375
2005-08-11,284.9742431640625,11.090397834777832,2819.2841796875,13.392250061035156,,1251.3427734375,3.2941203117370605,4180.6572265625
2005-08-12,285.3714294433594,11.107484817504883,2757.99658203125,13.454322814941406,,1216.4217529296875,3.2200279235839844,4092.909423828125
2005-08-15,292.52069091796875,11.035713195800781,2757.99658203125,13.438804626464844,,1216.4217529296875,3.2947280406951904,4092.909423828125
2005-08-16,283.78271484375,10.796470642089844,2757.99658203125,13.202933311462402,,1193.1412353515625,3.1720497608184814,4042.764892578125
2005-08-17,278.8179626464844,10.526479721069336,2733.072998046875,12.65048885345459,,1193.1412353515625,3.0688047409057617,4017.69384765625
2005-08-18,276.0376892089844,10.3931884765625,2717.13818359375,12.666000366210938,,1193.1412353515625,3.019610643386841,3948.747314453125
2005-08-19,283.18701171875,10.656349182128906,2737.56689453125,12.762211799621582,,1193.1412353515625,3.0293285846710205,3839.0595703125
2005-08-22,291.7262268066406,11.032299041748047,2749.824462890625,12.86152458190918,,1199.543212890625,3.061516761779785,3823.45263671875
2005-08-23,296.09527587890625,10.775967597961426,2790.685546875,12.662898063659668,,1199.543212890625,2.9953181743621826,4105.44384765625
2005-08-24,289.1446838378906,10.434197425842285,2762.08349609375,12.371152877807617,,1199.543212890625,2.8811419010162354,4061.56884765625
2005-08-25,285.96722412109375,10.502555847167969,2745.739013671875,12.48908805847168,,1193.1412353515625,2.939443826675415,4074.104736328125
2005-08-26,284.5771179199219,10.505971908569336,2745.698486328125,12.36805248260498,,1193.1412353515625,2.923654794692993,4102.31005859375
2005-08-29,284.5771179199219,10.516223907470703,2733.480712890625,12.662898063659668,,1193.1412353515625,2.9910669326782227,4074.104736328125
2005-08-30,287.9531555175781,10.526479721069336,2717.13818359375,12.774627685546875,,1193.1412353515625,2.933978319168091,4030.22900390625
2005-08-31,290.336181640625,10.70077896118164,2778.42578125,13.088090896606445,,1193.1412353515625,2.974669933319092,4030.166015625
2005-09-01,294.30792236328125,11.073309898376465,2807.028076171875,13.445015907287598,,1193.1412353515625,3.028721332550049,4030.22900390625
2005-09-02,296.49237060546875,10.963940620422363,2770.254638671875,13.336384773254395,,1193.1412353515625,3.048762321472168,3986.353759765625
2005-09-05,296.49237060546875,,2753.911376953125,,,1193.1412353515625,,3961.2822265625
2005-09-06,289.9390563964844,10.775967597961426,2774.34130859375,13.33949089050293,,1193.1412353515625,3.012929677963257,4168.1220703125
2005-09-07,290.5346984863281,10.69394588470459,2807.028076171875,13.24948501586914,,1193.1412353515625,2.970416784286499,4262.1416015625
2005-09-08,286.1658935546875,10.635839462280273,2856.46728515625,13.314657211303711,,1193.1412353515625,2.9637365341186523,4174.388671875
2005-09-09,287.5559387207031,10.786224365234375,2880.574462890625,13.572266578674316,,1193.1412353515625,2.969811201095581,4214.50390625
2005-09-12,289.9390563964844,10.69394588470459,2958.20654296875,13.746070861816406,,1193.1412353515625,2.98195743560791,4271.54248046875
2005-09-13,286.7615966796875,10.67343807220459,2941.863525390625,13.294041633605957,,1193.1412353515625,2.9060425758361816,4275.30126953125
2005-09-14,286.56298828125,10.875082015991211,2921.4345703125,13.482381820678711,,1198.96142578125,2.932156562805176,4294.10498046875
2005-09-15,292.9178466796875,10.936600685119629,2894.917724609375,13.491801261901855,,1204.78125,2.919403076171875,4262.830078125
2005-09-16,299.6698303222656,11.295454978942871,3023.45947265625,13.749211311340332,,1204.78125,2.958271026611328,4237.06982421875
2005-09-19,300.8612976074219,11.278366088867188,3023.45947265625,13.953246116638184,,1204.78125,3.0675899982452393,4237.06982421875
2005-09-20,302.8473205566406,11.145079612731934,3125.730224609375,13.915581703186035,,1164.0399169921875,3.000176429748535,4240.20166015625
2005-09-21,297.5024108886719,11.0938138961792,3186.978759765625,14.213790893554688,,1164.0399169921875,3.0754847526550293,4230.1728515625
2005-09-22,294.32470703125,11.192923545837402,3178.847412109375,14.132179260253906,,1164.0399169921875,3.0372226238250732,4180.6572265625
2005-09-23,298.296630859375,11.134824752807617,3146.15966796875,14.364469528198242,,1164.0399169921875,3.0924899578094482,4204.9130859375
2005-09-26,306.8365173339844,11.445836067199707,3146.15966796875,14.76941204071045,,1164.0399169921875,3.2242791652679443,4318.5498046875
2005-09-27,303.8575439453125,11.353556632995605,3105.299560546875,14.759988784790039,,1164.0399169921875,3.2157769203186035,4277.80908203125
2005-09-28,313.7874450683594,11.616720199584961,3085.279541015625,15.164939880371094,,1164.0399169921875,3.3299529552459717,4199.4619140625
2005-09-29,309.418212890625,11.70216178894043,3115.923583984375,15.372115135192871,,1164.0399169921875,3.3937222957611084,4180.6572265625
2005-09-30,308.2266845703125,11.681656837463379,3166.58837890625,15.252829551696777,,1105.8380126953125,3.398581027984619,4168.1220703125
2005-10-03,305.4462585449219,11.524444580078125,3146.15966796875,15.136682510375977,,1105.8380126953125,3.3852174282073975,4381.2294921875
2005-10-04,304.254638671875,11.418492317199707,3158.416259765625,14.750575065612793,,1105.8380126953125,3.578348398208618,4374.96044921875
2005-10-05,292.3387756347656,10.81014633178711,3097.126953125,14.151007652282715,,1105.8380126953125,3.4022247791290283,4280.943359375
2005-10-06,297.3036193847656,10.656349182128906,3023.5830078125,14.329939842224121,,1105.8380126953125,3.231567144393921,4262.1416015625
2005-10-07,290.74993896484375,10.591412544250488,3006.870361328125,14.759988784790039,,1106.419921875,3.3433144092559814,4287.21142578125
2005-10-10,298.8925476074219,10.690526008605957,3006.870361328125,14.66581916809082,,1106.419921875,3.2959439754486084,4287.21142578125
2005-10-11,306.2406921386719,10.622173309326172,2995.5517578125,14.976593017578125,,1106.419921875,3.3906853199005127,4312.28271484375
2005-10-12,305.2477722167969,10.523058891296387,2976.02099609375,14.509557723999023,,1106.419921875,3.2084882259368896,4217.07421875
2005-10-13,290.5512390136719,10.311161041259766,2974.55126953125,14.474848747253418,,1106.419921875,3.1459343433380127,4152.451171875
2005-10-14,287.9696044921875,10.444454193115234,2974.55126953125,14.563207626342773,,1106.419921875,3.142289876937866,4100.49267578125
2005-10-17,291.9414978027344,10.417112350463867,3041.51904296875,15.12806224822998,,1105.8380126953125,3.2254931926727295,4091.027099609375
2005-10-18,293.7287902832031,10.321412086486816,3044.010498046875,14.642104148864746,,1105.8380126953125,3.1356101036071777,4058.434814453125
2005-10-19,288.168212890625,10.324832916259766,3023.5830078125,14.806180953979492,,1105.8380126953125,3.149578094482422,4008.353515625
2005-10-20,284.5933532714844,10.051419258117676,2973.24365234375,14.206622123718262,,1105.8380126953125,3.048762321472168,3968.428466796875
2005-10-21,278.03948974609375,10.26673412322998,2921.867919921875,14.5789794921875,,1105.8380126953125,3.1088883876800537,4011.42529296875
2005-10-24,287.9696044921875,10.458123207092285,2969.796875,15.188021659851074,,1105.8380126953125,3.261932849884033,4089.7744140625
2005-10-25,291.3456115722656,10.355592727661133,2908.95166015625,15.301618576049805,,1105.8380126953125,3.273472309112549,4011.42529296875
2005-10-26,289.7570495605469,10.577742576599121,2948.283935546875,15.34264850616455,,1105.8380126953125,3.3900797367095947,4049.032470703125
2005-10-27,282.6074523925781,10.3931884765625,2905.0888671875,15.090197563171387,,1105.8380126953125,3.4010090827941895,3925.493408203125
2005-10-28,285.3876953125,10.502555847167969,2860.649169921875,15.576162338256836,,1105.8380126953125,3.353638172149658,3948.120361328125
2005-10-31,287.5723571777344,10.611920356750488,2865.71533203125,15.595096588134766,,1149.4893798828125,3.3487794399261475,3961.2822265625
2005-11-01,292.7358093261719,10.721287727355957,2865.71533203125,15.781280517578125,,1149.4893798828125,3.325096368789673,3961.2822265625
2005-11-02,291.9414978027344,10.734954833984375,2907.29052734375,16.077903747558594,,1149.4893798828125,3.479961633682251,4055.238037109375
2005-11-03,294.9205322265625,10.912673950195312,2857.451171875,16.15363883972168,,1149.4893798828125,3.530978202819824,3955.01416015625
2005-11-04,293.92755126953125,10.57432746887207,2691.318359375,15.866477012634277,,1140.75927734375,3.458705186843872,3884.81494140625
2005-11-07,291.5442810058594,10.594830513000488,2597.622802734375,15.73709774017334,,1120.3883056640625,3.4580979347229004,3853.725341796875
2005-11-08,293.92755126953125,10.656349182128906,2554.26220703125,15.721311569213867,,1120.3883056640625,3.3967483043670654,3792.050537109375
2005-11-09,300.0840759277344,10.509389877319336,2595.794921875,15.834918975830078,,1120.3883056640625,3.4462034702301025,3817.060302734375
2005-11-10,301.6729736328125,10.478630065917969,2608.254150390625,15.79389762878418,,1120.3883056640625,3.525082588195801,3773.12255859375
2005-11-11,316.76654052734375,10.741792678833008,2658.094482421875,16.084217071533203,,1120.3883056640625,3.661552667617798,3771.491455078125
2005-11-14,313.39031982421875,10.649514198303223,2641.479736328125,15.96745491027832,,1120.3883056640625,3.658421754837036,3785.781982421875
2005-11-15,318.951171875,10.717866897583008,2641.479736328125,15.724479675292969,,1120.3883056640625,3.6603026390075684,3785.781982421875
2005-11-16,319.94415283203125,10.70077896118164,2637.3271484375,16.346134185791016,,1120.3883056640625,3.748568534851074,3873.530517578125
2005-11-17,328.6824951171875,10.936600685119629,2659.0498046875,16.383996963500977,,1120.3883056640625,3.870013952255249,4011.42529296875
2005-11-18,335.63348388671875,10.936600685119629,2687.1669921875,16.210437774658203,,1105.8380126953125,3.866260051727295,4049.032470703125
2005-11-21,337.818115234375,11.052802085876465,2658.094482421875,16.418703079223633,,1105.8380126953125,3.834332227706909,4011.42529296875
2005-11-22,334.4418029785156,10.960522651672363,2685.671630859375,16.57965087890625,,1105.8380126953125,3.821812152862549,4042.13623046875
2005-11-23,329.6754455566406,10.895586013793945,2741.1591796875,16.32404136657715,,1105.8380126953125,3.794266939163208,3998.89013671875
2005-11-24,329.8741149902344,,2732.8525390625,,,1105.8380126953125,,4004.46923828125
2005-11-25,330.86688232421875,11.175837516784668,2732.437255859375,16.797386169433594,,1105.8380126953125,3.906322717666626,4003.904541015625
2005-11-28,329.8741149902344,11.063053131103516,2678.85986328125,16.548093795776367,,1105.8380126953125,3.8124213218688965,3898.604736328125
2005-11-29,333.0516662597656,11.0869779586792,2741.1591796875,16.428180694580078,,1105.8380126953125,3.920722484588623,3823.45263671875
2005-11-30,330.6684265136719,10.994701385498047,2764.0859375,16.443950653076172,,1105.8380126953125,3.9820704460144043,3760.711669921875
2005-12-01,335.43487548828125,11.169000625610352,2802.627685546875,17.147661209106445,,1105.8380126953125,4.206811428070068,3866.01171875
2005-12-02,345.1662902832031,11.292040824890137,2903.0126953125,16.945707321166992,,1105.8380126953125,4.201176166534424,3820.19384765625
2005-12-05,339.0096435546875,11.28178596496582,2907.29052734375,17.179224014282227,,1105.8380126953125,4.339526653289795,3792.050537109375
2005-12-06,338.61236572265625,11.333056449890137,2856.205810546875,17.34962272644043,,1105.8380126953125,4.338273048400879,3792.050537109375
2005-12-07,345.1662902832031,11.158750534057617,2824.224609375,17.28650665283203,,1105.8380126953125,4.285062313079834,3729.497314453125
2005-12-08,345.76202392578125,11.1416597366333,2824.224609375,17.469533920288086,,1105.8380126953125,4.373328685760498,3729.497314453125
2005-12-09,348.34381103515625,11.169000625610352,2799.3056640625,17.37487030029297,,1105.8380126953125,4.335142135620117,3666.69384765625
2005-12-12,351.1241455078125,11.326211929321289,2782.69140625,17.229703903198242,,1105.8380126953125,4.3025898933410645,3572.67626953125
2005-12-13,348.7409973144531,11.247611045837402,2782.69140625,17.519515991210938,,1105.8380126953125,4.419652938842773,3491.19384765625
2005-12-14,346.3577880859375,11.1416597366333,2764.0859375,16.927154541015625,,1091.28759765625,4.250003814697266,3373.546142578125
2005-12-15,345.1662902832031,11.090397834777832,2814.29833984375,17.0226993560791,,1091.28759765625,4.314484596252441,3510.06103515625
2005-12-16,350.5284423828125,11.03913402557373,2865.7568359375,17.13416290283203,,1091.28759765625,4.3113532066345215,3547.6044921875
2005-12-19,353.7059631347656,11.049381256103516,2782.69140625,16.879377365112305,,1091.28759765625,4.214323043823242,3491.06787109375
2005-12-20,358.8695983886719,11.20659351348877,2803.375244140625,16.726512908935547,,1091.28759765625,4.166118621826172,3415.979736328125
2005-12-21,363.6360168457031,11.408243179321289,2761.92626953125,17.124616622924805,,1091.28759765625,4.253762722015381,3478.408203125
2005-12-22,364.62908935546875,11.25786304473877,2782.69140625,17.564111709594727,,1091.28759765625,4.268160820007324,3485.55322265625
2005-12-23,368.00518798828125,11.292040824890137,2782.734619140625,17.551376342773438,,1091.28759765625,4.260022163391113,3512.880126953125
2005-12-26,368.00518798828125,,2741.1591796875,,,1091.28759765625,,3478.658447265625
2005-12-27,368.00518798828125,11.073309898376465,2803.33349609375,17.035438537597656,,1091.28759765625,4.246249675750732,3528.7998046875
2005-12-28,364.62908935546875,11.384317398071289,2799.92822265625,17.47812271118164,,1091.28759765625,4.2562665939331055,3476.464599609375
2005-12-29,363.43731689453125,11.490262031555176,2803.458251953125,17.56092643737793,,1134.9390869140625,4.218079090118408,3503.730712890625
2005-12-30,371.18280029296875,11.421911239624023,2799.3056640625,17.13416290283203,,1163.1668701171875,4.1930365562438965,3540.897705078125
2006-01-02,,,2720.808349609375,,,1163.1668701171875,,3472.39013671875
2006-01-03,379.5240173339844,11.961907386779785,2761.92626953125,17.987686157226562,,1163.457763671875,4.3420305252075195,3624.009765625
2006-01-04,387.269287109375,12.231901168823242,2866.338623046875,19.029115676879883,,1164.0399169921875,4.669434070587158,3710.568115234375
2006-01-05,379.32537841796875,11.982409477233887,2959.081787109375,18.408069610595703,,1164.0399169921875,4.340150833129883,3760.711669921875
2006-01-06,376.3464050292969,12.218231201171875,2992.846923828125,18.802993774414062,,1164.0399169921875,4.378964424133301,3854.605224609375
2006-01-09,377.9352111816406,12.416460037231445,2915.59716796875,18.6596736907959,,1164.621826171875,4.338273048400879,3816.49609375
2006-01-10,358.27374267578125,12.238740921020508,2907.6220703125,19.408100128173828,,1164.0399169921875,4.467856407165527,3810.2275390625
2006-01-11,367.0121765136719,12.392536163330078,2964.85546875,19.210649490356445,,1164.0399169921875,4.419652938842773,3817.122314453125
2006-01-12,366.4163818359375,12.163552284240723,2923.904296875,18.93629264831543,,1164.0399169921875,4.382094383239746,3760.711669921875
2006-01-13,366.2177734375,12.248991012573242,2928.056396484375,19.44851303100586,,1222.241943359375,4.445321083068848,3704.301513671875
2006-01-16,370.189697265625,,2907.29052734375,,,1164.0399169921875,,3729.371337890625
2006-01-17,370.3883972167969,12.501901626586914,2945.002197265625,19.775056838989258,,1175.68017578125,4.50917387008667,3683.428466796875
2006-01-18,370.78558349609375,12.269495010375977,2924.27685546875,18.776212692260742,,1169.8602294921875,4.414021968841553,3718.58935546875
2006-01-19,380.3184509277344,12.720630645751953,2982.048095703125,18.865854263305664,,1169.8602294921875,4.438436031341553,3756.57421875
2006-01-20,375.35333251953125,12.501901626586914,2986.254638671875,18.36963653564453,,1175.68017578125,4.3833441734313965,3754.443603515625
2006-01-23,376.3464050292969,12.71379566192627,2903.1025390625,18.66416358947754,,1175.68017578125,4.457215785980225,3685.498291015625
2006-01-24,380.3184509277344,12.76506519317627,2944.1953125,19.278833389282227,,1175.68017578125,4.552368640899658,3723.103759765625
2006-01-25,407.5264587402344,13.253795623779297,2932.04052734375,19.35886573791504,,1163.457763671875,4.646897792816162,3709.502197265625
2006-01-26,405.73919677734375,13.26063060760498,2969.431396484375,19.78465461730957,,1163.457763671875,4.7545695304870605,3798.38134765625
2006-01-27,407.5264587402344,13.489611625671387,3045.13916015625,20.159225463867188,,1163.457763671875,5.040660858154297,3854.72998046875
2006-01-30,413.08746337890625,13.540878295898438,3028.314453125,20.264863967895508,,1175.68017578125,5.135188102722168,3918.220947265625
2006-01-31,404.5474853515625,13.482775688171387,3057.713623046875,20.569007873535156,,1175.68017578125,5.452575206756592,3904.872314453125
2006-02-01,410.90277099609375,13.39733600616455,3015.6962890625,20.588214874267578,,1175.68017578125,5.434423446655273,3873.530517578125
2006-02-02,411.6971435546875,13.123919486999512,3015.10791015625,19.98954963684082,,1175.68017578125,5.548355579376221,3792.050537109375
2006-02-03,409.3139343261719,13.038476943969727,2986.29736328125,19.739845275878906,,1175.68017578125,5.522689342498779,3892.336181640625
2006-02-06,414.0804138183594,13.253795623779297,3015.6962890625,20.0407657623291,,1175.622314453125,5.706111907958984,3889.454345703125
2006-02-07,412.888671875,12.645442962646484,2965.435546875,18.574527740478516,,1175.5640869140625,5.433796405792236,3886.068115234375
2006-02-08,399.78118896484375,12.436966896057129,2986.254638671875,18.331222534179688,,1175.0985107421875,5.387472152709961,3873.530517578125
2006-02-09,411.4984436035156,12.5975980758667,3028.314453125,18.19356346130371,,1175.505859375,5.415017604827881,3914.27392578125
2006-02-10,395.2132873535156,12.255830764770508,3068.35595703125,16.624881744384766,,1175.505859375,5.200918674468994,3867.2021484375
2006-02-13,392.03570556640625,11.982409477233887,3078.786865234375,16.311138153076172,,1152.3994140625,5.014455795288086,3870.39892578125
2006-02-14,395.0147399902344,12.358360290527344,3028.314453125,16.800952911376953,,1161.1300048828125,5.212574481964111,3874.159423828125
2006-02-15,399.3839416503906,12.266080856323242,3076.809814453125,16.09343910217285,,1161.1300048828125,5.074017524719238,3832.28857421875
2006-02-16,404.1503601074219,12.361776351928711,3091.36328125,16.73691749572754,,1161.1300048828125,5.0707831382751465,3823.325927734375
2006-02-17,420.03826904296875,12.406207084655762,3099.396240234375,16.951417922973633,,1161.1300048828125,5.210630416870117,3823.3896484375
2006-02-20,425.0032958984375,,3114.36962890625,,,1144.8333740234375,,3823.3896484375
2006-02-21,428.37957763671875,12.679621696472168,3174.43017578125,17.42522621154785,,1144.8333740234375,5.301274299621582,3879.800537109375
2006-02-22,429.9682922363281,12.717215538024902,3153.654541015625,17.620500564575195,,1144.8333740234375,5.301274299621582,3917.407958984375
2006-02-23,421.4284362792969,12.508734703063965,3158.70068359375,16.528823852539062,,1140.75927734375,5.211278438568115,4005.157470703125
2006-02-24,413.68310546875,12.525824546813965,3191.759521484375,16.925806045532227,,1140.17724609375,5.273432731628418,3973.818603515625
2006-02-27,416.662109375,12.426708221435547,3178.13330078125,16.474407196044922,,1140.17724609375,5.081140995025635,3992.93603515625
2006-02-28,408.122314453125,12.334432601928711,3188.310302734375,16.208694458007812,,1140.17724609375,5.156892776489258,3958.1494140625
2006-03-01,411.6971435546875,12.527700424194336,3112.435546875,16.6536922454834,,1140.17724609375,5.228112697601318,3948.747314453125
2006-03-02,416.0663757324219,12.651942253112793,3099.816162109375,17.19472312927246,,1140.17724609375,5.433351039886475,3945.674560546875
2006-03-03,415.86767578125,12.565657615661621,3099.816162109375,17.143503189086914,,1140.17724609375,5.5337066650390625,3936.21240234375
2006-03-06,417.6551818847656,12.303377151489258,3099.816162109375,16.608869552612305,,1140.17724609375,5.2902655601501465,3942.41650390625
2006-03-07,401.3699951171875,11.947903633117676,3028.3994140625,16.07744026184082,,1140.17724609375,5.139412879943848,3879.800537109375
2006-03-08,388.65948486328125,11.809855461120605,3024.109619140625,15.523591995239258,,1140.17724609375,5.060423851013184,3845.013916015625
2006-03-09,392.03570556640625,11.854726791381836,2986.96240234375,15.47877311706543,,1140.17724609375,5.044238567352295,3834.610595703125
2006-03-10,401.17138671875,12.02382755279541,2986.87890625,16.042219161987305,,1140.17724609375,5.169842720031738,3823.3896484375
2006-03-13,393.62451171875,12.047989845275879,3007.91259765625,16.093961715698242,,1140.17724609375,5.164013385772705,3839.0595703125
2006-03-14,390.0496826171875,12.237802505493164,3028.94677734375,16.789194107055664,,1140.17724609375,5.2779645919799805,3873.530517578125
2006-03-15,410.1083068847656,12.551858901977539,3071.01513671875,17.235441207885742,,1140.75927734375,5.276669979095459,3929.31689453125
2006-03-16,402.7601318359375,12.589813232421875,3068.912109375,17.05112648010254,,1140.75927734375,5.277320861816406,3887.509521484375
2006-03-17,402.7601318359375,12.558758735656738,3049.98095703125,17.209577560424805,,1140.75927734375,5.431410312652588,3886.068115234375
2006-03-20,408.5194396972656,12.534599304199219,3079.42919921875,17.018783569335938,,1140.75927734375,5.359543323516846,3948.747314453125
2006-03-21,405.73919677734375,12.29647159576416,3071.01513671875,16.491703033447266,,1140.75927734375,5.220344543457031,3917.407958984375
2006-03-22,404.1503601074219,12.569114685058594,3043.672119140625,16.711589813232422,,1140.75927734375,5.283143997192383,3886.068115234375
2006-03-23,412.0943603515625,12.76237678527832,3102.568115234375,17.067298889160156,,1140.75927734375,5.160130023956299,3915.402587890625
2006-03-24,418.05224609375,12.914226531982422,3094.15380859375,17.361555099487305,,1132.0286865234375,5.134232997894287,3886.068115234375
2006-03-27,410.90277099609375,13.076431274414062,3058.39501953125,18.169973373413086,,1140.75927734375,5.244299411773682,3867.26416015625
2006-03-28,409.3139343261719,12.924582481384277,3066.808837890625,18.33488655090332,,1140.75927734375,5.234586238861084,3820.944091796875
2006-03-29,408.7181701660156,13.31456470489502,3092.050048828125,19.30498695373535,,1140.75927734375,5.37054967880249,3823.325927734375
2006-03-30,428.97528076171875,13.880550384521484,3092.050048828125,19.773866653442383,,1140.75927734375,5.470901966094971,3807.720458984375
2006-03-31,424.4076232910156,13.752859115600586,3071.141845703125,19.327625274658203,,1129.1187744140625,5.469609260559082,3792.050537109375
2006-04-03,434.33746337890625,14.401679039001465,3108.87744140625,19.880578994750977,,1129.1187744140625,5.542120933532715,3723.103759765625
2006-04-04,438.3094482421875,14.501762390136719,3071.01513671875,20.110172271728516,,1129.1187744140625,5.632119178771973,3741.908203125
2006-04-05,458.9638977050781,15.012532234191895,3079.42919921875,20.72780418395996,,1129.1187744140625,5.891744136810303,3792.050537109375
2006-04-06,459.956787109375,15.012532234191895,3071.01513671875,20.79570960998535,,1129.1187744140625,5.980442523956299,3716.8359375
2006-04-07,447.44500732421875,14.65015983581543,3071.01513671875,19.725364685058594,,1164.0399169921875,5.844477653503418,3697.406982421875
2006-04-10,462.5385437011719,14.829620361328125,3071.01513671875,20.07460594177246,,1164.0399169921875,5.9189348220825195,3616.550537109375
2006-04-11,469.4896545410156,15.029789924621582,3075.22265625,19.925851821899414,,1163.457763671875,5.764843940734863,3541.33740234375
2006-04-12,457.57366943359375,15.064298629760742,3134.119140625,20.362354278564453,,1163.457763671875,5.898216247558594,3554.499267578125
2006-04-13,461.1485290527344,14.895191192626953,3119.311279296875,20.65487289428711,,1163.457763671875,5.973968029022217,3572.67626953125
2006-04-14,,,3119.311279296875,,,1163.457763671875,,3572.67626953125
2006-04-17,,15.368000984191895,3130.38134765625,21.187896728515625,,1164.0399169921875,6.11834716796875,3553.24462890625
2006-04-18,479.8167724609375,15.996109008789062,3140.99267578125,22.611474990844727,,1187.32080078125,6.4744439125061035,3571.423583984375
2006-04-19,478.6253356933594,16.258398056030273,3149.481201171875,23.43050765991211,,1175.68017578125,6.453076362609863,3572.67626953125
2006-04-20,466.31195068359375,15.412860870361328,3157.12158203125,21.9971981048584,,1221.659912109375,6.181797027587891,3535.068359375
2006-04-21,490.1439208984375,15.840812683105469,3153.724853515625,21.613666534423828,,1233.88232421875,6.387037754058838,3572.67626953125
2006-04-24,487.9593811035156,15.795945167541504,3149.481201171875,21.418664932250977,,1425.9490966796875,6.395452499389648,3679.229248046875
2006-04-25,486.569091796875,15.7717866897583,3147.3583984375,21.70142364501953,,1513.251953125,6.396749019622803,3698.033203125
2006-04-26,490.1439208984375,15.847712516784668,3119.7685546875,21.3114070892334,,1519.13037109375,6.271143436431885,3729.371337890625
2006-04-27,468.2981262207031,15.309329986572266,3145.23681640625,20.56711196899414,,1565.633544921875,6.064611434936523,3729.371337890625
2006-04-28,467.5036315917969,15.723469734191895,3087.42431640625,20.989633560180664,,1570.639404296875,6.412935733795166,3729.623046875
2006-05-01,,16.065135955810547,3087.42431640625,21.246402740478516,,1570.639404296875,6.4744439125061035,3729.623046875
2006-05-02,484.5832214355469,16.282554626464844,3013.655029296875,21.04489517211914,,1600.554931640625,6.382504940032959,3723.103759765625
2006-05-03,473.26312255859375,16.206632614135742,3077.788818359375,20.51836395263672,,1571.4539794921875,6.180503845214844,3679.229248046875
2006-05-04,487.7608642578125,16.137609481811523,3102.790771484375,21.51616096496582,,1588.9144287109375,6.412935733795166,3685.498291015625
2006-05-05,505.23760986328125,16.520687103271484,3124.43994140625,21.60391616821289,,1680.8734130859375,6.480916500091553,3729.371337890625
2006-05-08,501.2655029296875,16.430959701538086,3162.647705078125,21.649415969848633,,1655.846923828125,6.622706890106201,3789.193115234375
2006-05-09,504.2445373535156,16.983142852783203,3141.42138671875,22.5789794921875,,1715.2127685546875,6.708816051483154,3803.329345703125
2006-05-10,501.562744140625,16.97278594970703,3141.42138671875,22.69272804260254,,1690.767822265625,6.85319709777832,3821.315673828125
2006-05-11,507.12469482421875,16.762266159057617,3184.298095703125,22.172693252563477,,1803.679931640625,6.83701229095459,3739.08203125
2006-05-12,485.0758056640625,16.493080139160156,3183.873291015625,21.262659072875977,,1746.06005859375,6.654202938079834,3687.687255859375
2006-05-15,451.50592041015625,15.461180686950684,3183.873291015625,19.988582611083984,,1687.858154296875,6.335119247436523,3629.223388671875
2006-05-16,442.5671081542969,15.706214904785156,3183.873291015625,19.7058162689209,,1673.307373046875,6.371682167053223,3694.04638671875
2006-05-17,423.6963806152344,15.16783332824707,3141.42138671875,18.506500244140625,,1687.858154296875,6.031327724456787,3597.8720703125
2006-05-18,415.55230712890625,14.898641586303711,3120.197021484375,17.85972023010254,,1687.858154296875,5.795337677001953,3584.89453125
2006-05-19,405.0244140625,14.922800064086914,3128.686767578125,17.794715881347656,,1687.858154296875,5.524118900299072,3629.8662109375
2006-05-22,375.228515625,14.27053165435791,3056.56005859375,17.638704299926758,,1513.251953125,5.444348335266113,3629.8662109375
2006-05-23,411.5794372558594,14.812368392944336,3098.969970703125,18.048234939575195,,1513.8338623046875,5.623833656311035,3533.43408203125
2006-05-24,396.2842712402344,14.387869834899902,3088.356201171875,17.251935958862305,,1565.633544921875,5.537412643432617,3501.3759765625
2006-05-25,410.784912109375,14.87103271484375,3098.969970703125,18.204235076904297,,1571.4539794921875,5.797999382019043,3578.405029296875
2006-05-26,423.49786376953125,15.209247589111328,3101.092529296875,18.425247192382812,,1571.4539794921875,5.889068126678467,3562.407958984375
2006-05-29,,,3101.092529296875,,,1571.4539794921875,,3533.497314453125
2006-05-30,410.1889953613281,14.971118927001953,3098.969970703125,17.716711044311523,,1571.4539794921875,5.659729480743408,3462.892333984375
2006-05-31,414.16180419921875,14.936605453491211,3141.84521484375,18.197738647460938,,1571.4539794921875,5.660395622253418,3462.827392578125
2006-06-01,405.0244140625,14.691575050354004,3162.647705078125,18.09047508239746,,1542.3526611328125,5.69695520401001,3453.1904296875
2006-06-02,411.3808288574219,14.788208961486816,3141.42138671875,18.441495895385742,,1571.4539794921875,5.78071403503418,3443.5537109375
2006-06-05,407.0107116699219,14.38442325592041,3141.42138671875,16.87166404724121,,1542.3526611328125,5.641780853271484,3485.313720703125
2006-06-06,389.13330078125,14.1600980758667,3120.197021484375,17.16417694091797,,1542.3526611328125,5.567328929901123,3466.04052734375
2006-06-07,387.7428283691406,13.939221382141113,3056.518798828125,16.657148361206055,,1501.611572265625,5.365906715393066,3456.40234375
2006-06-08,366.68707275390625,13.60791015625,3014.06640625,16.22812843322754,,1455.0498046875,5.238940238952637,3424.2802734375
2006-06-09,375.824462890625,13.597555160522461,2971.614990234375,15.935608863830566,,1506.8497314453125,5.111971378326416,3392.157958984375
2006-06-12,379.59869384765625,13.280052185058594,2971.614990234375,15.425336837768555,,1506.8497314453125,4.83742618560791,3392.157958984375
2006-06-13,359.1390380859375,12.555310249328613,2780.582763671875,14.447834014892578,,1506.8497314453125,4.7124528884887695,3212.269775390625
2006-06-14,357.5497131347656,13.055726051330566,2772.093505859375,15.091798782348633,,1455.0498046875,4.786238670349121,3405.006591796875
2006-06-15,382.57818603515625,13.949575424194336,2886.711669921875,16.194787979125977,,1484.1512451171875,5.181103706359863,3372.883056640625
2006-06-16,376.6190185546875,13.773565292358398,2907.93701171875,15.950407028198242,,1501.611572265625,5.145873546600342,3424.2802734375
2006-06-19,382.37957763671875,13.324913024902344,2886.711669921875,15.511198997497559,,1455.0498046875,4.892603397369385,3372.883056640625
2006-06-20,386.3524169921875,13.576851844787598,2935.53076171875,15.666407585144043,,1455.0498046875,4.939797401428223,3398.582275390625
2006-06-21,394.2978210449219,14.111777305603027,3014.06640625,16.257524490356445,,1455.0498046875,5.08870267868042,3507.79931640625
2006-06-22,393.30462646484375,14.08761978149414,3014.06640625,16.244319915771484,,1455.0498046875,5.00893497467041,3527.07373046875
2006-06-23,397.27740478515625,13.98063850402832,3011.944091796875,16.445762634277344,,1455.0498046875,5.109975337982178,3507.79931640625
2006-06-26,403.2366943359375,13.987539291381836,3011.944091796875,16.776002883911133,,1455.0498046875,5.454322338104248,3507.79931640625
2006-06-27,397.27740478515625,13.80807876586914,3014.06640625,16.445762634277344,,1455.0498046875,5.39980936050415,3501.3759765625
2006-06-28,392.3114013671875,13.825334548950195,3014.06640625,16.558042526245117,,1455.0498046875,5.612529754638672,3494.94921875
2006-06-29,411.9270935058594,14.612194061279297,3052.273681640625,18.24885368347168,,1513.251953125,5.914328575134277,3581.68212890625
2006-06-30,415.155029296875,14.864130973815918,3043.782470703125,18.29838752746582,,1513.251953125,5.924967288970947,3610.592529296875
2006-07-03,420.3692932128906,15.154021263122559,3056.09423828125,19.3287296295166,,1513.251953125,6.151647090911865,3620.228515625
2006-07-04,417.88623046875,,3043.782470703125,,,1513.19384765625,,3629.8662109375
2006-07-05,412.1754455566406,14.619100570678711,3035.292236328125,18.724388122558594,,1513.251953125,6.071878433227539,3597.743408203125
2006-07-06,422.1073303222656,14.760598182678223,3026.801513671875,19.008398056030273,,1513.251953125,6.087163925170898,3565.55615234375
2006-07-07,434.025634765625,14.826171875,3026.84423828125,18.539461135864258,,1513.251953125,6.180897235870361,3559.19677734375
2006-07-10,430.05291748046875,14.864130973815918,3026.801513671875,18.707889556884766,,1513.251953125,6.264656066894531,3559.19677734375
2006-07-11,429.8045959472656,15.216148376464844,3026.801513671875,18.787147521972656,,1513.251953125,6.248703956604004,3527.07373046875
2006-07-12,442.46771240234375,15.236856460571289,3024.679931640625,18.54276466369629,,1513.251953125,6.059247970581055,3482.1015625
2006-07-13,425.8318176269531,14.839977264404297,2992.841064453125,17.662616729736328,,1507.431884765625,5.816610336303711,3433.27490234375
2006-07-14,415.89971923828125,14.56387710571289,2971.19091796875,18.067827224731445,,1507.431884765625,5.891727447509766,3405.648681640625
2006-07-17,402.24359130859375,14.215315818786621,2954.634765625,17.127885818481445,,1507.431884765625,5.774731159210205,3405.006591796875
2006-07-18,393.30462646484375,14.156643867492676,2954.634765625,17.217573165893555,,1507.431884765625,5.743487358093262,3469.252685546875
2006-07-19,410.1889953613281,14.646711349487305,2950.346435546875,18.05121421813965,,1542.3526611328125,6.012714385986328,3581.68212890625
2006-07-20,406.2161560058594,14.463796615600586,2946.143310546875,17.008329391479492,,1542.3526611328125,5.796667098999023,3581.68212890625
2006-07-21,386.84893798828125,14.34300422668457,2916.16845703125,16.772518157958984,,1489.97119140625,5.684989929199219,3540.564697265625
2006-07-24,388.0904541015625,14.605298042297363,2866.80712890625,16.938583374023438,,1484.1512451171875,5.699612617492676,3565.620361328125
2006-07-25,394.2978210449219,14.7122802734375,2920.413818359375,17.303926467895508,,1484.1512451171875,5.883084774017334,3610.592529296875
2006-07-26,394.79461669921875,14.619100570678711,2959.0087890625,17.357065200805664,,1484.1512451171875,5.881092548370361,3661.988525390625
2006-07-27,413.6651611328125,14.660515785217285,2959.0087890625,17.091358184814453,,1489.97119140625,6.084506511688232,3661.3466796875
2006-07-28,415.40325927734375,14.80891227722168,2959.0087890625,17.56962776184082,,1489.97119140625,6.496654987335205,3713.38427734375
2006-07-31,415.40325927734375,14.56387710571289,2958.579833984375,18.120969772338867,,1489.97119140625,6.548913478851318,3771.204833984375
2006-08-01,414.90673828125,14.374067306518555,2916.124267578125,18.310272216796875,,1489.97119140625,6.5475544929504395,3629.8662109375
2006-08-02,419.6242980957031,14.615653038024902,2933.278076171875,18.705503463745117,,1513.251953125,6.550268173217773,3723.021728515625
2006-08-03,416.39642333984375,14.612194061279297,2932.850341796875,18.526153564453125,,1501.611572265625,6.39146614074707,3715.9541015625
2006-08-04,420.6175231933594,14.7122802734375,2959.0087890625,18.310272216796875,,1513.251953125,6.293740272521973,3745.507568359375
2006-08-07,418.13458251953125,14.64326000213623,2916.124267578125,18.599227905273438,,1513.251953125,6.240806579589844,3684.474365234375
2006-08-08,414.16180419921875,14.377516746520996,2937.5673828125,18.064498901367188,,1501.611572265625,6.196014881134033,3703.74853515625
2006-08-09,419.6242980957031,14.315396308898926,3023.33642578125,18.101036071777344,,1501.611572265625,6.120687484741211,3732.65869140625
2006-08-10,421.1142272949219,14.24637508392334,3040.48828125,18.01136016845703,,1513.251953125,6.130187511444092,3726.169189453125
2006-08-11,421.8590393066406,14.17389965057373,2984.739990234375,17.768905639648438,,1536.5325927734375,6.00124454498291,3723.021728515625
2006-08-14,422.8522033691406,14.23256778717041,2984.739990234375,17.639381408691406,,1513.251953125,5.955097198486328,3700.53662109375
2006-08-15,421.3624267578125,14.43273639678955,2984.739990234375,17.994754791259766,,1513.251953125,6.045356273651123,3700.53662109375
2006-08-16,428.0664978027344,14.826171875,3001.8935546875,18.17410659790039,,1513.251953125,6.141726970672607,3713.38427734375
2006-08-17,431.7908935546875,14.688122749328613,3023.33642578125,17.795475006103516,,1513.251953125,6.064358234405518,3706.959228515625
2006-08-18,428.0664978027344,14.774397850036621,3051.210693359375,18.12428855895996,,1513.251953125,6.094900131225586,3694.111083984375
2006-08-21,432.78424072265625,15.088455200195312,3031.911865234375,18.981178283691406,,1513.251953125,6.199409484863281,3681.26318359375
2006-08-22,435.018798828125,14.998723983764648,3031.911865234375,18.898143768310547,,1513.251953125,6.215018272399902,3713.38427734375
2006-08-23,433.03253173828125,14.674315452575684,3022.47802734375,18.821752548217773,,1542.3526611328125,6.120006561279297,3713.44775390625
2006-08-24,427.0732727050781,14.267082214355469,3001.8935546875,18.811792373657227,,1542.3526611328125,6.068431377410889,3723.021728515625
2006-08-25,430.05291748046875,14.374067306518555,3023.33642578125,19.064205169677734,,1542.3526611328125,6.104401588439941,3719.80859375
2006-08-28,,14.412031173706055,3027.6240234375,18.795183181762695,,1542.3526611328125,6.159369468688965,3716.59765625
2006-08-29,438.99169921875,14.56387710571289,3040.5322265625,18.937997817993164,,1543.5172119140625,6.145796298980713,3713.44775390625
2006-08-30,444.4541320800781,14.498316764831543,3054.21142578125,18.957929611206055,,1553.9932861328125,6.095575332641602,3758.357177734375
2006-08-31,462.33172607421875,14.529369354248047,3027.6240234375,19.33323860168457,,1629.0738525390625,6.265238285064697,3816.17578125
2006-09-01,471.2703857421875,14.726086616516113,3036.200439453125,19.715185165405273,,1571.4539794921875,6.318173408508301,3796.904541015625
2006-09-04,482.9404602050781,,3014.759033203125,,,1571.4539794921875,,3771.27001953125
2006-09-05,485.1751403808594,15.053939819335938,3044.776611328125,20.455827713012695,,1600.554931640625,6.56044864654541,3803.329345703125
2006-09-06,476.4847106933594,14.591012954711914,3002.322509765625,20.043989181518555,,1600.554931640625,6.576057434082031,3758.357177734375
2006-09-07,467.5459289550781,14.33692455291748,3001.850341796875,19.698572158813477,,1571.4539794921875,6.571986198425293,3732.65869140625
2006-09-08,457.8622131347656,14.016706466674805,2997.605224609375,19.366445541381836,,1571.4539794921875,6.392823696136475,3790.478515625
2006-09-11,444.9507751464844,13.167411804199219,2969.73095703125,17.918367385864258,,1571.4539794921875,5.980208873748779,3790.478515625
2006-09-12,443.21258544921875,12.99686050415039,2969.73095703125,17.98235321044922,,1571.4539794921875,6.013463497161865,3800.116455078125
2006-09-13,446.6888427734375,13.317085266113281,2988.985107421875,18.305696487426758,,1542.3526611328125,6.119329929351807,3803.329345703125
2006-09-14,451.65484619140625,13.188299179077148,2982.595458984375,17.51419448852539,,1542.3526611328125,6.022963523864746,3816.17578125
2006-09-15,437.5018615722656,13.066474914550781,2959.0087890625,17.54787254333496,,1542.3526611328125,6.073861122131348,3845.0869140625
2006-09-18,444.9507751464844,13.36581802368164,2959.0087890625,17.999195098876953,,1542.3526611328125,6.202127456665039,3845.0869140625
2006-09-19,435.2672424316406,12.906365394592285,2959.0087890625,17.264942169189453,,1542.3526611328125,6.107792377471924,3845.0869140625
2006-09-20,432.31451416015625,12.805423736572266,2941.855224609375,17.08643913269043,,1618.0157470703125,5.9252400398254395,3902.90966796875
2006-09-21,440.2605895996094,13.014270782470703,2907.547607421875,17.382831573486328,,1620.925537109375,5.938812732696533,3873.997802734375
2006-09-22,432.81109619140625,12.781061172485352,2886.10693359375,17.10664939880371,,1629.6561279296875,5.898770809173584,3886.847900390625
2006-09-25,417.4156799316406,12.596585273742676,2898.9716796875,17.325578689575195,,1629.6561279296875,5.92116641998291,3872.0703125
2006-09-26,430.5762634277344,13.003825187683105,2903.7314453125,18.0194091796875,,1659.921142578125,6.168191432952881,3944.66748046875
2006-09-27,445.47515869140625,13.379739761352539,2928.990478515625,18.25180435180664,,1673.307373046875,6.2774553298950195,3935.031982421875
2006-09-28,452.67620849609375,13.33100700378418,2939.71142578125,18.0194091796875,,1673.307373046875,6.2482733726501465,3935.031982421875
2006-09-29,454.9110412597656,13.184819221496582,2916.16845703125,17.938570022583008,,1670.39697265625,6.2774553298950195,3976.79052734375
2006-10-02,461.3671569824219,13.35537338256836,2881.818115234375,18.009300231933594,,1670.39697265625,6.374497890472412,4008.91259765625
2006-10-03,445.97174072265625,12.975983619689941,2881.818115234375,16.672164916992188,,1600.554931640625,6.125438690185547,4032.04248046875
2006-10-04,447.9582824707031,12.728852272033691,2928.990478515625,16.51723289489746,,1606.3751220703125,6.0263566970825195,4111.7060546875
2006-10-05,460.1256103515625,13.129129409790039,2933.278076171875,17.39293670654297,,1606.3751220703125,6.202805519104004,4214.49951171875
2006-10-06,455.40771484375,13.056034088134766,2947.9453125,17.780269622802734,,1606.3751220703125,6.2883100509643555,4156.67919921875
2006-10-09,471.79638671875,13.22658634185791,2947.9453125,18.10361099243164,,1606.3751220703125,6.367037296295166,4156.67919921875
2006-10-10,479.2456970214844,13.466754913330078,2946.143310546875,18.319168090820312,,1606.3751220703125,6.462045192718506,4220.921875
2006-10-11,477.7559814453125,13.407585144042969,2946.143310546875,18.03624725341797,,1606.3751220703125,6.481049537658691,4211.28759765625
2006-10-12,489.6750183105469,13.849626541137695,2963.29736328125,18.633533477783203,,1606.3751220703125,6.65342378616333,4220.921875
2006-10-13,496.3795166015625,14.079350471496582,2980.451904296875,19.1417236328125,,1603.46484375,6.736217021942139,4250.4765625
2006-10-16,501.34564208984375,14.61886215209961,2993.273193359375,19.646516799926758,,1603.46484375,6.928951263427734,4238.84814453125
2006-10-17,491.6614685058594,14.302120208740234,2971.873779296875,19.646516799926758,,1623.835693359375,6.9221649169921875,4304.443359375
2006-10-18,501.09747314453125,14.33692455291748,2980.451904296875,19.1146240234375,,1626.74609375,6.874658584594727,4305.0849609375
2006-10-19,508.5467834472656,14.657147407531738,2958.966552734375,19.690570831298828,,1626.803955078125,7.16104793548584,4240.19580078125
2006-10-20,509.5401306152344,14.566651344299316,2946.01171875,19.13833999633789,,1629.6561279296875,7.139328956604004,4272.31982421875
2006-10-23,509.5401306152344,14.782456398010254,2946.01171875,19.83624839782715,,1629.6561279296875,7.165122032165527,4240.19580078125
2006-10-24,510.28509521484375,14.604936599731445,2965.89794921875,20.266515731811523,,1629.6561279296875,7.193622589111328,4220.6650390625
2006-10-25,513.2647094726562,14.862509727478027,2980.671630859375,20.249574661254883,,1618.0157470703125,7.174621105194092,4169.4619140625
2006-10-26,512.5198974609375,14.939085006713867,2946.01171875,20.12421989440918,,1647.1168212890625,7.123043537139893,4125.45556640625
2006-10-27,510.28509521484375,14.744162559509277,2907.887451171875,20.005640029907227,,1658.7568359375,7.07146692276001,4092.43408203125
2006-10-30,504.3254699707031,14.705876350402832,2924.350830078125,20.05646514892578,,1658.7568359375,6.863801956176758,4071.168701171875
2006-10-31,503.5805969238281,14.817258834838867,2927.988525390625,20.490116119384766,,1693.67822265625,6.9737396240234375,4187.9013671875
2006-11-01,512.5198974609375,14.852068901062012,2927.988525390625,20.22247314453125,,1693.67822265625,6.899090766906738,4187.9013671875
2006-11-02,505.8153991699219,14.897317886352539,2894.0234375,20.41219139099121,,1693.67822265625,7.079606533050537,4188.80126953125
2006-11-03,504.3254699707031,14.838143348693848,2885.056396484375,20.71710777282715,,1687.858154296875,7.231626033782959,4169.52685546875
2006-11-06,524.9356079101562,15.200138092041016,2946.01171875,20.77808952331543,,1716.9588623046875,7.570951461791992,4253.046875
2006-11-07,526.9221801757812,15.200138092041016,2963.34130859375,20.57480812072754,,1699.4981689453125,7.676816940307617,4259.47119140625
2006-11-08,519.4728393554688,14.963446617126465,2961.956298828125,20.005640029907227,,1699.4981689453125,7.530230522155762,4306.49853515625
2006-11-09,517.23779296875,14.956486701965332,2945.579345703125,20.60869026184082,,1698.3343505859375,7.888558387756348,4285.16943359375
2006-11-10,491.4132385253906,14.726762771606445,2894.0234375,19.927719116210938,,1679.12744140625,7.389072418212891,4272.31982421875
2006-11-13,465.0918884277344,14.229028701782227,2850.267333984375,19.62619400024414,,1676.2177734375,7.26555871963501,4246.62255859375
2006-11-14,464.8435974121094,14.364768028259277,2881.027099609375,19.30773162841797,,1676.2177734375,7.09212064743042,4268.98046875
2006-11-15,468.8166198730469,14.159408569335938,2860.8388671875,19.497453689575195,,1629.6561279296875,7.067046642303467,4266.7314453125
2006-11-16,476.26605224609375,13.954050064086914,2846.36767578125,19.026533126831055,,1600.554931640625,7.046153545379639,4278.0380859375
2006-11-17,454.6627197265625,13.995818138122559,2798.711669921875,19.44663429260254,,1513.251953125,7.007145404815674,4256.193359375
2006-11-20,473.2862548828125,13.961009979248047,2910.09619140625,18.846981048583984,,1513.251953125,7.1631693840026855,4251.69580078125
2006-11-21,469.8098449707031,13.992341995239258,2941.679443359375,19.788822174072266,,1542.3526611328125,7.319190979003906,4475.97802734375
2006-11-22,476.26605224609375,14.29167652130127,2924.350830078125,20.937313079833984,,1542.93505859375,7.348445415496826,4438.7802734375
2006-11-23,471.05145263671875,,2924.350830078125,,,1542.3526611328125,,4465.0556640625
2006-11-24,471.79638671875,14.180299758911133,2902.68798828125,20.9576473236084,,1542.3526611328125,7.398600101470947,4495.63720703125
2006-11-27,463.8503723144531,14.020186424255371,2885.749755859375,20.818740844726562,,1553.9932861328125,7.3623785972595215,4503.60400390625
2006-11-28,459.6289978027344,13.957530975341797,2889.69140625,20.59853744506836,,1551.083251953125,7.415316104888916,4532.12841796875
2006-11-29,466.0851745605469,14.284717559814453,2910.52978515625,20.88311195373535,,1551.083251953125,7.572730541229248,4574.27392578125
2006-11-30,476.5144348144531,14.420459747314453,2974.17333984375,21.299823760986328,,1551.083251953125,7.621490001678467,4601.32177734375
2006-12-01,491.6614685058594,14.23250675201416,3071.650390625,20.835683822631836,,1513.251953125,7.547654151916504,4561.4248046875
2006-12-04,503.3322448730469,14.563172340393066,3093.31298828125,20.642576217651367,,1513.251953125,7.731540203094482,4509.38525390625
2006-12-05,526.4253540039062,14.61886215209961,3121.90625,20.9169921875,,1513.251953125,7.78029727935791,4516.4521484375
2006-12-06,527.4185791015625,14.486597061157227,3157.864990234375,21.005077362060547,,1513.8922119140625,7.794228553771973,4496.53564453125
2006-12-07,536.6063232421875,14.354326248168945,3140.96923828125,20.977975845336914,,1513.8338623046875,7.859701633453369,4465.0556640625
2006-12-08,514.009765625,14.142008781433105,3140.96923828125,20.940717697143555,,1513.8338623046875,7.777512550354004,4465.0556640625
2006-12-11,515.4994506835938,14.061948776245117,3119.309326171875,20.784862518310547,,1513.8338623046875,8.031054496765137,4465.0556640625
2006-12-12,506.8087158203125,13.846151351928711,3110.643310546875,20.387006759643555,,1513.251953125,7.916821479797363,4474.69384765625
2006-12-13,511.7748718261719,14.016706466674805,3140.448974609375,20.177785873413086,,1501.611572265625,7.8694562911987305,4529.04345703125
2006-12-14,525.9288940429688,14.166372299194336,3110.643310546875,20.486465454101562,,1501.611572265625,8.051947593688965,4542.72802734375
2006-12-15,519.9693603515625,14.05499267578125,3097.64501953125,20.606508255004883,,1513.251953125,8.021303176879883,4561.4248046875
2006-12-18,522.4525756835938,13.74172592163086,3140.96923828125,20.150341033935547,,1513.251953125,7.99901008605957,4624.8984375
2006-12-19,515.9962158203125,13.860071182250977,3119.090576171875,20.616806030273438,,1513.251953125,7.946074485778809,4689.9150390625
2006-12-20,504.5738830566406,13.891398429870605,3119.309326171875,20.023435592651367,,1513.310546875,7.618704319000244,4719.85400390625
2006-12-21,493.1513671875,13.571178436279297,3258.333984375,18.81269645690918,,1513.8338623046875,7.284364700317383,4625.154296875
2006-12-22,494.1446838378906,13.494599342346191,3310.322509765625,18.466291427612305,,1513.8338623046875,7.335909366607666,4595.60302734375
2006-12-26,,13.477195739746094,3540.933837890625,18.706378936767578,,1519.0723876953125,7.450142860412598,4588.60009765625
2006-12-27,498.6142272949219,13.783495903015137,3621.86279296875,19.251718521118164,,1530.1307373046875,7.689747333526611,4657.7919921875
2006-12-28,505.0704650878906,13.853108406066895,3509.219970703125,19.19342041015625,,1513.251953125,7.5713372230529785,4594.57470703125
2006-12-29,505.5670471191406,13.835705757141113,3505.97314453125,19.114532470703125,,1519.0723876953125,7.507253646850586,4599.90771484375
2007-01-02,512.5198974609375,,3470.011962890625,,,1519.0723876953125,,4565.3427734375
2007-01-03,484.7087707519531,13.529407501220703,3474.561279296875,17.317291259765625,,1512.670166015625,7.114411354064941,4673.85498046875
2007-01-04,465.8368225097656,13.136086463928223,3439.859619140625,17.478498458862305,,1512.670166015625,7.037795543670654,4656.5087890625
2007-01-05,460.8705749511719,12.934209823608398,3336.184326171875,17.656841278076172,,1455.0498046875,7.099088191986084,4548.57373046875
2007-01-08,465.8368225097656,12.993386268615723,3370.584716796875,17.920942306518555,,1455.0498046875,7.221676826477051,4548.57373046875
2007-01-09,457.3943176269531,13.10476303100586,3293.642333984375,17.8008975982666,,1455.0498046875,7.31083345413208,4464.22216796875
2007-01-10,460.8705749511719,13.170897483825684,3236.022216796875,18.24335289001465,,1455.0498046875,7.493322849273682,4426.82958984375
2007-01-11,470.8031921386719,13.560735702514648,3292.603271484375,18.5583438873291,,1396.90625,7.645168304443359,4404.98681640625
2007-01-12,465.3401794433594,13.755648612976074,3361.91943359375,18.97926902770996,,1396.84765625,7.6981072425842285,4452.20751953125
2007-01-15,462.85711669921875,,3383.581787109375,,,1425.9490966796875,,4432.6767578125
2007-01-16,445.97174072265625,13.421507835388184,3357.58837890625,18.423797607421875,,1455.0498046875,7.576908111572266,4400.74755859375
2007-01-17,444.4818115234375,13.424988746643066,3398.65869140625,18.454849243164062,,1455.0498046875,7.620095252990723,4394.4501953125
2007-01-18,445.97174072265625,13.470237731933594,3418.240234375,18.140878677368164,,1460.870361328125,7.567161560058594,4368.68798828125
2007-01-19,450.44140625,13.926207542419434,3409.49951171875,18.613542556762695,,1460.870361328125,7.784477710723877,4432.9345703125
2007-01-22,450.44140625,13.804381370544434,3370.464111328125,18.19953155517578,,1460.870361328125,7.784477710723877,4513.2392578125
2007-01-23,456.89764404296875,14.256868362426758,3378.900390625,18.9654598236084,,1466.6903076171875,8.050549507141113,4510.02880859375
2007-01-24,468.8166198730469,14.382172584533691,3387.643310546875,19.438135147094727,,1460.870361328125,8.184288024902344,4561.4248046875
2007-01-25,465.8368225097656,14.041067123413086,3387.94921875,20.141965866088867,,1476.0028076171875,8.24140453338623,4554.99951171875
2007-01-26,454.9110412597656,13.999297142028809,3293.6630859375,20.179914474487305,,1476.0028076171875,8.34588623046875,4625.66943359375
2007-01-29,450.9380187988281,13.961009979248047,3245.58056640625,19.006864547729492,,1475.42041015625,8.439223289489746,4596.50244140625
2007-01-30,457.3943176269531,14.169854164123535,3309.880126953125,19.493337631225586,,1475.42041015625,8.515839576721191,4625.66943359375
2007-01-31,461.8638610839844,14.267312049865723,3475.065185546875,19.841806411743164,,1475.42041015625,8.706693649291992,4702.763671875
2007-02-01,468.8166198730469,14.416980743408203,3584.47412109375,19.586484909057617,,1524.892333984375,8.950480461120605,4792.70849609375
2007-02-02,463.3537292480469,14.333441734313965,3575.602783203125,19.058618545532227,,1571.4539794921875,8.762411117553711,4882.64990234375
2007-02-05,458.884033203125,14.333441734313965,3634.000732421875,18.824010848999023,,1641.2962646484375,8.880823135375977,4882.64990234375
2007-02-06,457.8908386230469,14.517921447753906,3606.20068359375,18.772254943847656,,1746.06005859375,9.068889617919922,4818.4052734375
2007-02-07,468.8166198730469,15.325438499450684,3719.020263671875,18.61699104309082,,1716.9588623046875,9.089789390563965,4863.37646484375
2007-02-08,459.8772888183594,15.161847114562988,3806.92529296875,18.434141159057617,,1746.0018310546875,9.017340660095215,4811.33837890625
2007-02-09,461.8638610839844,15.109636306762695,3899.592529296875,18.510047912597656,,1745.361572265625,8.988734245300293,4805.5576171875
2007-02-12,458.884033203125,15.31847858428955,3890.282958984375,18.372041702270508,,1746.06005859375,9.071710586547852,4657.7919921875
2007-02-13,474.27947998046875,15.670025825500488,3885.954833984375,19.38637924194336,,1746.06005859375,9.621076583862305,4734.88623046875
2007-02-14,485.70196533203125,15.871904373168945,3959.43212890625,19.538192749023438,,1711.1387939453125,9.728373527526855,4818.3408203125
2007-02-15,485.2053527832031,15.892786026000977,3934.037109375,19.955652236938477,,1711.1387939453125,9.78274154663086,4856.9541015625
2007-02-16,481.72894287109375,15.927593231201172,3947.150146484375,19.859050750732422,,1716.9588623046875,9.73123550415039,4882.0078125
2007-02-19,484.7087707519531,,3942.779296875,,,1716.9588623046875,,4844.103515625
2007-02-20,478.7492370605469,15.924110412597656,3863.704345703125,19.489891052246094,,1716.9588623046875,9.728373527526855,4901.92529296875
2007-02-21,469.8098449707031,15.830138206481934,3809.938232421875,20.176462173461914,,1716.9588623046875,9.991612434387207,4850.52880859375
2007-02-22,485.70196533203125,15.976323127746582,3875.026611328125,20.54907989501953,,1737.3297119140625,10.39076042175293,4961.93115234375
2007-02-23,492.1581115722656,16.11555290222168,3699.437744140625,20.66983413696289,,1737.3297119140625,10.729823112487793,4919.9765625
2007-02-26,498.1177062988281,16.27218246459961,3707.17431640625,21.363317489624023,,1737.3297119140625,10.396490097045898,4982.6162109375
2007-02-27,470.30657958984375,15.127034187316895,3529.70556640625,19.234573364257812,,1737.3297119140625,9.679733276367188,4753.51806640625
2007-02-28,460.8705749511719,15.081372261047363,3586.093017578125,19.80730438232422,,1716.9588623046875,10.09175968170166,4690.10791015625
2007-03-01,454.41448974609375,14.860051155090332,3595.27197265625,19.396732330322266,,1716.9588623046875,10.007349014282227,4657.7919921875
2007-03-02,454.9110412597656,14.61063003540039,3584.343994140625,18.84815788269043,,1716.9588623046875,9.671148300170898,4528.65869140625
2007-03-05,442.4953308105469,14.290938377380371,3540.632568359375,18.31683349609375,,1716.9588623046875,9.25483226776123,4446.42529296875
2007-03-06,451.4346008300781,14.923286437988281,3590.900634765625,19.127620697021484,,1716.9588623046875,9.593892097473145,4504.82470703125
2007-03-07,458.38751220703125,14.954902648925781,3608.38623046875,19.38637924194336,,1722.7791748046875,9.6740083694458,4522.8779296875
2007-03-08,472.7895202636719,15.021650314331055,3623.685546875,19.890104293823242,,1731.5093994140625,9.940109252929688,4548.57373046875
2007-03-09,467.8233947753906,15.067319869995117,3606.8564453125,19.576135635375977,,1731.5093994140625,9.884317398071289,4593.54736328125
2007-03-12,471.2996826171875,15.313225746154785,3671.766845703125,19.990158081054688,,1716.9588623046875,9.828519821166992,4625.66943359375
2007-03-13,465.8368225097656,14.856536865234375,3606.20068359375,19.327733993530273,,1731.5093994140625,9.156115531921387,4490.75439453125
2007-03-14,444.978515625,14.958412170410156,3649.912109375,19.451932907104492,,1731.5093994140625,9.447967529296875,4510.02880859375
2007-03-15,472.2930603027344,15.478340148925781,3715.48046875,20.7560977935791,,1731.5093994140625,9.725510597229004,4715.61279296875
2007-03-16,477.7559814453125,15.506446838378906,3780.609130859375,20.945842742919922,,1731.5093994140625,9.612491607666016,4741.31201171875
2007-03-19,492.1581115722656,15.980698585510254,3802.902587890625,21.5427303314209,,1731.5093994140625,10.018797874450684,4773.43359375
2007-03-20,489.42669677734375,16.251203536987305,3774.4892578125,21.515117645263672,,1746.06005859375,10.050270080566406,4767.00927734375
2007-03-21,495.38623046875,16.58493995666504,3802.902587890625,21.587574005126953,,1746.06005859375,10.324952125549316,4799.13427734375
2007-03-22,514.7548217773438,16.556838989257812,3807.318115234375,21.359867095947266,,1746.641845703125,10.220520973205566,4779.728515625
2007-03-23,517.2875366210938,16.5989933013916,3802.902587890625,21.494421005249023,,1792.621337890625,10.117507934570312,4783.07177734375
2007-03-26,505.0704650878906,17.118919372558594,3781.04638671875,22.32245635986328,,1833.3634033203125,10.17902660369873,4864.0849609375
2007-03-27,500.10418701171875,16.992450714111328,3737.33447265625,22.32935905456543,,1833.3050537109375,10.299208641052246,4850.52880859375
2007-03-28,493.8963623046875,16.64466667175293,3711.108154296875,22.15340232849121,,1833.3634033203125,10.148984909057617,4844.16845703125
2007-03-29,507.3052978515625,16.974885940551758,3750.447265625,22.546714782714844,,1833.3634033203125,10.237682342529297,4937.25927734375
2007-03-30,514.2579345703125,17.020553588867188,3776.67529296875,22.83652687072754,,1833.3634033203125,10.251988410949707,5030.41552734375
2007-04-02,505.5670471191406,17.083789825439453,3829.1298828125,23.022846221923828,,1833.9449462890625,10.392199516296387,5030.41552734375
2007-04-03,513.5130615234375,17.466703414916992,3875.026611328125,23.253999710083008,,1920.66650390625,10.742698669433594,5030.41552734375
2007-04-04,509.7884216308594,17.522916793823242,3999.604248046875,23.323001861572266,,1920.66650390625,10.728394508361816,5017.5654296875
2007-04-05,510.03662109375,17.38239288330078,4053.456787109375,23.312654495239258,,1949.7672119140625,10.709800720214844,5020.7783203125
2007-04-09,,17.435091018676758,4082.65625,23.799118041992188,,1978.8680419921875,10.877185821533203,5075.3857421875
2007-04-10,519.2244262695312,17.870702743530273,4126.36669921875,24.309734344482422,,2007.9691162109375,11.114667892456055,5139.6337890625
2007-04-11,518.4794311523438,17.55453109741211,4107.57177734375,24.12688636779785,,2007.910400390625,11.144712448120117,5236.00244140625
2007-04-12,512.271484375,17.67045783996582,4108.8828125,24.207626342773438,,1984.6883544921875,11.123251914978027,5187.81640625
2007-04-13,513.7613525390625,17.7091064453125,4130.7392578125,24.665103912353516,,1967.227783203125,11.23341178894043,5358.06689453125
2007-04-16,524.1904907226562,17.951509475708008,4283.72900390625,24.644309997558594,,1949.70849609375,11.2062349319458,5422.3115234375
2007-04-17,527.4185791015625,17.933942794799805,4301.21435546875,24.724018096923828,,1949.7672119140625,11.456594467163086,5415.88818359375
2007-04-18,517.4861450195312,17.572099685668945,4349.296875,24.311609268188477,,1949.7672119140625,11.375043869018555,5428.73681640625
2007-04-19,506.8087158203125,17.301591873168945,4371.15283203125,23.961578369140625,,1946.856689453125,11.310673713684082,5460.86181640625
2007-04-20,516.2444458007812,17.719642639160156,4387.23828125,24.263084411621094,,1949.7672119140625,11.642577171325684,5428.73681640625
2007-04-23,521.9559326171875,17.463191986083984,4312.2783203125,24.384387969970703,,1920.66650390625,11.993080139160156,5390.18896484375
2007-04-24,522.2041625976562,17.227819442749023,4321.09814453125,24.03781509399414,,1920.66650390625,11.85288143157959,5332.36865234375
2007-04-25,526.4253540039062,17.652902603149414,4301.25439453125,24.25961685180664,,1973.047607421875,11.940152168273926,5464.71484375
2007-04-26,531.6400146484375,17.294570922851562,4288.0283203125,23.725908279418945,,2002.1483154296875,11.685491561889648,5460.86181640625
2007-04-27,528.1636352539062,17.185667037963867,4365.19091796875,23.569955825805664,,2037.0703125,11.769901275634766,5397.25732421875
2007-04-30,533.8748168945312,17.157564163208008,4277.005859375,23.27536964416504,,2095.27197265625,11.488065719604492,5370.91552734375
2007-05-01,535.36474609375,17.0416316986084,,23.344690322875977,,,11.270612716674805,
2007-05-02,545.7939453125,17.43860626220703,4272.59619140625,23.798681259155273,,2095.27197265625,11.510958671569824,5370.91552734375
2007-05-03,547.0355834960938,17.575613021850586,4329.916015625,24.502214431762695,,2197.125244140625,11.698368072509766,5393.46630859375
2007-05-04,566.155517578125,18.1376895904541,4321.55078125,24.824525833129883,,2211.676025390625,12.040295600891113,5390.18896484375
2007-05-07,,18.267681121826172,4302.1484375,25.004735946655273,,2269.878173828125,12.230569839477539,5517.59326171875
2007-05-08,564.6659545898438,17.881240844726562,4233.35693359375,24.78986930847168,,2263.475830078125,12.326423645019531,5484.75
2007-05-09,559.4165649414062,18.76300621032715,4321.55078125,25.299318313598633,,2263.9990234375,12.771350860595703,5570.1416015625
2007-05-10,537.5565185546875,18.077970504760742,4310.52685546875,24.616588592529297,,2263.9990234375,12.804256439208984,5517.59326171875
2007-05-11,549.2320556640625,18.387115478515625,4277.4541015625,25.27159309387207,,2211.676025390625,12.912988662719727,5583.27734375
2007-05-14,533.0851440429688,18.007707595825195,4189.25927734375,24.83838653564453,,2182.5751953125,12.604564666748047,5662.099609375
2007-05-15,541.5308227539062,18.074459075927734,4080.7333984375,24.942350387573242,,2182.5751953125,12.54055118560791,5662.099609375
2007-05-16,543.27001953125,18.11309814453125,4102.7900390625,24.706697463989258,,2153.473876953125,12.533283233642578,5642.32958984375
2007-05-17,536.562744140625,17.786394119262695,4173.37841796875,24.58539390563965,,2150.505859375,12.41543960571289,5616.11962890625
2007-05-18,542.276123046875,17.951509475708008,4173.37841796875,24.658174514770508,,2147.654052734375,12.379067420959473,5582.6201171875
2007-05-21,547.4928588867188,18.123645782470703,4173.37841796875,25.084449768066406,,2147.654052734375,12.52600383758545,5582.6201171875
2007-05-22,542.5247192382812,17.82854652404785,3996.913330078125,24.727487564086914,,2147.654052734375,12.464900016784668,5451.83984375
2007-05-23,548.2379760742188,18.183364868164062,4146.9072265625,25.55923843383789,,2147.654052734375,12.57110595703125,5419.72021484375
2007-05-24,536.562744140625,17.42455291748047,4067.540771484375,25.053255081176758,,2133.103271484375,12.325241088867188,5333.6728515625
2007-05-25,539.0469360351562,17.8988037109375,4102.35009765625,25.857288360595703,,2136.013427734375,12.59292221069336,5399.35791015625
2007-05-28,,,4127.05517578125,,,2109.822265625,,5419.064453125
2007-05-29,536.562744140625,18.144716262817383,4102.7900390625,26.283557891845703,,2066.1708984375,12.616206169128418,5517.59326171875
2007-05-30,541.0343627929688,18.24659538269043,4138.0849609375,26.95244598388672,,2038.2342529296875,12.639485359191895,5681.14892578125
2007-05-31,553.9515991210938,18.49250602722168,4102.7900390625,27.27472686767578,,2037.71044921875,12.901346206665039,5688.375
2007-06-01,568.85595703125,18.949199676513672,4155.73046875,27.551998138427734,,2095.27197265625,13.580747604370117,5746.8359375
2007-06-04,569.8497314453125,19.177547454833984,,27.48267936706543,,,13.477458953857422,
2007-06-05,575.8115234375,19.335630416870117,4279.255859375,27.094532012939453,,2095.329833984375,13.345072746276855,5845.95458984375
2007-06-06,557.9259643554688,19.14592170715332,4284.55029296875,26.38406753540039,,2095.27197265625,13.269417762756348,5727.78466796875
2007-06-07,557.6776733398438,19.237268447875977,4202.052734375,25.833030700683594,,2095.27197265625,13.036648750305176,5570.1416015625
2007-06-08,553.4547119140625,19.595592498779297,4332.193359375,26.40140151977539,,2095.27197265625,12.795147895812988,5648.96337890625
2007-06-11,562.6459350585938,19.704496383666992,4363.076171875,26.83807945251465,,2095.27197265625,13.206864356994629,5655.59619140625
2007-06-12,562.8942260742188,19.367250442504883,4367.48828125,27.368316650390625,,2094.689697265625,13.359619140625,5586.5625
2007-06-13,590.7160034179688,20.02417755126953,4393.955078125,28.331762313842773,,2094.689697265625,13.541471481323242,5616.11962890625
2007-06-14,605.1236572265625,20.27008819580078,4424.837890625,28.99024200439453,,2037.0703125,13.583662986755371,5727.78466796875
2007-06-15,620.0282592773438,20.329814910888672,4477.7783203125,29.257104873657227,,2095.27197265625,13.605485916137695,5964.25537109375
2007-06-18,615.06005859375,20.58626365661621,4521.89453125,28.94519805908203,,2095.27197265625,13.716046333312988,5875.5791015625
2007-06-19,619.0346069335938,20.7232723236084,4808.6484375,28.716461181640625,,2095.27197265625,13.742240905761719,5826.3134765625
2007-06-20,624.9966430664062,20.463300704956055,4896.44091796875,28.179283142089844,,2094.689697265625,13.545841217041016,5780.33447265625
2007-06-21,616.0537109375,21.215091705322266,5165.98828125,28.86895179748535,,2095.27197265625,13.727686882019043,5872.2919921875
2007-06-22,614.5634765625,20.891895294189453,5470.38720703125,28.712997436523438,,2092.36181640625,13.764059066772461,5865.06884765625
2007-06-25,604.6268920898438,20.6916446685791,5558.6201171875,28.15848731994629,,2095.27197265625,13.88480281829834,5912.36376953125
2007-06-26,605.1236572265625,20.53005599975586,5240.98486328125,27.14998435974121,,2095.2138671875,13.524008750915527,5937.3232421875
2007-06-27,589.2257080078125,20.32630157470703,5293.92529296875,28.442672729492188,,2153.473876953125,13.163213729858398,5826.3134765625
2007-06-28,600.6524047851562,20.814607620239258,5426.27294921875,28.529308319091797,,2168.02392578125,13.572022438049316,5977.39208984375
2007-06-29,610.0919799804688,20.99025535583496,5359.65869140625,28.702585220336914,,2179.664794921875,13.713139533996582,5997.09814453125
2007-07-02,624.0028076171875,21.601524353027344,5359.65869140625,29.347206115722656,,2179.664794921875,14.316885948181152,5997.09814453125
2007-07-03,641.8882446289062,21.826364517211914,5296.1298828125,29.492774963378906,,2211.676025390625,14.19904613494873,5978.048828125
2007-07-04,639.9010620117188,,5254.21875,,,2211.676025390625,,6016.80224609375
2007-07-05,642.3848876953125,22.441137313842773,5205.69189453125,29.686843872070312,,2188.3955078125,14.596219062805176,5978.11328125
2007-07-06,659.2769775390625,22.93295669555664,5205.6923828125,30.63990592956543,,2211.676025390625,14.828987121582031,5944.48193359375
2007-07-09,677.1622924804688,23.561792373657227,5236.78466796875,30.806249618530273,,2211.676025390625,15.032663345336914,5911.705078125
2007-07-10,660.767333984375,22.86269760131836,5240.7822265625,30.709203720092773,,2211.676025390625,15.005021095275879,5832.8828125
2007-07-11,668.2195434570312,23.161304473876953,5223.4599609375,31.53750228881836,,2211.676025390625,15.327986717224121,5648.96337890625
2007-07-12,710.94580078125,24.106304168701172,5207.91064453125,32.8843879699707,,2182.5751953125,15.860448837280273,5682.4619140625
2007-07-13,708.4618530273438,23.874439239501953,5374.4765625,32.77310562133789,,2182.5751953125,16.0350341796875,5693.17041015625
2007-07-16,710.4490966796875,23.452890396118164,5374.4765625,32.32101821899414,,2182.5751953125,15.943376541137695,5693.17041015625
2007-07-17,697.5319213867188,23.294795989990234,5374.4765625,31.959339141845703,,2182.5751953125,16.07139778137207,5740.9248046875
2007-07-18,684.11767578125,23.112119674682617,5330.060546875,32.376651763916016,,2211.676025390625,16.120864868164062,5681.806640625
2007-07-19,720.882080078125,23.726900100708008,5285.64404296875,33.96245193481445,,2211.676025390625,16.24889373779297,5642.39501953125
2007-07-20,731.3153686523438,23.5477352142334,5596.56201171875,34.438880920410156,,2211.676025390625,16.371089935302734,5471.61181640625
2007-07-23,758.1434936523438,23.983352661132812,5836.41650390625,34.42496871948242,,2159.2939453125,16.731901168823242,5422.34765625
2007-07-24,744.2325439453125,23.452890396118164,6085.1513671875,33.03739547729492,,2181.992919921875,16.39000701904297,5418.9970703125
2007-07-25,718.3982543945312,23.47747230529785,5973.6650390625,32.72441864013672,,2176.7548828125,16.643142700195312,5333.6728515625
2007-07-26,694.5509033203125,22.21981430053711,5640.98095703125,31.20817756652832,,2176.7548828125,16.350730895996094,5382.93408203125
2007-07-27,669.7098999023438,21.548830032348633,5685.3984375,31.281219482421875,,2154.05615234375,15.863363265991211,5517.59326171875
2007-07-30,697.5319213867188,22.514909744262695,5618.7705078125,32.60965347290039,,2153.473876953125,16.29254150390625,5616.11962890625
2007-07-31,723.8633422851562,22.406003952026367,5596.56201171875,32.682682037353516,,2153.473876953125,16.397287368774414,5583.27734375
2007-08-01,696.0411987304688,21.94931411743164,5636.5419921875,31.215124130249023,,2153.473876953125,15.752801895141602,5550.4345703125
2007-08-02,692.0667724609375,22.107402801513672,5752.02490234375,31.493343353271484,,2156.38427734375,15.5651216506958,5551.09228515625
2007-08-03,683.6209106445312,21.33453941345215,5676.51416015625,29.956233978271484,,2159.2939453125,14.746065139770508,5550.4345703125
2007-08-06,667.7228393554688,21.612060546875,5552.1455078125,29.723237991333008,,2159.2939453125,14.456551551818848,5419.72021484375
2007-08-07,682.1304321289062,21.724485397338867,5532.15771484375,30.52656364440918,,2159.2939453125,14.975924491882324,5451.9052734375
2007-08-08,685.111328125,22.507890701293945,5596.56201171875,31.545503616333008,,2159.2939453125,15.533114433288574,5582.6201171875
2007-08-09,647.8499755859375,21.288864135742188,5632.09716796875,29.858856201171875,,2124.373291015625,14.626765251159668,5517.59326171875
2007-08-10,616.0537109375,20.638967514038086,5596.56201171875,30.06751823425293,,2095.27197265625,14.345874786376953,5379.650390625
2007-08-13,680.6398315429688,20.98674201965332,5707.60595703125,30.533512115478516,,2124.373291015625,14.968271255493164,5386.22119140625
2007-08-14,669.2132568359375,20.25955581665039,5674.73779296875,28.98596954345703,,2106.912353515625,14.028034210205078,5188.77001953125
2007-08-15,678.6527709960938,19.082693099975586,,27.080232620239258,,,13.10998249053955,
2007-08-16,604.1299438476562,18.362529754638672,5196.80908203125,25.410982131958008,,1993.41845703125,12.497946739196777,5024.95068359375
2007-08-17,640.3976440429688,19.25131607055664,5196.80908203125,26.742904663085938,,2095.27197265625,13.3982572555542,5222.0068359375
2007-08-20,652.321533203125,19.85555648803711,5285.64404296875,27.80706214904785,,1996.3282470703125,13.503222465515137,5195.732421875
2007-08-21,649.8372802734375,20.234962463378906,5463.3125,28.26957130432129,,2031.249755859375,14.073866844177246,5287.69189453125
2007-08-22,690.0796508789062,20.93404769897461,5663.18896484375,29.764978408813477,,2066.1708984375,14.65633773803711,5320.53564453125
2007-08-23,690.0796508789062,21.41533660888672,5516.61181640625,29.2919979095459,,2066.1708984375,14.551371574401855,5333.6728515625
2007-08-24,693.5572509765625,21.882566452026367,5574.357421875,30.300500869750977,,2066.1708984375,15.147141456604004,5459.1318359375
2007-08-27,,21.78420066833496,5383.36083984375,29.810169219970703,,2071.990966796875,15.318634986877441,5484.75
2007-08-28,679.1495971679688,20.97620964050293,5307.8515625,28.530393600463867,,2066.1708984375,14.617903709411621,5287.82421875
2007-08-29,687.595458984375,21.928234100341797,5281.20166015625,29.594568252563477,,2066.1708984375,15.192967414855957,5359.9453125
2007-08-30,697.0350341796875,21.713943481445312,5308.2958984375,29.556310653686523,,2071.990966796875,15.263928413391113,5366.51513671875
2007-08-31,706.474365234375,22.1846866607666,5441.10400390625,30.4013614654541,,2095.27197265625,15.559599876403809,5511.0224609375
2007-09-03,712.9332275390625,,5529.93603515625,,,2112.733154296875,,5484.75
2007-09-04,707.9650268554688,22.560575485229492,5485.52001953125,31.66374397277832,,2112.733154296875,15.970582962036133,5484.75
2007-09-05,705.4808959960938,22.058225631713867,5333.17041015625,31.107324600219727,,2112.733154296875,16.00162696838379,5455.19091796875
2007-09-06,718.3982543945312,23.252647399902344,5312.29443359375,31.88977813720703,,2112.733154296875,16.298776626586914,5419.064453125
2007-09-07,685.111328125,22.54652214050293,5241.2265625,31.36119270324707,,2124.373291015625,15.470901489257812,5254.78466796875
2007-09-10,671.2005004882812,22.29359245300293,5241.2265625,30.97517967224121,,2124.373291015625,15.478294372558594,5156.32080078125
2007-09-11,689.5823974609375,23.13320541381836,5196.80908203125,31.98369598388672,,2095.27197265625,16.05928611755371,5111.7861328125
2007-09-12,693.0603637695312,22.931304931640625,5107.974609375,31.820240020751953,,2066.1708984375,16.085893630981445,5058.44970703125
2007-09-13,705.4808959960938,23.43781280517578,5107.52978515625,33.419944763183594,,2066.1708984375,16.074068069458008,5139.89990234375
2007-09-14,705.9775390625,23.356351852416992,5141.7314453125,33.97635269165039,,2066.1708984375,16.28694725036621,5222.0068359375
2007-09-17,701.5061645507812,22.825037002563477,5141.7314453125,33.75727462768555,,2066.1708984375,16.13763427734375,5222.0068359375
2007-09-18,732.8057250976562,24.287906646728516,,35.92382049560547,,,16.9315128326416,
2007-09-19,782.0234375,24.936113357543945,,36.68891143798828,,,17.117778778076172,
2007-09-20,792.95361328125,25.269062042236328,5329.17236328125,37.40876770019531,,2071.990966796875,17.45631980895996,5451.9052734375
2007-09-21,785.501220703125,25.690570831298828,5507.72900390625,37.79130172729492,,2095.27197265625,17.734254837036133,5583.27734375
2007-09-24,837.6691284179688,26.898406982421875,5649.8642578125,37.45747375488281,,2095.27197265625,18.27828025817871,5524.1611328125
2007-09-25,784.5075073242188,27.27387237548828,5775.12060546875,36.58806228637695,,2153.473876953125,18.109752655029297,5484.75
2007-09-26,775.564453125,26.816940307617188,5818.6494140625,36.135963439941406,,2153.473876953125,18.03435707092285,5566.85595703125
2007-09-27,785.501220703125,27.504098892211914,6129.56982421875,37.14100646972656,,2188.3955078125,18.504470825195312,5668.669921875
2007-09-28,757.6782836914062,27.840591430664062,6396.07177734375,36.476776123046875,,2223.316162109375,18.306373596191406,5766.53857421875
2007-10-01,797.9219970703125,29.002397537231445,6396.07177734375,38.66419219970703,,2234.95703125,18.893268585205078,5898.56884765625
2007-10-02,779.0423583984375,28.265649795532227,6391.63037109375,37.95823287963867,,2298.978759765625,18.88589096069336,6043.07666015625
2007-10-03,801.3998413085938,27.691831588745117,6306.7939453125,37.384429931640625,,2293.158203125,18.517772674560547,5960.97021484375
2007-10-04,794.9410400390625,27.72017478942871,6351.6572265625,37.64872741699219,,2298.978759765625,18.2561092376709,6042.4189453125
2007-10-05,820.77685546875,28.16646957397461,6529.32373046875,38.48335266113281,,2298.978759765625,18.439424514770508,6253.26953125
2007-10-08,805.3746948242188,27.783920288085938,6484.90673828125,37.603515625,,2293.158203125,18.40541648864746,6213.8583984375
2007-10-09,798.4189453125,28.860706329345703,6609.27392578125,39.3179817199707,,2293.158203125,19.055891036987305,6246.70263671875
2007-10-10,831.2098999023438,29.059064865112305,6497.185546875,40.82728576660156,,2298.978759765625,20.025693893432617,6250.6435546875
2007-10-11,865.9891357421875,29.632883071899414,6475.3037109375,39.562564849853516,,2298.978759765625,20.182405471801758,6539.00341796875
2007-10-12,868.4729614257812,30.018962860107422,6366.33935546875,40.59469223022461,,2316.439697265625,20.376054763793945,6437.19140625
2007-10-15,847.6058959960938,29.469945907592773,,39.71599578857422,,,19.9783878326416,
2007-10-16,823.757568359375,29.044897079467773,6424.39453125,38.68386459350586,,2322.260009765625,19.787681579589844,6281.51611328125
2007-10-17,847.1091918945312,29.349517822265625,6438.24072265625,38.575775146484375,,2322.260009765625,19.676795959472656,6307.78955078125
2007-10-18,825.7451171875,30.344831466674805,6520.4072265625,39.66368865966797,,2321.095947265625,19.832029342651367,6207.29248046875
2007-10-19,813.3241577148438,29.271591186523438,6408.31640625,38.26543045043945,,2304.798828125,19.395912170410156,6174.4482421875
2007-10-22,775.564453125,28.66944122314453,6403.849609375,37.21587371826172,,2255.3271484375,19.18894386291504,6161.37548828125
2007-10-23,812.8272705078125,29.710805892944336,6462.7998046875,38.75708770751953,,2223.316162109375,20.064138412475586,6155.134765625
2007-10-24,791.9600830078125,28.814666748046875,6707.97021484375,38.997684478759766,,2264.057373046875,19.551145553588867,6174.38232421875
2007-10-25,812.8272705078125,29.18657875061035,7171.95703125,39.342899322509766,,2252.417724609375,19.49496078491211,6302.5341796875
2007-10-26,844.1281127929688,30.518394470214844,7242.5146484375,40.74464797973633,,2328.079833984375,20.18979263305664,6369.86328125
2007-10-29,855.0584716796875,30.932825088500977,7205.4501953125,41.09682083129883,,2328.079833984375,20.89642906188965,6391.2109375
2007-10-30,828.229248046875,29.83477783203125,7118.36767578125,39.75434875488281,,2327.498046875,20.256305694580078,6437.849609375
2007-10-31,832.2039794921875,30.90802001953125,7089.78466796875,41.03403091430664,,2298.978759765625,20.652509689331055,6155.0703125
2007-11-01,804.8778686523438,29.197208404541016,,39.0709228515625,,,19.798030853271484,
2007-11-02,797.9219970703125,29.65767478942871,6904.45947265625,39.33243179321289,,2301.888916015625,19.605846405029297,6164.3310546875
2007-11-05,776.0612182617188,28.187721252441406,6797.72998046875,38.415374755859375,,2211.676025390625,18.484607696533203,6009.0517578125
2007-11-06,794.9410400390625,29.56913185119629,6809.78369140625,39.576515197753906,,2208.70751953125,19.649364471435547,6072.43798828125
2007-11-07,775.564453125,28.46046257019043,6598.55615234375,37.693572998046875,,2153.473876953125,18.556657791137695,6036.44189453125
2007-11-08,778.0484619140625,27.22073745727539,6609.27587890625,38.91400146484375,,2153.473876953125,18.224933624267578,5951.11669921875
2007-11-09,740.2888793945312,26.85236358642578,6586.94677734375,38.22011184692383,,2153.473876953125,17.12171173095703,5874.9208984375
2007-11-12,695.5735473632812,25.14863395690918,6520.4072265625,34.607669830322266,,2141.833740234375,15.460119247436523,5681.8720703125
2007-11-13,698.5546264648438,26.646928787231445,6611.5078125,35.35037612915039,,2150.56396484375,16.5633487701416,5731.0703125
2007-11-14,740.2888793945312,26.86299705505371,6698.5888671875,36.26394271850586,,2152.891845703125,17.14423179626465,5747.490234375
2007-11-15,730.3522338867188,26.246673583984375,6743.24609375,34.788978576660156,,2152.833740234375,16.098045349121094,5681.60791015625
2007-11-16,707.4977416992188,26.469820022583008,6778.525390625,34.88313674926758,,2156.38427734375,16.518314361572266,5648.96337890625
2007-11-19,653.3422241210938,25.09195899963379,6653.93359375,32.25400161743164,,2095.27197265625,15.313027381896973,5484.75
2007-11-20,685.6365966796875,25.75432586669922,6609.27587890625,32.02733612060547,,2095.27197265625,15.908920288085938,5320.53564453125
2007-11-21,651.8515625,24.741296768188477,6385.98974609375,31.40317726135254,,2095.27197265625,15.039855003356934,5287.7587890625
2007-11-22,634.9591674804688,,6477.53515625,,,2095.27197265625,,5287.7587890625
2007-11-23,680.1715087890625,25.793285369873047,6452.974609375,32.484130859375,,2095.27197265625,15.640238761901855,5419.1279296875
2007-11-26,680.668212890625,25.13800811767578,6250.677734375,31.1381778717041,,2095.27197265625,15.159929275512695,5435.4853515625
2007-11-27,654.3358154296875,25.690570831298828,6170.74072265625,31.131208419799805,,2095.27197265625,14.84472370147705,5386.22119140625
2007-11-28,698.5546264648438,26.53357696533203,6452.52587890625,32.74565887451172,,2095.27197265625,16.057512283325195,5732.0576171875
2007-11-29,750.2256469726562,26.7248477935791,6585.60546875,33.70105743408203,,2095.27197265625,16.483793258666992,5776.0
2007-11-30,758.6719970703125,26.859447479248047,6700.37548828125,34.49607467651367,,2153.473876953125,16.60837173461914,5846.08642578125
2007-12-03,762.1497192382812,26.636302947998047,6695.9111328125,33.77080154418945,,2153.473876953125,16.408740997314453,5790.1865234375
2007-12-04,737.8047485351562,26.420230865478516,6542.73486328125,33.95211410522461,,2153.473876953125,15.911918640136719,5714.646484375
2007-12-05,761.1561279296875,26.944459915161133,6680.27978515625,35.427085876464844,,2153.473876953125,16.336702346801758,5780.33447265625
2007-12-06,749.2319946289062,27.35533905029297,6787.90283203125,36.57429122924805,,2153.473876953125,16.69243049621582,6120.98046875
2007-12-07,788.4820556640625,27.27387237548828,6809.3408203125,37.693572998046875,,2153.473876953125,17.663572311401367,6096.28076171875
2007-12-10,789.4759521484375,27.645780563354492,6787.90283203125,37.72148513793945,,2153.473876953125,17.475950241088867,5993.4833984375
2007-12-11,789.9725341796875,26.873615264892578,6586.94677734375,35.81414794921875,,2095.27197265625,16.515310287475586,5827.82470703125
2007-12-12,780.0357055664062,26.983415603637695,6475.3037109375,36.91599655151367,,2066.1708984375,16.92958641052246,5550.4345703125
2007-12-13,729.3585815429688,26.331682205200195,6222.98974609375,35.932682037353516,,2010.8792724609375,16.423755645751953,5386.22119140625
2007-12-14,698.0575561523438,25.173425674438477,6163.59716796875,35.604923248291016,,2007.9691162109375,15.787336349487305,5445.337890625
2007-12-17,672.2221069335938,24.011629104614258,6028.73046875,33.0943489074707,,1967.227783203125,15.11489486694336,5287.7587890625
2007-12-18,682.6555786132812,24.546483993530273,6005.955078125,33.77777862548828,,1967.227783203125,15.180939674377441,5282.50341796875
2007-12-19,676.1968383789062,24.433143615722656,5850.1015625,34.297325134277344,,1967.227783203125,15.346048355102539,5386.22119140625
2007-12-20,679.177734375,24.26312255859375,5957.279296875,35.189971923828125,,1949.7672119140625,15.641744613647461,5714.5810546875
2007-12-21,709.9817504882812,25.038829803466797,6070.7080078125,35.88386154174805,,1961.407470703125,15.875900268554688,5977.39208984375
2007-12-24,735.320556640625,25.13092041015625,6033.64208984375,36.17676544189453,,1961.407470703125,16.53182601928711,5977.39208984375
2007-12-26,,25.63389778137207,5970.67626953125,37.19147491455078,,1978.8680419921875,16.329185485839844,5980.74072265625
2007-12-27,723.8934936523438,25.212379455566406,6051.05810546875,36.23255920410156,,2013.7891845703125,16.009483337402344,5886.81005859375
2007-12-28,726.3775634765625,25.27614402770996,6094.82177734375,36.45573425292969,,2019.609375,15.8743896484375,5892.984375
2007-12-31,712.466064453125,24.808597564697266,6094.82177734375,35.7199821472168,,2019.609375,15.779838562011719,5892.984375
2008-01-01,,,6094.82177734375,,,2019.609375,,5892.984375
2008-01-02,707.4977416992188,24.93965721130371,5850.1015625,36.01636505126953,,2007.9691162109375,15.998983383178711,5629.12646484375
2008-01-03,712.466064453125,25.591392517089844,5805.44482421875,36.302303314208984,,2007.9691162109375,16.32318687438965,5747.490234375
2008-01-04,683.6493530273438,24.542940139770508,5537.50048828125,34.768070220947266,,1978.8680419921875,15.610220909118652,5474.3037109375
2008-01-07,664.2727661132812,24.234779357910156,5339.66796875,33.28611373901367,,1978.8680419921875,15.101391792297363,5419.064453125
2008-01-08,667.75048828125,24.110801696777344,5272.23583984375,33.40467834472656,,1920.66650390625,14.99931812286377,5320.53564453125
2008-01-09,640.9212646484375,24.33041763305664,5090.9248046875,33.774295806884766,,1833.3634033203125,14.834214210510254,5126.04052734375
2008-01-10,640.4243774414062,24.946727752685547,5353.0673828125,33.74290084838867,,1879.924560546875,14.750157356262207,5353.37841796875
2008-01-11,647.380126953125,23.976211547851562,5413.7568359375,32.96808624267578,,1885.7449951171875,14.398921966552734,5287.0361328125
2008-01-14,660.794921875,24.96799087524414,5372.39697265625,34.36569595336914,,1885.7449951171875,14.900261878967285,5385.82568359375
2008-01-15,628.5003662109375,23.441362380981445,5207.40380859375,33.220298767089844,,1885.7449951171875,14.196296691894531,5174.712890625
2008-01-16,585.772216796875,22.534595489501953,5080.17431640625,31.045074462890625,,1815.90234375,13.213153839111328,5266.1484375
2008-01-17,579.8102416992188,21.493223190307617,4855.38818359375,28.544090270996094,,1815.90234375,12.390613555908203,4926.42138671875
2008-01-18,598.6900024414062,21.507394790649414,4720.5166015625,29.46881675720215,,1746.06005859375,12.59625244140625,4745.7197265625
2008-01-21,574.3450317382812,,4340.806640625,,,1673.307373046875,,4465.30810546875
2008-01-22,597.696533203125,20.480195999145508,4411.5263671875,28.55458641052246,,1673.307373046875,12.1324462890625,4532.56982421875
2008-01-23,578.8165283203125,21.482603073120117,4360.6328125,27.076440811157227,,1600.554931640625,12.030374526977539,4433.77978515625
2008-01-24,628.5003662109375,22.063499450683594,4590.142578125,29.22364044189453,,1746.06005859375,12.756853103637695,4893.580078125
2008-01-25,647.8768920898438,22.4637508392334,4647.68505859375,29.500341415405273,,1763.5206298828125,13.100581169128418,4896.4033203125
2008-01-28,623.5319213867188,22.8817081451416,4807.73291015625,29.878643035888672,,1757.699951171875,12.921961784362793,5111.720703125
2008-01-29,665.2664794921875,23.080066680908203,5238.42333984375,30.211416244506836,,1757.699951171875,13.38877010345459,5189.162109375
2008-01-30,651.8515625,23.257171630859375,5534.24365234375,30.400569915771484,,1804.261962890625,13.84957218170166,5294.26171875
2008-01-31,648.3739624023438,23.933706283569336,5571.55859375,31.11162567138672,,1804.261962890625,14.112238883972168,5320.009765625
2008-02-01,695.5735473632812,26.112071990966797,5733.85498046875,32.26054763793945,,1786.801513671875,14.754666328430176,5438.7705078125
2008-02-04,705.5103149414062,25.6728515625,5732.05615234375,31.938270568847656,,1804.261962890625,14.775674819946289,5387.796875
2008-02-05,671.2283935546875,24.6102352142334,5574.7060546875,30.092313766479492,,1804.261962890625,14.031192779541016,5243.4853515625
2008-02-06,669.7378540039062,23.413026809692383,5754.53515625,29.76305389404297,,1775.1610107421875,13.687461853027344,5254.85009765625
2008-02-07,675.6997680664062,23.501569747924805,5844.44921875,30.495134353637695,,1775.1610107421875,13.84056568145752,5090.63623046875
2008-02-08,717.9312744140625,23.306760787963867,6023.82958984375,31.829689025878906,,1804.261962890625,14.55842113494873,5155.66357421875
2008-02-11,722.4027099609375,23.32093048095703,6334.93115234375,32.743896484375,,1804.261962890625,15.23971176147461,5089.978515625
2008-02-12,755.194091796875,24.01517105102539,6462.61181640625,32.481204986572266,,1862.464111328125,15.282387733459473,5254.85009765625
2008-02-13,759.1688842773438,24.319793701171875,6617.71435546875,32.98209762573242,,1914.2637939453125,15.4759521484375,5384.90576171875
2008-02-14,767.1182250976562,24.47209930419922,6571.857421875,32.3305778503418,,1909.025634765625,15.334206581115723,5226.9326171875
2008-02-15,753.2066040039062,24.794429779052734,6626.70654296875,32.638824462890625,,1920.66650390625,15.453086853027344,5124.134765625
2008-02-18,780.0357055664062,,6997.154296875,,,1943.9466552734375,,5156.32080078125
2008-02-19,820.77685546875,25.94205665588379,6868.57568359375,34.30615234375,,2066.1708984375,16.596179962158203,5254.91650390625
2008-02-20,823.260986328125,25.64806365966797,6946.80029296875,34.79302978515625,,2124.431396484375,17.248498916625977,5373.4111328125
2008-02-21,839.6566162109375,25.46387481689453,6827.666015625,34.98219680786133,,2234.95703125,17.446640014648438,5427.0107421875
2008-02-22,814.8147583007812,26.15103530883789,6743.5966796875,34.803550720214844,,2234.95703125,17.426828384399414,5451.9052734375
2008-02-25,794.9410400390625,26.175825119018555,6811.02880859375,35.223880767822266,,2234.374755859375,17.43597412109375,5716.947265625
2008-02-26,815.8082275390625,26.143953323364258,6736.8505859375,35.139808654785156,,2225.644775390625,17.289655685424805,5846.02099609375
2008-02-27,828.229248046875,26.779434204101562,6653.68115234375,36.295719146728516,,2211.093994140625,17.672212600708008,6043.142578125
2008-02-28,834.6881103515625,27.043624877929688,6638.39697265625,37.32904815673828,,2182.5751953125,18.198022842407227,5874.5263671875
2008-02-29,807.3619995117188,26.126100540161133,6456.3173828125,35.32897186279297,,2153.473876953125,17.391775131225586,5893.90234375
2008-03-03,813.3241577148438,26.10467529296875,6281.88427734375,36.23616409301758,,2153.473876953125,17.510652542114258,5918.14306640625
2008-03-04,808.3557739257812,25.56201934814453,6222.5400390625,34.65291976928711,,2159.2939453125,16.321834564208984,5911.705078125
2008-03-05,831.707275390625,26.525964736938477,6254.4599609375,36.456851959228516,,2159.2939453125,17.125051498413086,6035.26025390625
2008-03-06,824.7514038085938,26.186796188354492,6138.02099609375,36.54792022705078,,2211.676025390625,17.222599029541016,5986.126953125
2008-03-07,781.5263671875,25.30497169494629,6234.67822265625,34.98568344116211,,2197.125244140625,17.172292709350586,5832.8828125
2008-03-10,723.3964233398438,23.619882583618164,6372.69580078125,32.91554641723633,,2197.125244140625,16.21514892578125,5568.0390625
2008-03-11,719.421630859375,24.430299758911133,6624.00927734375,35.54262924194336,,2182.5751953125,17.169254302978516,5797.609375
2008-03-12,755.194091796875,24.84086036682129,6700.4375,35.68623733520508,,2182.5751953125,17.082374572753906,6108.76220703125
2008-03-13,749.2319946289062,24.994369506835938,6672.11376953125,36.21516799926758,,2182.5751953125,17.003116607666016,6162.16455078125
2008-03-14,745.2572021484375,25.208585739135742,6708.0791015625,35.59166717529297,,2170.934814453125,16.59160804748535,6252.35009765625
2008-03-17,682.6555786132812,23.855504989624023,6677.5087890625,33.13972854614258,,2130.193115234375,15.576542854309082,6046.22900390625
2008-03-18,696.0701904296875,24.530254364013672,6720.21826171875,34.568851470947266,,2130.193115234375,16.309642791748047,6300.23486328125
2008-03-19,662.2853393554688,22.845165252685547,6664.0224609375,30.684289932250977,,2136.013427734375,15.15892505645752,6336.03515625
2008-03-20,618.0667724609375,22.42388916015625,6609.17236328125,30.502140045166016,,2124.373291015625,15.195514678955078,6282.4365234375
2008-03-21,,,6609.17236328125,,,2124.373291015625,,6282.4365234375
2008-03-24,,22.755908966064453,6592.53857421875,31.090620040893555,,2124.373291015625,15.5247220993042,6539.00341796875
2008-03-25,633.9656982421875,23.002246856689453,6633.89892578125,32.369117736816406,,2124.373291015625,15.853928565979004,6762.3349609375
2008-03-26,647.380126953125,23.262868881225586,6608.7216796875,34.131019592285156,,2153.473876953125,16.202953338623047,6699.9326171875
2008-03-27,653.3422241210938,23.227169036865234,6627.60498046875,34.22557830810547,,2153.473876953125,16.227340698242188,7000.7724609375
2008-03-28,671.2283935546875,23.405670166015625,6557.021484375,33.83677673339844,,2153.473876953125,15.87374496459961,6765.6201171875
2008-03-31,696.5673217773438,23.50921058654785,6635.69873046875,33.70368957519531,,2168.082763671875,15.824976921081543,6699.27685546875
2008-04-01,686.1336059570312,23.887636184692383,6608.2734375,34.197574615478516,,2182.5751953125,16.161806106567383,6896.99072265625
2008-04-02,700.5416870117188,24.216093063354492,6496.33056640625,34.93315124511719,,2208.76611328125,16.731822967529297,7224.10498046875
2008-04-03,714.9501342773438,25.187162399291992,6496.33056640625,36.32025146484375,,2205.855712890625,17.256122589111328,7327.2314453125
2008-04-04,743.766845703125,26.140377044677734,6496.33056640625,37.72135925292969,,2205.855712890625,17.894729614257812,7634.640625
2008-04-07,776.0612182617188,26.800851821899414,6653.68115234375,37.486671447753906,,2200.035400390625,17.672212600708008,8112.17578125
2008-04-08,770.0991821289062,28.203908920288086,6784.05615234375,37.742366790771484,,2182.5751953125,17.923690795898438,8236.9755859375
2008-04-09,781.0296630859375,27.95757293701172,6923.42626953125,38.46394348144531,,2182.5751953125,17.919126510620117,7915.11572265625
2008-04-10,763.1435546875,27.836191177368164,7013.34130859375,38.40790557861328,,2200.035400390625,17.83376693725586,7685.21875
2008-04-11,766.6212768554688,27.507741928100586,6990.8583984375,37.35215377807617,,2211.093994140625,17.481689453125,8407.759765625
2008-04-14,745.75439453125,27.422056198120117,7058.296875,37.06377410888672,,2211.676025390625,17.43902015686035,8690.2041015625
2008-04-15,762.6468505859375,28.489524841308594,7049.306640625,37.10246658325195,,2211.676025390625,17.617332458496094,8801.216796875
2008-04-16,792.95361328125,29.37133026123047,7080.7744140625,39.81744384765625,,2188.3955078125,18.455612182617188,9123.7333984375
2008-04-17,783.0169677734375,28.767988204956055,7283.0830078125,39.62049102783203,,2182.5751953125,18.07762908935547,9130.30078125
2008-04-18,774.0738525390625,28.90365219116211,7418.44873046875,40.05305862426758,,2182.5751953125,18.182788848876953,9195.986328125
2008-04-21,796.9284057617188,29.828311920166016,7521.255859375,40.492679595947266,,2194.21533203125,18.591259002685547,9229.48828125
2008-04-22,824.7514038085938,29.628385543823242,7428.26171875,41.72705841064453,,2211.676025390625,18.900651931762695,8966.0869140625
2008-04-23,845.6187744140625,30.460224151611328,7258.14892578125,40.82324981689453,,2211.676025390625,18.676607131958008,8473.4462890625
2008-04-24,803.3872680664062,29.460594177246094,7303.5107421875,39.60291290283203,,2211.676025390625,17.948074340820312,8440.6044921875
2008-04-25,777.0549926757812,30.167470932006836,7162.88671875,41.13976287841797,,2229.13623046875,18.479999542236328,8867.5595703125
2008-04-28,796.9284057617188,29.464160919189453,7121.6064453125,40.72478485107422,,2240.776611328125,17.76365089416504,8966.0869140625
2008-04-29,778.0484619140625,28.346712112426758,6985.97021484375,38.938228607177734,,2240.776611328125,16.9985408782959,8591.67578125
2008-04-30,797.42529296875,28.796539306640625,7031.3330078125,40.00382614135742,,2246.59765625,17.490835189819336,8671.158203125
2008-05-01,786.9916381835938,28.560922622680664,7031.3330078125,37.96757888793945,,2246.59765625,16.760784149169922,8671.158203125
2008-05-02,797.42529296875,29.98895835876465,6945.14208984375,38.765907287597656,,2240.776611328125,17.527414321899414,8440.6044921875
2008-05-05,,30.320985794067383,6917.9228515625,40.791595458984375,,2240.776611328125,18.092866897583008,8539.1337890625
2008-05-06,796.9284057617188,30.999305725097656,6804.0615234375,41.25933837890625,,2237.8671875,18.037994384765625,8525.9931640625
2008-05-07,762.8571166992188,29.528409957885742,6851.24072265625,40.21835708618164,,2237.8671875,17.632577896118164,8475.365234375
2008-05-08,804.6030883789062,30.95288848876953,7122.05810546875,41.52310562133789,,2223.316162109375,17.707263946533203,8608.8369140625
2008-05-09,772.299560546875,31.388450622558594,7342.07080078125,40.16911697387695,,2223.316162109375,17.01835823059082,8775.6748046875
2008-05-12,761.3660888671875,31.513408660888672,7190.10400390625,40.32386779785156,,2217.49609375,17.05086326599121,8975.880859375
2008-05-13,752.91748046875,31.34560775756836,7098.9248046875,41.27339172363281,,2194.21533203125,17.074073791503906,8875.1103515625
2008-05-14,768.8207397460938,32.20600128173828,7213.82275390625,40.51728057861328,,2101.09228515625,16.702632904052734,8975.880859375
2008-05-15,785.2210083007812,33.35201644897461,7168.45361328125,42.00139236450195,,2124.373291015625,17.485754013061523,9142.71875
2008-05-16,777.2692260742188,33.91609573364258,7439.76416015625,43.671875,,2124.373291015625,18.0073299407959,9509.763671875
2008-05-19,792.1787109375,33.37699890136719,7259.19287109375,43.90047073364258,,2153.473876953125,17.420753479003906,10140.4091796875
2008-05-20,756.396484375,32.02035903930664,7259.19287109375,44.262691497802734,,2182.5751953125,17.16693878173828,10778.3984375
2008-05-21,741.487060546875,31.731178283691406,7259.19287109375,42.40581512451172,,2182.5751953125,16.662391662597656,10778.3984375
2008-05-22,727.57177734375,32.952152252197266,7250.11767578125,41.88180160522461,,2200.035400390625,16.903833389282227,10477.4208984375
2008-05-23,689.3047485351562,31.95253562927246,7259.19287109375,41.213623046875,,2095.27197265625,16.7459716796875,10510.123046875
2008-05-26,,,7349.93212890625,,,2153.473876953125,,10557.5
2008-05-27,681.85009765625,31.424158096313477,7440.6708984375,41.371864318847656,,2122.044677734375,16.34821319580078,10512.7919921875
2008-05-28,692.7835693359375,31.63121223449707,7394.84765625,42.09282302856445,,2124.373291015625,16.814075469970703,10983.9404296875
2008-05-29,686.3228759765625,30.613737106323242,7422.521484375,39.803375244140625,,2124.373291015625,16.515365600585938,11812.1240234375
2008-05-30,685.3289794921875,30.110347747802734,7327.24658203125,40.6931266784668,,2124.314453125,17.060142517089844,10911.2001953125
2008-06-02,688.3109741210938,30.542339324951172,7327.24658203125,40.64740753173828,,2095.27197265625,16.985862731933594,11545.8544921875
2008-06-03,684.8319091796875,29.74976921081543,7213.82275390625,40.162086486816406,,2066.1708984375,16.540128707885742,12265.9248046875
2008-06-04,670.4195556640625,29.581974029541016,7359.00732421875,39.23013687133789,,2037.0703125,16.306427001953125,13126.80859375
2008-06-05,665.9468383789062,30.060375213623047,8462.4033203125,41.16789627075195,,2037.0703125,16.95490264892578,14082.4599609375
2008-06-06,663.4622192382812,29.92470359802246,8302.69921875,40.7142333984375,,2037.0703125,16.927047729492188,13880.9150390625
2008-06-09,666.9407348632812,29.5748291015625,8574.9208984375,41.58991241455078,,2037.0703125,17.330997467041016,15115.5146484375
2008-06-10,641.5950317382812,28.789405822753906,8393.4404296875,41.994361877441406,,2066.1708984375,16.690248489379883,15315.7177734375
2008-06-11,608.7947387695312,28.68587303161621,8642.9755859375,42.23348617553711,,2066.1708984375,16.1919002532959,14715.103515625
2008-06-12,629.1704711914062,28.282453536987305,8665.6591796875,41.31209182739258,,2072.5732421875,15.678064346313477,15015.41015625
2008-06-13,627.1828002929688,29.37491226196289,8869.8271484375,43.36240768432617,,2101.09228515625,16.092844009399414,14948.6767578125
2008-06-16,648.0558471679688,29.66050910949707,8629.3642578125,43.84067153930664,,2153.473876953125,16.225942611694336,15482.5595703125
2008-06-17,651.03759765625,30.63873291015625,9073.98828125,43.0071907043457,,2153.41552734375,16.11296844482422,16883.99609375
2008-06-18,642.5889282226562,30.520906448364258,9913.3359375,42.9685173034668,,2124.373291015625,15.981412887573242,18051.857421875
2008-06-19,642.5889282226562,30.977888107299805,10026.7578125,42.39878845214844,,2153.41552734375,16.292495727539062,16617.05859375
2008-06-20,660.9772338867188,29.85329818725586,9799.4541015625,41.1573486328125,,2123.790771484375,16.85120964050293,17084.20703125
2008-06-23,641.0982666015625,30.606595993041992,10162.8681640625,41.69191360473633,,2124.373291015625,17.419206619262695,18018.49609375
2008-06-24,652.0316772460938,30.363828659057617,11297.1181640625,40.6966438293457,,2109.822265625,16.958005905151367,17217.673828125
2008-06-25,649.0497436523438,29.656940460205078,11297.1181640625,41.308570861816406,,2109.822265625,17.159208297729492,16116.5439453125
2008-06-26,644.5769653320312,28.95720672607422,11115.638671875,40.67552947998047,,2124.373291015625,16.80323028564453,16026.447265625
2008-06-27,650.540771484375,29.599824905395508,10752.673828125,40.90414047241211,,2124.373291015625,16.84501838684082,16256.6875
2008-06-30,654.0196533203125,30.41380500793457,10890.15234375,41.213623046875,,2124.373291015625,16.502981185913086,16149.9111328125
2008-07-01,613.2674560546875,29.581974029541016,10798.5009765625,40.63685607910156,,2112.733154296875,16.574182510375977,15245.650390625
2008-07-02,564.5639038085938,27.75764274597168,10162.8681640625,37.83043670654297,,2095.27197265625,15.715213775634766,13814.177734375
2008-07-03,600.84326171875,27.593414306640625,9300.8388671875,38.20673370361328,,2066.1708984375,15.623893737792969,12946.6201171875
2008-07-04,593.3884887695312,,9214.6396484375,,,2095.27197265625,,12946.6201171875
2008-07-07,605.8126831054688,27.27567481994629,9459.6318359375,38.54083251953125,,2095.27197265625,15.509369850158691,13280.294921875
2008-07-08,570.5277099609375,26.882965087890625,9346.208984375,37.00046157836914,,2095.27197265625,15.133283615112305,13613.974609375
2008-07-09,572.515625,26.679466247558594,9164.73046875,36.490516662597656,,2095.27197265625,15.336027145385742,14081.123046875
2008-07-10,575.9942626953125,27.354225158691406,9210.1015625,37.345123291015625,,2095.27197265625,15.535675048828125,14081.123046875
2008-07-11,572.515625,27.411340713500977,8563.5810546875,38.04716110229492,,2066.1708984375,15.387099266052246,13814.177734375
2008-07-14,580.9642944335938,27.54344367980957,8892.5126953125,38.74283981323242,,2066.1708984375,15.284950256347656,14381.4306640625
2008-07-15,543.6910400390625,26.654483795166016,8741.8818359375,37.06896209716797,,2060.350341796875,14.792786598205566,13664.02734375
2008-07-16,519.3392333984375,26.41170883178711,8741.8818359375,35.8188362121582,,2060.350341796875,14.620987892150879,13664.02734375
2008-07-17,524.3090209960938,25.544170379638672,8665.2607421875,35.119632720947266,,2066.1708984375,14.40277099609375,13780.8115234375
2008-07-18,527.2908935546875,25.654850006103516,8573.1357421875,36.458030700683594,,2095.27197265625,13.961681365966797,13680.712890625
2008-07-21,535.7393188476562,26.71159553527832,8437.2294921875,37.78935623168945,,2095.27197265625,14.430624008178711,14047.7548828125
2008-07-22,526.296875,26.31888771057129,8222.8818359375,35.50102233886719,,2089.451904296875,13.938464164733887,13580.611328125
2008-07-23,535.7393188476562,26.04399299621582,8345.560546875,34.86890411376953,,2095.27197265625,13.520591735839844,12845.853515625
2008-07-24,515.3635864257812,24.794443130493164,8255.2568359375,33.39984130859375,,2095.27197265625,12.768413543701172,12813.15234375
2008-07-25,500.9511413574219,25.312116622924805,8551.248046875,33.99311447143555,,2095.27197265625,13.121288299560547,12746.4189453125
2008-07-28,536.7332763671875,25.72624969482422,8802.0830078125,33.75299072265625,,2037.0703125,12.670909881591797,12546.2109375
2008-07-29,545.1818237304688,26.3438777923584,8984.51171875,33.77063751220703,,2083.63134765625,12.800909996032715,12745.7509765625
2008-07-30,550.1516723632812,27.079315185546875,9486.1826171875,35.80472183227539,,2124.373291015625,13.307012557983398,13581.2744140625
2008-07-31,575.0003051757812,26.654483795166016,9664.05078125,34.166168212890625,,2124.373291015625,12.898417472839355,14081.123046875
2008-08-01,544.1880493164062,25.080062866210938,9623.0009765625,32.24509048461914,,2124.373291015625,12.058026313781738,13613.974609375
2008-08-04,500.4540710449219,24.141117095947266,9169.21484375,28.37468719482422,,2071.990966796875,11.120122909545898,12312.6396484375
2008-08-05,516.8544921875,23.637731552124023,9303.7568359375,27.897960662841797,,2066.1708984375,11.626219749450684,11812.1240234375
2008-08-06,539.2182006835938,24.669496536254883,9303.7568359375,30.959665298461914,,2066.1708984375,11.668004989624023,12478.810546875
2008-08-07,563.0731201171875,23.934053421020508,9303.7568359375,30.814878463745117,,2095.27197265625,11.250139236450195,12812.4853515625
2008-08-08,535.7393188476562,23.48064613342285,9121.3291015625,30.200422286987305,,2066.1708984375,10.976190567016602,11912.224609375
2008-08-11,529.7756958007812,22.834455490112305,8688.0654296875,29.06332015991211,,2066.1708984375,10.549034118652344,11178.140625
2008-08-12,524.805908203125,22.99154281616211,8437.2294921875,29.547100067138672,,2066.1708984375,10.5304594039917,11210.8427734375
2008-08-13,534.745361328125,23.776966094970703,8159.029296875,31.252777099609375,,2037.0703125,11.370853424072266,11845.4921875
2008-08-14,560.0911865234375,23.705564498901367,8254.8037109375,30.666563034057617,,2037.0703125,11.143341064453125,12083.0693359375
2008-08-15,531.7633666992188,23.28428840637207,8254.8037109375,29.801359176635742,,2037.0703125,11.045838356018066,12083.0693359375
2008-08-18,532.7576293945312,23.377113342285156,8072.37744140625,29.430572509765625,,2066.1708984375,11.112439155578613,11744.7236328125
2008-08-19,521.8240966796875,23.71984100341797,7889.94921875,29.91083335876465,,1967.227783203125,11.18378734588623,11988.97265625
2008-08-20,555.1213989257812,24.801586151123047,7821.5400390625,32.16740417480469,,1967.227783203125,11.678519248962402,12446.107421875
2008-08-21,575.0003051757812,25.308544158935547,8117.98388671875,33.07496643066406,,2037.0703125,12.511008262634277,13073.4208984375
2008-08-22,571.5214233398438,24.826580047607422,8254.8037109375,31.994354248046875,,2037.0703125,12.068601608276367,13080.0947265625
2008-08-25,,24.408872604370117,8095.17578125,31.00908851623535,,2037.0703125,11.883076667785645,13280.294921875
2008-08-26,566.5519409179688,24.88013458251953,8300.412109375,31.263355255126953,,2066.1708984375,12.13044261932373,13347.03125
2008-08-27,588.4188842773438,25.326398849487305,8482.8369140625,32.16740417480469,,2037.0703125,12.449162483215332,13670.701171875
2008-08-28,603.328125,25.7048282623291,8633.337890625,32.004947662353516,,2037.0703125,12.477705955505371,13480.498046875
2008-08-29,615.7525024414062,25.172880172729492,8482.3798828125,31.54233741760254,,2037.0703125,12.144715309143066,13145.4931640625
2008-09-01,586.927734375,,8532.08984375,,,2037.0703125,,12679.6865234375
2008-09-02,568.5399169921875,23.116493225097656,7981.61865234375,29.32816505432129,,2037.0703125,11.745123863220215,12212.5361328125
2008-09-03,549.1577758789062,22.36800193786621,7753.12841796875,28.378217697143555,,2037.0703125,11.478730201721191,12145.802734375
2008-09-04,537.23046875,21.60866355895996,7388.732421875,26.46067237854004,,2007.9691162109375,10.83177375793457,11545.8544921875
2008-09-05,499.4602355957031,21.59058380126953,7187.6083984375,26.100473403930664,,2007.9691162109375,10.61294937133789,11478.4521484375
2008-09-08,528.2847900390625,21.56165313720703,6795.3916015625,25.447174072265625,,2005.05908203125,10.1039457321167,10811.0986328125
2008-09-09,491.7570495605469,19.68861198425293,6202.50537109375,23.010509490966797,,2002.1483154296875,9.437959671020508,9909.5029296875
2008-09-10,485.0478820800781,20.70107078552246,6384.93212890625,24.430130004882812,,2005.05908203125,9.566400527954102,10076.341796875
2008-09-11,490.7632141113281,20.404563903808594,6567.35791015625,24.105243682861328,,2005.05908203125,9.828041076660156,10410.68359375
2008-09-12,524.3090209960938,22.237829208374023,7080.4306640625,26.089872360229492,,2002.1483154296875,10.76517391204834,11211.5078125
2008-09-15,490.2661437988281,20.245460510253906,6863.79931640625,23.25064468383789,,2002.1483154296875,10.013564109802246,10177.1123046875
2008-09-16,455.4778747558594,20.86378288269043,6498.94580078125,23.395429611206055,,1891.565185546875,10.337038040161133,9710.6357421875
2008-09-17,420.7214660644531,19.74285316467285,6223.939453125,23.09879493713379,,1891.565185546875,9.69959831237793,9208.7861328125
2008-09-18,423.7035827636719,20.70468521118164,6223.939453125,23.653223037719727,,1891.565185546875,10.484509468078613,9208.7861328125
2008-09-19,517.8875122070312,22.6898136138916,6223.939453125,25.962749481201172,,1891.565185546875,12.382567405700684,9208.7861328125
2008-09-22,517.3905029296875,23.568477630615234,6590.16259765625,25.54251480102539,,1891.565185546875,11.607169151306152,10243.8505859375
2008-09-23,488.0667419433594,22.3354549407959,6658.57080078125,24.54666519165039,,1891.565185546875,10.7366361618042,9843.4375
2008-09-24,469.4287414550781,22.11127281188965,6681.37451171875,23.48372459411621,,1891.565185546875,10.689055442810059,9810.07421875
2008-09-25,474.39886474609375,22.516254425048828,6827.3134765625,24.154685974121094,,1885.7449951171875,10.83177375793457,10323.9296875
2008-09-26,445.5721130371094,21.283226013183594,6658.57080078125,22.537303924560547,,1885.7449951171875,10.35606861114502,9843.4375
2008-09-29,393.3857727050781,18.26032829284668,6156.900390625,18.79403305053711,,1885.7449951171875,8.905172348022461,9942.87109375
2008-09-30,397.6103820800781,18.79909896850586,6338.8681640625,20.075931549072266,,1804.261962890625,9.076425552368164,9509.763671875
2008-10-01,378.2268981933594,18.567684173583984,6138.6552734375,18.70221710205078,,1746.06005859375,8.738676071166992,9376.29296875
2008-10-02,346.91510009765625,16.55000877380371,5377.02392578125,16.103120803833008,,1664.6353759765625,7.435248374938965,7867.40966796875
2008-10-03,377.9783935546875,17.030920028686523,5062.33642578125,15.841800689697266,,1676.2177734375,7.420974254608154,7473.00732421875
2008-10-06,311.8756408691406,15.544784545898438,4414.26708984375,15.435688972473145,,1565.633544921875,7.054684162139893,7007.19287109375
2008-10-07,327.2829895019531,15.042176246643066,4104.59814453125,13.662932395935059,,1571.4539794921875,6.041434288024902,6606.78369140625
2008-10-08,299.6988525390625,14.94093132019043,3929.46875,15.043697357177734,,1571.4539794921875,6.0937628746032715,6639.48193359375
2008-10-09,330.0165710449219,13.986328125,3877.021240234375,13.56405258178711,,1600.554931640625,5.565732479095459,6506.67919921875
2008-10-10,306.656982421875,13.469256401062012,3605.476318359375,13.005889892578125,,1600.554931640625,5.403995037078857,6318.95263671875
2008-10-13,347.41204833984375,15.902762413024902,4099.69384765625,16.23321533203125,,1548.1734619140625,6.978571891784668,7711.24951171875
2008-10-14,339.4598083496094,15.349528312683105,4320.79443359375,14.648176193237305,,1594.7347412109375,6.8548903465271,8216.4345703125
2008-10-15,288.5160217285156,12.717147827148438,4307.08837890625,11.846630096435547,,1513.251953125,5.47059440612793,7751.95654296875
2008-10-16,285.7823486328125,13.020882606506348,4241.23388671875,11.94681453704834,,1396.84765625,5.74174165725708,7342.20263671875
2008-10-17,295.72265625,12.680985450744629,4183.63916015625,11.782228469848633,,1396.84765625,5.594276428222656,7906.7841796875
2008-10-20,320.82183837890625,14.25752067565918,4445.8603515625,13.138275146484375,,1396.84765625,6.0937628746032715,8651.548828125
2008-10-21,315.6031799316406,13.483718872070312,4338.37841796875,11.714249610900879,,1396.84765625,5.708444118499756,8762.330078125
2008-10-22,286.77642822265625,11.661301612854004,3974.99609375,9.631871223449707,,1312.4549560546875,5.161384582519531,7964.8427734375
2008-10-23,272.3631591796875,11.332254409790039,3830.409912109375,9.402885437011719,,1283.35400390625,4.933045387268066,7691.896484375
2008-10-24,274.84814453125,11.23100757598877,3545.528076171875,8.894815444946289,,1274.6239013671875,4.904502868652344,7374.23779296875
2008-10-27,298.2077331542969,10.674156188964844,3412.572509765625,8.497661590576172,,1274.6239013671875,4.680922985076904,7643.1767578125
2008-10-28,304.17193603515625,12.243462562561035,3400.942626953125,9.588939666748047,,1251.3427734375,5.589518070220947,8294.5166015625
2008-10-29,335.4837951660156,13.1691312789917,3556.373291015625,10.10416316986084,,1251.3427734375,6.350643634796143,8738.3017578125
2008-10-30,365.0559997558594,13.838074684143066,3717.066162109375,10.741040229797363,,1244.9407958984375,6.859647274017334,9358.271484375
2008-10-31,377.2328186035156,14.058650016784668,3717.066162109375,10.397558212280273,,1244.9407958984375,6.92624568939209,9358.271484375
2008-11-03,394.37969970703125,14.203285217285156,3860.176513671875,10.318843841552734,,1233.88232421875,7.102255821228027,9691.9501953125
2008-11-04,413.76336669921875,15.465237617492676,4273.86083984375,11.785805702209473,,1233.88232421875,7.9775495529174805,10675.62890625
2008-11-05,412.520751953125,14.59380054473877,3981.642578125,10.755354881286621,,1239.70263671875,7.240209579467773,10064.328125
2008-11-06,352.3821105957031,12.872628211975098,3715.037353515625,9.617561340332031,,1251.3427734375,6.545679569244385,9009.248046875
2008-11-07,369.5291748046875,13.762142181396484,3821.734619140625,9.685545921325684,,1251.3427734375,6.8548903465271,9531.1162109375
2008-11-10,392.6402282714844,14.351533889770508,4052.8974609375,9.825084686279297,,1280.4439697265625,7.040414333343506,10146.4140625
2008-11-11,358.3463134765625,13.393320083618164,3946.52197265625,8.866189956665039,,1280.4439697265625,6.697908878326416,9888.1494140625
2008-11-12,351.1396789550781,11.907180786132812,3780.568603515625,7.975277900695801,,1280.4439697265625,6.089005947113037,9435.6865234375
2008-11-13,326.78594970703125,12.981106758117676,3939.36962890625,9.306278228759766,,1280.4439697265625,7.1926398277282715,9673.26171875
2008-11-14,337.4718322753906,11.80232048034668,3984.132568359375,8.708763122558594,,1280.4439697265625,6.394536018371582,9894.8232421875
2008-11-17,314.8576965332031,11.444348335266113,3943.5693359375,8.279404640197754,,1280.4439697265625,5.888426780700684,9565.98828125
2008-11-18,342.93896484375,11.419035911560059,3853.39306640625,7.757023811340332,,1280.4439697265625,5.64023494720459,9399.759765625
2008-11-19,322.8098449707031,10.24024772644043,3743.050048828125,7.241795539855957,,1280.4439697265625,4.9637980461120605,9214.533203125
2008-11-20,317.0943298339844,8.902361869812012,3510.917236328125,6.297213077545166,,1280.4439697265625,4.472284317016602,8594.396484375
2008-11-21,352.6307678222656,10.533137321472168,3484.2880859375,6.916198253631592,,1280.4439697265625,5.270384788513184,8588.96875
2008-11-24,428.1766357421875,12.084360122680664,3533.4833984375,7.842891216278076,,1280.4439697265625,6.302075386047363,9459.466796875
2008-11-25,398.8528747558594,13.838074684143066,3505.1015625,8.25078296661377,,1222.241943359375,6.58433198928833,9565.30859375
2008-11-26,426.6855773925781,14.098416328430176,3689.28515625,9.06297779083252,,1164.0399169921875,6.983381271362305,9970.36328125
2008-11-27,459.2399597167969,,3774.9375,,,1164.0399169921875,,10014.4697265625
2008-11-28,429.4192199707031,14.470857620239258,3699.714599609375,8.58353042602539,,1164.0399169921875,6.696260452270508,10049.0712890625
2008-12-01,399.34991455078125,12.934098243713379,3525.17724609375,7.481518745422363,,1164.0399169921875,5.849493503570557,9598.5546875
2008-12-02,412.02374267578125,13.176368713378906,3341.27197265625,7.807112216949463,,1164.0399169921875,6.156081199645996,9294.5966796875
2008-12-03,403.325927734375,13.371623039245605,3222.251708984375,6.45822286605835,,1164.0399169921875,6.092815399169922,9327.83984375
2008-12-04,385.68206787109375,12.5869722366333,3203.976806640625,6.265012264251709,,1164.0399169921875,5.907891273498535,9226.068359375
2008-12-05,368.0381164550781,12.738842010498047,3116.15380859375,6.010976791381836,,1105.8380126953125,5.971157550811768,9489.9951171875
2008-12-08,424.2005615234375,13.867005348205566,3116.15380859375,7.159500598907471,,1105.8380126953125,6.988247871398926,9489.9951171875
2008-12-09,419.2304992675781,13.81637954711914,3166.36474609375,7.062896728515625,,1047.635986328125,7.0174455642700195,9938.4775390625
2008-12-10,453.2758483886719,15.103644371032715,3162.395751953125,8.18995475769043,,1047.635986328125,7.387296199798584,10131.1689453125
2008-12-11,434.6378173828125,14.452777862548828,3228.112548828125,8.168485641479492,,1065.0965576171875,7.032046318054199,10036.1787109375
2008-12-12,420.969970703125,14.514251708984375,3207.3916015625,7.971699237823486,,1065.0965576171875,7.158575534820557,10340.142578125
2008-12-15,441.5960388183594,15.049407005310059,3207.3916015625,8.05398941040039,,1065.0965576171875,7.109908580780029,10416.130859375
2008-12-16,433.3952941894531,16.025697708129883,3247.634033203125,8.905547142028809,,1047.635986328125,7.815547943115234,10906.0
2008-12-17,444.32965087890625,16.155872344970703,3299.598388671875,9.306278228759766,,1047.635986328125,8.141600608825684,11161.7880859375
2008-12-18,418.7333679199219,14.843299865722656,3407.58740234375,8.3438081741333,,1047.635986328125,7.100176811218262,10716.703125
2008-12-19,388.91265869140625,14.962625503540039,3363.37646484375,8.347381591796875,,1047.635986328125,7.289969444274902,10498.90625
2008-12-22,405.31402587890625,14.315381050109863,3247.81884765625,7.628215789794922,,1047.635986328125,6.9541850090026855,9969.6865234375
2008-12-23,401.5865478515625,14.177973747253418,3146.197509765625,7.7749128341674805,,1030.1751708984375,7.080708980560303,10110.134765625
2008-12-24,401.08941650390625,14.35876750946045,3100.41748046875,7.717662811279297,,989.4340209960938,7.100176811218262,10075.53125
2008-12-25,,,3100.41748046875,,,989.4340209960938,,10075.53125
2008-12-26,,14.60826587677002,3099.7255859375,8.079033851623535,,1018.53515625,7.30943489074707,10261.4384765625
2008-12-29,411.2782287597656,14.568490028381348,3108.5400390625,8.279404640197754,,1021.7943115234375,7.406761169433594,10362.533203125
2008-12-30,419.2304992675781,15.165116310119629,3078.357421875,8.490503311157227,,1035.9954833984375,7.65495491027832,10385.599609375
2008-12-31,422.9580383300781,15.512240409851074,3078.357421875,8.74454116821289,,1035.9954833984375,7.815547943115234,10385.599609375
2009-01-02,468.68316650390625,16.45599365234375,3286.721923828125,9.567468643188477,,1035.9954833984375,8.891036987304688,11005.060546875
2009-01-05,455.26385498046875,16.474077224731445,3421.709228515625,10.097007751464844,,1035.9954833984375,8.818038940429688,10996.240234375
2009-01-06,491.29736328125,17.35635757446289,3563.20361328125,11.023698806762695,,1030.1751708984375,9.260887145996094,11536.9921875
2009-01-07,450.5421447753906,16.054628372192383,3516.823974609375,10.014717102050781,,1030.1751708984375,8.6331148147583,11173.322265625
2009-01-08,457.2519226074219,16.202882766723633,3550.006103515625,10.465539932250977,,977.7935791015625,8.535783767700195,11163.826171875
2009-01-09,459.2399597167969,15.866596221923828,3609.908447265625,10.286639213562012,,989.4340209960938,8.394659042358398,11427.0791015625
2009-01-12,422.2125549316406,14.770983695983887,3489.272216796875,9.102335929870605,,989.4340209960938,7.6452202796936035,11015.9140625
2009-01-13,407.5506286621094,14.901151657104492,3441.830322265625,9.2311429977417,,989.4340209960938,7.416496753692627,10988.0947265625
2009-01-14,377.9783935546875,13.939319610595703,3438.600830078125,8.240047454833984,,989.4340209960938,7.046642780303955,10781.8359375
2009-01-15,393.63427734375,14.384079933166504,3506.427978515625,8.476189613342285,,989.4340209960938,7.260768890380859,10897.8583984375
2009-01-16,415.9998474121094,14.62634563446045,3604.332275390625,8.730224609375,,989.4340209960938,7.601419925689697,11189.60546875
2009-01-19,414.26025390625,,3590.720947265625,,,989.4340209960938,,11214.033203125
2009-01-20,408.296142578125,13.129358291625977,3512.6025390625,7.92160701751709,,989.4340209960938,7.070976257324219,11012.521484375
2009-01-21,414.5087890625,14.029718399047852,3509.6552734375,8.408209800720215,,989.4340209960938,7.557623386383057,10902.6083984375
2009-01-22,423.95208740234375,13.512640953063965,3577.717041015625,8.071882247924805,,1001.0741577148438,7.109908580780029,11044.41015625
2009-01-23,421.21844482421875,13.697057723999023,3555.076171875,8.161330223083496,,989.4340209960938,7.143975257873535,11161.109375
2009-01-26,449.2998046875,13.747676849365234,3583.563232421875,8.923439025878906,,989.4340209960938,7.377565383911133,11364.65625
2009-01-27,445.8205871582031,14.434701919555664,3617.944091796875,9.170317649841309,,989.4340209960938,7.421363830566406,11422.3291015625
2009-01-28,453.2758483886719,15.053021430969238,3742.185302734375,10.043339729309082,,989.4340209960938,7.72795295715332,11533.6025390625
2009-01-29,444.0810241699219,14.297297477722168,3756.967041015625,9.546002388000488,,989.4340209960938,7.285098552703857,11566.8447265625
2009-01-30,417.4908752441406,13.574115753173828,3743.30810546875,8.994999885559082,,989.4340209960938,6.783854007720947,11409.44140625
2009-02-02,404.56854248046875,13.631976127624512,3715.008056640625,8.798206329345703,,989.4340209960938,6.667060375213623,11545.8134765625
2009-02-03,420.7214660644531,14.105653762817383,3756.827392578125,9.005730628967285,,989.4340209960938,6.9444475173950195,11929.1552734375
2009-02-04,474.1503601074219,14.586568832397461,3882.378662109375,9.760680198669434,,989.4340209960938,7.2656354904174805,12011.2548828125
2009-02-05,476.63543701171875,15.331448554992676,4144.23681640625,10.143521308898926,,989.4340209960938,7.362967014312744,12214.1259765625
2009-02-06,495.77044677734375,16.430681228637695,4270.81591796875,10.66590690612793,,989.4340209960938,8.024805068969727,12779.3037109375
2009-02-09,490.80035400390625,16.65487289428711,4291.6787109375,10.490585327148438,,988.8519897460938,7.917744159698486,12889.21875
2009-02-10,471.1682434082031,15.136184692382812,4128.7060546875,9.764260292053223,,988.8519897460938,7.285098552703857,12414.953125
2009-02-11,476.8839111328125,15.345906257629395,4205.2802734375,9.98967170715332,,988.8519897460938,7.299700736999512,12115.064453125
2009-02-12,459.9854431152344,15.226584434509277,4313.8505859375,10.519207000732422,,988.8519897460938,7.523558139801025,12320.6435546875
2009-02-13,467.1922302246094,15.505009651184082,4371.01220703125,10.916362762451172,,988.8519897460938,7.426230430603027,12526.2275390625
2009-02-16,453.02728271484375,,4491.1826171875,,,980.7037353515625,,12438.701171875
2009-02-17,447.8087158203125,14.047797203063965,4409.22998046875,9.703432083129883,,980.7037353515625,6.808187484741211,11753.4306640625
2009-02-18,444.5779724121094,13.964631080627441,4411.56884765625,10.175726890563965,,980.7037353515625,6.871452331542969,12130.6669921875
2009-02-19,452.0333251953125,14.105653762817383,4349.8212890625,10.114901542663574,,974.8836059570312,6.803321361541748,12340.322265625
2009-02-20,412.02374267578125,14.1815824508667,4262.6767578125,10.297375679016113,,974.8836059570312,6.647594928741455,12248.7265625
2009-02-23,413.5147399902344,13.32462215423584,4027.059326171875,9.424351692199707,,974.8836059570312,6.253407955169678,11505.1044921875
2009-02-24,408.04766845703125,14.355151176452637,3912.36181640625,10.014717102050781,,971.9733276367188,6.589198112487793,12013.9697265625
2009-02-25,424.4490051269531,13.830864906311035,3954.6953125,10.490585327148438,,931.2320556640625,6.569732666015625,11766.3193359375
2009-02-26,459.4884033203125,13.712717056274414,3900.244873046875,10.76608657836914,,873.030029296875,6.73519229888916,11824.669921875
2009-02-27,439.6080017089844,13.446880340576172,3806.5517578125,10.884161949157715,,873.030029296875,6.6719255447387695,11573.6298828125
2009-03-02,434.6378173828125,12.390914916992188,3611.95751953125,9.478020668029785,,871.8660278320312,6.1998796463012695,11030.1630859375
2009-03-03,417.2424011230469,12.941046714782715,3681.51611328125,10.164993286132812,,871.8660278320312,6.6913909912109375,11007.0986328125
2009-03-04,498.5039367675781,14.067163467407227,3859.12841796875,11.524617195129395,,869.5377807617188,7.333765983581543,10781.8359375
2009-03-05,483.5936584472656,13.114583015441895,3803.884521484375,11.324250221252441,,869.5377807617188,7.012580871582031,10105.38671875
2009-03-06,498.5039367675781,13.709022521972656,3833.82177734375,12.122137069702148,,869.5377807617188,7.1391072273254395,9715.2568359375
2009-03-09,499.0010070800781,13.421032905578613,3901.227294921875,11.563971519470215,,869.5377807617188,6.823678970336914,9905.91015625
2009-03-10,527.330810546875,14.742828369140625,4034.12158203125,12.2258939743042,,870.1198120117188,7.57423210144043,10389.66796875
2009-03-11,532.3008422851562,15.027127265930176,3943.13916015625,12.723231315612793,,868.9556274414062,7.485935688018799,10629.181640625
2009-03-12,507.9472961425781,15.060358047485352,3902.67822265625,13.152585983276367,,868.9556274414062,7.780266284942627,10390.3486328125
2009-03-13,510.4322814941406,15.40742015838623,3929.763427734375,13.25277042388916,,868.9556274414062,7.883285999298096,10190.1953125
2009-03-16,518.3846435546875,15.237578392028809,3976.962158203125,13.331487655639648,,864.2996215820312,7.814609050750732,10213.265625
2009-03-17,504.4681701660156,15.48126220703125,4044.646728515625,13.213417053222656,,864.2996215820312,7.893099784851074,10526.048828125
2009-03-18,494.2793884277344,15.813558578491211,4089.04052734375,13.549742698669434,,864.2996215820312,8.187432289123535,10753.3408203125
2009-03-19,538.2650756835938,16.640600204467773,4172.53515625,14.326162338256836,,873.030029296875,8.624032974243164,10895.8232421875
2009-03-20,546.21728515625,16.42646026611328,4293.876953125,13.95405387878418,,873.030029296875,8.270828247070312,10772.3369140625
2009-03-23,557.648681640625,17.751941680908203,4466.5791015625,14.980923652648926,,907.951171875,8.815351486206055,11127.1884765625
2009-03-24,512.9173583984375,16.79936981201172,4358.43017578125,14.623138427734375,,919.5917358398438,8.727048873901367,10993.5244140625
2009-03-25,506.4560852050781,17.028282165527344,4358.9443359375,14.54798698425293,,931.2900390625,8.874220848083496,11160.4306640625
2009-03-26,517.3905029296875,17.888561248779297,4353.470703125,15.403125762939453,,931.2900390625,9.281384468078613,11271.0283203125
2009-03-27,512.9173583984375,16.961822509765625,4233.9091796875,15.070375442504883,,960.333251953125,9.129305839538574,11041.0205078125
2009-03-30,475.6414489746094,15.898479461669922,4116.87060546875,13.785889625549316,,960.333251953125,8.354223251342773,10496.193359375
2009-03-31,501.4860534667969,16.46707534790039,4129.4091796875,13.63560962677002,,960.333251953125,8.545541763305664,10501.6220703125
2009-04-01,505.9591979980469,16.78459930419922,4302.39111328125,14.208086013793945,,989.4340209960938,8.83987808227539,10834.7607421875
2009-04-02,538.2650756835938,18.18023681640625,4432.1513671875,14.873591423034668,,989.4340209960938,9.144024848937988,11110.2236328125
2009-04-03,540.75,18.217159271240234,4530.85205078125,15.267166137695312,,989.4340209960938,9.296093940734863,11347.697265625
2009-04-06,527.8277587890625,17.548877716064453,4467.23388671875,14.937986373901367,,1053.4561767578125,9.08515453338623,11334.1259765625
2009-04-07,525.8396606445312,16.89536476135254,4381.208984375,14.798446655273438,,1164.0399169921875,8.82516098022461,11070.1923828125
2009-04-08,524.845703125,16.843671798706055,4394.728515625,14.533682823181152,,1192.733642578125,8.928177833557129,11281.8828125
2009-04-09,553.6723022460938,17.271968841552734,4606.63134765625,15.778814315795898,,1222.241943359375,9.722880363464355,11794.8134765625
2009-04-13,,17.921785354614258,4801.69189453125,16.311931610107422,,1309.5450439453125,10.36060905456543,12208.015625
2009-04-14,586.4752197265625,17.58949089050293,4755.3818359375,15.836060523986816,,1344.4661865234375,10.390043258666992,12414.953125
2009-04-15,549.6962890625,17.932861328125,4656.212890625,16.029273986816406,,1338.6461181640625,10.340989112854004,12429.880859375
2009-04-16,558.6423950195312,17.8737850189209,4802.15966796875,15.650004386901855,,1338.6461181640625,10.51268482208252,12784.7265625
2009-04-17,557.648681640625,17.678104400634766,4770.0380859375,15.528350830078125,,1280.4439697265625,10.321365356445312,12509.263671875
2009-04-20,528.3247680664062,16.385848999023438,4752.56005859375,13.993415832519531,,1280.4439697265625,9.369680404663086,11993.61328125
2009-04-21,526.3367309570312,16.887981414794922,4770.98291015625,14.573040008544922,,1222.241943359375,9.526659965515137,12260.26171875
2009-04-22,530.8097534179688,16.681217193603516,4767.203125,14.472857475280762,,1222.241943359375,8.987043380737305,12002.4326171875
2009-04-23,530.3128051757812,17.19073486328125,4763.4248046875,14.011300086975098,,1280.4439697265625,8.83497142791748,12117.7783203125
2009-04-24,554.6663818359375,17.50087547302246,4679.76806640625,14.644599914550781,,1280.4439697265625,9.124402046203613,12280.6162109375
2009-04-27,550.193359375,16.958127975463867,4576.45849609375,14.19735050201416,,1335.7359619140625,8.756481170654297,12186.982421875
2009-04-28,531.8037109375,16.758752822875977,4444.3359375,13.692858695983887,,1309.5450439453125,8.359128952026367,12051.2861328125
2009-04-29,549.6962890625,17.6337947845459,4564.1298828125,14.655330657958984,,1309.5450439453125,8.937987327575684,12284.6875
2009-04-30,586.4752197265625,17.774099349975586,4425.39208984375,15.260004997253418,,1335.7359619140625,9.109682083129883,12464.484375
2009-05-01,614.3081665039062,18.254077911376953,,15.914777755737305,,,9.26666259765625,
2009-05-04,,19.0885066986084,4668.353515625,17.4031982421875,,1367.7467041015625,10.036842346191406,12872.931640625
2009-05-05,641.1467895507812,18.848522186279297,4817.35986328125,17.89338493347168,,1367.7467041015625,10.10551929473877,12651.744140625
2009-05-06,600.2246704101562,19.44295883178711,4818.77587890625,18.55173110961914,,1367.7467041015625,10.208539009094238,12617.0439453125
2009-05-07,593.760009765625,19.18450927734375,4804.13037109375,17.546329498291016,,1367.7467041015625,9.683636665344238,12574.978515625
2009-05-08,635.0347900390625,20.103858947753906,5017.1962890625,18.533842086791992,,1367.7467041015625,10.022126197814941,12784.6376953125
2009-05-11,616.6353759765625,19.58695411682129,4966.64404296875,18.24045181274414,,1367.7467041015625,9.616519927978516,12750.037109375
2009-05-12,594.7545776367188,19.302658081054688,4963.81103515625,17.571372985839844,,1367.7467041015625,9.601770401000977,12934.5859375
2009-05-13,551.98779296875,18.287307739257812,4865.544921875,16.462202072143555,,1367.7467041015625,9.031469345092773,12703.2158203125
2009-05-14,548.5068359375,18.530988693237305,4866.9638671875,16.49798583984375,,1367.1651611328125,9.16420841217041,13083.19140625
2009-05-15,567.4038696289062,18.250383377075195,4984.126953125,16.161653518676758,,1367.1651611328125,8.942971229553223,13231.1044921875
2009-05-18,581.3279418945312,19.106971740722656,5284.59130859375,17.41393280029297,,1368.3289794921875,9.459192276000977,13514.0458984375
2009-05-19,602.2139282226562,19.58325958251953,5466.474609375,17.718069076538086,,1367.7467041015625,9.690267562866211,13732.5302734375
2009-05-20,616.6353759765625,19.69402503967285,5623.79443359375,17.889812469482422,,1367.7467041015625,9.950834274291992,13980.8701171875
2009-05-21,572.8740844726562,19.27312469482422,,17.406784057617188,,,9.532942771911621,
2009-05-22,588.2897338867188,19.409730911254883,5787.255859375,17.295867919921875,,1385.20751953125,9.567358016967773,13486.9052734375
2009-05-25,,,6211.96826171875,,,1385.20751953125,,13672.140625
2009-05-26,595.7490844726562,20.233078002929688,6093.388671875,17.886228561401367,,1367.7467041015625,9.84267520904541,13814.6357421875
2009-05-27,595.2518920898438,19.55002784729004,5852.9228515625,17.800357818603516,,1396.84765625,9.626349449157715,13320.669921875
2009-05-28,594.7545776367188,20.188779830932617,6072.60205078125,18.676959991455078,,1396.84765625,9.955751419067383,13672.140625
2009-05-29,625.5863647460938,20.764755249023438,5824.1044921875,19.474843978881836,,1425.9490966796875,10.290070533752441,13830.9150390625
2009-06-01,662.3855590820312,21.883481979370117,6164.7255859375,20.795116424560547,,1484.1512451171875,11.091447830200195,14147.783203125
2009-06-02,666.861083984375,22.18254852294922,6207.716796875,20.35145378112793,,1629.6561279296875,11.489670753479004,14153.2109375
2009-06-03,636.029541015625,21.226276397705078,6164.7255859375,19.199342727661133,,1722.022705078125,10.939034461975098,13869.59375
2009-06-04,616.137939453125,21.06012725830078,6134.96435546875,20.154661178588867,,1687.2757568359375,11.376599311828613,14126.748046875
2009-06-05,653.4343872070312,22.260082244873047,6375.90283203125,20.45163345336914,,1658.7568359375,11.317598342895508,14098.93359375
2009-06-08,639.5104370117188,21.684112548828125,6557.78662109375,20.20832633972168,,1641.2962646484375,11.204524040222168,14030.3984375
2009-06-09,645.4777221679688,22.097631454467773,6701.40625,21.09566307067871,,1687.858154296875,11.750245094299316,14529.1162109375
2009-06-10,675.3151245117188,22.367156982421875,6802.50390625,21.428409576416016,,1746.06005859375,11.848577499389648,14722.4873046875
2009-06-11,699.68212890625,22.839757919311523,6993.36669921875,21.61804962158203,,1804.261962890625,12.246804237365723,14818.1611328125
2009-06-12,669.8449096679688,22.230546951293945,7081.7119140625,20.934654235839844,,1888.8875732421875,11.922319412231445,14658.0322265625
2009-06-15,629.564453125,21.22258758544922,6858.251953125,19.728883743286133,,1871.1944580078125,11.25368881225586,14180.3505859375
2009-06-16,626.5807495117188,20.61337661743164,6554.95166015625,18.74493980407715,,1871.1944580078125,10.943949699401855,13927.9423828125
2009-06-17,585.803466796875,20.402923583984375,6206.77197265625,18.061553955078125,,1863.0460205078125,10.52114486694336,13059.4404296875
2009-06-18,579.8360595703125,20.473073959350586,6362.67431640625,18.068708419799805,,1862.464111328125,10.54080581665039,13220.248046875
2009-06-19,593.760009765625,20.713064193725586,6438.263671875,18.222564697265625,,1862.464111328125,10.491642951965332,13276.5634765625
2009-06-22,551.98779296875,19.623876571655273,6087.2470703125,16.165231704711914,,1862.464111328125,9.469027519226074,12653.6806640625
2009-06-23,573.3712158203125,19.930322647094727,5908.19677734375,16.880821228027344,,1862.464111328125,9.744346618652344,12682.181640625
2009-06-24,592.2681884765625,20.000476837158203,5933.236328125,17.46044921875,,1862.464111328125,9.901664733886719,12589.9033203125
2009-06-25,583.8142700195312,20.617067337036133,6088.19140625,18.158159255981445,,1810.0821533203125,10.32939624786377,12853.849609375
2009-06-26,585.803466796875,20.1666259765625,6275.2724609375,18.08660125732422,,1862.464111328125,10.176993370056152,12958.3388671875
2009-06-29,594.7545776367188,20.454612731933594,,18.007884979248047,,,10.206489562988281,
2009-06-30,584.3116455078125,20.207242965698242,6228.50341796875,17.929166793823242,,1862.464111328125,10.04916763305664,13123.9013671875
2009-07-01,621.1107788085938,20.491531372070312,6168.0341796875,18.093753814697266,,1862.464111328125,10.019665718078613,13057.404296875
2009-07-02,595.2518920898438,19.782638549804688,6104.255859375,17.789630889892578,,1862.464111328125,9.631268501281738,13407.51953125
2009-07-03,595.2518920898438,,6079.68994140625,,,1821.722900390625,,13530.3330078125
2009-07-06,563.4255981445312,18.72298812866211,6046.14453125,16.43715476989746,,1821.722900390625,9.36086654663086,13332.884765625
2009-07-07,573.8685302734375,18.29100227355957,5906.30908203125,16.100826263427734,,1821.722900390625,9.405112266540527,13170.0400390625
2009-07-08,572.3766479492188,18.52360725402832,5839.6337890625,16.136606216430664,,1792.621337890625,9.419862747192383,13224.3203125
2009-07-09,587.2952270507812,18.663911819458008,5892.0185546875,16.705507278442383,,1775.1029052734375,9.572269439697266,13509.2978515625
2009-07-10,584.8087768554688,18.582685470581055,5858.68408203125,16.6876163482666,,1775.1029052734375,9.473943710327148,13111.0068359375
2009-07-13,583.8142700195312,19.062664031982422,5934.88232421875,17.142017364501953,,1775.1029052734375,9.734513282775879,13500.474609375
2009-07-14,621.6080932617188,19.67925262451172,5939.64404296875,17.23862648010254,,1775.1029052734375,10.024582862854004,13311.849609375
2009-07-15,643.9857788085938,20.724140167236328,6072.51318359375,18.21539878845215,,1775.1610107421875,10.732549667358398,13079.794921875
2009-07-16,645.4777221679688,20.919822692871094,,19.2565860748291,,,10.948868751525879,
2009-07-17,667.3583374023438,21.085973739624023,6139.18798828125,19.857690811157227,,1821.722900390625,11.25368881225586,13106.9384765625
2009-07-20,685.7579956054688,21.931480407714844,6156.33154296875,20.39437484741211,,1832.78076171875,11.720746040344238,13083.19140625
2009-07-21,703.1631469726562,21.99055290222168,6071.08447265625,20.813003540039062,,1832.78076171875,11.784661293029785,12956.3046875
2009-07-22,696.2011108398438,21.938861846923828,6043.94189453125,21.03125,,1832.83935546875,11.814160346984863,12895.916015625
2009-07-23,727.5299072265625,22.658838272094727,6108.23193359375,21.378326416015625,,1862.464111328125,12.68436336517334,13132.7197265625
2009-07-24,745.9295654296875,22.706830978393555,6129.1865234375,21.403371810913086,,1862.464111328125,12.595870018005371,13243.3173828125
2009-07-27,763.334716796875,22.82868194580078,5977.74169921875,21.44988250732422,,1862.464111328125,12.571290969848633,13219.5703125
2009-07-28,713.6060180664062,22.754833221435547,5902.9736328125,20.95612335205078,,1856.6436767578125,12.438549041748047,13070.2978515625
2009-07-29,704.6548461914062,22.090240478515625,5876.30419921875,19.861268997192383,,1856.6436767578125,11.848577499389648,13125.2548828125
2009-07-30,758.3616943359375,23.061283111572266,5988.69580078125,20.898876190185547,,1804.261962890625,12.305800437927246,13265.03125
2009-07-31,752.8919677734375,23.245899200439453,5992.5068359375,21.575105667114258,,1804.261962890625,12.664701461791992,13098.115234375
2009-08-03,792.6747436523438,24.482763290405273,6152.99853515625,23.306846618652344,,1856.6436767578125,13.377582550048828,13393.94921875
2009-08-04,757.8644409179688,24.331382751464844,6440.169921875,22.57693862915039,,1863.627685546875,13.387451171875,13372.9169921875
2009-08-05,750.4053955078125,24.084014892578125,6598.75927734375,23.06354331970215,,1863.627685546875,13.55522346496582,13297.6025390625
2009-08-06,722.0598754882812,23.655717849731445,6551.13427734375,22.8953800201416,,1879.924560546875,13.204872131347656,13298.95703125
2009-08-07,728.5247802734375,23.788639068603516,6450.17236328125,22.6878604888916,,1978.8680419921875,13.387451171875,13326.0986328125
2009-08-10,711.6170654296875,23.08712387084961,6419.21630859375,22.319326400756836,,1978.8680419921875,13.288756370544434,13400.0576171875
2009-08-11,697.69287109375,22.858213424682617,6405.404296875,22.14043426513672,,1949.7672119140625,13.224608421325684,13129.3310546875
2009-08-12,708.1359252929688,23.334503173828125,6479.6982421875,22.53400230407715,,1920.66650390625,13.486145973205566,13393.2734375
2009-08-13,742.4486083984375,24.02124786376953,6578.27783203125,23.63959503173828,,1949.7672119140625,14.11282730102539,13552.0439453125
2009-08-14,738.4702758789062,23.242204666137695,6529.2275390625,22.773723602294922,,1978.8680419921875,13.574963569641113,13489.6181640625
2009-08-17,707.1414794921875,22.226850509643555,6445.88525390625,21.238780975341797,,1978.8680419921875,12.790369987487793,13299.638671875
2009-08-18,714.1033935546875,22.82868194580078,6485.89013671875,21.635940551757812,,1978.8680419921875,13.249283790588379,13381.736328125
2009-08-19,714.1033935546875,22.754833221435547,6429.21728515625,22.21556282043457,,1978.8680419921875,13.446669578552246,13286.06640625
2009-08-20,751.8970336914062,22.954208374023438,6500.6533203125,22.265653610229492,,1950.0,13.604575157165527,13330.169921875
2009-08-21,776.2639770507812,23.282814025878906,6572.08642578125,23.27821922302246,,1950.0,14.221386909484863,13483.513671875
2009-08-24,809.5823364257812,23.596651077270508,6496.3671875,23.414180755615234,,1949.8255615234375,14.374363899230957,13545.2568359375
2009-08-25,785.215087890625,23.205278396606445,6569.2314453125,22.938310623168945,,1978.8680419921875,14.221386909484863,13442.1259765625
2009-08-26,747.9189453125,23.13143539428711,6571.6123046875,22.587675094604492,,1978.8680419921875,13.87103271484375,13490.978515625
2009-08-27,736.4813232421875,23.504343032836914,6482.55615234375,22.991989135742188,,1978.8680419921875,14.172050476074219,13469.9423828125
2009-08-28,762.3401489257812,23.652027130126953,6442.07470703125,23.428499221801758,,2007.9691162109375,14.537201881408691,13369.5224609375
2009-08-31,,23.002212524414062,6319.205078125,22.53400230407715,,2007.9691162109375,13.94505500793457,13086.5810546875
2009-09-01,731.5084228515625,22.680994033813477,6182.0498046875,21.686025619506836,,2007.9691162109375,13.466402053833008,12735.1083984375
2009-09-02,707.1414794921875,22.778278350830078,6273.48681640625,22.11180305480957,,2007.9691162109375,13.579902648925781,12684.892578125
2009-09-03,707.638671875,23.20115089416504,6343.9697265625,23.070695877075195,,2007.9691162109375,13.866103172302246,12716.109375
2009-09-04,716.0924072265625,23.395736694335938,6364.44921875,23.61454963684082,,2002.1483154296875,13.940113067626953,12759.53515625
2009-09-07,734.9893798828125,,6315.87255859375,,,2002.1483154296875,,12754.787109375
2009-09-08,759.3563232421875,24.402362823486328,6433.97900390625,24.330141067504883,,1955.587158203125,14.102958679199219,13211.4287109375
2009-09-09,754.8807983398438,24.301332473754883,6470.650390625,24.215646743774414,,1955.587158203125,14.167110443115234,13281.9921875
2009-09-10,730.513671875,24.73541831970215,6570.66162109375,24.78096580505371,,1955.587158203125,14.3299560546875,13298.95703125
2009-09-11,731.0110473632812,24.911293029785156,6615.42431640625,25.17811393737793,,1955.587158203125,14.211525917053223,13536.4404296875
2009-09-14,725.0437622070312,24.731674194335938,6583.04248046875,25.267578125,,1955.587158203125,13.93518352508545,13547.2939453125
2009-09-15,726.0382080078125,25.016071319580078,6556.37451171875,25.518024444580078,,1955.587158203125,14.23619270324707,13841.7705078125
2009-09-16,749.9295043945312,25.779464721679688,6629.2373046875,25.815004348754883,,1943.9466552734375,14.793794631958008,13976.7978515625
2009-09-17,770.816162109375,25.465137481689453,6669.71728515625,25.571691513061523,,1949.7672119140625,14.660568237304688,14213.59765625
2009-09-18,761.8648071289062,25.05722999572754,,25.095823287963867,,,14.70497989654541,
2009-09-21,761.3673706054688,24.54082679748535,6643.525390625,25.07435417175293,,1949.7672119140625,14.828341484069824,14393.40625
2009-09-22,774.7944946289062,25.060989379882812,6654.953125,26.172801971435547,,1949.7672119140625,15.514242172241211,14448.3662109375
2009-09-23,759.875732421875,24.55954360961914,6737.34375,25.43572235107422,,1863.627685546875,15.44516658782959,14264.4921875
2009-09-24,745.9510498046875,23.98324966430664,6749.7236328125,24.36591911315918,,1862.464111328125,14.907291412353516,14133.53515625
2009-09-25,730.53466796875,24.016931533813477,6714.0068359375,23.861427307128906,,1862.464111328125,14.77406120300293,14269.9208984375
2009-09-28,747.4430541992188,24.58572769165039,6710.19775390625,24.673625946044922,,1862.464111328125,15.154022216796875,14503.326171875
2009-09-29,751.42138671875,24.660568237304688,6735.9140625,24.44464111328125,,1833.3634033203125,15.099737167358398,14497.2177734375
2009-09-30,755.3998413085938,24.701730728149414,6739.72314453125,24.548404693603516,,1833.3634033203125,15.144147872924805,14518.2578125
2009-10-01,719.5943603515625,23.526708602905273,6732.580078125,23.399869918823242,,1833.3634033203125,14.576680183410645,14005.97265625
2009-10-02,716.113037109375,23.43689727783203,6790.6806640625,23.564456939697266,,1833.3634033203125,14.364493370056152,13963.224609375
2009-10-05,742.4700317382812,24.2077693939209,6906.408203125,24.083263397216797,,1862.464111328125,14.892487525939941,14233.958984375
2009-10-06,786.72998046875,24.742895126342773,6943.07958984375,24.90619468688965,,1865.3740234375,15.356337547302246,14351.3408203125
2009-10-07,793.1946411132812,25.102140426635742,6976.8896484375,26.040407180786133,,1920.66650390625,15.71656608581543,14396.7998046875
2009-10-08,829.9949340820312,25.966569900512695,6947.83984375,26.827564239501953,,1920.66650390625,16.41234016418457,14225.8115234375
2009-10-09,819.05419921875,25.723329544067383,7074.9951171875,26.59856605529785,,1920.66650390625,16.4024600982666,14181.029296875
2009-10-12,823.5300903320312,25.775726318359375,,26.648666381835938,,,16.570241928100586,
2009-10-13,809.6056518554688,25.700881958007812,7101.189453125,26.781044006347656,,1920.66650390625,16.486351013183594,14394.083984375
2009-10-14,844.4169311523438,26.643898010253906,7091.6630859375,27.274808883666992,,1892.147216796875,17.083433151245117,14136.927734375
2009-10-15,846.4058837890625,27.02933120727539,7063.56982421875,27.167465209960938,,1885.7449951171875,17.17225456237793,13853.3076171875
2009-10-16,826.0165405273438,26.80480194091797,7067.375,27.095903396606445,,1885.7449951171875,16.881114959716797,14214.2763671875
2009-10-19,844.9140625,27.542001724243164,7050.23095703125,28.265907287597656,,1863.0460205078125,17.389373779296875,14520.96875
2009-10-20,844.9140625,27.30999183654785,6965.93798828125,28.133508682250977,,1891.565185546875,17.285743713378906,14305.1982421875
2009-10-21,859.8330688476562,27.47464942932129,6981.6533203125,28.523515701293945,,1877.0142822265625,17.399248123168945,14169.4990234375
2009-10-22,840.4382934570312,27.684202194213867,7000.703125,29.689939498901367,,1877.0142822265625,17.665712356567383,14134.2158203125
2009-10-23,853.3681030273438,27.30625343322754,7033.5615234375,29.106718063354492,,1886.09423828125,17.50780487060547,14061.6083984375
2009-10-26,840.9356079101562,26.763641357421875,6861.2607421875,28.437644958496094,,1886.09423828125,17.152517318725586,13972.0439453125
2009-10-27,824.5245971679688,26.38568878173828,6760.9169921875,27.711320877075195,,1833.3634033203125,16.44194221496582,13482.837890625
2009-10-28,783.7462768554688,24.95620346069336,6546.84521484375,26.280128479003906,,1804.261962890625,15.53398323059082,13214.140625
2009-10-29,817.0651245117188,25.873016357421875,6868.43017578125,27.96892547607422,,1804.261962890625,16.358057022094727,13434.6630859375
2009-10-30,767.3350830078125,24.54082679748535,6605.14208984375,26.247920989990234,,1804.261962890625,15.543852806091309,13224.3203125
2009-11-02,789.713623046875,24.87761688232422,6407.796875,26.695165634155273,,1804.261962890625,15.879404067993164,13074.3671875
2009-11-03,786.2325439453125,24.91877555847168,6380.55908203125,27.471601486206055,,1810.0821533203125,16.231725692749023,13309.1337890625
2009-11-04,828.5032348632812,25.135828018188477,6441.2421875,27.800769805908203,,1862.464111328125,16.39548110961914,13411.5927734375
2009-11-05,835.4652709960938,25.38280487060547,6493.8037109375,28.444805145263672,,1885.7449951171875,16.847057342529297,13433.3046875
2009-11-06,848.892333984375,25.431446075439453,6498.58349609375,28.46626853942871,,1885.7449951171875,16.648563385009766,13455.015625
2009-11-09,888.1793212890625,26.75615882873535,6712.177734375,29.768644332885742,,1891.565185546875,17.18944549560547,13530.3330078125
2009-11-10,865.8006591796875,26.816036224365234,6734.158203125,29.54323387145996,,2007.9691162109375,17.23907470703125,13502.5107421875
2009-11-11,883.7034301757812,27.171533584594727,6680.642578125,29.67561149597168,,1891.565185546875,17.378023147583008,13402.0927734375
2009-11-12,875.2493896484375,26.782358169555664,6666.783203125,29.038742065429688,,1891.565185546875,16.847057342529297,13402.0927734375
2009-11-13,863.3140869140625,27.426006317138672,6604.18505859375,29.1854305267334,,1891.565185546875,17.169601440429688,13207.3603515625
2009-11-16,928.9578857421875,28.481273651123047,6618.041015625,30.226625442504883,,1978.8680419921875,17.77004623413086,13206.6806640625
2009-11-17,918.5146484375,28.48501968383789,6594.14990234375,30.541479110717773,,1978.8680419921875,17.889135360717773,13100.15234375
2009-11-18,935.919921875,28.365262985229492,6390.59228515625,30.301759719848633,,1978.8680419921875,17.507036209106445,13385.1328125
2009-11-19,885.6925048828125,27.751564025878906,6441.2421875,30.312490463256836,,1938.12646484375,17.348247528076172,13348.48828125
2009-11-20,896.1361083984375,27.452184677124023,6615.65576171875,30.258825302124023,,1935.21630859375,17.3035888671875,13265.03125
2009-11-23,911.5523681640625,28.084611892700195,6401.58203125,30.53075408935547,,1935.21630859375,17.392906188964844,13231.1044921875
2009-11-24,908.0712280273438,27.80021095275879,6410.1845703125,30.623777389526367,,1935.21630859375,17.278766632080078,12983.4462890625
2009-11-25,930.9470825195312,29.00518035888672,6491.89404296875,31.242769241333008,,1978.8680419921875,17.794851303100586,12943.412109375
2009-11-26,885.6925048828125,,6223.3486328125,,,1949.7672119140625,,12620.443359375
2009-11-27,896.1361083984375,27.949899673461914,6381.037109375,30.104969024658203,,2037.0703125,17.17953109741211,12729.677734375
2009-11-30,895.6387329101562,28.178159713745117,6525.34326171875,29.625518798828125,,2095.27197265625,17.288698196411133,12660.4658203125
2009-12-01,925.476806640625,28.90787696838379,6729.38037109375,30.02267837524414,,2095.27197265625,17.507036209106445,12868.7802734375
2009-12-02,931.4445190429688,29.151111602783203,6711.69970703125,30.47708511352539,,2095.27197265625,18.062814712524414,13007.1943359375
2009-12-03,916.5252685546875,28.862974166870117,6729.38037109375,29.983320236206055,,2066.1708984375,17.447492599487305,12927.1279296875
2009-12-04,895.6387329101562,28.16693687438965,6761.3955078125,28.577180862426758,,2066.1708984375,16.678329467773438,13035.0126953125
2009-12-07,915.5309448242188,28.01725196838379,6689.71826171875,28.15496253967285,,2066.1708984375,16.514575958251953,13110.328125
2009-12-08,900.1145629882812,27.20521354675293,,27.289112091064453,,,15.864507675170898,
2009-12-09,896.6331176757812,27.527029037475586,6689.71826171875,28.04047966003418,,2066.1708984375,16.28630828857422,13113.0400390625
2009-12-10,894.1467895507812,27.35116195678711,6684.94091796875,27.815067291259766,,1920.724365234375,16.216840744018555,13116.4375
2009-12-11,910.5576782226562,27.598134994506836,6769.99365234375,27.482322692871094,,1920.724365234375,16.296236038208008,13232.0458984375
2009-12-14,939.8986206054688,28.12203598022461,6807.74462890625,28.208646774291992,,1920.724365234375,16.499691009521484,13211.0107421875
2009-12-15,924.4822387695312,27.751564025878906,6942.49365234375,27.940311431884766,,1920.724365234375,16.504655838012695,13363.0009765625
2009-12-16,938.4064331054688,27.908737182617188,7013.21435546875,28.426902770996094,,1929.3963623046875,16.603897094726562,13491.9228515625
2009-12-17,900.1145629882812,27.05552864074707,7022.76953125,27.178194046020508,,1929.3963623046875,15.884366989135742,13297.1865234375
2009-12-18,900.1145629882812,27.429737091064453,7071.98876953125,27.385717391967773,,1929.3963623046875,15.884366989135742,13251.04296875
2009-12-21,906.0821533203125,27.141592025756836,7085.845703125,27.89379119873047,,1929.3963623046875,15.98360824584961,13297.1865234375
2009-12-22,903.0980834960938,27.418519973754883,6991.71240234375,28.069110870361328,,1929.3963623046875,16.157289505004883,13175.7275390625
2009-12-23,921.4984130859375,28.155719757080078,7053.35400390625,28.956439971923828,,1932.3062744140625,16.58901596069336,13088.1943359375
2009-12-24,930.4496459960938,28.410175323486328,7110.6923828125,29.271303176879883,,1932.3062744140625,16.737882614135742,13063.7685546875
2009-12-28,,28.365262985229492,7119.7705078125,29.267730712890625,,1932.3062744140625,16.499691009521484,13151.98046875
2009-12-29,967.2501220703125,28.571086883544922,7147.96337890625,29.013681411743164,,1949.7672119140625,16.34089469909668,13129.5849609375
2009-12-30,969.2392578125,28.795618057250977,7143.18896484375,28.938560485839844,,1949.7672119140625,16.370670318603516,13063.7685546875
2009-12-31,986.6444702148438,28.65715789794922,,28.727460861206055,,,16.330968856811523,
2010-01-04,1020.4613037109375,29.776052474975586,7119.29443359375,29.861675262451172,,1932.3062744140625,17.08523941040039,13231.365234375
2010-01-05,1014.4934692382812,29.77979850769043,7085.845703125,30.040569305419922,,1935.21630859375,17.253963470458984,13320.935546875
2010-01-06,1032.3961181640625,30.270004272460938,7147.96337890625,31.23917579650879,,1935.158447265625,17.814708709716797,13462.064453125
2010-01-07,1017.4774780273438,30.00432014465332,7310.90673828125,30.64166259765625,,1935.21630859375,17.64598274230957,13889.5390625
2010-01-08,1018.4720458984375,30.415958404541016,7633.9248046875,31.52182960510254,,1935.21630859375,17.993349075317383,14292.59375
2010-01-11,1014.4934692382812,30.61054801940918,7718.50244140625,31.51827049255371,,1949.7672119140625,18.01319694519043,14472.404296875
2010-01-12,995.59619140625,29.55152702331543,7808.3349609375,30.33037567138672,,1949.184814453125,17.258920669555664,14229.4873046875
2010-01-13,994.6016235351562,29.978124618530273,7934.48291015625,30.8787841796875,,1949.7672119140625,17.124940872192383,14107.3525390625
2010-01-14,1025.4342041015625,30.202653884887695,8128.0087890625,30.495267868041992,,1949.7672119140625,16.871864318847656,14292.59375
2010-01-15,1019.4664916992188,29.65630531311035,8088.82275390625,30.21569061279297,,1920.66650390625,16.489765167236328,14043.5654296875
2010-01-18,1034.385986328125,,8286.650390625,,,1920.66650390625,,14123.63671875
2010-01-19,1033.39111328125,30.322406768798828,8227.8759765625,30.32320785522461,,1920.66650390625,16.713069915771484,14264.771484375
2010-01-20,971.725830078125,29.244672775268555,8028.51806640625,29.93610191345215,,1920.66650390625,16.058048248291016,14175.8759765625
2010-01-21,943.8768920898438,27.961118698120117,7865.1005859375,27.34107780456543,,1920.66650390625,15.169793128967285,13913.96875
2010-01-22,936.9147338867188,27.396060943603516,7723.2490234375,26.606292724609375,,2037.0703125,14.718214988708496,13818.298828125
2010-01-25,928.46044921875,27.665494918823242,7955.1982421875,26.738906860351562,,2037.0703125,14.916709899902344,13747.048828125
2010-01-26,922.9901733398438,27.321216583251953,8035.7060546875,25.803407669067383,,2037.0703125,14.475067138671875,13697.5146484375
2010-01-27,916.0280151367188,27.18651008605957,7949.4453125,25.538158416748047,,2025.42919921875,14.400634765625,13550.9521484375
2010-01-28,880.7198486328125,26.85720443725586,8005.99365234375,24.66718292236328,,2025.42919921875,13.705910682678223,13472.2412109375
2010-01-29,874.2546997070312,25.95909309387207,8074.04541015625,23.903724670410156,,2025.42919921875,13.214639663696289,13213.044921875
2010-02-01,900.6116943359375,26.980684280395508,8065.89697265625,25.660032272338867,,1920.66650390625,14.167401313781738,13293.1123046875
2010-02-02,924.4822387695312,27.736595153808594,8089.37939453125,25.989797592163086,,1920.66650390625,14.589200973510742,13457.9931640625
2010-02-03,896.6331176757812,27.190248489379883,8086.50244140625,25.2550048828125,,1920.66650390625,13.884551048278809,13654.7705078125
2010-02-04,825.5193481445312,25.5998477935791,7939.85888671875,23.921653747558594,,1920.66650390625,13.28907299041748,13245.6142578125
2010-02-05,822.0382080078125,25.895475387573242,7786.02783203125,25.172574996948242,,1920.66650390625,13.790270805358887,12945.021484375
2010-02-08,826.513916015625,25.40899658203125,7884.74755859375,24.803377151489258,,1920.66650390625,13.571928977966309,12826.2841796875
2010-02-09,860.3303833007812,26.62892723083496,8102.798828125,25.65645408630371,,1920.66650390625,14.003649711608887,12939.5947265625
2010-02-10,841.9302978515625,25.966569900512695,7900.083984375,25.459308624267578,,1920.66650390625,13.904398918151855,13080.7353515625
2010-02-11,866.2977294921875,27.18651008605957,7631.71484375,26.584781646728516,,1920.66650390625,14.673556327819824,13435.60546875
2010-02-12,850.8814697265625,26.991912841796875,7742.4169921875,26.409156799316406,,1920.66650390625,14.847243309020996,13297.1865234375
2010-02-15,848.3951416015625,,7810.947265625,,,1920.66650390625,,13306.005859375
2010-02-16,876.7413330078125,27.9012508392334,7902.0029296875,27.21921157836914,,1914.84521484375,15.571735382080078,13660.876953125
2010-02-17,877.2385864257812,27.785242080688477,7835.38720703125,26.92530059814453,,1914.84521484375,15.23967456817627,13677.16015625
2010-02-18,889.173828125,28.099584579467773,7811.42626953125,27.45577049255371,,1891.681640625,15.496272087097168,13829.826171875
2010-02-19,887.681884765625,28.043455123901367,7863.18408203125,27.656490325927734,,1891.565185546875,15.601923942565918,13718.546875
2010-02-22,900.1145629882812,28.04719352722168,7858.39013671875,27.326736450195312,,1891.565185546875,15.340300559997559,13647.3046875
2010-02-23,875.2493896484375,27.47464942932129,7801.84326171875,26.39480972290039,,1891.565185546875,14.806982040405273,13236.791015625
2010-02-24,874.7518310546875,27.478378295898438,7811.42626953125,26.05072021484375,,1891.565185546875,14.615800857543945,13050.8759765625
2010-02-25,856.3519287109375,27.107921600341797,7766.38037109375,26.548946380615234,,1891.565185546875,14.50511646270752,13010.841796875
2010-02-26,878.7306518554688,27.44097137451172,7889.541015625,26.93963623046875,,1863.0460205078125,14.77176570892334,13137.7275390625
2010-03-01,911.0549926757812,28.09583854675293,7713.18310546875,27.402002334594727,,1863.0460205078125,15.134014129638672,13061.73046875
2010-03-02,927.9631958007812,28.31662368774414,7404.5615234375,27.950401306152344,,1862.464111328125,15.1491117477417,13240.865234375
2010-03-03,962.27685546875,28.91073226928711,7180.28173828125,28.402029037475586,,1978.8680419921875,15.189364433288574,13109.2333984375
2010-03-04,951.8336791992188,28.89558982849121,7460.1494140625,28.25864601135254,,1978.8680419921875,15.340300559997559,13044.76953125
2010-03-05,987.6392822265625,29.962722778320312,7653.27978515625,28.928922653198242,,1978.8680419921875,15.783052444458008,13094.9833984375
2010-03-08,988.6339721679688,30.011913299560547,7700.724609375,28.896656036376953,,1978.8680419921875,15.89876651763916,13040.01953125
2010-03-09,999.5746459960938,29.845415115356445,7843.0576171875,28.588411331176758,,1978.8680419921875,15.828326225280762,13074.623046875
2010-03-10,1013.4987182617188,29.928668975830078,7929.31640625,28.70311737060547,,2037.0703125,15.853489875793457,13225.2578125
2010-03-11,1022.450439453125,29.70540428161621,7954.716796875,28.853654861450195,,2060.350341796875,15.707585334777832,13114.6572265625
2010-03-12,1027.423583984375,29.686477661132812,7921.64794921875,28.864404678344727,,2048.7099609375,16.120145797729492,13387.431640625
2010-03-15,995.59619140625,29.42536735534668,7896.25048828125,28.910995483398438,,2066.1708984375,15.747838973999023,13334.50390625
2010-03-16,1015.4882202148438,29.917314529418945,7898.64501953125,29.45939826965332,,2089.451904296875,16.175491333007812,13761.298828125
2010-03-17,1024.4393310546875,30.220035552978516,7883.31005859375,29.11530113220215,,2124.373291015625,16.336488723754883,13586.9169921875
2010-03-18,1007.5313110351562,30.023271560668945,7828.6787109375,28.771207809448242,,2101.09228515625,15.969204902648926,13603.2001953125
2010-03-19,991.1204833984375,29.440507888793945,7607.2763671875,28.14037322998047,,2095.27197265625,15.471111297607422,13453.923828125
2010-03-22,994.6016235351562,29.77729606628418,7663.34619140625,28.602745056152344,,2095.27197265625,15.667339324951172,13609.3037109375
2010-03-23,1006.5367431640625,30.37897491455078,7805.19482421875,29.06512451171875,,2095.27197265625,16.00945472717285,13638.4814453125
2010-03-24,1007.5313110351562,29.648637771606445,7821.4892578125,28.599172592163086,,2095.27197265625,15.58682918548584,13638.4814453125
2010-03-25,1014.4934692382812,29.42536735534668,7678.2021484375,27.925323486328125,,2095.27197265625,15.350361824035645,13491.9228515625
2010-03-26,1005.5423583984375,29.73945426940918,7643.21875,28.376941680908203,,2124.373291015625,15.546585083007812,13367.072265625
2010-03-29,1025.4342041015625,30.56439781188965,7689.703125,29.70670509338379,,2124.373291015625,16.155363082885742,13322.96875
2010-03-30,1025.4342041015625,30.693052291870117,7911.58447265625,29.98629379272461,,2211.676025390625,16.05473518371582,13341.287109375
2010-03-31,1034.385986328125,30.39411735534668,8059.6669921875,29.943269729614258,,2211.676025390625,15.933987617492676,13321.609375
2010-04-01,1069.1966552734375,31.241758346557617,8146.40869140625,30.92537498474121,,2211.676025390625,16.61823844909668,13457.3173828125
2010-04-05,,31.35527992248535,8174.68408203125,31.301729202270508,,2296.0693359375,17.242116928100586,13464.779296875
2010-04-06,1088.093994140625,31.150924682617188,8174.68408203125,31.301729202270508,,2296.0693359375,17.352800369262695,13464.779296875
2010-04-07,1062.2342529296875,30.56818199157715,8304.552734375,30.7999324798584,,2328.079833984375,17.12136459350586,13382.0009765625
2010-04-08,1039.358642578125,30.787656784057617,8189.53564453125,30.84293556213379,,2328.079833984375,17.352800369262695,13422.0361328125
2010-04-09,1056.2667236328125,31.143362045288086,8122.92822265625,30.706737518310547,,2328.079833984375,17.554048538208008,13333.8251953125
2010-04-12,1039.358642578125,30.961729049682617,8083.1474609375,30.251529693603516,,2386.282470703125,17.564117431640625,13320.935546875
2010-04-13,1015.4882202148438,30.79523468017578,8083.1474609375,30.438241958618164,,2386.282470703125,17.624486923217773,13320.935546875
2010-04-14,1031.4019775390625,31.35527992248535,8007.4306640625,30.65009307861328,,2386.282470703125,17.664737701416016,13183.8701171875
2010-04-15,1033.39111328125,30.829286575317383,8096.5654296875,30.240741729736328,,2473.585205078125,17.257211685180664,13056.3056640625
2010-04-16,994.6016235351562,29.966503143310547,7954.236328125,29.149179458618164,,2444.48388671875,16.738994598388672,12892.7763671875
2010-04-19,977.6934204101562,29.750810623168945,7913.49951171875,29.012737274169922,,2444.48388671875,16.4169864654541,12812.712890625
2010-04-20,993.6069946289062,30.030834197998047,7913.49951171875,29.012737274169922,,2414.801025390625,16.10002326965332,12812.712890625
2010-04-21,973.7149047851562,29.690261840820312,8077.89794921875,28.154563903808594,,2473.585205078125,15.873610496520996,12895.4912109375
2010-04-22,957.8013305664062,29.720529556274414,8117.3134765625,28.905025482177734,,2414.801025390625,15.863546371459961,12991.845703125
2010-04-23,988.1365966796875,29.554033279418945,8127.8876953125,28.567493438720703,,2473.585205078125,15.828326225280762,13002.701171875
2010-04-26,1058.2559814453125,29.633502960205078,8076.4541015625,28.86911964416504,,2473.585205078125,16.089954376220703,13075.302734375
2010-04-27,1019.4664916992188,28.339326858520508,7980.79541015625,27.343069076538086,,2473.585205078125,15.385583877563477,12932.1337890625
2010-04-28,1006.5367431640625,28.642059326171875,7968.7802734375,27.465167999267578,,2444.48388671875,15.375518798828125,12816.1044921875
2010-04-29,1019.4664916992188,28.60799789428711,7968.7802734375,27.906818389892578,,2444.48388671875,15.692492485046387,12816.1044921875
2010-04-30,993.6069946289062,27.544662475585938,7988.97119140625,27.120450973510742,,2444.48388671875,15.385583877563477,12792.3505859375
2010-05-03,,27.0338077545166,8013.48388671875,26.477718353271484,,2444.48388671875,15.128988265991211,12781.5
2010-05-04,907.5738525390625,25.921274185180664,8013.48388671875,25.310741424560547,,2443.90185546875,14.520209312438965,12781.5
2010-05-05,880.8485107421875,26.193727493286133,7923.11474609375,25.29279136657715,,2444.48388671875,14.580574035644531,12640.3662109375
2010-05-06,873.885498046875,24.50222396850586,7900.04296875,24.78650665283203,,2444.48388671875,13.851048469543457,12468.017578125
2010-05-07,865.9273071289062,24.967668533325195,7786.60205078125,24.26944923400879,,2444.48388671875,13.795703887939453,12421.341796875
2010-05-10,941.5281372070312,26.591060638427734,7698.63671875,26.032466888427734,,2383.371826171875,15.202386856079102,12271.712890625
2010-05-11,928.5962524414062,25.8001766204834,7880.33544921875,25.220972061157227,,2328.079833984375,14.931281089782715,12771.15625
2010-05-12,940.5333251953125,25.96668243408203,8015.8857421875,26.212005615234375,,2328.079833984375,15.243305206298828,12909.857421875
2010-05-13,951.9727783203125,26.000741958618164,8015.8857421875,25.748809814453125,,2328.079833984375,14.936393737792969,12909.857421875
2010-05-14,897.2618408203125,25.12281608581543,7813.5205078125,25.034263610839844,,2328.079833984375,14.481139183044434,12685.755859375
2010-05-17,882.3406372070312,24.812528610229492,7813.5205078125,24.4058895111084,,2217.205078125,14.056583404541016,12685.755859375
2010-05-18,896.26708984375,24.22977066040039,7766.4130859375,24.183263778686523,,2217.205078125,13.862199783325195,12678.921875
2010-05-19,841.0587768554688,23.847570419311523,7739.49560546875,24.30535316467285,,2182.5751953125,13.790589332580566,12707.619140625
2010-05-20,822.6557006835938,22.36418914794922,7717.86328125,22.843942642211914,,2182.5751953125,13.396717071533203,12517.6787109375
2010-05-21,853.9903564453125,23.662141799926758,,24.061185836791992,,,14.245842933654785,
2010-05-24,860.9536743164062,23.272380828857422,7732.28369140625,23.540536880493164,,2182.5751953125,13.918472290039062,12158.2939453125
2010-05-25,815.195068359375,23.31778907775879,7732.28369140625,24.280216217041016,,2182.5751953125,14.20492172241211,12158.2939453125
2010-05-26,858.9639282226562,23.52591896057129,7690.9453125,23.91037368774414,,2182.5751953125,14.128190994262695,11998.4140625
2010-05-27,890.7958984375,25.327165603637695,7759.68115234375,25.519004821777344,,2182.5751953125,15.222846031188965,12365.994140625
2010-05-28,881.3457641601562,24.536279678344727,7734.20751953125,25.152759552001953,,2182.5751953125,15.079622268676758,12258.732421875
2010-05-31,,,7878.412109375,,,2182.5751953125,,12386.4970703125
2010-06-01,878.859130859375,23.70376968383789,7807.75146484375,23.874473571777344,,2153.473876953125,14.276535034179688,12095.43359375
2010-06-02,869.90625,24.558982849121094,7885.62158203125,24.782907485961914,,2095.27197265625,15.140998840332031,12367.365234375
2010-06-03,878.361572265625,24.108678817749023,7919.75244140625,23.75956153869629,,2095.27197265625,14.844320297241211,12235.501953125
2010-06-04,850.0112915039062,22.595020294189453,7919.75244140625,22.5530948638916,,2037.0703125,13.949164390563965,12235.501953125
2010-06-07,827.6295166015625,22.114442825317383,7809.67626953125,21.06296157836914,,2051.620361328125,13.42741584777832,12022.328125
2010-06-08,834.0953979492188,23.314008712768555,7852.45458984375,22.075538635253906,,2051.620361328125,14.266301155090332,12100.21875
2010-06-09,849.513916015625,23.287517547607422,7887.54443359375,21.81340980529785,,2051.620361328125,14.455565452575684,12063.322265625
2010-06-10,867.4192504882812,24.77089500427246,7884.6611328125,23.10965347290039,,2051.620361328125,15.371183395385742,12359.8525390625
2010-06-11,852.0005493164062,24.70278549194336,7978.396484375,23.314315795898438,,2051.620361328125,15.632052421569824,12432.2724609375
2010-06-14,873.3878173828125,24.922258377075195,7979.35595703125,23.43281364440918,,2069.080810546875,15.555337905883789,12482.1533203125
2010-06-15,871.3984985351562,25.667736053466797,8061.0732421875,24.075559616088867,,2069.080810546875,16.05150604248047,12804.6396484375
2010-06-16,872.3930053710938,25.53150749206543,8062.0322265625,24.0683650970459,,2007.9691162109375,15.83155345916748,12868.86328125
2010-06-17,863.4403686523438,25.365001678466797,8052.41845703125,23.63030242919922,,2069.080810546875,15.52975845336914,12698.0546875
2010-06-18,872.8904418945312,25.667736053466797,8169.22314453125,23.662620544433594,,2095.27197265625,15.509298324584961,12829.236328125
2010-06-21,916.1619262695312,26.265626907348633,8202.87109375,24.445384979248047,,2095.27197265625,15.862239837646484,12453.45703125
2010-06-22,894.7748413085938,25.79261016845703,8116.35302734375,23.407684326171875,,2095.27197265625,15.422330856323242,12550.4736328125
2010-06-23,873.885498046875,26.341306686401367,8133.1748046875,23.360998153686523,,2095.27197265625,15.406991004943848,12620.1650390625
2010-06-24,851.0059814453125,25.7244930267334,8123.5625,22.77930450439453,,2095.27197265625,14.905702590942383,12622.21484375
2010-06-25,822.6557006835938,25.7282772064209,8175.955078125,23.903202056884766,,2095.27197265625,15.135889053344727,12652.2734375
2010-06-28,843.5452270507812,25.243921279907227,,23.217374801635742,,,14.76758861541748,
2010-06-29,794.305419921875,23.98000717163086,8115.86865234375,21.92831802368164,,2095.27197265625,13.826395034790039,12277.177734375
2010-06-30,782.3684692382812,23.45780372619629,8116.35302734375,21.231727600097656,,2095.27197265625,13.575752258300781,12219.7822265625
2010-07-01,759.4891967773438,23.620519638061523,8123.5625,20.890607833862305,,2095.27197265625,13.570635795593262,12210.2177734375
2010-07-02,773.4158935546875,23.730260848999023,8169.70556640625,21.01987075805664,,2095.27197265625,13.524599075317383,12262.8291015625
2010-07-05,757.0025634765625,,8068.28271484375,,,2095.27197265625,,12240.9619140625
2010-07-06,814.2005004882812,24.15787124633789,8126.4443359375,21.253263473510742,,2095.27197265625,13.944045066833496,12148.04296875
2010-07-07,819.1740112304688,24.975236892700195,8159.6103515625,22.606952667236328,,2153.473876953125,14.78805923461914,12396.0615234375
2010-07-08,847.0269775390625,25.2590389251709,8165.38427734375,22.678773880004883,,2153.473876953125,15.089855194091797,12557.3046875
2010-07-09,881.3457641601562,25.671524047851562,8145.58544921875,23.69135093688965,,2266.269287109375,15.493956565856934,12812.8408203125
2010-07-12,897.2618408203125,25.081193923950195,7988.185546875,22.700315475463867,,2269.878173828125,14.88012981414795,12715.8193359375
2010-07-13,927.6014404296875,25.43690299987793,8110.8212890625,23.133258819580078,,2269.878173828125,15.453028678894043,12704.8876953125
2010-07-14,908.2040405273438,25.417985916137695,8037.43310546875,22.96729278564453,,2269.878173828125,15.381417274475098,12603.0859375
2010-07-15,898.2564697265625,25.5428524017334,7999.29248046875,22.790508270263672,,2269.878173828125,15.23819351196289,12754.0791015625
2010-07-16,898.2564697265625,24.797386169433594,,21.675701141357422,,,14.798279762268066,
2010-07-19,908.2040405273438,24.98658561706543,8060.61279296875,21.957115173339844,,2269.878173828125,14.972200393676758,12639.2958984375
2010-07-20,931.0830688476562,26.1634521484375,8081.85546875,23.20540428161621,,2258.237548828125,15.657637596130371,12756.1259765625
2010-07-21,975.8466186523438,25.845582962036133,8236.8369140625,23.833168029785156,,2258.237548828125,15.898053169250488,12743.8330078125
2010-07-22,1002.7050170898438,26.8294677734375,8523.6298828125,24.814489364624023,,2220.406494140625,16.394227981567383,12886.630859375
2010-07-23,1005.689453125,27.120849609375,8606.1904296875,25.64427947998047,,2229.19482421875,16.501646041870117,13132.5947265625
2010-07-26,1008.6734008789062,27.211660385131836,8684.8916015625,25.70201301574707,,2246.59765625,16.44025993347168,13205.0205078125
2010-07-27,999.720703125,27.185163497924805,8744.7568359375,25.193313598632812,,2269.878173828125,15.96966552734375,13144.8955078125
2010-07-28,988.7785034179688,27.275989532470703,8856.2919921875,25.391733169555664,,2246.59765625,16.102659225463867,13152.408203125
2010-07-29,992.2599487304688,27.3970890045166,9064.384765625,25.521621704101562,,2229.13623046875,15.954316139221191,13528.1962890625
2010-07-30,982.8101196289062,27.33275032043457,9255.095703125,25.81024169921875,,2229.13623046875,16.066856384277344,13523.412109375
2010-08-02,1031.552734375,28.452852249145508,9201.5029296875,26.986385345458984,,2229.13623046875,16.56814193725586,13677.82421875
2010-08-03,1031.552734375,28.286354064941406,9148.8759765625,26.708581924438477,,2229.13623046875,16.251005172729492,13795.33984375
2010-08-04,1012.652587890625,28.39231300354004,9230.9560546875,27.058549880981445,,2269.878173828125,16.225425720214844,13869.1298828125
2010-08-05,1017.6261596679688,28.399873733520508,9217.921875,26.723024368286133,,2269.878173828125,15.949204444885254,14171.1259765625
2010-08-06,1019.6156005859375,28.573944091796875,9342.4853515625,26.917831420898438,,2268.7138671875,15.693439483642578,14212.8037109375
2010-08-09,1041.5001220703125,28.67232894897461,9540.44140625,26.961130142211914,,2269.2958984375,15.86736011505127,14171.1259765625
2010-08-10,1015.6366577148438,27.979839324951172,9575.6826171875,26.412748336791992,,2240.776611328125,15.753473281860352,14061.1220703125
2010-08-11,984.3021240234375,26.80297088623047,9379.1806640625,25.269075393676758,,2240.776611328125,15.178824424743652,13689.4375
2010-08-12,990.2705078125,26.844602584838867,9345.3818359375,25.395349502563477,,2211.676025390625,15.318605422973633,13802.1806640625
2010-08-13,985.2969360351562,26.9732608795166,9324.1376953125,25.279897689819336,,2211.676025390625,15.158121109008789,13801.490234375
2010-08-16,997.7312622070312,27.223020553588867,9239.3974609375,25.481929779052734,,2211.676025390625,15.344484329223633,13658.0068359375
2010-08-17,1041.5001220703125,26.568357467651367,9436.634765625,26.275651931762695,,2124.373291015625,15.67581844329834,14596.783203125
2010-08-18,1029.5628662109375,25.8001766204834,9488.779296875,26.416362762451172,,2095.27197265625,15.556743621826172,14852.3154296875
2010-08-19,1017.6261596679688,25.486101150512695,9463.1904296875,26.008670806884766,,2106.912353515625,15.246125221252441,14894.6767578125
2010-08-20,1005.689453125,25.52014923095703,9519.1962890625,25.7489070892334,,2095.27197265625,15.220244407653809,14818.1552734375
2010-08-23,1021.6051025390625,25.40284538269043,9554.439453125,25.3845272064209,,2095.27197265625,15.064936637878418,15019.0283203125
2010-08-24,1006.6839599609375,24.755760192871094,9592.5859375,24.190343856811523,,2077.811279296875,14.516179084777832,14894.6767578125
2010-08-25,972.3651733398438,24.789813995361328,9394.6298828125,24.049636840820312,,2112.67431640625,14.676666259765625,14740.947265625
2010-08-26,1006.6839599609375,24.89955711364746,9400.9072265625,24.21198272705078,,2101.09228515625,14.743968963623047,14689.70703125
2010-08-27,1018.6209106445312,25.493661880493164,9506.6416015625,25.68758201599121,,2147.654052734375,15.577445983886719,14689.70703125
2010-08-30,,25.16444969177246,9507.126953125,25.3845272064209,,2153.473876953125,15.484272003173828,14672.623046875
2010-08-31,1026.578857421875,25.16444969177246,9576.650390625,25.972597122192383,,2182.5751953125,15.649932861328125,14693.806640625
2010-09-01,1088.2532958984375,26.541860580444336,10163.271484375,27.487873077392578,,2176.7548828125,16.3798770904541,14898.7763671875
2010-09-02,1076.3162841796875,26.564579010009766,10333.70703125,27.76567268371582,,2240.776611328125,16.462711334228516,15348.349609375
2010-09-03,1086.263916015625,26.7916202545166,10765.826171875,28.33931541442871,,2264.057373046875,16.664608001708984,15494.5625
2010-09-06,1086.263916015625,,10835.83203125,,,2269.878173828125,,15598.4169921875
2010-09-07,1070.347412109375,26.3829345703125,10817.00390625,28.090373992919922,,2269.878173828125,16.530004501342773,15467.9150390625
2010-09-08,1103.1741943359375,26.750967025756836,11353.4130859375,28.552167892456055,,2264.057373046875,16.50412368774414,15711.8291015625
2010-09-09,1114.11669921875,27.042314529418945,11410.3857421875,28.19861602783203,,2269.878173828125,16.545543670654297,15780.8408203125
2010-09-10,1114.11669921875,27.080652236938477,11114.9033203125,28.613508224487305,,2153.473876953125,16.726736068725586,15660.5888671875
2010-09-13,1148.9329833984375,27.958553314208984,11199.3935546875,29.50463104248047,,2211.676025390625,17.114999771118164,15948.919921875
2010-09-14,1144.9537353515625,28.192405700683594,11489.083984375,29.38196563720703,,2240.776611328125,17.094310760498047,16276.876953125
2010-09-15,1145.974365234375,28.14640235900879,11528.6748046875,29.36754035949707,,2240.776611328125,16.995935440063477,16339.052734375
2010-09-16,1148.9586181640625,28.08505630493164,11283.4052734375,29.486595153808594,,2269.878173828125,17.083948135375977,16526.2578125
2010-09-17,1158.906005859375,27.805206298828125,,29.482988357543945,,,17.156421661376953,
2010-09-20,1182.7808837890625,28.34191131591797,,30.07106590270996,,,17.389385223388672,
2010-09-21,1170.843017578125,28.180904388427734,11247.193359375,29.941173553466797,,2269.878173828125,17.316911697387695,16421.732421875
2010-09-22,1207.64990234375,28.56808853149414,11148.7001953125,30.48957061767578,,2240.776611328125,17.523984909057617,16208.5537109375
2010-09-23,1204.665283203125,28.391746520996094,10943.986328125,30.388559341430664,,2211.676025390625,17.69482421875,16090.35546875
2010-09-24,1174.8221435546875,29.116294860839844,10955.57421875,31.24720001220703,,2252.417724609375,17.95884895324707,16063.7001953125
2010-09-27,1188.749267578125,29.012794494628906,11247.67578125,31.22916603088379,,2269.878173828125,18.134870529174805,16353.396484375
2010-09-28,1213.618408203125,29.507328033447266,11415.6982421875,31.398727416992188,,2211.676025390625,18.207338333129883,16549.4921875
2010-09-29,1229.53466796875,29.357816696166992,11441.7685546875,31.09929084777832,,2211.676025390625,18.165925979614258,16019.9765625
2010-09-30,1229.53466796875,29.258140563964844,11575.509765625,30.807050704956055,,2267.552001953125,18.181461334228516,15966.0029296875
2010-10-01,1241.47216796875,29.783353805541992,11410.8681640625,32.156375885009766,,2276.503173828125,18.57490348815918,15742.5791015625
2010-10-04,1217.5975341796875,29.28115463256836,11146.771484375,31.470897674560547,,2309.32275390625,18.336759567260742,15640.775390625
2010-10-05,1262.362060546875,29.978862762451172,10927.5703125,32.89597702026367,,2309.32275390625,19.154720306396484,15849.1650390625
2010-10-06,1306.1318359375,30.703411102294922,11013.9931640625,33.77627182006836,,2297.388671875,19.9571533203125,15884.0166015625
2010-10-07,1242.4664306640625,30.584579467773438,10931.0693359375,32.97534942626953,,2267.552001953125,19.82773780822754,15759.6650390625
2010-10-08,1265.346435546875,31.26696014404297,11072.1865234375,34.45815658569336,,2321.257080078125,20.06069564819336,16147.74609375
2010-10-11,1261.367431640625,31.075275421142578,,34.4112548828125,,,20.055511474609375,
2010-10-12,1242.4664306640625,30.757091522216797,10978.107421875,34.42929458618164,,2297.388671875,20.091760635375977,16121.1025390625
2010-10-13,1294.19482421875,31.435636520385742,11522.2138671875,35.85887145996094,,2386.8974609375,20.86311912536621,16509.181640625
2010-10-14,1306.1318359375,31.719324111938477,11272.9521484375,35.82630157470703,,2327.224609375,21.39634895324707,16581.599609375
2010-10-15,1300.1634521484375,31.592824935913086,11062.0009765625,35.486087799072266,,2327.343994140625,21.748380661010742,16650.611328125
2010-10-18,1281.2626953125,31.535308837890625,11012.5390625,34.85273361206055,,2327.224609375,21.83121109008789,16647.876953125
2010-10-19,1237.492919921875,30.182044982910156,11099.8291015625,33.55706024169922,,2386.8974609375,21.12714195251465,16723.03515625
2010-10-20,1257.388427734375,31.182621002197266,11154.1416015625,34.508907318115234,,2386.8974609375,22.100412368774414,16943.720703125
2010-10-21,1273.3046875,30.97943687438965,11192.9384765625,34.899784088134766,,2386.8974609375,21.763916015625,16922.5390625
2010-10-22,1262.362060546875,31.017778396606445,11299.1416015625,34.038421630859375,,2416.733642578125,21.572362899780273,16807.755859375
2010-10-25,1314.09033203125,31.74616241455078,11321.93359375,34.76948165893555,,2476.40576171875,21.986528396606445,17012.724609375
2010-10-26,1294.19482421875,31.50847053527832,11493.11328125,35.56934356689453,,2536.078125,22.19359588623047,17407.6484375
2010-10-27,1292.205078125,30.944934844970703,11497.4775390625,34.563201904296875,,2515.192626953125,21.898513793945312,17406.958984375
2010-10-28,1319.0634765625,31.757658004760742,11637.14453125,34.559574127197266,,2542.0458984375,22.302305221557617,17191.05859375
2010-10-29,1315.0845947265625,31.654151916503906,12117.2353515625,34.30624771118164,,2553.980224609375,22.1573543548584,17281.92578125
2010-11-01,1333.985595703125,31.9493408203125,,34.831031799316406,,,22.224658966064453,
2010-11-02,1376.7607421875,32.55122375488281,12352.9208984375,35.34495162963867,,2553.980224609375,22.172887802124023,17249.81640625
2010-11-03,1316.079833984375,32.999752044677734,12205.4931640625,35.13863754272461,,2598.734619140625,22.027942657470703,17064.654296875
2010-11-04,1388.69775390625,34.96256637573242,12098.8095703125,37.599700927734375,,2625.5869140625,23.36359405517578,17197.890625
2010-11-05,1423.514892578125,35.32291793823242,12100.2646484375,37.94352722167969,,2643.48828125,24.140138626098633,17208.1328125
2010-11-08,1420.53076171875,34.8743896484375,12349.525390625,38.10276794433594,,2643.48828125,24.067655563354492,17193.1015625
2010-11-09,1453.3580322265625,34.22267532348633,12643.396484375,37.15092086791992,,2643.48828125,23.373947143554688,16991.546875
2010-11-10,1397.6505126953125,34.391361236572266,12585.69140625,37.75894546508789,,2655.423095703125,23.555143356323242,16960.802734375
2010-11-11,1464.300048828125,34.34919357299805,12630.3056640625,39.09080505371094,,2691.226806640625,24.19190216064453,16978.56640625
2010-11-12,1424.50927734375,33.340938568115234,12487.732421875,37.61054229736328,,2837.423583984375,23.058073043823242,16748.3125
2010-11-15,1430.47802734375,33.61696243286133,12274.84375,36.91566848754883,,2861.29248046875,22.83339500427246,16602.78125
2010-11-16,1351.8912353515625,32.60105514526367,12029.46484375,35.32686233520508,,2894.112548828125,22.169811248779297,16390.298828125
2010-11-17,1357.85986328125,32.59722900390625,12061.951171875,35.04817199707031,,2938.8671875,22.22206687927246,16519.4296875
2010-11-18,1387.7027587890625,33.44829177856445,12240.8974609375,36.137535095214844,,2804.603759765625,23.167802810668945,16642.412109375
2010-11-19,1369.7972412109375,33.15693664550781,12368.9169921875,36.84328842163086,,2804.603759765625,23.34021759033203,16601.41796875
2010-11-22,1367.8072509765625,33.19526672363281,12287.455078125,36.91927719116211,,2810.572021484375,23.141674041748047,16635.5859375
2010-11-23,1310.1109619140625,31.93400764465332,12075.0478515625,35.721336364746094,,2804.603759765625,21.913787841796875,16621.228515625
2010-11-24,1365.8179931640625,32.62405776977539,12051.283203125,36.45241165161133,,2804.603759765625,22.74979591369629,16788.623046875
2010-11-25,1369.7972412109375,,11978.0556640625,,,2804.603759765625,,16985.3984375
2010-11-26,1318.0692138671875,31.96084213256836,11971.267578125,35.43904495239258,,2804.603759765625,22.295215606689453,17027.076171875
2010-11-29,1292.205078125,32.02601623535156,11752.07421875,36.66233825683594,,2804.603759765625,22.211610794067383,17249.81640625
2010-11-30,1308.12158203125,31.588972091674805,11445.591796875,36.669559478759766,,2804.603759765625,21.9085693359375,16966.953125
2010-12-01,1353.880859375,32.78123092651367,11471.7783203125,38.17875289916992,,2804.603759765625,22.540786743164062,17124.779296875
2010-12-02,1405.60888671875,33.51729965209961,11601.7412109375,38.95689392089844,,2804.603759765625,22.87518882751465,17380.30859375
2010-12-03,1428.4884033203125,33.99266052246094,11709.3994140625,39.430999755859375,,2864.27685546875,23.23049545288086,17547.025390625
2010-12-06,1449.378662109375,34.01565170288086,11834.0341796875,39.77482604980469,,2864.27685546875,23.690292358398438,17714.416015625
2010-12-07,1520.0072021484375,34.06167221069336,11977.083984375,40.03902053833008,,2864.27685546875,24.322528839111328,18023.931640625
2010-12-08,1502.101318359375,33.65913009643555,,39.304344177246094,,,23.894065856933594,
2010-12-09,1502.101318359375,34.253353118896484,11836.94140625,40.04987335205078,,2864.27685546875,23.88884925842285,17654.9765625
2010-12-10,1489.1697998046875,34.425865173339844,11855.849609375,40.8497314453125,,2864.27685546875,24.10307502746582,17695.537109375
2010-12-13,1534.9287109375,34.92039108276367,11850.517578125,41.81243133544922,,2864.27685546875,24.724855422973633,17444.21484375
2010-12-14,1544.8765869140625,34.82838439941406,12288.4248046875,41.55546569824219,,2923.948974609375,24.620357513427734,17094.4375
2010-12-15,1551.8402099609375,34.169002532958984,12214.2255859375,40.552947998046875,,2936.599609375,24.45315933227539,17574.357421875
2010-12-16,1520.0072021484375,34.3836784362793,12254.9599609375,40.69535446166992,,2953.78564453125,24.176240921020508,17413.923828125
2010-12-17,1521.9967041015625,34.169002532958984,12212.7685546875,41.524330139160156,,3037.326904296875,24.327762603759766,17156.408203125
2010-12-20,1538.9078369140625,34.17667770385742,12218.5888671875,41.644832611083984,,3096.999267578125,24.568105697631836,17275.51953125
2010-12-21,1585.6624755859375,34.87822341918945,12214.7099609375,42.433616638183594,,3043.2939453125,25.163759231567383,17528.900390625
2010-12-22,1596.6043701171875,35.20408630371094,12003.7607421875,42.50299835205078,,3043.2939453125,25.372758865356445,17400.8359375
2010-12-23,1597.5989990234375,35.3957633972168,11874.2802734375,43.153018951416016,,3102.966552734375,25.425012588500977,17691.40234375
2010-12-24,1596.6043701171875,,11894.650390625,,,3043.2939453125,,17687.2734375
2010-12-27,,34.86289596557617,11782.142578125,43.31369400024414,,3013.45751953125,25.064483642578125,17643.896484375
2010-12-28,,35.22707748413086,11726.3740234375,43.193180084228516,,3009.578857421875,25.148082733154297,17663.173828125
2010-12-29,1625.452392578125,35.57594299316406,12012.9775390625,43.510887145996094,,3014.651611328125,25.47726058959961,18207.125
2010-12-30,1615.505126953125,35.61427307128906,12099.294921875,43.4378547668457,,2983.62158203125,25.519062042236328,18271.15625
2010-12-31,1603.5679931640625,35.6219482421875,,43.85416030883789,,,25.46680450439453,
2011-01-03,,35.61811828613281,12446.02734375,43.66792297363281,,2983.62158203125,25.910945892333984,19071.931640625
2011-01-04,1613.515625,35.016231536865234,12590.0556640625,43.36482238769531,,2983.62158203125,25.5765438079834,19253.697265625
2011-01-05,1577.7042236328125,34.694210052490234,12591.021484375,43.21875,,3102.966552734375,25.393659591674805,19570.4375
2011-01-06,1528.9600830078125,34.0885009765625,12735.400390625,42.38981246948242,,3102.90673828125,24.88682746887207,19471.9765625
2011-01-07,1503.0963134765625,33.89681625366211,12437.3779296875,42.897396087646484,,3102.90673828125,24.312074661254883,19212.392578125
2011-01-10,1497.127685546875,34.034828186035156,12283.251953125,43.44150161743164,,3043.2939453125,23.77389907836914,19131.837890625
2011-01-11,1523.9866943359375,34.19584655761719,11974.986328125,44.47861862182617,,3043.2939453125,24.411348342895508,19144.916015625
2011-01-12,1562.7822265625,34.91272735595703,11979.3740234375,44.67661666870117,,3073.12939453125,24.69350242614746,19312.91796875
2011-01-13,1530.9495849609375,34.76704025268555,12494.4462890625,43.294219970703125,,3073.12939453125,24.228479385375977,19410.005859375
2011-01-14,1494.143310546875,34.71721267700195,12595.8095703125,43.39689636230469,,3031.359619140625,24.270280838012695,19282.619140625
2011-01-17,1481.2115478515625,,12468.494140625,,,3031.359619140625,,19255.078125
2011-01-18,1522.9913330078125,35.08906555175781,12362.7294921875,43.48857498168945,,3025.392333984375,24.824127197265625,19203.439453125
2011-01-19,1468.2794189453125,34.72871398925781,12216.8046875,42.227176666259766,,3025.989013671875,24.411348342895508,18694.609375
2011-01-20,1411.577392578125,33.76647186279297,12241.2890625,40.66510009765625,,3026.048583984375,23.591026306152344,18202.9921875
2011-01-21,1403.619384765625,33.808650970458984,12402.87890625,39.74839782714844,,3026.048583984375,23.08942413330078,18183.0234375
2011-01-24,1400.6346435546875,34.51786422729492,12388.6787109375,39.77405548095703,,3043.2939453125,23.32976722717285,18245.677734375
2011-01-25,1382.7291259765625,33.88914108276367,12144.3330078125,39.02604675292969,,3073.12939453125,22.911773681640625,18114.859375
2011-01-26,1428.4884033203125,34.744049072265625,12159.0244140625,40.45242691040039,,3162.63916015625,23.831369400024414,18237.416015625
2011-01-27,1432.4677734375,34.24184799194336,12165.3896484375,39.477054595947266,,3138.76953125,23.34021759033203,18143.087890625
2011-01-28,1390.687255859375,33.42912292480469,12011.1435546875,38.93069839477539,,3138.76953125,23.115541458129883,17734.78125
2011-01-31,1398.6455078125,34.13066864013672,12062.5595703125,39.876739501953125,,3138.76953125,23.41859245300293,17825.66796875
2011-02-01,1464.300048828125,35.05840301513672,12204.5654296875,41.82748794555664,,3138.76953125,24.724855422973633,18010.19921875
2011-02-02,1501.106689453125,35.713958740234375,12064.025390625,41.25912857055664,,3138.76953125,24.416584014892578,18008.13671875
2011-02-03,1516.028076171875,36.21999740600586,11933.2841796875,41.72114562988281,,3178.1533203125,24.134428024291992,17849.080078125
2011-02-04,1483.200927734375,36.1433219909668,12280.4609375,41.62582015991211,,3192.474853515625,24.202348709106445,17853.900390625
2011-02-07,1487.1800537109375,36.476829528808594,12193.7890625,40.78977584838867,,3222.31103515625,24.01947021484375,17984.033203125
2011-02-08,1505.085693359375,36.68385696411133,12011.1435546875,40.804447174072266,,3222.31103515625,24.10307502746582,18127.93359375
2011-02-09,1448.3836669921875,35.94013214111328,11428.431640625,39.52105712890625,,3210.37646484375,23.455167770385742,17840.125
2011-02-10,1422.5198974609375,35.802127838134766,11327.0673828125,39.32305908203125,,3210.37646484375,23.413375854492188,17964.75
2011-02-11,1451.368408203125,35.92864227294922,11540.568359375,39.24971008300781,,3209.780029296875,23.503360748291016,18448.11328125
2011-02-14,1478.2269287109375,36.66468811035156,11770.2275390625,41.17112350463867,,3210.37646484375,23.65158462524414,18291.126953125
2011-02-15,1420.53076171875,36.25065612792969,11607.654296875,40.07841873168945,,3213.360595703125,23.286333084106445,17942.71484375
2011-02-16,1424.50927734375,35.767608642578125,11449.4912109375,40.650447845458984,,3281.9833984375,23.365741729736328,18326.931640625
2011-02-17,1402.6246337890625,36.0091438293457,11396.115234375,40.51110076904297,,3222.31103515625,23.00048065185547,18006.068359375
2011-02-18,1399.64013671875,35.41876220703125,11177.7236328125,38.83169937133789,,3213.360595703125,22.566402435302734,17609.46875
2011-02-21,1383.7237548828125,,11180.6591796875,,,3213.360595703125,,17310.642578125
2011-02-22,1375.765625,35.31142807006836,10795.2880859375,36.946956634521484,,3132.802734375,21.70884895324707,16940.203125
2011-02-23,1306.1318359375,35.407264709472656,10531.845703125,37.40896987915039,,3132.802734375,22.0741024017334,16918.16796875
2011-02-24,1340.948974609375,35.177242279052734,10623.412109375,38.03232955932617,,3091.091796875,22.116455078125,16953.28515625
2011-02-25,1389.6922607421875,36.0014762878418,10682.6640625,38.46501541137695,,3091.091796875,22.4499454498291,17174.99609375
2011-02-28,1399.64013671875,36.265995025634766,11099.373046875,38.83169937133789,,3091.031494140625,22.402307510375977,17211.4921875
2011-03-01,1410.5826416015625,35.756126403808594,10992.625,37.85630798339844,,3043.2939453125,21.86235809326172,17139.880859375
2011-03-02,1401.629638671875,36.20082092285156,10960.3046875,38.120330810546875,,3043.890625,22.185274124145508,17358.8359375
2011-03-03,1439.430908203125,36.81037521362305,11160.5830078125,38.428340911865234,,3073.12939453125,22.60874366760254,18214.69140625
2011-03-04,1429.48291015625,36.710697174072266,11115.533203125,37.922332763671875,,3073.12939453125,22.25938606262207,18247.744140625
2011-03-07,1412.5723876953125,36.21615219116211,11043.0615234375,36.77093505859375,,3076.113525390625,21.56062889099121,17833.2421875
2011-03-08,1374.7711181640625,36.16631317138672,10967.1640625,36.74893569946289,,3076.113525390625,21.56062889099121,18019.15234375
2011-03-09,1346.9176025390625,35.70175552368164,10873.634765625,35.53153610229492,,3073.12939453125,21.073625564575195,18009.513671875
2011-03-10,1310.1109619140625,34.18804931640625,10459.375,35.047523498535156,,3073.189453125,20.459566116333008,17477.953125
2011-03-11,1331.9959716796875,34.68357467651367,10289.458984375,36.28691101074219,,2953.78564453125,21.131853103637695,17296.859375
2011-03-14,1324.037841796875,34.46291732788086,10226.78125,35.88356399536133,,2953.78564453125,21.068334579467773,17194.275390625
2011-03-15,1302.1529541015625,33.66154479980469,10485.3251953125,37.716976165771484,,2953.78564453125,21.650623321533203,17284.470703125
2011-03-16,1285.2418212890625,32.860164642333984,10328.1435546875,36.880943298339844,,2953.78564453125,21.131853103637695,16993.908203125
2011-03-17,1339.9542236328125,33.8280143737793,10649.3671875,38.13499450683594,,2953.78564453125,21.348894119262695,17314.083984375
2011-03-18,1356.864990234375,34.28483581542969,10937.787109375,37.97365951538086,,2953.78564453125,21.11067771911621,17216.994140625
2011-03-21,1359.8494873046875,34.68357467651367,11230.1181640625,38.450347900390625,,2983.62158203125,21.3171329498291,17862.162109375
2011-03-22,1345.9224853515625,34.342899322509766,11307.486328125,38.34034729003906,,2983.62158203125,21.269485473632812,17663.173828125
2011-03-23,1383.7237548828125,34.850059509277344,11330.5,40.24709701538086,,2983.62158203125,21.99469757080078,17785.734375
2011-03-24,1408.59326171875,35.33010482788086,11359.3916015625,39.851078033447266,,3043.2939453125,22.232906341552734,17867.666015625
2011-03-25,1409.5877685546875,35.1016960144043,11270.26953125,40.00507736206055,,3043.2939453125,21.846481323242188,18005.37890625
2011-03-28,1397.6505126953125,35.06685256958008,11339.80078125,39.6603889465332,,3102.966552734375,21.28006935119629,17860.78515625
2011-03-29,1396.656005859375,35.92242431640625,11116.0244140625,39.82173156738281,,3102.966552734375,21.401826858520508,17767.14453125
2011-03-30,1384.7186279296875,36.54570388793945,11045.5107421875,40.51110076904297,,3102.966552734375,21.306535720825195,18074.2265625
2011-03-31,1353.880859375,37.11866760253906,11316.7900390625,40.738441467285156,,3102.966552734375,21.3171329498291,18214.69140625
2011-04-01,1389.6922607421875,37.490318298339844,11783.4453125,40.393760681152344,,3102.966552734375,21.089502334594727,18729.72265625
2011-04-04,1416.5511474609375,37.90068435668945,11824.578125,40.89978790283203,,3103.563232421875,21.41240882873535,18850.90625
2011-04-05,1429.48291015625,38.090389251708984,11949.447265625,41.51581573486328,,3103.563232421875,21.43358039855957,19209.63671875
2011-04-06,1460.3212890625,38.551082611083984,12017.509765625,41.251800537109375,,3102.966552734375,21.301244735717773,19078.125
2011-04-07,1446.32080078125,38.384620666503906,11900.966796875,42.124515533447266,,3102.966552734375,20.7083683013916,19097.404296875
2011-04-08,1469.2738037109375,39.224693298339844,11849.0615234375,41.970497131347656,,3102.966552734375,21.07891845703125,19173.142578125
2011-04-11,1477.2320556640625,39.7512092590332,11853.9580078125,40.65777587890625,,3102.966552734375,20.52838897705078,18956.9375
2011-04-12,1403.619384765625,38.81434631347656,11658.087890625,39.38172149658203,,3102.966552734375,20.141952514648438,18482.537109375
2011-04-13,1398.6455078125,38.81045913696289,11770.7119140625,38.54176330566406,,3102.966552734375,19.63377571105957,18626.443359375
2011-04-14,1347.912109375,38.87627410888672,11946.99609375,38.26179122924805,,3102.966552734375,18.98797035217285,18722.83984375
2011-04-15,1364.82373046875,38.6362419128418,11919.0830078125,37.70182418823242,,3102.966552734375,19.289701461791992,18646.40625
2011-04-18,1297.1790771484375,37.93165969848633,11801.0732421875,37.289222717285156,,3102.966552734375,18.92973518371582,18388.205078125
2011-04-19,1310.1109619140625,38.101993560791016,11897.0498046875,38.1070671081543,,3102.966552734375,19.501441955566406,18565.845703125
2011-04-20,1382.7291259765625,39.14727783203125,12205.5966796875,39.27119827270508,,3103.055419921875,19.34792709350586,18782.048828125
2011-04-21,1383.7237548828125,39.577003479003906,12228.724609375,40.405879974365234,,3043.38134765625,19.512027740478516,18871.572265625
2011-04-25,,39.3292236328125,12243.9833984375,40.369022369384766,,3043.38134765625,19.23675537109375,18830.943359375
2011-04-26,1388.69775390625,39.53441619873047,12073.7138671875,41.17949676513672,,3103.055419921875,19.030311584472656,18724.904296875
2011-04-27,1351.8912353515625,39.16275405883789,12025.486328125,41.38580322265625,,3073.21875,18.95090675354004,18464.638671875
2011-04-28,1359.8494873046875,39.116302490234375,11977.2607421875,40.46481704711914,,3103.055419921875,19.591432571411133,18444.671875
2011-04-29,1359.8494873046875,39.19373321533203,12178.529296875,40.53849792480469,,3103.055419921875,19.82963752746582,19141.470703125
2011-05-02,,38.77562713623047,12167.2138671875,40.0374755859375,,3103.055419921875,19.426597595214844,19292.955078125
2011-05-03,1325.0321044921875,37.997474670410156,12003.341796875,39.19751739501953,,3043.38134765625,19.109539031982422,18816.48046875
2011-05-04,1206.34912109375,37.2696533203125,11762.70703125,37.679725646972656,,3073.21875,19.52869987487793,18423.32421875
2011-05-05,1197.3907470703125,36.21664810180664,11692.3349609375,36.729251861572266,,3103.055419921875,18.910707473754883,18487.353515625
2011-05-06,1197.3907470703125,36.9715576171875,11317.845703125,36.96501541137695,,3103.055419921875,19.07192611694336,18689.759765625
2011-05-09,1197.3907470703125,37.48645782470703,11173.16796875,38.224945068359375,,3102.458984375,19.5018310546875,19031.021484375
2011-05-10,1214.3116455078125,37.66454315185547,11297.6689453125,38.02602005004883,,3102.458984375,19.36210823059082,19008.181640625
2011-05-11,1183.45654296875,36.80509948730469,11292.2568359375,35.91304397583008,,3013.544677734375,18.74949073791504,18623.302734375
2011-05-12,1136.675537109375,36.410213470458984,11415.7763671875,36.247840881347656,,3013.544677734375,18.389440536499023,18476.560546875
2011-05-13,1136.675537109375,35.86048126220703,11278.478515625,35.91304397583008,,3013.544677734375,18.41094207763672,18454.41015625
2011-05-16,1179.475341796875,36.05017852783203,11372.4716796875,35.228553771972656,,3013.544677734375,18.330320358276367,18374.11328125
2011-05-17,1168.5260009765625,36.332786560058594,11300.619140625,34.84168243408203,,3013.544677734375,18.088497161865234,18492.4765625
2011-05-18,1202.3680419921875,36.7160530090332,11364.59375,36.17344665527344,,3073.21875,19.227767944335938,18689.759765625
2011-05-19,1195.400634765625,36.390869140625,11171.693359375,35.689842224121094,526.6909790039062,3073.21875,19.00743293762207,18484.865234375
2011-05-20,1201.3720703125,36.07340621948242,11192.8505859375,35.99488067626953,520.7283935546875,3073.21875,18.83547019958496,18641.998046875
2011-05-23,1154.592041015625,35.05523681640625,11106.7333984375,35.280643463134766,510.7908020019531,3073.21875,18.17985725402832,18812.283203125
2011-05-24,1190.423583984375,35.593353271484375,10958.1171875,36.32225799560547,521.7220458984375,3073.21875,18.668874740600586,19135.55078125
2011-05-25,1210.330810546875,35.659175872802734,11064.9072265625,37.18528747558594,518.939453125,3073.21875,19.055797576904297,19257.37109375
2011-05-26,1252.134521484375,36.26310348510742,11153.4833984375,37.49032211303711,518.2439575195312,3073.21875,19.281509399414062,19463.65234375
2011-05-27,1305.883056640625,36.5650749206543,11236.6494140625,38.48728942871094,520.4302368164062,3058.2998046875,19.60931396484375,19577.865234375
2011-05-30,,,11244.521484375,,,3043.38134765625,,19548.80078125
2011-05-31,1322.8037109375,36.94058609008789,11503.859375,38.42034149169922,527.783935546875,3073.21875,18.5721492767334,20187.01953125
2011-06-01,1302.897216796875,36.06952667236328,11394.1201171875,36.738887786865234,510.69146728515625,3043.38134765625,17.83055305480957,19842.994140625
2011-06-02,1263.0833740234375,36.00373077392578,11515.1796875,37.03648376464844,507.7101745605469,3043.38134765625,19.06654930114746,20212.626953125
2011-06-03,1269.0556640625,35.558509826660156,11451.2041015625,37.148094177246094,501.8469543457031,3043.38134765625,18.65813446044922,19932.279296875
2011-06-06,1283.9853515625,35.36106872558594,11160.373046875,37.04393005371094,511.7845458984375,2983.707275390625,16.540815353393555,19659.546875
2011-06-07,1283.9853515625,35.86048126220703,11120.509765625,37.02161407470703,516.9519653320312,2983.707275390625,16.814891815185547,19901.138671875
2011-06-08,1220.283935546875,35.07072448730469,11165.291015625,36.32225799560547,508.306396484375,2983.707275390625,17.16956901550293,19726.6953125
2011-06-09,1250.143798828125,35.68239212036133,10981.7421875,37.08856964111328,511.7845458984375,2983.707275390625,17.23942756652832,20032.654296875
2011-06-10,1236.209228515625,34.753273010253906,10834.603515625,36.404083251953125,506.2195739746094,2983.707275390625,16.93311309814453,19930.205078125
2011-06-13,1209.3349609375,34.82682418823242,10316.9111328125,35.957679748535156,520.132080078125,2983.707275390625,17.013721466064453,19928.12890625
2011-06-14,1251.1396484375,35.686256408691406,10330.1962890625,37.11089324951172,496.87823486328125,2983.707275390625,17.223304748535156,20009.12109375
2011-06-15,1234.2188720703125,34.49001693725586,9968.9951171875,36.10647964477539,470.04681396484375,2983.707275390625,16.80951499938965,19737.771484375
2011-06-16,1209.3349609375,34.238380432128906,9990.1572265625,35.600547790527344,472.8292541503906,2864.359130859375,16.63755226135254,19257.37109375
2011-06-17,1216.3023681640625,34.280967712402344,9982.2822265625,35.660091400146484,478.9906311035156,2834.52197265625,16.546194076538086,19405.505859375
2011-06-20,1204.3583984375,34.41645812988281,10016.7275390625,35.2731819152832,476.1584167480469,2774.847900390625,16.508575439453125,19766.841796875
2011-06-21,1266.0697021484375,35.0474967956543,10422.2236328125,36.634727478027344,492.0584411621094,2786.78271484375,16.712787628173828,20234.087890625
2011-06-22,1275.0274658203125,34.64874267578125,10618.078125,36.352012634277344,486.94061279296875,2786.78271484375,16.77189064025879,19836.072265625
2011-06-23,1231.2325439453125,34.21514892578125,10600.36328125,36.41152572631836,463.7364196777344,2786.78271484375,16.970731735229492,20175.251953125
2011-06-24,1260.09716796875,34.304195404052734,10601.345703125,36.03208923339844,468.05926513671875,2834.52197265625,16.88475227355957,20177.330078125
2011-06-27,1277.0179443359375,34.56357192993164,,36.22552490234375,472.5809020996094,,16.659046173095703,
2011-06-28,1296.9248046875,35.33010482788086,10778.0146484375,37.52753829956055,483.31341552734375,2843.473388671875,17.158817291259766,20447.29296875
2011-06-29,1358.6356201171875,35.88370895385742,10812.951171875,38.40545654296875,483.51214599609375,2864.359130859375,17.330781936645508,20975.4453125
2011-06-30,1387.50048828125,36.634761810302734,10972.388671875,39.35776901245117,487.93438720703125,2894.19580078125,17.663959503173828,21021.828125
2011-07-01,1413.3790283203125,36.95220947265625,11266.66796875,39.8041877746582,485.9468994140625,2924.033447265625,17.75531578063965,21008.67578125
2011-07-04,1424.327880859375,,11192.3583984375,,478.0465393066406,2924.033447265625,,20839.775390625
2011-07-05,1428.3092041015625,36.69670104980469,11456.123046875,39.893470764160156,482.9656066894531,2983.707275390625,17.577983856201172,21204.576171875
2011-07-06,1430.2998046875,36.80122375488281,11347.3701171875,39.819061279296875,491.1144714355469,3024.10693359375,17.131946563720703,21183.806640625
2011-07-07,1484.04833984375,37.4748420715332,11418.2353515625,41.28473663330078,499.85943603515625,3043.38134765625,17.782184600830078,21019.75
2011-07-08,1417.360595703125,37.10319137573242,11292.74609375,41.009464263916016,494.0957336425781,3043.38134765625,18.83547019958496,21064.05078125
2011-07-11,1401.435302734375,36.0927619934082,11233.6953125,39.6553840637207,487.4374694824219,3043.38134765625,18.22284698486328,20826.625
2011-07-12,1393.4725341796875,35.71723556518555,11085.0791015625,40.23570251464844,492.7541198730469,3043.38134765625,18.362565994262695,20596.119140625
2011-07-13,1432.29052734375,36.40635299682617,11045.7119140625,41.02800369262695,497.2756652832031,3043.38134765625,19.141780853271484,20944.298828125
2011-07-14,1409.3980712890625,35.7249870300293,10874.4619140625,40.54964065551758,488.9281921386719,3043.38134765625,18.830097198486328,20724.17578125
2011-07-15,1391.48193359375,35.26042556762695,10964.0263671875,41.364349365234375,493.79754638671875,3043.38134765625,19.340614318847656,20870.2265625
2011-07-18,1374.5609130859375,34.706809997558594,10675.4169921875,41.14759826660156,484.9530944824219,3043.38134765625,19.34599494934082,20803.08984375
2011-07-19,1417.360595703125,35.593353271484375,10603.900390625,42.081932067871094,485.2512512207031,2983.707275390625,19.60931396484375,21133.2734375
2011-07-20,1416.365478515625,36.07340621948242,10481.2197265625,41.79789352416992,478.9906311035156,2924.033447265625,19.625429153442383,21079.275390625
2011-07-21,1425.3233642578125,36.700557708740234,10758.859375,41.364349365234375,477.0030212402344,2924.033447265625,19.571691513061523,21188.65234375
2011-07-22,1415.369873046875,36.44118118286133,10948.587890625,41.61101531982422,477.35089111328125,2924.033447265625,19.383602142333984,21250.947265625
2011-07-25,1412.38427734375,36.332786560058594,10738.9912109375,41.45405578613281,481.325927734375,2924.033447265625,19.16865348815918,21311.16796875
2011-07-26,1418.355712890625,36.526371002197266,10421.619140625,41.917484283447266,477.0030212402344,2924.033447265625,19.663043975830078,20722.095703125
2011-07-27,1403.4261474609375,35.96887969970703,10301.4287109375,40.69913101196289,474.6676940917969,2924.033447265625,19.109539031982422,20112.951171875
2011-07-28,1408.4024658203125,35.70175552368164,10462.8427734375,40.392662048339844,473.47528076171875,2924.033447265625,18.91608428955078,20349.0
2011-07-29,1403.4261474609375,35.44237518310547,10410.1962890625,39.585418701171875,472.72991943359375,2923.4365234375,18.357194900512695,20362.84375
2011-08-01,1373.56591796875,35.121055603027344,10628.734375,39.74237060546875,470.0964050292969,2923.4365234375,18.292709350585938,20705.484375
2011-08-02,1321.8082275390625,33.89381790161133,10318.810546875,38.449275970458984,455.587646484375,2923.4365234375,17.62635040283203,20087.337890625
2011-08-03,1304.8876953125,33.568626403808594,10144.9775390625,37.85878372192383,423.68804931640625,2923.4365234375,17.389890670776367,19826.375
2011-08-04,1208.3399658203125,31.06386375427246,9757.57421875,34.9810791015625,388.55877685546875,2715.174072265625,16.51932716369629,18664.15625
2011-08-05,1183.45654296875,30.638010025024414,9505.2646484375,34.37563705444336,405.85015869140625,2864.359130859375,16.11090660095215,18315.96875
2011-08-08,1130.7034912109375,27.827390670776367,8741.3876953125,31.31104278564453,378.0745544433594,2506.313720703125,14.815803527832031,17222.267578125
2011-08-09,1199.3819580078125,30.68059730529785,9058.2626953125,33.67300796508789,376.5839538574219,2506.313720703125,15.901327133178711,18689.759765625
2011-08-10,1138.666015625,29.10106086730957,9348.31640625,32.55181884765625,360.7335205078125,2494.379638671875,15.675620079040527,18525.013671875
2011-08-11,1212.321044921875,30.986433029174805,9750.6201171875,34.24856185913086,380.310546875,2577.92333984375,16.556941986083984,19315.5234375
2011-08-12,1253.129638671875,31.241939544677734,9688.0400390625,33.934635162353516,404.16070556640625,2595.825927734375,16.599933624267578,19714.23046875
2011-08-15,1258.10693359375,32.38785934448242,,34.89137268066406,404.5582275390625,,16.720584869384766,
2011-08-16,1222.2747802734375,31.795547485351562,9536.0595703125,34.39057159423828,393.5274963378906,2565.98828125,16.325740814208984,19866.517578125
2011-08-17,1256.115966796875,32.32205581665039,9589.701171875,34.83905029296875,392.5337829589844,2595.228759765625,17.055099487304688,19804.2265625
2011-08-18,1164.545166015625,30.560583114624023,9442.1865234375,32.02859878540039,353.230712890625,2595.228759765625,16.57251739501953,19238.685546875
2011-08-19,1177.4842529296875,30.045686721801758,9436.2275390625,31.348413467407227,345.7776184082031,2595.228759765625,16.386064529418945,19069.783203125
2011-08-22,1206.34912109375,30.103759765625,9436.2275390625,31.094287872314453,352.7835388183594,2595.228759765625,16.248960494995117,19204.765625
2011-08-23,1200.376953125,31.319366455078125,9372.1591796875,32.05850601196289,365.15582275390625,2595.228759765625,17.000263214111328,19400.662109375
2011-08-24,1197.3907470703125,31.338720321655273,9387.5556640625,32.492027282714844,387.1675109863281,2595.228759765625,17.373170852661133,19177.080078125
2011-08-25,1200.376953125,30.804473876953125,9166.5361328125,32.51445388793945,386.0742492675781,2565.98828125,17.0825252532959,18892.58203125
2011-08-26,1202.3680419921875,31.729726791381836,9071.671875,33.284324645996094,374.7952880859375,2565.98828125,17.619956970214844,18970.798828125
2011-08-29,,32.76338577270508,9362.22265625,34.2410888671875,,2565.98828125,17.910600662231445,19727.384765625
2011-08-30,1276.0225830078125,32.55046463012695,9605.591796875,34.83905029296875,397.05535888671875,2565.98828125,18.491891860961914,20193.94140625
2011-08-31,1342.7103271484375,32.972442626953125,9810.716796875,35.21278762817383,418.8186340332031,2565.98828125,18.51932144165039,20469.4375
2011-09-01,1342.7103271484375,32.66659927368164,9909.0556640625,34.726932525634766,415.6385803222656,2565.98828125,18.338346481323242,20454.2109375
2011-09-02,1293.9385986328125,31.737470626831055,9634.896484375,33.59080123901367,387.9127502441406,2565.98828125,17.778982162475586,19691.39453125
2011-09-05,1227.251220703125,,9261.4033203125,,374.0997009277344,2565.98828125,,18968.724609375
2011-09-06,1238.199951171875,31.187732696533203,9292.1943359375,33.157264709472656,382.7950134277344,2565.98828125,17.471881866455078,19253.90625
2011-09-07,1322.8037109375,32.45157241821289,9614.0361328125,33.76271057128906,403.26898193359375,2565.3916015625,17.910600662231445,19864.4453125
2011-09-08,1354.654296875,31.59201431274414,9604.1025390625,33.09000015258789,433.8309631347656,2565.3916015625,17.570594787597656,19591.017578125
2011-09-09,1282.990234375,30.288930892944336,9420.8330078125,31.385807037353516,411.4684753417969,2565.3916015625,16.928966522216797,19006.79296875
2011-09-12,1243.1768798828125,30.155473709106445,9024.9853515625,30.877525329589844,405.20709228515625,2506.313720703125,16.923486709594727,18106.224609375
2011-09-13,1232.2281494140625,30.516571044921875,8940.056640625,31.393260955810547,408.2384033203125,2500.346923828125,17.049617767333984,18337.427734375
2011-09-14,1236.26025390625,30.402738571166992,8938.5654296875,31.176502227783203,418.0281982421875,2500.346923828125,17.18671417236328,18458.564453125
2011-09-15,1285.0335693359375,30.92084312438965,8826.814453125,31.796903610229492,434.5763854980469,2500.346923828125,17.323814392089844,18121.451171875
2011-09-16,1293.9920654296875,30.952234268188477,8636.0908203125,31.086803436279297,451.91973876953125,2500.346923828125,17.25800323486328,18180.29296875
2011-09-19,1188.482421875,29.982778549194336,,30.062795639038086,434.3279724121094,,16.82477569580078,
2011-09-20,1191.4683837890625,29.668781280517578,8758.7705078125,28.814533233642578,448.78887939453125,2500.346923828125,16.17766571044922,18392.107421875
2011-09-21,1108.8519287109375,28.24402618408203,8482.6240234375,26.60205841064453,433.58245849609375,2500.346923828125,15.316688537597656,18065.380859375
2011-09-22,968.0057983398438,26.407140731811523,7790.26611328125,24.023324966430664,412.4624328613281,2446.639892578125,14.06634521484375,16949.537109375
2011-09-23,966.5128173828125,26.587684631347656,7666.09716796875,24.19523811340332,409.8783874511719,2327.291748046875,14.367961883544922,16636.658203125
2011-09-26,945.6097412109375,27.11363410949707,7755.9951171875,25.24168586730957,412.0649719238281,2327.291748046875,14.570868492126465,17137.12109375
2011-09-27,1047.13818359375,27.875072479248047,7980.48779296875,26.02651596069336,442.0802001953125,2327.291748046875,15.37701416015625,18191.369140625
2011-09-28,985.4249267578125,26.670116424560547,7825.5263671875,24.14291763305664,420.41351318359375,2327.291748046875,14.291186332702637,18034.927734375
2011-09-29,954.0704956054688,26.819263458251953,7903.00927734375,23.42536163330078,406.74755859375,2327.291748046875,14.181513786315918,17787.11328125
2011-09-30,922.2183227539062,26.077442169189453,7929.33251953125,22.76011848449707,400.43646240234375,2327.291748046875,13.704402923583984,17423.703125
2011-10-03,916.7438354492188,25.284597396850586,7569.74267578125,22.32659339904785,387.7147216796875,2327.291748046875,13.177947998046875,17004.220703125
2011-10-04,896.3385009765625,26.301164627075195,7080.02783203125,24.015853881835938,394.5724182128906,2327.291748046875,13.156006813049316,16263.5537109375
2011-10-05,941.1304931640625,27.223527908325195,7330.8447265625,25.72752571105957,410.47467041015625,2327.291748046875,14.472158432006836,17236.806640625
2011-10-06,1037.184814453125,28.177305221557617,7847.38134765625,26.071359634399414,429.507568359375,2327.291748046875,14.834098815917969,18016.9296875
2011-10-07,1058.087646484375,28.075246810913086,7920.39404296875,25.421070098876953,419.4197082519531,2327.291748046875,14.307641983032227,17867.416015625
2011-10-10,1088.9447021484375,29.507863998413086,,26.930936813354492,422.0533447265625,,14.724422454833984,
2011-10-11,1072.0225830078125,29.060409545898438,8132.470703125,26.49741554260254,417.4318542480469,2327.291748046875,14.768292427062988,18262.66796875
2011-10-12,1145.6806640625,29.904277801513672,8480.6357421875,27.016822814941406,422.8486328125,2297.454833984375,15.17410659790039,18534.708984375
2011-10-13,1073.0181884765625,29.83363151550293,8479.6435546875,26.527528762817383,433.03594970703125,2297.454833984375,14.943778991699219,18481.40625
2011-10-14,1112.83349609375,30.496950149536133,8648.0126953125,27.67925262451172,419.91650390625,2297.454833984375,15.519596099853516,18828.201171875
2011-10-17,1073.0181884765625,29.276287078857422,8539.2451171875,26.42966651916504,405.50518798828125,2297.454833984375,15.04797077178955,18852.431640625
2011-10-18,1066.0504150390625,29.853254318237305,8632.6181640625,26.632905960083008,399.54193115234375,2297.454833984375,15.514108657836914,19328.673828125
2011-10-19,1071.02734375,28.60512351989746,8665.3984375,25.880144119262695,405.0083312988281,2297.454833984375,14.949262619018555,19488.576171875
2011-10-20,1034.198974609375,28.51091194152832,8593.3798828125,26.18877410888672,393.13134765625,2357.12939453125,14.949262619018555,19530.798828125
2011-10-21,1090.93505859375,29.464679718017578,8735.4267578125,27.536237716674805,401.0327453613281,2357.12939453125,15.3002347946167,19977.966796875
2011-10-24,1172.5560302734375,31.1602725982666,9210.8212890625,29.734310150146484,416.3385314941406,2357.12939453125,16.122827529907227,20223.703125
2011-10-25,1146.6761474609375,30.02987289428711,9015.9521484375,28.763233184814453,405.50518798828125,2357.12939453125,15.854110717773438,19858.91015625
2011-10-26,1170.5650634765625,30.630395889282227,9042.005859375,29.58376121520996,401.28131103515625,2298.051513671875,16.418964385986328,19846.451171875
2011-10-27,1255.172607421875,32.81268310546875,9509.3828125,32.1807975769043,441.18572998046875,2333.25927734375,17.559627532958984,20528.97265625
2011-10-28,1249.200439453125,32.63604736328125,9542.4462890625,32.21844482421875,447.2484436035156,2369.064208984375,17.80091667175293,20380.83203125
2011-10-31,1161.6068115234375,30.646093368530273,,30.306407928466797,435.3218078613281,,16.82477569580078,
2011-11-01,1108.8519287109375,29.672706604003906,,29.17726707458496,413.9532165527344,,16.309282302856445,
2011-11-02,1168.5743408203125,30.37919807434082,9342.568359375,29.94508171081543,432.9365234375,2369.064208984375,16.983814239501953,20085.2578125
2011-11-03,1184.5003662109375,31.015039443969727,9417.208984375,30.19350242614746,437.3592529296875,2369.064208984375,17.033164978027344,19917.748046875
2011-11-04,1205.403564453125,31.00718879699707,9255.904296875,30.35158348083496,431.9425354003906,2369.064208984375,17.34026527404785,20038.19140625
2011-11-07,1200.4266357421875,31.054288864135742,9467.8017578125,31.05917739868164,433.03594970703125,2369.064208984375,17.384136199951172,20310.234375
2011-11-08,1214.3616943359375,31.427162170410156,9558.9755859375,31.53342056274414,445.2606506347656,2327.291748046875,17.970922470092773,20407.142578125
2011-11-09,1179.524169921875,29.4725284576416,9343.5703125,29.207382202148438,437.8065185546875,2328.485595703125,17.142847061157227,20106.72265625
2011-11-10,1153.6436767578125,29.91997718811035,9337.55859375,29.508480072021484,432.8370056152344,2328.485595703125,17.39510726928711,20010.5
2011-11-11,1192.4635009765625,30.559738159179688,9534.4306640625,30.00530242919922,437.3095703125,2312.373291015625,17.822858810424805,20229.935546875
2011-11-14,1169.56982421875,29.790456771850586,9567.9931640625,29.877338409423828,425.8798522949219,2312.373291015625,17.609878540039062,20234.087890625
2011-11-15,1160.611572265625,29.853254318237305,9586.02734375,29.802061080932617,410.1268310546875,2312.373291015625,17.56503677368164,20341.380859375
2011-11-16,1168.5743408203125,29.032936096191406,9560.9775390625,28.770784378051758,402.6230773925781,2386.9658203125,17.335248947143555,20323.38671875
2011-11-17,1097.903076171875,28.349990844726562,9393.666015625,27.72442626953125,410.375244140625,2386.9658203125,16.584224700927734,19970.35546875
2011-11-18,1071.02734375,28.22831916809082,9399.67578125,27.807228088378906,396.26214599609375,2386.9658203125,16.516965866088867,20043.734375
2011-11-21,1004.337158203125,27.40407943725586,9117.6455078125,27.205013275146484,372.80645751953125,2327.291748046875,16.24794578552246,20007.0390625
2011-11-22,1028.226318359375,27.227455139160156,8990.9052734375,26.82862663269043,368.73150634765625,2312.373291015625,16.175086975097656,20041.654296875
2011-11-23,1023.2493286132812,26.269763946533203,8595.6640625,25.880144119262695,377.67645263671875,2237.78125,15.586587905883789,19622.173828125
2011-11-24,1029.22119140625,,8693.34765625,,379.81329345703125,2237.78125,,19593.7890625
2011-11-25,1039.1754150390625,26.03034019470215,8492.47265625,25.45859146118164,371.5143737792969,2237.78125,15.491315841674805,19467.8046875
2011-11-28,1088.9447021484375,27.341276168823242,8881.7001953125,27.05445671081543,382.049560546875,2267.616943359375,16.477733612060547,19832.607421875
2011-11-29,1078.9903564453125,27.34520149230957,8811.0703125,27.460952758789062,377.7759094238281,2267.616943359375,16.57301902770996,19938.5078125
2011-11-30,1178.5281982421875,29.503931045532227,9337.060546875,29.809593200683594,396.06341552734375,2386.9658203125,17.447338104248047,20254.857421875
2011-12-01,1164.59326171875,29.044713973999023,9096.607421875,29.56870460510254,389.8514404296875,2342.2109375,17.4921817779541,20515.8203125
2011-12-02,1193.4591064453125,29.554960250854492,9182.767578125,29.58376121520996,408.43719482421875,2357.12939453125,17.189525604248047,20194.6328125
2011-12-05,1197.4403076171875,30.112300872802734,9139.1865234375,30.283838272094727,422.3515930175781,2327.291748046875,17.497787475585938,20093.5703125
2011-12-06,1222.3253173828125,29.87287712097168,9123.1552734375,30.517196655273438,407.6420593261719,2327.291748046875,17.63230323791504,19897.67578125
2011-12-07,1224.3157958984375,29.70802879333496,9451.2744140625,30.426862716674805,402.4241943359375,2357.12939453125,17.710763931274414,19829.14453125
2011-12-08,1186.490966796875,28.766040802001953,,28.861099243164062,396.6100769042969,,17.25118064880371,
2011-12-09,1222.3253173828125,29.452903747558594,9510.3857421875,29.90744400024414,402.2253723144531,2357.12939453125,17.867694854736328,19656.77734375
2011-12-12,1150.657958984375,28.503070831298828,9363.609375,29.011661529541016,385.1305847167969,2372.04736328125,17.716367721557617,19167.384765625
2011-12-13,1172.5560302734375,27.69059944152832,9449.26953125,28.439559936523438,390.24908447265625,2372.04736328125,16.556196212768555,19068.392578125
2011-12-14,1114.8240966796875,27.278478622436523,9296.982421875,28.183612823486328,381.2047424316406,2372.04736328125,16.303987503051758,18624.146484375
2011-12-15,1124.778076171875,27.101852416992188,9347.580078125,27.75453758239746,384.63360595703125,2372.04736328125,16.38805389404297,18593.97265625
2011-12-16,1166.5836181640625,27.388381958007812,9442.25390625,27.844865798950195,384.68328857421875,2386.9658203125,16.511362075805664,18667.65234375
2011-12-19,1144.685546875,26.458166122436523,9503.87109375,26.903905868530273,382.5963134765625,2386.9658203125,16.00693702697754,19109.1015625
2011-12-20,1177.532958984375,27.694528579711914,9580.517578125,28.288990020751953,385.8759460449219,2327.291748046875,16.735546112060547,19339.298828125
2011-12-21,1183.5054931640625,27.788721084594727,9512.890625,28.416967391967773,386.5221252441406,2386.9658203125,16.858856201171875,19540.013671875
2011-12-22,1193.4591064453125,27.898616790771484,9448.767578125,28.90627098083496,393.3798828125,2446.639892578125,17.11666488647461,19491.591796875
2011-12-23,1222.3253173828125,27.926097869873047,9452.7763671875,28.846044540405273,394.5724182128906,2556.726318359375,17.38568687438965,19569.49609375
2011-12-26,,,9448.2666015625,,,2556.726318359375,,19685.9921875
2011-12-27,,27.80442237854004,9512.890625,28.499767303466797,,2556.726318359375,17.1671142578125,19758.279296875
2011-12-28,1194.4541015625,27.05474853515625,9511.8896484375,27.33298110961914,389.8018798828125,2556.726318359375,16.7803897857666,19340.0
2011-12-29,1212.3709716796875,27.592477798461914,9557.4697265625,27.506126403808594,396.06341552734375,2556.726318359375,16.7803897857666,19508.431640625
2011-12-30,1209.3848876953125,27.722003936767578,9507.8818359375,27.694311141967773,389.6030578613281,2556.726318359375,16.914901733398438,19636.865234375
2012-01-02,,,9462.796875,,,2556.726318359375,,19500.71484375
2012-01-03,1298.968994140625,29.34300422668457,9510.3857421875,29.734310150146484,415.59320068359375,2556.726318359375,17.733182907104492,19548.435546875
2012-01-04,1263.1356201171875,29.35478401184082,9710.259765625,29.98273277282715,402.5235900878906,2556.726318359375,17.654712677001953,19663.533203125
2012-01-05,1257.163330078125,28.801361083984375,9796.421875,29.58376121520996,391.8393249511719,2556.726318359375,17.570640563964844,19827.064453125
2012-01-06,1264.1307373046875,28.436338424682617,9879.212890625,29.260066986083984,392.8332824707031,2556.726318359375,17.464162826538086,19789.861328125
2012-01-09,1228.2974853515625,28.538394927978516,9872.1455078125,29.38804817199707,396.2123718261719,2556.726318359375,17.29041290283203,19692.310546875
2012-01-10,1290.010986328125,29.327312469482422,10047.8212890625,30.562358856201172,399.2437744140625,2556.726318359375,17.934951782226562,19715.46875
2012-01-11,1276.0753173828125,29.500001907348633,10120.009765625,31.547014236450195,394.2247009277344,2494.366943359375,18.15913200378418,19482.46875
2012-01-12,1300.9599609375,29.982778549194336,10317.3916015625,32.15296173095703,397.4548034667969,2494.366943359375,18.725208282470703,19448.77734375
2012-01-13,1292.9964599609375,29.417583465576172,10374.439453125,31.81210708618164,397.55413818359375,2494.366943359375,18.61872100830078,19535.099609375
2012-01-16,1294.9876708984375,,10342.1259765625,,394.3736877441406,2494.366943359375,,19372.28125
2012-01-17,1313.89990234375,29.943532943725586,10487.0068359375,32.622562408447266,402.9707946777344,2494.366943359375,19.16236686706543,19449.478515625
2012-01-18,1334.8026123046875,30.74028968811035,10561.216796875,33.68296813964844,412.8600158691406,2494.366943359375,19.90218734741211,19528.083984375
2012-01-19,1357.696533203125,30.814865112304688,10551.1181640625,33.60723876953125,427.3706970214844,2494.366943359375,20.019887924194336,19690.20703125
2012-01-20,1331.81640625,30.67356300354004,10548.0908203125,32.645301818847656,420.46319580078125,2525.54638671875,19.694814682006836,19931.62890625
2012-01-23,1352.7198486328125,30.94046974182129,10319.412109375,33.236087799072266,433.1849670410156,2525.54638671875,20.154401779174805,19884.611328125
2012-01-24,1352.7198486328125,30.661792755126953,10230.5615234375,33.30424880981445,424.4884948730469,2525.54638671875,19.801307678222656,19916.1875
2012-01-25,1349.7332763671875,31.454635620117188,10080.12890625,34.902442932128906,415.891357421875,2525.54638671875,20.227266311645508,19926.017578125
2012-01-26,1383.5762939453125,31.56454086303711,10147.2685546875,35.220558166503906,431.64434814453125,2525.54638671875,20.17681312561035,19944.96484375
2012-01-27,1341.7703857421875,31.458568572998047,10339.599609375,34.9403190612793,422.74920654296875,2525.54638671875,20.24407196044922,19964.619140625
2012-01-30,1299.96484375,31.179885864257812,10398.666015625,34.91758346557617,412.4624328613281,2525.54638671875,19.481834411621094,19900.052734375
2012-01-31,1287.0242919921875,31.179885864257812,10395.1318359375,35.00089645385742,408.6856689453125,2494.366943359375,19.442607879638672,20215.162109375
2012-02-01,1323.853515625,31.576313018798828,10507.19921875,34.9630241394043,429.1100158691406,2494.366943359375,19.49304962158203,20449.57421875
2012-02-02,1359.6871337890625,31.752941131591797,10600.5927734375,34.470699310302734,458.876953125,2432.0078125,19.280071258544922,20432.02734375
2012-02-03,1392.534912109375,32.243553161621094,10788.88671875,35.205413818359375,479.5994567871094,2432.0078125,19.745256423950195,20218.673828125
2012-02-06,1356.7012939453125,32.09048080444336,10909.0302734375,35.39476013183594,457.9327392578125,2432.0078125,19.72284698486328,19942.158203125
2012-02-07,1328.8309326171875,32.09440612792969,10756.5771484375,34.65248489379883,440.53973388671875,2432.0078125,19.577119827270508,19796.17578125
2012-02-08,1319.8720703125,31.686208724975586,10671.265625,35.24327087402344,431.7935791015625,2432.0078125,19.599536895751953,19874.78515625
2012-02-09,1340.7752685546875,31.250534057617188,11028.1669921875,35.15996551513672,440.2416076660156,2432.0078125,19.521066665649414,20098.6640625
2012-02-10,1316.8863525390625,30.261444091796875,10839.3701171875,34.038970947265625,432.5389404296875,2432.0078125,18.88214111328125,20016.552734375
2012-02-13,1341.7703857421875,30.779544830322266,10859.05859375,33.826873779296875,426.6252746582031,2432.0078125,18.683744430541992,20039.01171875
2012-02-14,1330.8214111328125,30.139774322509766,10702.060546875,32.53925704956055,420.96014404296875,2369.648681640625,18.142683029174805,19773.01953125
2012-02-15,1320.8675537109375,29.857179641723633,10846.94140625,32.11507797241211,419.4197082519531,2369.648681640625,18.1483154296875,20003.916015625
2012-02-16,1296.9783935546875,30.18294906616211,10699.0302734375,33.20579147338867,423.991455078125,2369.648681640625,18.447031021118164,20043.220703125
2012-02-17,1297.973876953125,29.87287712097168,10682.8779296875,32.5998420715332,427.3706970214844,2369.648681640625,18.13140296936035,20318.328125
2012-02-20,1326.8397216796875,,10742.4453125,,433.78131103515625,2369.648681640625,,20387.111328125
2012-02-21,1319.8720703125,30.571529388427734,10585.4443359375,33.30424880981445,435.66961669921875,2432.0078125,18.407583236694336,20210.955078125
2012-02-22,1312.9046630859375,30.5205020904541,10424.412109375,33.41786193847656,437.6573486328125,2432.0078125,18.7401123046875,20304.296875
2012-02-23,1337.7894287109375,30.47732162475586,10479.4365234375,33.16035842895508,435.4212646484375,2400.828369140625,18.785198211669922,20011.642578125
2012-02-24,1329.825927734375,30.53227424621582,10449.654296875,33.25880813598633,433.6322021484375,2400.828369140625,18.7062931060791,20169.55078125
2012-02-27,1333.8076171875,30.626468658447266,10355.759765625,32.804351806640625,431.4953918457031,2307.289306640625,18.45829963684082,20008.12890625
2012-02-28,1357.696533203125,30.932621002197266,10309.3125,33.069454193115234,435.66961669921875,2307.289306640625,18.576658248901367,20003.21875
2012-02-29,1323.853515625,30.578344345092773,10406.236328125,32.23627471923828,429.3585205078125,2307.289306640625,18.12576675415039,20076.205078125
2012-03-01,1326.8397216796875,30.76543617248535,10602.1064453125,32.50137710571289,424.5380554199219,2307.289306640625,18.238489151000977,20246.74609375
2012-03-02,1327.8348388671875,30.255931854248047,10753.046875,31.8348388671875,417.4318542480469,2307.289306640625,17.956680297851562,20111.99609375
2012-03-05,1286.0296630859375,29.58720588684082,10501.1435546875,30.638099670410156,400.88372802734375,2369.648681640625,17.641069412231445,19708.453125
2012-03-06,1231.283447265625,28.647804260253906,10336.0703125,29.873088836669922,398.84619140625,2332.232666015625,17.325437545776367,19537.20703125
2012-03-07,1224.3157958984375,29.025943756103516,10302.7529296875,29.532251358032227,399.7904052734375,2307.538818359375,17.381799697875977,19413.689453125
2012-03-08,1262.1405029296875,29.459827423095703,10434.0009765625,29.918542861938477,402.6230773925781,2307.289306640625,17.607248306274414,19721.0859375
2012-03-09,1257.163330078125,29.511568069458008,10424.9169921875,29.373186111450195,406.20098876953125,2307.289306640625,17.691791534423828,19552.65234375
2012-03-12,1264.1307373046875,29.256818771362305,10449.1455078125,28.979326248168945,408.834716796875,2307.289306640625,17.827056884765625,19476.853515625
2012-03-13,1235.2647705078125,30.009138107299805,10460.251953125,29.60797882080078,415.6428527832031,2307.289306640625,18.204681396484375,19510.537109375
2012-03-14,1207.3944091796875,29.201087951660156,10442.078125,28.87328338623047,410.8225402832031,2332.232666015625,17.76506233215332,19500.015625
2012-03-15,1208.389892578125,29.599143981933594,10475.3974609375,29.047496795654297,409.6795959472656,2369.648681640625,17.776330947875977,19579.31640625
2012-03-16,1223.3204345703125,29.73050308227539,10529.412109375,29.206558227539062,415.6925964355469,2338.46923828125,17.956680297851562,19983.568359375
2012-03-19,1240.2415771484375,30.056900024414062,10606.6494140625,29.645862579345703,417.8790588378906,2338.46923828125,18.13704490661621,20199.0234375
2012-03-20,1195.4500732421875,29.061769485473633,10582.921875,29.6534366607666,411.2696838378906,2338.46923828125,17.67488670349121,19991.984375
2012-03-21,1186.490966796875,28.72740364074707,10508.71484375,30.14577293395996,413.20782470703125,2338.46923828125,17.798877716064453,20187.09375
2012-03-22,1135.72705078125,28.142274856567383,10411.287109375,29.0323543548584,401.0327453613281,2369.648681640625,17.3930721282959,19854.435546875
2012-03-23,1166.5836181640625,28.49256134033203,10416.8388671875,29.145954132080078,402.4738464355469,2369.648681640625,17.449434280395508,19976.548828125
2012-03-26,1182.510009765625,28.90255355834961,10465.80859375,29.448930740356445,399.2437744140625,2369.648681640625,17.579065322875977,20181.478515625
2012-03-27,1176.5374755859375,28.452754974365234,10600.5927734375,29.350465774536133,399.0450134277344,2369.648681640625,17.86651039123535,20347.107421875
2012-03-28,1112.83349609375,28.170133590698242,10420.3740234375,28.297637939453125,386.8698425292969,2369.648681640625,17.6861515045166,20085.330078125
2012-03-29,1116.8150634765625,28.416927337646484,10339.0966796875,28.48698616027832,384.9317626953125,2369.648681640625,17.669246673583984,20145.685546875
2012-03-30,1146.6761474609375,28.818958282470703,10487.5146484375,28.81269073486328,387.01898193359375,2400.828369140625,17.872148513793945,20160.423828125
2012-04-02,1147.671142578125,29.392154693603516,10642.4892578125,29.62314224243164,396.7093505859375,2400.828369140625,17.98487091064453,20260.78515625
2012-04-03,1146.6761474609375,28.5642032623291,10515.7822265625,29.221710205078125,398.9455261230469,2400.828369140625,17.855241775512695,20135.15625
2012-04-04,1097.903076171875,27.835769653320312,10575.34765625,28.80511474609375,387.01898193359375,2400.828369140625,17.54525375366211,20179.37109375
2012-04-05,1123.7825927734375,27.879552841186523,10623.30859375,28.63090705871582,409.28192138671875,2400.828369140625,17.331079483032227,20144.982421875
2012-04-09,,27.823833465576172,10408.2548828125,28.411243438720703,,2400.828369140625,17.16762924194336,19899.345703125
2012-04-10,1067.0457763671875,27.469566345214844,10226.5205078125,27.744714736938477,390.4975280761719,2400.828369140625,17.015457153320312,19683.89453125
2012-04-11,1104.869873046875,27.600929260253906,10198.2548828125,27.334461212158203,392.5846862792969,2400.828369140625,17.02109146118164,19740.03515625
2012-04-12,1134.7318115234375,28.5841121673584,10270.443359375,28.946422576904297,402.4241943359375,2382.120361328125,17.956680297851562,19794.072265625
2012-04-13,1118.8052978515625,28.042766571044922,10254.2880859375,28.22066307067871,397.3553771972656,2325.9970703125,17.52269744873047,19646.693359375
2012-04-16,1114.8240966796875,28.197999954223633,10121.552734375,28.20538330078125,398.2499084472656,2307.289306640625,17.618518829345703,19603.177734375
2012-04-17,1170.5650634765625,28.5841121673584,10112.90625,28.847097396850586,407.24462890625,2244.929931640625,17.76506233215332,19543.5234375
2012-04-18,1172.5560302734375,28.990114212036133,10141.388671875,29.25201416015625,412.4128112792969,2244.929931640625,17.697425842285156,19720.3828125
2012-04-19,1164.59326171875,29.057796478271484,10217.1640625,29.05337142944336,413.35699462890625,2269.87353515625,17.6523380279541,19674.06640625
2012-04-20,1172.5560302734375,29.220989227294922,10373.29296875,28.70195960998535,420.8110046386719,2269.87353515625,17.635425567626953,19514.044921875
2012-04-23,1134.7318115234375,28.639842987060547,10173.9365234375,28.388729095458984,406.05181884765625,2244.929931640625,17.20708656311035,19473.349609375
2012-04-24,1163.5980224609375,28.751291275024414,10226.318359375,28.258861541748047,413.20782470703125,2301.053466796875,17.460708618164062,19571.59765625
2012-04-25,1195.4500732421875,29.220989227294922,10318.3681640625,28.510963439941406,426.57568359375,2307.289306640625,17.81014633178711,19678.2734375
2012-04-26,1186.490966796875,29.296621322631836,10280.2236328125,28.83946990966797,432.3401184082031,2307.289306640625,17.9172306060791,19756.173828125
2012-04-27,1199.431396484375,29.55535316467285,10219.70703125,29.129762649536133,434.5763854980469,2307.289306640625,18.29485511779785,19830.572265625
2012-04-30,1175.54248046875,29.57526206970215,10279.2080078125,29.259639739990234,422.99761962890625,2307.289306640625,18.531574249267578,19907.767578125
2012-05-01,1183.5054931640625,30.052919387817383,,29.381881713867188,431.9425354003906,,18.666839599609375,
2012-05-02,1153.6436767578125,29.853900909423828,10230.8955078125,29.12213134765625,423.04736328125,2307.289306640625,18.757017135620117,20003.21875
2012-05-03,1102.8795166015625,29.22895622253418,10088.4951171875,28.167184829711914,423.79266357421875,2307.289306640625,18.711931228637695,19835.48828125
2012-05-04,1067.0457763671875,28.55226707458496,9986.2734375,27.808122634887695,407.741455078125,2318.758544921875,18.16522789001465,19811.958984375
2012-05-07,,28.408966064453125,9890.662109375,27.808122634887695,,2318.758544921875,18.17085838317871,19646.1640625
2012-05-08,1025.239990234375,27.879552841186523,9756.9072265625,27.212234497070312,389.6030578613281,2255.23095703125,17.742517471313477,19699.078125
2012-05-09,1044.3814697265625,27.596946716308594,9668.92578125,27.143478393554688,395.5167236328125,2255.23095703125,17.63932991027832,19555.15234375
2012-05-10,1042.3905029296875,27.93529510498047,9719.783203125,26.97541046142578,394.0755615234375,2191.703369140625,17.679452896118164,19589.7265625
2012-05-11,1035.4208984375,27.393932342529297,9871.8447265625,26.539945602416992,383.7391357421875,2191.703369140625,17.599199295043945,19428.875
2012-05-14,1011.5269775390625,26.852584838867188,9600.267578125,26.203807830810547,369.62591552734375,2191.703369140625,17.238046646118164,19430.98828125
2012-05-15,998.5841064453125,26.17987632751465,9479.73828125,24.943275451660156,367.88671875,2185.985595703125,16.61892318725586,19415.466796875
2012-05-16,1007.54443359375,25.642505645751953,9305.8056640625,24.882156372070312,361.02703857421875,2128.176025390625,16.498533248901367,19065.533203125
2012-05-17,1021.4828491210938,25.296199798583984,9230.5400390625,24.576570510864258,352.22869873046875,2013.825927734375,16.28643035888672,18956.89453125
2012-05-18,1030.443359375,24.874263763427734,9133.400390625,24.301549911499023,343.38079833984375,2007.4730224609375,16.143108367919922,18740.302734375
2012-05-21,1025.4652099609375,25.662405014038086,,24.8745174407959,349.4451599121094,,16.595989227294922,
2012-05-22,1071.262451171875,25.308141708374023,9316.99609375,24.546018600463867,359.486083984375,2020.1785888671875,16.56159019470215,18816.490234375
2012-05-23,1027.456298828125,25.13300132751465,9219.3515625,25.004390716552734,341.6409606933594,2020.1785888671875,16.573060989379883,18871.521484375
2012-05-24,1022.478271484375,24.997665405273438,9215.7890625,24.882156372070312,343.9772644042969,1982.0623779296875,16.61892318725586,19327.98828125
2012-05-25,1012.5224609375,24.603593826293945,9116.62109375,24.759920120239258,338.65850830078125,1982.0623779296875,16.504262924194336,19398.5390625
2012-05-28,,,9026.095703125,,,1982.0623779296875,,19320.9296875
2012-05-29,1053.3416748046875,25.483278274536133,8899.96875,25.386369705200195,352.0299377441406,1982.0623779296875,16.911277770996094,19526.234375
2012-05-30,1012.5224609375,24.504074096679688,8990.494140625,24.759920120239258,342.98309326171875,1982.0623779296875,16.45266342163086,19548.09765625
2012-05-31,997.5884399414062,24.492137908935547,9281.3955078125,24.477264404296875,338.5094299316406,1969.3568115234375,16.30936050415039,18978.05859375
2012-06-01,986.6367797851562,24.301074981689453,9048.4716796875,24.500181198120117,332.3953857421875,1969.3568115234375,16.343751907348633,18862.3515625
2012-06-04,,24.229419708251953,8802.830078125,24.698801040649414,,1969.3568115234375,16.4870662689209,18531.46875
2012-06-05,,24.372722625732422,8840.97265625,24.897438049316406,,1969.3568115234375,16.659048080444336,18610.482421875
2012-06-06,1048.364013671875,25.168827056884766,9154.763671875,25.714868545532227,345.71710205078125,1969.3568115234375,16.980073928833008,18855.29296875
2012-06-07,1079.2275390625,25.642505645751953,9462.955078125,25.669031143188477,359.0884704589844,1969.3568115234375,17.025938034057617,18920.208984375
2012-06-08,1055.333251953125,25.08125877380371,9757.4150390625,25.844741821289062,355.708251953125,1982.0623779296875,17.06606101989746,19064.123046875
2012-06-11,1049.359375,24.770774841308594,9568.73828125,25.172462463378906,361.4246826171875,1982.0623779296875,16.71636962890625,18824.958984375
2012-06-12,1048.364013671875,25.45940399169922,9430.40625,25.638479232788086,364.70538330078125,1982.0623779296875,16.888357162475586,18759.357421875
2012-06-13,1065.2891845703125,25.1489200592041,9284.9541015625,25.478044509887695,352.9246826171875,1982.0623779296875,17.060333251953125,18724.072265625
2012-06-14,1049.359375,25.296199798583984,9255.4580078125,25.898223876953125,339.702392578125,1982.0623779296875,17.06606101989746,18740.302734375
2012-06-15,1069.271484375,25.873374938964844,9334.2900390625,26.23436164855957,338.4597473144531,1963.003662109375,17.61066246032715,18737.478515625
2012-06-18,1068.2760009765625,26.239582061767578,9407.5205078125,26.173242568969727,326.480224609375,1963.003662109375,17.62786293029785,19009.802734375
2012-06-19,1091.174560546875,26.66152000427246,9459.3935546875,27.08236312866211,328.07080078125,1994.7679443359375,18.00048065185547,19232.03515625
2012-06-20,1117.0604248046875,26.550065994262695,9558.5654296875,26.97541046142578,331.30181884765625,1994.7679443359375,18.05780601501465,19325.1640625
2012-06-21,1075.2449951171875,25.13300132751465,9414.1318359375,25.20301628112793,320.76385498046875,1994.7679443359375,17.335494995117188,19057.775390625
2012-06-22,1041.394775390625,25.20067024230957,9519.408203125,24.675888061523438,310.82232666015625,1994.7679443359375,17.455881118774414,19049.31640625
2012-06-25,1030.443359375,24.392623901367188,9369.3779296875,24.141111373901367,306.3485107421875,1994.7679443359375,17.14059066772461,18872.23046875
2012-06-26,1029.447021484375,24.539899826049805,9322.587890625,24.148754119873047,300.930419921875,1994.7679443359375,17.19791030883789,19049.31640625
2012-06-27,1042.3905029296875,24.719024658203125,9377.0068359375,24.55365562438965,296.5561218261719,1994.7679443359375,17.48455047607422,19348.44140625
2012-06-28,1041.394775390625,24.67523956298828,9244.271484375,24.645328521728516,291.83392333984375,1994.7679443359375,17.524673461914062,19442.27734375
2012-06-29,1083.2099609375,25.992786407470703,9404.9755859375,26.02809715270996,293.8221740722656,2064.648193359375,18.06354522705078,19704.7265625
2012-07-02,1092.170166015625,26.08833122253418,,25.88294792175293,297.2520751953125,,18.052080154418945,
2012-07-03,1133.985107421875,26.5102596282959,9567.7197265625,26.89900779724121,301.9742736816406,2064.648193359375,18.401765823364258,19672.978515625
2012-07-04,1126.0203857421875,,9657.736328125,,310.2257385253906,2064.648193359375,,19718.83203125
2012-07-05,1129.0072021484375,26.34705352783203,9718.2568359375,27.097637176513672,313.7550354003906,2064.648193359375,18.413230895996094,19851.466796875
2012-07-06,1104.1171875,25.853477478027344,9588.0634765625,26.746213912963867,308.5356750488281,2064.648193359375,18.201128005981445,19853.5859375
2012-07-09,1090.178955078125,25.610660552978516,9404.9755859375,26.3795108795166,306.94500732421875,2064.648193359375,17.989015579223633,19605.9609375
2012-07-10,1079.2275390625,25.053394317626953,9376.4970703125,25.2794189453125,308.7344970703125,2077.353759765625,17.742517471313477,19569.96875
2012-07-11,1078.23193359375,25.22853660583496,9395.82421875,24.957799911499023,314.450927734375,2096.41162109375,17.78837776184082,19890.27734375
2012-07-12,1035.4208984375,24.61553382873535,9381.07421875,24.957799911499023,307.83984375,2077.353759765625,17.6966495513916,20027.13671875
2012-07-13,1066.2845458984375,25.164846420288086,9505.673828125,25.628793716430664,314.7988586425781,2077.353759765625,18.06354522705078,20135.7890625
2012-07-16,1064.2933349609375,24.997665405273438,,25.27402114868164,314.6497802734375,,18.034881591796875,
2012-07-17,1039.4033203125,25.204654693603516,9598.9814453125,25.374279022216797,315.1468811035156,2077.353759765625,18.160999298095703,20318.5078125
2012-07-18,1067.2801513671875,25.236495971679688,9775.859375,25.466829299926758,315.2461853027344,2077.353759765625,18.201128005981445,20449.736328125
2012-07-19,1083.2099609375,25.933090209960938,9766.6298828125,26.546586990356445,320.1175537109375,2096.41162109375,18.52215003967285,20382.00390625
2012-07-20,1059.3153076171875,25.49522590637207,9747.66015625,26.045276641845703,315.5942077636719,2096.41162109375,18.24125862121582,20441.26953125
2012-07-23,1022.478271484375,25.033489227294922,9462.6103515625,25.158321380615234,307.0444641113281,2096.41162109375,17.92022132873535,20561.203125
2012-07-24,1040.399169921875,24.88620376586914,9347.7666015625,24.433349609375,299.886474609375,2096.41162109375,17.66798973083496,20604.94921875
2012-07-25,1052.3463134765625,25.21659278869629,9070.91796875,24.240530014038086,301.7257995605469,2096.41162109375,17.490280151367188,20451.146484375
2012-07-26,1056.3287353515625,25.825611114501953,8923.2646484375,24.919248580932617,306.54742431640625,2096.41162109375,17.811304092407227,20290.29296875
2012-07-27,1065.2891845703125,26.665498733520508,9020.6748046875,25.813894271850586,311.3690490722656,2096.41162109375,18.155263900756836,20537.919921875
2012-07-30,1082.2142333984375,26.550065994262695,8898.142578125,26.214956283569336,316.53857421875,2096.41162109375,18.396032333374023,20576.01953125
2012-07-31,1067.2801513671875,26.40676498413086,8931.46875,25.96814727783203,318.2783508300781,2064.965576171875,18.504959106445312,20429.982421875
2012-08-01,1093.1656494140625,26.3271484375,8745.8759765625,25.829322814941406,320.6146545410156,2061.535400390625,18.42469596862793,20157.662109375
2012-08-02,1036.4166259765625,26.315221786499023,8737.1611328125,25.212310791015625,314.6993713378906,2061.535400390625,18.212589263916016,19794.322265625
2012-08-03,1084.2052001953125,27.071514129638672,9041.18359375,25.837032318115234,319.1234436035156,2061.535400390625,18.602415084838867,20346.732421875
2012-08-06,1102.1263427734375,27.159088134765625,9036.568359375,26.484882354736328,326.9275817871094,2061.471435546875,18.88904571533203,20101.919921875
2012-08-07,1115.06884765625,27.2426700592041,9153.97265625,27.202150344848633,334.6322326660156,2061.471435546875,19.089679718017578,19992.568359375
2012-08-08,1121.04248046875,27.453645706176758,9180.6357421875,27.47209358215332,335.9246520996094,2060.201171875,19.11834716796875,20041.24609375
2012-08-09,1124.029541015625,27.668596267700195,9073.9951171875,27.765167236328125,342.78424072265625,2029.326904296875,19.204328536987305,19912.14453125
2012-08-10,1128.011962890625,27.82781219482422,9057.587890625,28.004257202148438,342.486083984375,2029.326904296875,19.364850997924805,20312.87109375
2012-08-13,1112.08203125,27.56510353088379,9132.9541015625,27.36412239074707,343.08251953125,2029.326904296875,19.133901596069336,20312.1640625
2012-08-14,1108.0997314453125,27.43771743774414,9048.359375,27.001623153686523,345.8661804199219,1998.89697265625,18.868310928344727,20340.375
2012-08-15,1087.1922607421875,27.151123046875,,26.80881118774414,345.56787109375,,18.764389038085938,
2012-08-16,1091.174560546875,27.549175262451172,9171.40625,27.233013153076172,347.8047790527344,1998.89697265625,18.94337272644043,20504.060546875
2012-08-17,1100.1351318359375,27.4974308013916,9308.802734375,27.25613784790039,350.0914001464844,1998.89697265625,18.84522247314453,20853.990234375
2012-08-20,1100.1351318359375,27.52927589416504,9294.9609375,27.271574020385742,351.6819763183594,1997.9439697265625,18.799030303955078,20845.5234375
2012-08-21,1135.9761962890625,27.660627365112305,9131.4140625,28.14308738708496,357.8954162597656,1994.7679443359375,18.94337272644043,20747.4609375
2012-08-22,1115.06884765625,27.744220733642578,8943.259765625,28.536420822143555,354.515380859375,1964.845947265625,18.879863739013672,20759.455078125
2012-08-23,1146.927978515625,27.485485076904297,8758.1806640625,28.359033584594727,363.8604736328125,1964.845947265625,18.874094009399414,20339.67578125
2012-08-24,1130.0030517578125,27.385974884033203,8615.6552734375,27.865436553955078,364.70538330078125,1935.369140625,18.764389038085938,20132.259765625
2012-08-27,,27.13519859313965,8446.9833984375,27.495235443115234,,1935.369140625,18.591184616088867,20314.982421875
2012-08-28,1127.01611328125,27.127241134643555,8520.2958984375,27.510658264160156,381.755126953125,1935.369140625,18.850988388061523,20243.720703125
2012-08-29,1118.0556640625,26.81675910949707,8279.84765625,27.441240310668945,366.3972473144531,1906.3372802734375,18.67778205871582,20745.345703125
2012-08-30,1089.1837158203125,25.865419387817383,8110.66162109375,26.754823684692383,355.4103088378906,1877.3046875,18.493026733398438,20729.822265625
2012-08-31,1102.1263427734375,26.19182014465332,8293.6884765625,27.85000228881836,382.8528747558594,1877.3046875,18.78748321533203,20889.267578125
2012-09-03,1123.0338134765625,,8287.5390625,,385.93511962890625,1877.3046875,,20502.650390625
2012-09-04,1092.170166015625,25.861438751220703,8186.5380859375,27.47209358215332,382.9025573730469,1874.0654296875,18.51612663269043,20816.59765625
2012-09-05,1091.174560546875,25.71962547302246,8216.2724609375,27.18672752380371,387.2774353027344,1874.0654296875,18.46993064880371,20861.744140625
2012-09-06,1151.906005859375,26.436765670776367,8446.9833984375,28.027395248413086,390.1112060546875,1874.0654296875,18.816354751586914,20956.990234375
2012-09-07,1220.6021728515625,27.42940902709961,8767.923828125,30.410579681396484,375.89276123046875,1874.0654296875,19.82097053527832,20961.220703125
2012-09-10,1243.501220703125,27.202518463134766,8760.744140625,30.62653160095215,367.88873291015625,1874.0654296875,19.7747859954834,20947.82421875
2012-09-11,1220.6021728515625,27.749488830566406,8838.6728515625,30.79619026184082,362.2709045410156,1893.1234130859375,19.84406852722168,20815.189453125
2012-09-12,1235.589111328125,27.842676162719727,8697.173828125,30.927305221557617,357.5480651855469,1969.3568115234375,19.924894332885742,20791.20703125
2012-09-13,1231.6064453125,28.567909240722656,8764.3310546875,32.230743408203125,351.2839050292969,1996.101806640625,20.606182098388672,20601.41796875
2012-09-14,1328.1832275390625,29.285036087036133,8957.1015625,32.88629150390625,376.688232421875,2064.648193359375,21.316343307495117,20768.62109375
2012-09-17,1302.2969970703125,28.871784210205078,,31.937639236450195,368.7339172363281,,20.883317947387695,
2012-09-18,1283.379638671875,28.798847198486328,,31.99164390563965,371.0704040527344,,20.687007904052734,
2012-09-19,1282.3843994140625,28.839374542236328,,32.03791809082031,371.1698303222656,,20.623504638671875,
2012-09-20,1259.4842529296875,28.422056198120117,8931.98046875,31.567445755004883,366.0492248535156,2090.0595703125,20.167390823364258,21500.232421875
2012-09-21,1270.436279296875,28.341014862060547,8953.0009765625,31.35150146484375,359.9342956542969,2096.41162109375,19.613115310668945,21281.525390625
2012-09-24,1254.506103515625,28.11008071899414,8788.4296875,31.066129684448242,352.1291809082031,2096.41162109375,19.98263168334961,21001.439453125
2012-09-25,1246.5411376953125,27.57526397705078,8681.2783203125,30.318029403686523,344.7216491699219,2096.41162109375,19.653533935546875,20577.43359375
2012-09-26,1227.6239013671875,27.328113555908203,8648.9814453125,30.29487419128418,336.5187072753906,2096.41162109375,19.70549964904785,20274.06640625
2012-09-27,1240.567138671875,27.923704147338867,8575.666015625,30.93503189086914,341.2416076660156,2112.2939453125,19.855615615844727,20509.701171875
2012-09-28,1256.4971923828125,27.798107147216797,8474.6669921875,30.526260375976562,341.14227294921875,2112.2939453125,19.838294982910156,20655.74609375
2012-10-01,1281.3883056640625,27.964218139648438,8462.3623046875,30.734487533569336,340.0484313964844,2096.41162109375,19.953765869140625,20707.953125
2012-10-02,1285.3707275390625,27.838624954223633,8489.0234375,30.603384017944336,336.07135009765625,2096.41162109375,19.94799041748047,20387.65234375
2012-10-03,1288.3577880859375,27.461822509765625,8381.8720703125,30.395139694213867,337.21478271484375,2096.41162109375,19.97686004638672,20107.5625
2012-10-04,1285.3707275390625,27.611732482910156,8459.2861328125,31.197248458862305,334.579833984375,2096.41162109375,20.334821701049805,20174.58984375
2012-10-05,1316.23583984375,27.57526397705078,8433.1396484375,31.243534088134766,333.6849670410156,2096.41162109375,20.36369514465332,20164.0078125
2012-10-08,1309.2666015625,27.615781784057617,8430.5771484375,31.42862319946289,332.6409606933594,2096.41162109375,20.450292587280273,19990.451171875
2012-10-09,1309.2666015625,27.53880500793457,8507.4775390625,31.366926193237305,334.579833984375,2096.41162109375,20.36369514465332,20077.93359375
2012-10-10,1285.3707275390625,27.591472625732422,8426.4736328125,31.01985740661621,331.9947814941406,2064.965576171875,20.3175106048584,20026.435546875
2012-10-11,1308.270751953125,27.802156448364258,8456.72265625,31.675127029418945,336.07135009765625,2064.965576171875,20.508037567138672,19930.486328125
2012-10-12,1261.4757080078125,27.688709259033203,8536.1845703125,31.200973510742188,334.6792907714844,2064.965576171875,20.213573455810547,19761.8671875
2012-10-15,1251.519287109375,27.741382598876953,,31.317577362060547,334.87811279296875,,20.456069946289062,
2012-10-16,1273.4232177734375,27.980422973632812,8576.6904296875,32.23478698730469,336.717529296875,2064.648193359375,20.85445785522461,19835.236328125
2012-10-17,1299.3096923828125,28.835317611694336,8647.9541015625,32.88772201538086,345.61651611328125,2033.7098388671875,21.5184268951416,19801.373046875
2012-10-18,1321.2138671875,29.114871978759766,8794.5810546875,32.98099899291992,350.5381774902344,2033.7098388671875,21.454912185668945,19723.76953125
2012-10-19,1297.3182373046875,28.82316017150879,8632.5751953125,32.009376525878906,345.7657165527344,2032.8846435546875,21.345216751098633,19556.56640625
2012-10-22,1303.2928466796875,29.086515426635742,8547.7373046875,31.542985916137695,348.2513732910156,2032.8846435546875,21.472238540649414,19563.6171875
2012-10-23,1259.4842529296875,28.38558578491211,8561.703125,30.299297332763672,340.9433898925781,2032.8846435546875,21.08539581298828,19629.236328125
2012-10-24,1274.4189453125,28.567909240722656,8648.0927734375,30.151626586914062,341.44049072265625,2032.8846435546875,21.3048038482666,19526.94140625
2012-10-25,1262.4715576171875,28.94470977783203,8603.087890625,30.4625301361084,341.14227294921875,2032.8846435546875,21.697412490844727,19569.265625
2012-10-26,1263.467041015625,28.567909240722656,8617.57421875,30.369258880615234,342.53424072265625,2002.391357421875,21.922576904296875,19644.046875
2012-10-29,1243.5543212890625,,8589.6376953125,,341.14227294921875,2002.391357421875,,19703.3125
2012-10-30,1260.47998046875,,8625.8486328125,,341.9376525878906,1954.1099853515625,,19754.111328125
2012-10-31,1251.519287109375,28.661096572875977,8572.5693359375,30.221569061279297,341.0924377441406,2007.409423828125,21.997634887695312,19710.369140625
2012-11-01,1296.322998046875,29.066253662109375,,31.48079490661621,342.3851013183594,,22.482624053955078,
2012-11-02,1309.2666015625,28.738079071044922,,30.516942977905273,344.8210144042969,,22.25167465209961,
2012-11-05,1293.335693359375,29.14324378967285,8505.3193359375,30.67240333557129,343.2799377441406,2007.4730224609375,22.22858238220215,19702.607421875
2012-11-06,1297.3182373046875,29.572711944580078,8798.10546875,31.364198684692383,345.3182678222656,2032.2489013671875,21.96743392944336,19658.16015625
2012-11-07,1267.449462890625,29.054105758666992,8792.41796875,30.540266036987305,338.40789794921875,2045.5897216796875,21.861738204956055,19719.53515625
2012-11-08,1259.4842529296875,28.892040252685547,8645.5048828125,30.058330535888672,338.0599060058594,1972.40576171875,21.538408279418945,19568.5625
2012-11-09,1251.519287109375,28.855573654174805,8605.67578125,29.809608459472656,337.51300048828125,1953.474609375,21.57571792602539,19565.736328125
2012-11-12,1251.519287109375,28.908245086669922,8551.8759765625,30.0350284576416,334.33135986328125,1953.474609375,21.45136070251465,19613.005859375
2012-11-13,1243.5543212890625,28.551706314086914,8523.4267578125,29.825149536132812,334.9775390625,1953.474609375,21.227519989013672,19735.765625
2012-11-14,1237.580078125,27.95611572265625,8467.556640625,29.078929901123047,329.3100891113281,1953.474609375,20.692792892456055,19735.765625
2012-11-15,1223.641357421875,27.72517967224121,8434.4521484375,28.977886199951172,323.8414611816406,1953.474609375,20.761186599731445,19651.810546875
2012-11-16,1193.772216796875,27.858882904052734,8528.080078125,28.59700584411621,319.71514892578125,1953.474609375,20.935287475585938,19711.072265625
2012-11-19,1220.654296875,28.48687744140625,8563.255859375,29.75518226623535,324.7364196777344,1953.474609375,21.62546730041504,20056.763671875
2012-11-20,1248.531982421875,28.37343406677246,8509.9755859375,29.73965072631836,329.8569030761719,1953.474609375,21.71872329711914,20177.412109375
2012-11-21,1239.57177734375,28.178953170776367,8455.658203125,29.74741554260254,332.1936340332031,1978.8853759765625,22.14154052734375,19236.978515625
2012-11-22,1241.5631103515625,,8440.658203125,,338.7559509277344,1978.8853759765625,,19097.283203125
2012-11-23,1255.501708984375,28.734024047851562,8430.3115234375,30.221569061279297,340.89361572265625,1978.8853759765625,22.601655960083008,19075.4140625
2012-11-26,1240.567138671875,28.887983322143555,8456.693359375,30.190479278564453,338.0599060058594,1978.8853759765625,22.651391983032227,18995.6953125
2012-11-27,1232.6021728515625,28.65704917907715,8354.2685546875,29.91843032836914,336.86676025390625,1978.8853759765625,22.359159469604492,18937.837890625
2012-11-28,1233.59765625,28.908245086669922,8229.6044921875,29.97284507751465,332.83990478515625,1978.8853759765625,22.48351287841797,18861.640625
2012-11-29,1286.36669921875,29.26073455810547,8273.572265625,30.516942977905273,340.2969970703125,1972.5333251953125,22.844141006469727,18911.029296875
2012-11-30,1282.3843994140625,29.187807083129883,8171.1484375,30.322612762451172,343.52850341796875,1999.21435546875,22.57056999206543,19198.880859375
2012-12-03,1281.3883056640625,29.029794692993164,8120.9716796875,29.84846305847168,341.490234375,1999.21435546875,22.55190658569336,19184.05859375
2012-12-04,1273.4232177734375,29.070308685302734,7875.77490234375,29.75518226623535,339.3524475097656,1999.21435546875,22.446210861206055,18964.6484375
2012-12-05,1290.3494873046875,29.382286071777344,7867.50048828125,24.998092651367188,338.5570373535156,1999.21435546875,23.167478561401367,19148.08203125
2012-12-06,1331.170654296875,29.439006805419922,7745.93359375,23.948728561401367,343.72735595703125,1999.21435546875,23.478357315063477,19133.67578125
2012-12-07,1341.1270751953125,29.544349670410156,7631.09619140625,24.640527725219727,343.23028564453125,1969.229736328125,23.73950958251953,18932.755859375
2012-12-10,1352.0787353515625,29.913043975830078,7531.77685546875,24.904821395874023,343.7771911621094,1969.229736328125,23.870080947875977,18768.4296875
2012-12-11,1346.10498046875,30.443801879882812,7848.87451171875,24.865949630737305,344.8708801269531,1969.3568115234375,23.901165008544922,19188.939453125
2012-12-12,1347.1005859375,30.516738891601562,8012.85888671875,25.277917861938477,346.61077880859375,1939.8800048828125,23.758159637451172,19771.61328125
2012-12-13,1338.1397705078125,30.589662551879883,8010.78759765625,25.24683380126953,348.1520690917969,1966.18017578125,23.48457908630371,19612.30859375
2012-12-14,1349.0919189453125,30.917850494384766,8314.439453125,26.2573299407959,350.140625,1963.003662109375,23.751943588256836,19624.5078125
2012-12-17,1353.0745849609375,31.294639587402344,8308.7509765625,26.14850425720215,349.7926330566406,1956.6510009765625,23.76437759399414,19721.376953125
2012-12-18,1366.017822265625,31.50128173828125,8426.1748046875,26.420560836791992,349.8921203613281,1956.6510009765625,23.87630271911621,19506.822265625
2012-12-19,1360.0440673828125,31.322999954223633,8511.52734375,26.389463424682617,350.6376953125,1956.6510009765625,23.78303337097168,19508.97265625
2012-12-20,1343.1180419921875,31.509384155273438,8458.24609375,26.412782669067383,347.6548767089844,1956.6510009765625,23.770593643188477,19658.953125
2012-12-21,1344.11376953125,31.185251235961914,8369.7890625,26.101863861083984,349.5439758300781,1982.6973876953125,23.385093688964844,19853.416015625
2012-12-24,1329.179443359375,30.966468811035156,8281.849609375,26.03968048095703,352.97430419921875,2013.825927734375,23.552976608276367,19697.701171875
2012-12-26,,31.092069625854492,8398.240234375,26.366146087646484,,2032.8846435546875,23.459707260131836,19715.640625
2012-12-27,1345.109375,31.233867645263672,8378.583984375,26.179590225219727,356.056640625,2032.8846435546875,23.52810287475586,19625.947265625
2012-12-28,1334.157470703125,31.14068031311035,8305.1279296875,25.75984764099121,351.6319885253906,2032.8846435546875,23.173683166503906,19742.912109375
2012-12-31,1318.22705078125,31.772729873657227,,26.583789825439453,349.2953186035156,,23.540544509887695,
2013-01-02,1374.9783935546875,32.38452911376953,8635.16015625,27.337770462036133,374.35162353515625,2032.8846435546875,24.361286163330078,19859.875
2013-01-03,1364.0267333984375,32.01988983154297,8703.9599609375,27.08903694152832,375.3459167480469,2032.8846435546875,24.081478118896484,19785.2421875
2013-01-04,1337.14453125,32.16979217529297,8842.5947265625,27.586511611938477,378.6270446777344,2032.8846435546875,24.29909896850586,19653.92578125
2013-01-07,1316.23583984375,32.283233642578125,8956.3984375,27.485471725463867,377.5830993652344,2032.8846435546875,24.46698570251465,19580.73828125
2013-01-08,1282.3843994140625,31.817298889160156,9014.333984375,27.18231964111328,374.7990417480469,2032.8846435546875,24.125009536743164,19583.607421875
2013-01-09,1305.283935546875,31.99152946472168,9221.2529296875,27.376646041870117,382.9522399902344,2032.8846435546875,24.398597717285156,19673.3046875
2013-01-10,1316.23583984375,31.88212776184082,9330.2841796875,27.672021865844727,384.69219970703125,1975.708984375,24.479419708251953,19770.89453125
2013-01-11,1297.3182373046875,31.059650421142578,9201.9501953125,27.44695472717285,389.2660217285156,1943.18359375,24.529170989990234,19877.09375
2013-01-14,1291.344970703125,31.177146911621094,8964.5849609375,27.227375030517578,389.5146179199219,2013.825927734375,24.9146671295166,19779.50390625
2013-01-15,1291.344970703125,31.12852668762207,9021.447265625,27.14111328125,390.4591064453125,2013.825927734375,25.182043075561523,19587.193359375
2013-01-16,1283.379638671875,30.954313278198242,9054.8349609375,26.858806610107422,378.0802307128906,2020.1785888671875,25.101207733154297,19413.5390625
2013-01-17,1275.41455078125,31.079912185668945,9181.603515625,26.725486755371094,377.682373046875,2020.1785888671875,25.306386947631836,19500.3671875
2013-01-18,1264.4622802734375,31.14474105834961,9259.3330078125,26.38044548034668,377.682373046875,2020.1785888671875,25.65458106994629,19796.005859375
2013-01-21,1258.4888916015625,,9229.599609375,,382.8031005859375,2020.1785888671875,,19757.974609375
2013-01-22,1258.4888916015625,31.574209213256836,9228.556640625,27.595943450927734,382.1568298339844,2020.1785888671875,25.8784236907959,19865.61328125
2013-01-23,1263.467041015625,31.55394744873047,9079.353515625,27.462636947631836,381.6099548339844,2020.1785888671875,26.089832305908203,19666.12890625
2013-01-24,1269.44091796875,31.481019973754883,8962.49609375,27.172481536865234,386.4820251464844,2020.1785888671875,25.62970542907715,19567.8203125
2013-01-25,1251.519287109375,31.335155487060547,9129.4384765625,27.345008850097656,390.35968017578125,2020.1785888671875,25.64836311340332,19432.193359375
2013-01-28,1253.5101318359375,31.335155487060547,9069.962890625,27.109743118286133,388.570068359375,2020.1785888671875,24.48564338684082,19272.169921875
2013-01-29,1269.44091796875,31.764629364013672,9032.40234375,27.454792022705078,393.74029541015625,1963.003662109375,24.46698570251465,19239.888671875
2013-01-30,1163.9029541015625,31.570154190063477,9085.09375,27.572420120239258,391.2546691894531,1963.003662109375,24.36750602722168,19308.775390625
2013-01-31,1137.020751953125,31.894289016723633,9088.7431640625,27.643003463745117,391.2048645019531,2013.825927734375,24.49186134338379,19271.45703125
2013-02-01,1153.9462890625,32.165748596191406,9225.4267578125,28.019428253173828,395.57977294921875,2013.7623291015625,24.771657943725586,19260.685546875
2013-02-04,1122.0859375,31.586355209350586,9170.6474609375,27.71357536315918,384.9906311035156,2013.7623291015625,24.641080856323242,19107.8515625
2013-02-05,1108.1470947265625,31.574209213256836,9153.43359375,27.995891571044922,382.00775146484375,2013.7623291015625,24.896020889282227,19180.322265625
2013-02-06,1126.0684814453125,31.54178237915039,9231.166015625,28.30173110961914,386.680908203125,2013.825927734375,25.318822860717773,19249.212890625
2013-02-07,1119.0989990234375,31.314905166625977,9150.3037109375,27.988052368164062,381.8585205078125,2013.825927734375,25.101207733154297,19535.525390625
2013-02-08,1127.0643310546875,31.578248977661133,9161.779296875,27.9488468170166,382.8031005859375,2013.825927734375,25.40587615966797,19654.6484375
2013-02-11,1128.0601806640625,31.39188003540039,9133.6103515625,27.705739974975586,384.19512939453125,2013.825927734375,25.105655670166016,19601.55078125
2013-02-12,1116.1121826171875,31.412137985229492,9127.3505859375,27.972368240356445,382.2563171386719,2013.825927734375,25.030601501464844,19388.416015625
2013-02-13,1117.108154296875,31.817298889160156,9165.431640625,27.9488468170166,392.1991271972656,2001.120361328125,25.01809310913086,19511.84375
2013-02-14,1111.133544921875,32.48987579345703,9194.1240234375,27.862579345703125,391.6523742675781,2001.120361328125,25.180709838867188,19295.1328125
2013-02-15,1114.12109375,32.23461151123047,9191.5166015625,27.478317260742188,389.8128356933594,2001.120361328125,24.81169891357422,19153.048828125
2013-02-18,1093.2122802734375,,9193.603515625,,388.1225280761719,2001.120361328125,,19301.591796875
2013-02-19,1090.2255859375,32.59925842285156,9164.3896484375,26.86664581298828,389.8128356933594,2001.120361328125,24.136207580566406,19196.10546875
2013-02-20,1063.3428955078125,31.221712112426758,9074.66015625,25.266876220703125,380.168212890625,2001.120361328125,23.448211669921875,18786.36328125
2013-02-21,1062.34765625,30.37493324279785,8790.3447265625,25.360984802246094,368.584716796875,2001.120361328125,23.11672019958496,18370.8828125
2013-02-22,1079.273681640625,30.69905662536621,8901.9814453125,25.447248458862305,371.4681396484375,2001.120361328125,22.985374450683594,18647.16015625
2013-02-25,1112.1295166015625,30.148038864135742,8890.5048828125,24.71010398864746,379.7706298828125,2001.120361328125,22.735193252563477,18520.140625
2013-02-26,1096.199462890625,30.2169132232666,8750.6953125,25.039461135864258,380.8641662597656,2001.120361328125,23.491992950439453,18621.322265625
2013-02-27,1110.1383056640625,30.60586929321289,8769.4755859375,25.306087493896484,383.30029296875,2001.120361328125,23.71090316772461,18631.37109375
2013-02-28,1088.234130859375,30.330368041992188,8874.8544921875,25.0316219329834,385.2888488769531,2001.120361328125,23.63583755493164,18837.3203125
2013-03-01,1074.2952880859375,29.953567504882812,8918.1533203125,24.694414138793945,374.7990417480469,2001.120361328125,23.360641479492188,18860.9921875
2013-03-04,1053.38671875,29.82795524597168,8965.6279296875,24.623838424682617,367.8390197753906,1969.3568115234375,23.391916275024414,18766.99609375
2013-03-05,1090.2255859375,30.067005157470703,8838.8603515625,24.733631134033203,388.9677429199219,1969.3568115234375,23.573291778564453,18993.740234375
2013-03-06,1059.360595703125,30.37150764465332,8712.6123046875,25.753084182739258,385.2888488769531,1969.3568115234375,23.629592895507812,18479.9609375
2013-03-07,1065.334716796875,30.383852005004883,8653.1416015625,25.941299438476562,382.9025573730469,1969.3568115234375,23.498241424560547,18565.349609375
2013-03-08,1064.3388671875,30.276866912841797,8726.1767578125,26.098134994506836,384.9906311035156,1969.3568115234375,23.723405838012695,18761.970703125
2013-03-11,1090.2255859375,30.47848129272461,8714.69921875,26.113819122314453,386.53173828125,1919.1697998046875,23.585813522338867,19014.560546875
2013-03-12,1124.07763671875,30.363277435302734,8519.06640625,26.223602294921875,387.8740539550781,1919.1697998046875,23.69839096069336,19149.4609375
2013-03-13,1090.2255859375,30.12461280822754,8360.9990234375,25.941299438476562,385.5374755859375,1919.1697998046875,23.141735076904297,19153.76953125
2013-03-14,1083.2562255859375,29.816003799438477,8347.9560546875,26.004026412963867,386.8299865722656,1919.1697998046875,23.166746139526367,19127.9375
2013-03-15,1077.2822265625,30.021747589111328,8082.94140625,26.50591468811035,385.6368408203125,1919.1697998046875,22.979114532470703,18994.4609375
2013-03-18,1061.35205078125,29.63906478881836,8018.25439453125,26.29418182373047,376.48931884765625,1919.1697998046875,22.628864288330078,18662.224609375
2013-03-19,1045.421875,28.828445434570312,8163.28125,25.862869262695312,366.9441223144531,1914.0872802734375,22.353662490844727,18619.171875
2013-03-20,1043.4302978515625,28.807870864868164,8193.015625,26.0667667388916,363.06634521484375,1914.0872802734375,22.56632423400879,18587.599609375
2013-03-21,1043.4302978515625,28.676198959350586,8158.0654296875,25.870712280273438,360.0834655761719,1914.0872802734375,22.434980392456055,18528.755859375
2013-03-22,1028.49609375,28.655622482299805,8217.533203125,25.87855339050293,358.6418151855469,1914.0872802734375,22.535045623779297,18721.787109375
2013-03-25,1003.6050415039062,28.396390914916992,8043.8134765625,25.557035446166992,356.0068359375,1914.0872802734375,22.58509063720703,18822.962890625
2013-03-26,1016.5482788085938,28.581554412841797,8120.5048828125,25.721715927124023,354.8635559082031,1914.0872802734375,22.79773712158203,18690.935546875
2013-03-27,1020.53076171875,28.63093376159668,7957.7392578125,26.160865783691406,355.360595703125,1914.0872802734375,23.079191207885742,18715.330078125
2013-03-28,979.7095336914062,28.157730102539062,7974.43310546875,25.956968307495117,354.06805419921875,1914.0872802734375,23.498241424560547,18739.009765625
2013-04-01,,27.960214614868164,7923.82861328125,25.39235496520996,,1914.0872802734375,23.279335021972656,18584.72265625
2013-04-02,962.2857666015625,28.091896057128906,7927.48095703125,25.0316219329834,357.7468566894531,1914.0872802734375,22.697664260864258,18522.294921875
2013-04-03,948.346923828125,27.392372131347656,7847.14013671875,24.741470336914062,345.0199890136719,1914.0872802734375,21.834537506103516,18276.884765625
2013-04-04,964.7749633789062,27.585765838623047,7847.6640625,24.859092712402344,346.7102966308594,1914.0872802734375,21.859560012817383,18126.193359375
2013-04-05,956.809814453125,27.676292419433594,7736.0234375,25.172775268554688,336.9661865234375,1882.323486328125,22.22857666015625,17823.3671875
2013-04-08,986.1812744140625,28.001367568969727,7815.84033203125,25.42371368408203,340.69476318359375,1882.323486328125,22.065950393676758,17860.68359375
2013-04-09,1023.517578125,29.252283096313477,8043.8134765625,26.474544525146484,356.4543762207031,1882.323486328125,22.535045623779297,18041.513671875
2013-04-10,1027.500244140625,29.054758071899414,8115.80859375,26.419660568237305,355.4601135253906,1882.323486328125,22.672649383544922,17732.955078125
2013-04-11,1010.5744018554688,28.861370086669922,8125.7216796875,25.955007553100586,349.6931457519531,1882.323486328125,22.416213989257812,17491.845703125
2013-04-12,1008.5831298828125,28.42107582092285,8032.8583984375,25.266361236572266,342.2359313964844,1851.83056640625,21.765745162963867,17577.95703125
2013-04-15,932.91455078125,26.651704788208008,7775.671875,23.16874885559082,319.267822265625,1851.83056640625,20.127056121826172,17062.01171875
2013-04-16,939.8839721679688,27.41706657409668,7813.23486328125,23.152912139892578,323.2449645996094,1851.83056640625,20.514842987060547,17041.916015625
2013-04-17,902.0497436523438,26.384235382080078,7722.4599609375,22.163480758666992,316.38427734375,1851.83056640625,19.601673126220703,16697.474609375
2013-04-18,885.62158203125,26.355438232421875,7785.5849609375,22.20305061340332,312.2082824707031,1851.83056640625,19.695491790771484,16881.181640625
2013-04-19,898.5648803710938,26.413040161132812,7886.26708984375,22.353443145751953,312.9042663574219,1788.938232421875,20.00821876525879,17036.177734375
2013-04-22,888.6084594726562,26.51180076599121,7896.80615234375,22.606739044189453,305.6459655761719,1785.12646484375,20.245891571044922,16860.37109375
2013-04-23,880.1454467773438,26.540605545043945,7803.54345703125,22.575077056884766,312.15850830078125,1732.0174560546875,20.08327293395996,16884.0546875
2013-04-24,907.5254516601562,27.248355865478516,7814.08056640625,23.572439193725586,325.53179931640625,1732.0174560546875,20.47730827331543,17012.498046875
2013-04-25,949.342529296875,27.388259887695312,7830.94189453125,23.635761260986328,328.8626708984375,1739.83544921875,20.996437072753906,16978.76953125
2013-04-26,912.0060424804688,27.24011993408203,7783.52001953125,23.2874813079834,317.5277404785156,1739.83544921875,20.571125030517578,16718.2890625
2013-04-29,906.0323486328125,27.783283233642578,7713.9677734375,23.667423248291016,323.1454772949219,1739.83544921875,20.57738494873047,16650.12109375
2013-04-30,893.586669921875,27.659835815429688,7888.89990234375,24.086942672729492,315.1414489746094,1734.9117431640625,20.846324920654297,16701.78125
2013-05-01,891.0975952148438,27.096105575561523,,24.031538009643555,312.506591796875,,20.646183013916016,
2013-05-02,908.5213012695312,27.03849983215332,7760.86328125,24.01570701599121,329.2604675292969,1708.9334716796875,20.527347564697266,16616.390625
2013-05-03,978.7139892578125,27.812084197998047,7889.43017578125,24.641033172607422,341.98736572265625,1726.878662109375,21.446758270263672,16725.060546875
2013-05-06,,28.026044845581055,7787.2109375,24.87849235534668,,1726.878662109375,21.289480209350586,16711.345703125
2013-05-07,985.185546875,28.260595321655273,7900.4921875,24.973487854003906,344.97021484375,1726.878662109375,21.006380081176758,16743.828125
2013-05-08,937.4569702148438,28.960121154785156,7940.53857421875,25.63838768005371,348.1520690917969,1749.16455078125,21.4845027923584,16961.80078125
2013-05-09,927.99267578125,28.667966842651367,7835.15771484375,25.820444107055664,353.02398681640625,1749.16455078125,21.050411224365234,16988.513671875
2013-05-10,909.5625,28.49925994873047,7705.01171875,25.765037536621094,341.9376525878906,1742.685791015625,20.956039428710938,16832.607421875
2013-05-13,936.9589233398438,28.12480926513672,7444.1904296875,25.29802131652832,343.32958984375,1716.7724609375,20.578567504882812,16569.16015625
2013-05-14,935.9625244140625,28.091896057128906,7397.82177734375,24.98931884765625,338.40789794921875,1716.7724609375,20.377254486083984,16670.2109375
2013-05-15,915.5398559570312,27.610456466674805,7384.123046875,25.13971710205078,331.895263671875,1697.337158203125,20.308046340942383,16521.521484375
2013-05-16,920.52099609375,27.569316864013672,7291.91357421875,25.361352920532227,335.0769958496094,1721.177978515625,20.119314193725586,16623.28125
2013-05-17,931.479736328125,27.840892791748047,7142.27001953125,25.867942810058594,336.81707763671875,1721.177978515625,20.798763275146484,16680.3046875
2013-05-20,922.5133666992188,28.009599685668945,6995.26318359375,26.0262508392334,333.0387268066406,1745.40673828125,20.679229736328125,16781.3515625
2013-05-21,960.3704223632812,28.46222686767578,,25.313846588134766,344.0256042480469,,20.65406608581543,
2013-05-22,998.2272338867188,28.120695114135742,7147.0126953125,25.0605525970459,349.1015625,1745.989990234375,20.59744644165039,16888.904296875
2013-05-23,954.3931274414062,27.78739356994629,6989.46484375,24.48272132873535,335.07781982421875,1745.989990234375,19.95574188232422,16787.849609375
2013-05-24,957.381591796875,27.458202362060547,6805.5751953125,24.063201904296875,330.05517578125,1745.989990234375,19.79216957092285,16789.294921875
2013-05-27,,,6708.623046875,,,1745.989990234375,,16615.341796875
2013-05-28,960.8684692382812,27.157821655273438,6489.427734375,24.451061248779297,330.15460205078125,1745.989990234375,20.024938583374023,16798.677734375
2013-05-29,942.438232421875,27.223663330078125,6517.35498046875,24.58562469482422,325.97735595703125,1745.989990234375,19.741840362548828,16597.3046875
2013-05-30,954.89111328125,27.70098876953125,6557.39990234375,25.210956573486328,331.5470886230469,1793.6063232421875,20.18222427368164,16582.8671875
2013-05-31,941.9400634765625,26.878019332885742,6586.38037109375,24.57771110534668,321.3525390625,1800.991455078125,19.59714126586914,16802.291015625
2013-06-03,966.8460083007812,27.491130828857422,6515.24853515625,24.9101619720459,324.7837829589844,1800.991455078125,19.905410766601562,16719.2890625
2013-06-04,952.4005126953125,27.260696411132812,6693.87060546875,24.419401168823242,324.63458251953125,1825.41455078125,19.917997360229492,16751.041015625
2013-06-05,937.4569702148438,26.50768280029297,6849.30859375,23.999879837036133,315.7330017089844,1813.947998046875,19.47760581970215,16606.685546875
2013-06-06,904.5811157226562,26.680509567260742,6948.89306640625,24.561872482299805,309.26812744140625,1781.55615234375,19.729263305664062,16497.69921875
2013-06-07,918.5285034179688,26.421274185180664,6690.7080078125,24.474807739257812,313.3460388183594,1805.720458984375,19.704092025756836,16037.208984375
2013-06-10,907.56982421875,26.1826171875,6482.05126953125,24.443138122558594,312.6001281738281,1778.640869140625,19.546810150146484,15848.1015625
2013-06-11,881.1697998046875,25.697065353393555,6282.880859375,23.999879837036133,300.8638916015625,1778.640869140625,18.67862319946289,15613.51953125
2013-06-12,876.1885375976562,25.507776260375977,6009.93994140625,24.482240676879883,298.9243469238281,1778.640869140625,18.414386749267578,15491.5439453125
2013-06-13,888.6414184570312,26.17026710510254,6191.72412109375,24.581523895263672,304.4443359375,1778.640869140625,19.024641036987305,15806.9521484375
2013-06-14,900.596435546875,25.832853317260742,6266.54638671875,24.4656982421875,314.1914367675781,1802.7406005859375,18.71007537841797,15575.9892578125
2013-06-17,893.12451171875,26.034481048583984,6269.70703125,24.540164947509766,310.3623046875,1802.7406005859375,18.779285430908203,15187.6689453125
2013-06-18,875.6904907226562,25.758790969848633,6272.8681640625,24.424325942993164,308.5222473144531,1802.7406005859375,18.722671508789062,15267.0595703125
2013-06-19,866.2262573242188,25.042804718017578,6280.24462890625,24.151290893554688,305.637939453125,1775.725830078125,18.20049285888672,15314.7021484375
2013-06-20,821.3956298828125,23.98118782043457,5954.087890625,22.935028076171875,291.1169128417969,1775.725830078125,17.778980255126953,14868.642578125
2013-06-21,835.3428955078125,24.244531631469727,5794.96044921875,23.299081802368164,285.39794921875,1775.725830078125,17.69090461730957,14796.4658203125
2013-06-24,809.9388427734375,23.61084747314453,5487.77099609375,22.190387725830078,271.9709777832031,1749.099365234375,17.02402687072754,14450.009765625
2013-06-25,815.916259765625,23.907119750976562,5796.01513671875,22.554433822631836,274.90496826171875,1749.099365234375,17.118406295776367,14343.9091796875
2013-06-26,798.4821166992188,23.849512100219727,5954.087890625,22.215211868286133,274.5072326660156,1749.099365234375,17.036624908447266,14491.875
2013-06-27,813.42578125,24.04701805114746,5955.66796875,22.58753776550293,275.8002014160156,1796.8453369140625,17.35746955871582,14618.9091796875
2013-06-28,792.0067749023438,23.726064682006836,5972.00439453125,22.84402847290039,270.6781005859375,1796.8453369140625,17.3763370513916,14849.876953125
2013-07-01,829.365478515625,23.808361053466797,5729.6240234375,23.390104293823242,278.1872253417969,1820.4266357421875,17.41408920288086,14720.6787109375
2013-07-02,822.3917846679688,23.79601287841797,5590.51953125,22.95157814025879,274.5072326660156,1813.947998046875,17.105815887451172,14470.943359375
2013-07-03,808.9426879882812,23.281665802001953,5519.91455078125,22.901941299438477,267.5450134277344,1786.7388916015625,17.19390296936035,14570.5478515625
2013-07-04,831.8561401367188,,5420.85498046875,,273.2640075683594,1786.7388916015625,,14716.34765625
2013-07-05,781.5462036132812,23.174680709838867,5287.01904296875,22.620628356933594,255.46080017089844,1786.7388916015625,16.961122512817383,14606.640625
2013-07-08,798.980224609375,23.21171760559082,5141.85595703125,22.719913482666016,256.2564392089844,1786.7388916015625,16.791259765625,14818.1220703125
2013-07-09,814.4219970703125,24.149890899658203,4936.20263671875,22.86884880065918,262.8207702636719,1786.7388916015625,16.822717666625977,14644.8916015625
2013-07-10,811.433349609375,23.97295570373535,4797.09716796875,22.83574867248535,256.2564392089844,1786.7388916015625,16.961122512817383,14221.2119140625
2013-07-11,850.286376953125,25.425485610961914,5055.86376953125,23.8759822845459,264.8596496582031,1786.7388916015625,17.495874404907227,14112.21484375
2013-07-12,829.365478515625,24.9687442779541,5062.18603515625,23.474279403686523,259.0413513183594,1786.7388916015625,17.237932205200195,13949.0986328125
2013-07-15,819.9013671875,25.051034927368164,5237.4892578125,23.541234970092773,260.4337463378906,1759.9830322265625,17.464420318603516,13980.1337890625
2013-07-16,829.8637084960938,25.758790969848633,,23.650026321411133,263.1191711425781,,17.590246200561523,
2013-07-17,831.8561401367188,26.10855484008789,5589.99267578125,23.524497985839844,270.47918701171875,1759.9830322265625,17.401514053344727,13702.9716796875
2013-07-18,845.3052368164062,25.989213943481445,5690.63232421875,23.574708938598633,271.8217468261719,1759.9830322265625,17.879636764526367,13796.8017578125
2013-07-19,842.8148193359375,25.758790969848633,5573.13134765625,23.901086807250977,270.9266357421875,1759.9830322265625,17.57137107849121,13855.98828125
2013-07-22,842.8148193359375,26.334861755371094,5466.21142578125,24.394840240478516,267.5450134277344,1759.9830322265625,18.024333953857422,13958.4775390625
2013-07-23,853.7732543945312,26.684627532958984,5503.44677734375,25.097816467285156,281.1710510253906,1759.9830322265625,18.326311111450195,13887.7470703125
2013-07-24,881.6678466796875,26.04682731628418,5469.93603515625,24.16888999938965,285.6963806152344,1759.9830322265625,17.590246200561523,13897.12890625
2013-07-25,868.2186889648438,26.252567291259766,5403.4423828125,24.135414123535156,279.2812194824219,1759.9830322265625,17.476999282836914,13661.1083984375
2013-07-26,855.2675170898438,26.454195022583008,5340.142578125,24.210735321044922,279.4801940917969,1759.529541015625,17.69719696044922,13655.33203125
2013-07-29,872.70166015625,26.355438232421875,5161.94140625,23.901086807250977,279.2812194824219,1759.529541015625,17.476999282836914,13670.4931640625
2013-07-30,871.7053833007812,25.91926383972168,4970.177734375,23.608182907104492,277.0931091308594,1715.929931640625,16.917085647583008,11359.35546875
2013-07-31,878.6791381835938,25.81227684020996,4899.74951171875,23.666765213012695,275.99908447265625,1715.929931640625,16.401201248168945,10693.8720703125
2013-08-01,910.060546875,26.174381256103516,5308.81103515625,24.353002548217773,287.9839172363281,1742.685791015625,16.527023315429688,10933.5048828125
2013-08-02,897.6077880859375,26.120891571044922,5261.361328125,24.43668556213379,286.2931213378906,1716.577880859375,16.78495979309082,10646.9599609375
2013-08-05,890.1358642578125,26.145584106445312,5090.3427734375,24.28605079650879,288.03363037109375,1716.577880859375,16.658573150634766,10515.595703125
2013-08-06,846.3015747070312,26.03860092163086,4867.4072265625,24.403209686279297,274.1590881347656,1690.8587646484375,16.513221740722656,10508.3798828125
2013-08-07,841.3204345703125,25.943952560424805,4784.15771484375,24.62917137145996,268.9872131347656,1690.8587646484375,16.367868423461914,10383.5087890625
2013-08-08,873.1998291015625,27.141366958618164,5050.234375,25.77568244934082,278.88336181640625,1690.8587646484375,17.44220733642578,10458.5712890625
2013-08-09,938.4531860351562,27.84912109375,5247.15869140625,26.45354461669922,295.8909606933594,1690.8587646484375,18.194246292114258,10509.8212890625
2013-08-12,954.3931274414062,27.824424743652344,5310.56640625,26.654399871826172,299.76983642578125,1690.8587646484375,18.61766815185547,10581.2763671875
2013-08-13,975.31396484375,27.758588790893555,5334.8232421875,26.07695770263672,305.7870788574219,1697.337158203125,17.890905380249023,10428.9853515625
2013-08-14,967.34423828125,27.919069290161133,5480.04296875,26.436809539794922,306.5331726074219,1697.337158203125,18.51023292541504,10361.1337890625
2013-08-15,926.4984130859375,27.997251510620117,,26.712976455688477,300.167724609375,,18.579742431640625,
2013-08-16,932.9739990234375,27.79151153564453,5364.611328125,26.394969940185547,306.6822814941406,1684.380615234375,18.2005672454834,10113.5625
2013-08-19,918.5285034179688,27.556970596313477,5458.23388671875,25.884479522705078,300.31689453125,1684.380615234375,17.871950149536133,10137.384765625
2013-08-20,908.5662231445312,26.99323272705078,5466.21142578125,25.926321029663086,295.5428771972656,1684.380615234375,18.14369010925293,9990.140625
2013-08-21,891.6300659179688,26.112668991088867,5362.48388671875,25.40745735168457,303.1016845703125,1684.380615234375,17.619159698486328,9482.0078125
2013-08-22,904.5811157226562,26.589981079101562,5585.8994140625,26.235965728759766,312.1524658203125,1684.380615234375,18.074176788330078,9504.3828125
2013-08-23,911.5549926757812,26.561174392700195,5824.20703125,26.604185104370117,315.285400390625,1684.380615234375,18.080493927001953,9518.09765625
2013-08-26,,26.36777687072754,5957.72412109375,26.369863510131836,,1684.380615234375,17.91618537902832,9621.3125
2013-08-27,881.1697998046875,25.849306106567383,5690.69140625,25.608308792114258,312.5006103515625,1684.380615234375,17.46116828918457,9372.2998046875
2013-08-28,871.2073364257812,25.915149688720703,5734.30859375,25.507883071899414,309.71917724609375,1659.762451171875,17.328453063964844,9231.55078125
2013-08-29,845.8034057617188,25.865774154663086,5786.44091796875,25.45766830444336,306.4364929199219,1659.5682373046875,17.315814971923828,9305.173828125
2013-08-30,851.7807006835938,26.03860092163086,5824.73974609375,25.29029655456543,303.60150146484375,1684.380615234375,17.379016876220703,9543.361328125
2013-09-02,882.166015625,,6011.4501953125,,310.41558837890625,1684.380615234375,,9220.0009765625
2013-09-03,890.1358642578125,26.972654342651367,6064.642578125,26.043479919433594,310.5648498535156,1684.380615234375,17.537004470825195,9640.7978515625
2013-09-04,882.6639404296875,27.236644744873047,6218.90576171875,26.02674674987793,313.69830322265625,1684.380615234375,17.309497833251953,9886.927734375
2013-09-05,877.682861328125,27.060653686523438,6479.02392578125,25.74221420288086,314.3946228027344,1741.325439453125,17.25893783569336,10509.8212890625
2013-09-06,895.615234375,27.20730972290039,6479.02392578125,26.093698501586914,316.6826477050781,1749.16455078125,17.524362564086914,10509.8212890625
2013-09-09,888.143310546875,27.793947219848633,6588.07275390625,26.646024703979492,319.6170654296875,1749.16455078125,17.890905380249023,11248.92578125
2013-09-10,893.12451171875,28.17525863647461,6588.07275390625,26.721349716186523,327.0280456542969,1749.16455078125,17.922500610351562,11248.92578125
2013-09-11,882.6639404296875,28.372201919555664,6409.87353515625,27.474538803100586,337.2244567871094,1748.0628662109375,18.301677703857422,11687.765625
2013-09-12,860.7470092773438,28.07050895690918,6035.91748046875,27.742332458496094,341.8500671386719,1748.0628662109375,17.770832061767578,11201.287109375
2013-09-13,846.3015747070312,27.89870262145996,5876.33740234375,27.6502742767334,339.7113037109375,1748.0628662109375,17.385330200195312,11540.5205078125
2013-09-16,879.6753540039062,28.162691116333008,6048.15185546875,27.826025009155273,340.10919189453125,1748.0628662109375,17.973058700561523,11529.6943359375
2013-09-17,878.6791381835938,28.26744842529297,5935.9140625,28.060348510742188,332.4495544433594,1781.55615234375,18.175283432006836,11308.8330078125
2013-09-18,857.3136596679688,29.340152740478516,,28.91396141052246,329.4652099609375,,19.053720474243164,
2013-09-19,882.719482421875,28.648759841918945,,28.955793380737305,338.5175476074219,,18.6998233795166,
2013-09-20,848.3473510742188,28.229740142822266,,28.344877243041992,338.6668395996094,,18.042573928833008,
2013-09-23,848.8452758789062,28.27582550048828,6436.46826171875,28.25282096862793,334.8867492675781,1781.55615234375,18.181604385375977,11440.1953125
2013-09-24,846.8528442382812,28.03697967529297,6436.46826171875,28.236085891723633,336.3291931152344,1813.947998046875,17.802425384521484,11440.1953125
2013-09-25,852.3323974609375,28.317724227905273,6180.60546875,28.311403274536133,337.6720886230469,1813.947998046875,17.631805419921875,11362.2431640625
2013-09-26,850.33984375,28.40572738647461,6330.0810546875,28.344877243041992,342.94427490234375,1813.947998046875,17.796110153198242,11281.400390625
2013-09-27,826.9268798828125,28.137556076049805,6330.0810546875,27.968284606933594,342.1982421875,1813.947998046875,17.593881607055664,11281.400390625
2013-09-30,815.4694213867188,27.86518669128418,5922.08349609375,27.683761596679688,334.9365234375,1813.947998046875,17.214710235595703,11071.36328125
2013-10-01,812.978759765625,27.82327651977539,5922.08349609375,27.549846649169922,328.7689514160156,1813.947998046875,17.379016876220703,11071.36328125
2013-10-02,820.9490356445312,28.007646560668945,5936.44677734375,28.043611526489258,332.3998107910156,1813.947998046875,17.20206642150879,11093.0205078125
2013-10-03,811.9822998046875,27.693382263183594,5810.90869140625,27.625165939331055,328.2715148925781,1813.947998046875,17.031429290771484,10934.2255859375
2013-10-04,818.4581909179688,27.869375228881836,5874.208984375,28.269561767578125,329.26629638671875,1813.947998046875,17.069351196289062,10827.404296875
2013-10-07,817.4620971679688,27.538347244262695,5774.2041015625,27.993398666381836,329.71405029296875,1813.947998046875,17.132549285888672,10591.3828125
2013-10-08,830.4136962890625,27.236644744873047,5579.515625,27.533119201660156,325.58575439453125,1813.947998046875,16.803922653198242,10434.7607421875
2013-10-09,827.4249877929688,27.395877838134766,5470.46826171875,27.51637840270996,320.860595703125,1813.947998046875,16.75969123840332,10239.1513671875
2013-10-10,848.8452758789062,27.844228744506836,5470.46826171875,28.07655143737793,324.9391174316406,1813.947998046875,17.11359405517578,10239.1513671875
2013-10-11,855.8194580078125,28.137556076049805,5703.98876953125,28.253984451293945,334.14068603515625,1813.947998046875,17.341093063354492,10013.958984375
2013-10-14,863.7896728515625,28.368013381958008,5770.48095703125,28.617298126220703,329.4652099609375,1820.4266357421875,17.85930633544922,9983.642578125
2013-10-15,885.2101440429688,28.451814651489258,5793.3544921875,28.76093864440918,334.24017333984375,1867.4598388671875,17.62548065185547,9869.6044921875
2013-10-16,887.700927734375,28.606855392456055,5865.69873046875,28.836984634399414,329.4652099609375,1867.4598388671875,17.796110153198242,9865.9951171875
2013-10-17,885.2101440429688,28.988170623779297,5814.1005859375,29.327030181884766,328.7689514160156,1867.4598388671875,18.099456787109375,9786.5986328125
2013-10-18,895.6714477539062,29.164167404174805,5898.67822265625,29.479114532470703,333.14593505859375,1867.4598388671875,17.985702514648438,9768.552734375
2013-10-21,887.700927734375,29.491003036499023,5943.76806640625,29.60585594177246,336.179931640625,1865.7750244140625,17.979381561279297,9848.673828125
2013-10-22,900.6528930664062,30.33324432373047,5803.13037109375,30.721147537231445,339.76104736328125,1865.7750244140625,18.6682186126709,9945.3916015625
2013-10-23,862.2955322265625,29.914216995239258,5803.13037109375,30.94927406311035,338.41815185546875,1865.7750244140625,18.352237701416016,9945.3916015625
2013-10-24,870.763916015625,30.127920150756836,5912.09912109375,31.608314514160156,338.41815185546875,1865.7750244140625,18.4786319732666,10192.236328125
2013-10-25,872.2584838867188,30.1404972076416,5660.3466796875,31.633647918701172,340.7060852050781,1865.7750244140625,18.308002471923828,10094.0771484375
2013-10-28,866.7787475585938,30.21172523498535,5590.029296875,31.49001693725586,339.16424560546875,1865.7750244140625,18.32063865661621,10582.720703125
2013-10-29,885.2101440429688,30.06087303161621,5505.75537109375,31.836427688598633,340.45733642578125,1865.7750244140625,18.156330108642578,10407.3291015625
2013-10-30,894.1768188476562,29.80527114868164,5725.29833984375,31.49847412109375,343.2427062988281,1865.7750244140625,17.85930633544922,10402.9951171875
2013-10-31,851.834228515625,29.620899200439453,,31.059110641479492,338.2192077636719,,17.663400650024414,
2013-11-01,833.90087890625,29.734037399291992,,31.076011657714844,330.509765625,,17.922500610351562,
2013-11-04,860.3028564453125,30.052494049072266,5824.06591796875,31.5998592376709,333.64324951171875,1865.7750244140625,17.947782516479492,10631.0791015625
2013-11-05,885.7084350585938,30.245248794555664,5951.81884765625,31.422412872314453,340.009765625,1878.7320556640625,17.814504623413086,10431.87109375
2013-11-06,854.8231811523438,30.509235382080078,5951.81884765625,31.32948112487793,340.10919189453125,1878.7320556640625,18.14452362060547,10382.7861328125
2013-11-07,841.871337890625,29.922595977783203,5978.12158203125,30.357831954956055,331.2558898925781,1878.7320556640625,17.668537139892578,10333.7060546875
2013-11-08,833.4027099609375,30.11115264892578,5813.3310546875,30.907024383544922,329.56475830078125,1878.7320556640625,17.827198028564453,10338.7607421875
2013-11-11,815.4694213867188,29.742412567138672,5621.69970703125,30.80564308166504,329.017578125,1878.7320556640625,17.57968521118164,10188.630859375
2013-11-12,809.4915771484375,29.44490623474121,5571.7802734375,30.332477569580078,329.76373291015625,1878.7320556640625,17.268714904785156,10133.0517578125
2013-11-13,810.4877319335938,29.461666107177734,5571.7802734375,30.6958065032959,323.1982421875,1878.7320556640625,17.040237426757812,10133.0517578125
2013-11-14,801.0231323242188,29.578996658325195,5354.9189453125,30.70424461364746,322.5019836425781,1878.7320556640625,17.18620491027832,10050.0439453125
2013-11-15,808.9934692382812,29.905834197998047,5504.6826171875,31.118257522583008,322.3526611328125,1878.7320556640625,17.07831573486328,10179.9697265625
2013-11-18,809.4915771484375,29.742412567138672,5723.15185546875,30.83098602294922,325.187744140625,1878.7320556640625,16.900617599487305,10340.923828125
2013-11-19,802.0193481445312,29.646039962768555,5688.798828125,30.75493621826172,319.31866455078125,1878.4727783203125,16.65310287475586,10348.8642578125
2013-11-20,804.011962890625,29.411388397216797,5528.83740234375,30.569059371948242,317.130126953125,1878.4727783203125,16.513479232788086,9750.51171875
2013-11-21,794.0490112304688,29.155780792236328,5501.46044921875,30.56061363220215,313.59881591796875,1933.7984619140625,16.545217514038086,9497.166015625
2013-11-22,786.5768432617188,28.92950439453125,5534.7412109375,30.5014705657959,310.16693115234375,1905.293212890625,16.291358947753906,9310.9453125
2013-11-25,786.5768432617188,28.925321578979492,5393.03125,30.23953628540039,310.41558837890625,1905.293212890625,16.037494659423828,9119.67578125
2013-11-26,776.1156616210938,28.673906326293945,5324.591796875,29.84243392944336,303.20355224609375,1879.12060546875,15.82171630859375,9220.0009765625
2013-11-27,773.1265869140625,28.422483444213867,5324.591796875,29.301692962646484,305.5412292480469,1879.12060546875,15.897878646850586,9220.0009765625
2013-11-28,785.5806274414062,,5351.966796875,,310.6144714355469,1943.5157470703125,,9564.2900390625
2013-11-29,791.0602416992188,28.58590316772461,5410.74560546875,29.310129165649414,308.2270812988281,1943.5157470703125,15.929610252380371,9655.234375
2013-12-02,777.6100463867188,28.03697967529297,5378.5380859375,28.946813583374023,304.397216796875,1943.5157470703125,15.78998851776123,9600.37890625
2013-12-03,751.2081909179688,27.88612937927246,5397.3251953125,28.91302490234375,302.7061767578125,1943.5157470703125,15.78998851776123,9565.009765625
2013-12-04,764.1602172851562,28.09564781188965,5368.876953125,29.18340492248535,303.50189208984375,1991.00244140625,15.866147994995117,9669.671875
2013-12-05,765.6544799804688,27.915470123291016,5468.1796875,28.963712692260742,303.9993591308594,1991.00244140625,15.726518630981445,9353.529296875
2013-12-06,766.15283203125,28.29677963256836,5320.94189453125,28.938371658325195,304.9443664550781,1991.00244140625,15.872493743896484,9440.14453125
2013-12-09,758.6804809570312,28.217164993286133,5330.2294921875,29.259441375732422,306.2872619628906,1991.00244140625,16.246932983398438,9321.447265625
2013-12-10,762.66552734375,27.99508285522461,5330.2294921875,29.479114532470703,304.59619140625,1991.00244140625,16.475404739379883,9321.447265625
2013-12-11,757.684326171875,27.353971481323242,5350.787109375,29.107351303100586,303.3528137207031,1991.00244140625,16.018461227416992,9146.4560546875
2013-12-12,758.1823120117188,26.79667091369629,5390.3466796875,28.97216796875,298.627685546875,1991.00244140625,15.815372467041016,9053.3740234375
2013-12-13,758.1823120117188,26.708669662475586,5292.921875,29.01441764831543,299.4732360839844,1991.00244140625,16.170772552490234,9029.546875
2013-12-16,765.1563720703125,26.901426315307617,5387.6640625,29.234086990356445,303.8003845214844,1991.00244140625,16.621379852294922,9353.46484375
2013-12-17,776.6136474609375,26.704479217529297,5322.927734375,29.487573623657227,306.3867492675781,1991.00244140625,16.62771987915039,9404.1025390625
2013-12-18,792.554443359375,27.110939025878906,5319.17041015625,29.72414207458496,305.1433410644531,1991.00244140625,17.11639404296875,9176.984375
2013-12-19,796.539794921875,27.25340461730957,5290.39990234375,29.732593536376953,306.2375793457031,1991.00244140625,17.154478073120117,9196.34765625
2013-12-20,793.5509643554688,27.65148162841797,5491.2607421875,30.155048370361328,304.7951354980469,1991.00244140625,17.4210262298584,9443.568359375
2013-12-23,801.5214233398438,27.78557014465332,5496.0927734375,30.1888427734375,308.4261169433594,1991.00244140625,17.287748336791992,9867.2705078125
2013-12-24,802.0193481445312,28.09984016418457,5479.45263671875,30.670454025268555,306.4364929199219,1991.00244140625,17.484493255615234,9917.9013671875
2013-12-26,,27.98250961303711,5463.34814453125,31.22809600830078,,1990.8079833984375,17.541606903076172,9940.244140625
2013-12-27,827.4249877929688,28.246501922607422,5524.54296875,31.684354782104492,314.0465087890625,2024.4959716796875,17.712961196899414,9985.666015625
2013-12-30,830.912109375,28.38058090209961,5366.89013671875,31.827985763549805,314.6929931640625,2024.4959716796875,18.049320220947266,9966.306640625
2013-12-31,820.9490356445312,28.57752227783203,,31.887130737304688,311.0621032714844,,18.220680236816406,
2014-01-02,818.9564819335938,28.07050895690918,5338.5478515625,31.79419708251953,308.87371826171875,1997.8045654296875,18.557043075561523,9987.158203125
2014-01-03,817.9601440429688,28.292587280273438,5330.2294921875,31.532257080078125,305.88946533203125,1997.8045654296875,18.125486373901367,9949.1806640625
2014-01-06,784.0859985351562,28.07888412475586,5324.48388671875,31.27878761291504,304.69573974609375,2024.4959716796875,17.87796974182129,10013.220703125
2014-01-07,777.6100463867188,27.772994995117188,5318.7958984375,30.974626541137695,307.23223876953125,2024.4959716796875,17.668537139892578,9903.755859375
2014-01-08,769.6397094726562,27.613765716552734,5313.96337890625,30.585954666137695,313.151123046875,2024.4959716796875,17.63680648803711,10125.6611328125
2014-01-09,765.6544799804688,27.211503982543945,5309.77685546875,30.171945571899414,308.0281066894531,2024.4959716796875,17.306785583496094,9987.9013671875
2014-01-10,779.1044921875,27.571868896484375,5313.53466796875,30.56061363220215,317.08050537109375,1972.2799072265625,17.535259246826172,10089.9169921875
2014-01-13,781.0970458984375,27.362356185913086,5345.22998046875,30.367145538330078,317.27947998046875,1972.2799072265625,17.65584945678711,10115.2353515625
2014-01-14,786.0786743164062,27.21569061279297,5355.88671875,30.784767150878906,315.7375183105469,1972.2799072265625,18.011249542236328,10348.3076171875
2014-01-15,787.0748901367188,27.21569061279297,5365.673828125,31.2023868560791,317.7768249511719,1972.2799072265625,18.176252365112305,11177.841796875
2014-01-16,829.4176025390625,28.028596878051758,5359.5634765625,31.458072662353516,325.4862365722656,1972.2799072265625,18.290494918823242,11141.353515625
2014-01-17,843.3656616210938,28.09564781188965,5186.10302734375,30.84442710876465,336.3788757324219,1972.2799072265625,18.62051010131836,11458.5732421875
2014-01-20,841.871337890625,,5064.837890625,,336.22967529296875,1972.2799072265625,,11043.8046875
2014-01-21,816.4656372070312,27.781389236450195,4913.55419921875,30.051799774169922,331.9521789550781,1972.2799072265625,18.32857322692871,11176.3525390625
2014-01-22,816.4656372070312,27.705951690673828,4723.27294921875,29.421096801757812,333.245361328125,1972.2799072265625,18.36665153503418,11169.65234375
2014-01-23,804.011962890625,27.09836769104004,4516.8212890625,28.705177307128906,330.360595703125,1972.2799072265625,18.32222557067871,11078.0625
2014-01-24,804.011962890625,26.39440155029297,4574.1552734375,27.92958641052246,323.6956481933594,1972.2799072265625,17.719308853149414,10758.6064453125
2014-01-27,798.5322265625,26.541061401367188,4380.572265625,27.605714797973633,319.6170654296875,1972.2799072265625,17.624114990234375,10691.58984375
2014-01-28,819.45458984375,26.909805297851562,4380.572265625,27.7506103515625,322.10400390625,1972.2799072265625,17.700273513793945,10691.58984375
2014-01-29,869.2694702148438,26.624874114990234,4327.0263671875,27.56310272216797,322.10400390625,1972.2799072265625,17.68123435974121,10447.34765625
2014-01-30,870.265869140625,26.93913459777832,4327.0263671875,27.62276268005371,321.9548034667969,1972.2799072265625,17.719308853149414,10447.34765625
2014-01-31,847.3510131835938,26.79667091369629,4388.740234375,27.62276268005371,320.8109130859375,1972.2799072265625,17.75738525390625,10377.3505859375
2014-02-03,844.8604125976562,26.29802703857422,4309.880859375,26.489215850830078,313.2506408691406,1972.2799072265625,17.503530502319336,10236.6123046875
2014-02-04,857.3136596679688,26.704479217529297,4529.9638671875,26.36989402770996,311.6092529296875,1972.2799072265625,17.693927764892578,10200.87109375
2014-02-05,860.801025390625,26.63325309753418,4434.44482421875,26.49774169921875,311.360595703125,1972.2799072265625,17.92874526977539,10590.3212890625
2014-02-06,872.2584838867188,27.182170867919922,4478.09326171875,26.881271362304688,320.8109130859375,1972.2799072265625,18.049320220947266,10573.1904296875
2014-02-07,890.6898193359375,27.50901222229004,4578.53515625,27.571622848510742,323.6956481933594,1972.2799072265625,18.988597869873047,10699.78125
2014-02-10,894.1768188476562,27.387493133544922,4589.78515625,27.469348907470703,324.34228515625,1972.2799072265625,19.344003677368164,10981.2568359375
2014-02-11,899.6563720703125,28.16688346862793,4735.498046875,28.28754425048828,331.106689453125,1972.2799072265625,20.19443130493164,10934.3408203125
2014-02-12,924.0657348632812,28.347064971923828,4844.1044921875,27.938112258911133,335.3841247558594,1972.2799072265625,19.89614486694336,11028.166015625
2014-02-13,902.1472778320312,28.330299377441406,4780.76953125,28.261978149414062,330.31085205078125,1972.2799072265625,20.157350540161133,10972.322265625
2014-02-14,935.0252075195312,28.6278133392334,4798.88818359375,28.764833450317383,336.3291931152344,1972.2799072265625,20.590564727783203,11102.6357421875
2014-02-17,945.4862670898438,,4760.703125,,342.2479553222656,1972.2799072265625,,11020.7216796875
2014-02-18,946.4824829101562,29.470046997070312,4684.1142578125,28.756315231323242,343.5909118652344,1972.2799072265625,20.53322982788086,11078.8037109375
2014-02-19,955.44921875,29.214447021484375,4741.5556640625,28.2705020904541,346.028076171875,1972.2799072265625,20.10637855529785,11091.46484375
2014-02-20,946.9806518554688,29.578996658325195,4742.63720703125,28.764833450317383,338.6668395996094,1972.2799072265625,20.20831298828125,11116.037109375
2014-02-21,951.4639282226562,29.599952697753906,4671.7822265625,28.432430267333984,337.27410888671875,1972.2799072265625,20.195571899414062,11110.8232421875
2014-02-24,929.5455322265625,29.67537498474121,4758.15966796875,28.304594039916992,334.7375183105469,1972.2799072265625,19.83881187438965,11094.4443359375
2014-02-25,911.1138305664062,29.147403717041016,4666.37353515625,27.92958641052246,332.2506103515625,1972.2799072265625,19.43744468688965,11035.6142578125
2014-02-26,908.1250610351562,28.933691024780273,4606.0654296875,28.475059509277344,328.1222839355469,1972.2799072265625,19.475666046142578,11536.7626953125
2014-02-27,918.0880737304688,29.042640686035156,4651.28271484375,28.526193618774414,327.97314453125,1972.2799072265625,19.558490753173828,12580.0078125
2014-02-28,897.1658325195312,28.87084197998047,4729.70947265625,27.801738739013672,327.47576904296875,1972.2799072265625,19.43744468688965,12693.935546875
2014-03-03,879.232421875,28.493717193603516,4592.43603515625,27.980731964111328,324.5411376953125,1958.0924072265625,19.335506439208984,12573.30078125
2014-03-04,899.158447265625,28.736757278442383,4647.279296875,28.57732582092285,330.1119079589844,1958.0924072265625,19.30365562438965,13254.65234375
2014-03-05,908.1250610351562,28.783658981323242,4672.376953125,28.901195526123047,330.4599304199219,1958.0924072265625,19.53937530517578,13985.1484375
2014-03-06,911.6119995117188,29.03520393371582,4677.19091796875,28.833023071289062,338.16937255859375,1958.0924072265625,19.7559814453125,13521.9765625
2014-03-07,873.7527465820312,28.442564010620117,4503.4072265625,27.435253143310547,323.1485290527344,1958.0924072265625,18.47545051574707,13722.2919921875
2014-03-10,855.3212280273438,27.683639526367188,4382.5751953125,26.744903564453125,315.3396301269531,1958.0924072265625,17.825620651245117,13565.169921875
2014-03-11,836.8897094726562,27.22743797302246,4331.13671875,26.173864364624023,311.5596008300781,1911.6422119140625,17.48159408569336,13496.662109375
2014-03-12,850.33984375,27.461938858032227,4445.37060546875,26.225006103515625,307.87890625,1911.6422119140625,17.65361213684082,13125.8330078125
2014-03-13,832.40625,27.483253479003906,4446.77685546875,26.11420249938965,303.10406494140625,1908.4678955078125,17.609012603759766,13009.6630859375
2014-03-14,826.4287109375,27.389450073242188,4400.37060546875,26.4721736907959,295.4444580078125,1908.4678955078125,17.749174118041992,12891.267578125
2014-03-17,844.3619995117188,27.78170394897461,4374.7314453125,26.84717559814453,304.9941101074219,1908.4678955078125,17.62812614440918,13160.083984375
2014-03-18,825.4324340820312,27.96504020690918,4447.642578125,26.957971572875977,309.8186950683594,1908.4678955078125,17.742801666259766,12959.0283203125
2014-03-19,782.0933837890625,27.32123565673828,4407.77783203125,26.480688095092773,299.721923828125,1868.3668212890625,17.264986038208008,12702.1259765625
2014-03-20,791.0602416992188,27.363872528076172,4486.9638671875,26.335798263549805,299.7715759277344,1868.3668212890625,17.277725219726562,12644.044921875
2014-03-21,803.513916015625,27.606897354125977,4572.85595703125,27.537538528442383,302.0097961425781,1868.3668212890625,17.462480545043945,12608.3037109375
2014-03-24,794.0490112304688,27.764652252197266,4696.87890625,26.94945526123047,304.1485595703125,1879.3148193359375,17.462480545043945,12554.689453125
2014-03-25,815.4694213867188,28.50652503967285,4749.12744140625,27.34150505065918,310.3658752441406,1879.3148193359375,17.838361740112305,12574.79296875
2014-03-26,830.912109375,28.284814834594727,4648.7412109375,27.009111404418945,309.4706115722656,1879.3148193359375,17.290475845336914,12343.9541015625
2014-03-27,824.4360961914062,28.4127254486084,4707.53466796875,27.62276268005371,305.49151611328125,1867.0059814453125,17.596271514892578,12621.7060546875
2014-03-28,838.38427734375,28.749547958374023,4765.67822265625,28.00629234313965,311.6092529296875,1867.0059814453125,18.494558334350586,12839.14453125
2014-03-31,832.40625,28.894506454467773,4802.99951171875,28.185279846191406,307.1827087402344,1867.0059814453125,18.545528411865234,12938.9189453125
2014-04-01,836.3916625976562,29.48715591430664,4894.94873046875,28.05742645263672,307.7794189453125,1867.0059814453125,18.86406898498535,12882.3291015625
2014-04-02,853.32861328125,29.768552780151367,4866.822265625,28.398344039916992,311.6590270996094,1825.479736328125,19.061561584472656,12655.9599609375
2014-04-03,842.3693237304688,29.66622543334961,5021.08154296875,28.475059509277344,311.6092529296875,1813.947998046875,19.14438819885254,12857.0107421875
2014-04-04,859.8045654296875,29.802656173706055,4867.95849609375,28.398344039916992,317.03082275390625,1813.947998046875,19.201723098754883,12629.1552734375
2014-04-07,848.3473510742188,29.879409790039062,4791.3173828125,28.19379997253418,314.9914855957031,1813.947998046875,19.316396713256836,12258.3212890625
2014-04-08,867.2769165039062,30.484840393066406,4791.3173828125,28.654027938842773,314.3448181152344,1813.947998046875,19.501150131225586,12258.3212890625
2014-04-09,844.8604125976562,30.868566513061523,4889.53955078125,28.960857391357422,311.11187744140625,1813.947998046875,19.558490753173828,12486.1826171875
2014-04-10,826.4287109375,30.071260452270508,4997.76953125,28.28754425048828,312.65380859375,1813.947998046875,19.590351104736328,12635.109375
2014-04-11,821.9453735351562,30.015838623046875,4936.216796875,28.01480484008789,309.9678955078125,1813.947998046875,19.14438819885254,12799.67578125
2014-04-14,838.8824462890625,30.373985290527344,4897.2734375,28.651508331298828,316.2349548339844,1813.947998046875,19.322765350341797,12773.6162109375
2014-04-15,829.4176025390625,29.87513542175293,4786.77294921875,28.401979446411133,310.76373291015625,1813.947998046875,18.672943115234375,12837.654296875
2014-04-16,842.8677368164062,30.28445053100586,4786.77294921875,28.401979446411133,312.30560302734375,1813.947998046875,19.016969680786133,12837.654296875
2014-04-17,825.4324340820312,30.335613250732422,4769.46435546875,28.401979446411133,312.5045166015625,1813.947998046875,19.010595321655273,13215.9306640625
2014-04-21,,30.20769691467285,4694.94677734375,28.376174926757812,,1804.2303466796875,18.95326042175293,13512.298828125
2014-04-22,841.3731079101562,30.369722366333008,4678.74560546875,28.651508331298828,313.200927734375,1804.2303466796875,19.182619094848633,13443.046875
2014-04-23,794.0835571289062,30.31429100036621,4704.9853515625,28.823579788208008,313.3998718261719,1804.2303466796875,19.1189022064209,13291.884765625
2014-04-24,797.5728149414062,30.271652221679688,4800.3408203125,29.19355010986328,314.3448181152344,1787.1925048828125,19.239953994750977,13218.91015625
2014-04-25,787.6031494140625,30.16506576538086,4772.30126953125,29.262380599975586,314.3448181152344,1787.1925048828125,18.97874641418457,13105.72265625
2014-04-28,785.11083984375,29.832496643066406,4642.5234375,29.15913963317871,310.9129943847656,1774.43017578125,18.895923614501953,12821.267578125
2014-04-29,778.6304321289062,30.003049850463867,4607.2275390625,29.632356643676758,313.8972473144531,1774.43017578125,19.252685546875,12935.1962890625
2014-04-30,784.6123657226562,30.07552719116211,4606.84716796875,29.572141647338867,316.83172607421875,1774.43017578125,19.201723098754883,13432.623046875
2014-05-01,773.6455688476562,29.59373664855957,,29.40005874633789,314.3946228027344,,18.723909378051758,
2014-05-02,788.1017456054688,29.79839515686035,4647.4326171875,29.838865280151367,317.5779113769531,1749.16455078125,18.749391555786133,13320.1806640625
2014-05-05,,29.760025024414062,4567.56884765625,29.31402015686035,,1793.3236083984375,18.386255264282227,12934.716796875
2014-05-06,781.122802734375,30.054214477539062,4614.810546875,29.116121292114258,319.07000732421875,1766.888427734375,18.284318923950195,12634.8857421875
2014-05-07,777.633544921875,29.96894073486328,4626.75732421875,29.24517822265625,321.7061462402344,1766.888427734375,18.271581649780273,12974.349609375
2014-05-08,777.135009765625,29.9348201751709,4718.18603515625,29.116121292114258,324.889404296875,1740.71923828125,18.252466201782227,12680.4921875
2014-05-09,766.6669921875,29.636371612548828,4664.88818359375,29.176349639892578,323.795166015625,1734.1431884765625,18.169645309448242,12466.6484375
2014-05-12,793.5850830078125,30.169328689575195,4848.728515625,30.01953887939453,327.8238525390625,1734.1431884765625,19.016969680786133,12586.2861328125
2014-05-13,776.6365356445312,30.454994201660156,4852.3828125,30.596012115478516,328.9180603027344,1733.5460205078125,18.75576400756836,12580.3017578125
2014-05-14,792.5880126953125,30.685230255126953,4852.3828125,30.544395446777344,325.79449462890625,1733.5460205078125,19.520263671875,12580.3017578125
2014-05-15,797.5728149414062,30.497631072998047,4852.6025390625,30.294876098632812,324.7994384765625,1733.5460205078125,19.14438819885254,11962.689453125
2014-05-16,788.1017456054688,30.186386108398438,4745.953125,30.1055908203125,324.0033874511719,1733.5460205078125,19.208087921142578,11879.6923828125
2014-05-19,797.5728149414062,29.845298767089844,4650.54248046875,30.157201766967773,325.99359130859375,1733.5460205078125,19.182619094848633,11946.240234375
2014-05-20,781.122802734375,29.18869972229004,4650.54248046875,29.632356643676758,325.89404296875,1733.5460205078125,19.016969680786133,11946.240234375
2014-05-21,768.6610107421875,29.423198699951172,,29.477489471435547,324.8492431640625,,19.042448043823242,
2014-05-22,783.6152954101562,29.751501083374023,4538.71044921875,29.51190185546875,327.18768310546875,1733.5460205078125,19.298139572143555,12225.138671875
2014-05-23,796.57568359375,29.8239803314209,4538.71044921875,29.623756408691406,328.0135803222656,1733.5460205078125,19.451555252075195,12225.138671875
2014-05-26,,,4446.02734375,,,1733.5460205078125,,12427.76953125
2014-05-27,792.5880126953125,29.883665084838867,4527.74560546875,29.219364166259766,326.9886474609375,1733.5460205078125,19.13833999633789,12636.3818359375
2014-05-28,795.0803833007812,29.482891082763672,4466.70166015625,29.107519149780273,326.39154052734375,1726.90380859375,18.863466262817383,12649.8388671875
2014-05-29,802.059326171875,29.79839515686035,4466.70166015625,29.4860897064209,326.640380859375,1726.90380859375,19.036062240600586,12649.8388671875
2014-05-30,786.10791015625,28.94140625,4320.6669921875,29.296802520751953,321.76446533203125,1726.90380859375,18.997703552246094,12430.7578125
2014-06-02,795.0803833007812,29.06078338623047,4316.90234375,29.357027053833008,326.2423095703125,1726.90380859375,19.131935119628906,12501.7939453125
2014-06-03,787.6031494140625,28.787918090820312,4373.9638671875,29.31402015686035,323.505859375,1726.90380859375,19.023279190063477,12501.7939453125
2014-06-04,775.6394653320312,28.62590789794922,4373.9638671875,29.69259262084961,323.2072448730469,1726.90380859375,18.665307998657227,12501.7939453125
2014-06-05,775.6394653320312,28.85613441467285,4540.67431640625,29.916296005249023,322.90869140625,1710.2989501953125,18.703670501708984,12613.9501953125
2014-06-06,770.15625,28.97125816345215,4556.54833984375,30.053956985473633,323.40631103515625,1710.2989501953125,18.467147827148438,12503.287109375
2014-06-09,778.6304321289062,29.03094482421875,4471.72119140625,29.821645736694336,324.6999816894531,1710.2989501953125,18.607778549194336,12639.369140625
2014-06-10,770.6548461914062,28.958459854125977,4412.2607421875,29.563535690307617,321.6151123046875,1710.2989501953125,18.57581901550293,12877.892578125
2014-06-11,767.1653442382812,28.873191833496094,4390.93017578125,29.322616577148438,322.6102294921875,1693.6942138671875,18.499113082885742,12868.9169921875
2014-06-12,747.2262573242188,28.37860679626465,4390.93017578125,28.9698486328125,318.4307861328125,1693.6942138671875,18.313735961914062,12868.9169921875
2014-06-13,744.2352294921875,28.472412109375,4338.12451171875,29.227970123291016,316.4405822753906,1693.6942138671875,18.364871978759766,12563.85546875
2014-06-16,746.2291870117188,28.583269119262695,4299.99267578125,29.253787994384766,320.9185791015625,1660.484619140625,18.37765884399414,12482.3525390625
2014-06-17,753.2078247070312,28.301870346069336,4259.07763671875,29.296802520751953,323.70489501953125,1660.484619140625,18.416011810302734,12566.8466796875
2014-06-18,755.2017211914062,28.79218292236328,4342.81494140625,29.93349838256836,324.0531311035156,1660.484619140625,19.029666900634766,12906.3017578125
2014-06-19,762.6790161132812,29.205751419067383,4410.294921875,29.778635025024414,323.8043518066406,1660.484619140625,18.8890380859375,13053.6064453125
2014-06-20,768.1624145507812,28.975522994995117,4407.29541015625,29.993738174438477,326.39154052734375,1660.484619140625,19.061630249023438,12943.6904296875
2014-06-23,776.6365356445312,29.5297908782959,4473.0302734375,31.009004592895508,327.83453369140625,1660.484619140625,19.5730037689209,12591.5185546875
2014-06-24,776.6365356445312,29.009626388549805,4458.02880859375,30.682052612304688,326.4413757324219,1660.484619140625,19.036062240600586,12400.8505859375
2014-06-25,760.1866455078125,28.99683952331543,4473.0849609375,30.776708602905273,322.5604553222656,1660.484619140625,18.978530883789062,12369.447265625
2014-06-26,761.1836547851562,29.26118278503418,4467.79248046875,30.716459274291992,322.9584655761719,1684.2628173828125,18.991315841674805,12259.53125
2014-06-27,762.1804809570312,29.372032165527344,4356.8349609375,31.034826278686523,322.5107727050781,1659.4217529296875,19.016883850097656,12006.0556640625
2014-06-30,760.6851196289062,29.184438705444336,4273.2060546875,31.40479850769043,323.95361328125,1659.4217529296875,19.413209915161133,12087.556640625
2014-07-01,767.1653442382812,29.50420570373535,4325.95849609375,31.705942153930664,331.5660400390625,1659.4217529296875,19.57939910888672,12192.2373046875
2014-07-02,779.1289672851562,29.926305770874023,4364.58154296875,32.549137115478516,334.3523864746094,1659.4217529296875,20.19944953918457,12441.224609375
2014-07-03,817.5121459960938,30.31003189086914,4381.92822265625,33.134220123291016,339.8254089355469,1659.4217529296875,20.908987045288086,12410.5703125
2014-07-04,824.4907836914062,,4413.73291015625,,340.52197265625,1659.4217529296875,,12344.7734375
2014-07-07,813.0258178710938,30.160804748535156,4400.53125,33.27186584472656,340.820556640625,1659.4217529296875,21.241378784179688,12199.712890625
2014-07-08,809.0379638671875,29.985992431640625,4422.6240234375,33.332115173339844,342.4126281738281,1659.4217529296875,21.439538955688477,12388.8876953125
2014-07-09,815.019775390625,30.054214477539062,4422.6240234375,33.59022903442383,344.4028625488281,1659.4217529296875,21.40757179260254,12388.8876953125
2014-07-10,809.5364379882812,29.74296760559082,4418.6416015625,33.43535232543945,341.0195007324219,1659.4217529296875,21.20302391052246,12414.310546875
2014-07-11,807.0439453125,30.130956649780273,4412.75146484375,33.57674789428711,341.6165771484375,1659.4217529296875,21.081573486328125,12109.2421875
2014-07-14,812.0289306640625,30.44646644592285,4452.681640625,33.56806182861328,345.2984619140625,1659.4217529296875,21.15827751159668,12133.521484375
2014-07-15,807.5425415039062,30.523212432861328,4445.20751953125,33.21243667602539,344.70135498046875,1659.4217529296875,20.97290802001953,12709.8798828125
2014-07-16,821.9986572265625,31.103059768676758,,33.680824279785156,357.2396240234375,,21.196626663208008,
2014-07-17,809.5364379882812,30.4720458984375,4338.9423828125,33.394569396972656,352.2640686035156,1660.484619140625,20.774742126464844,12815.4384765625
2014-07-18,803.0562133789062,30.727863311767578,4418.1513671875,33.26448059082031,355.14990234375,1660.484619140625,20.65968894958496,12326.919921875
2014-07-21,813.0258178710938,30.727863311767578,4484.8818359375,33.542030334472656,356.5928039550781,1660.484619140625,20.73639488220215,12311.5126953125
2014-07-22,828.4788208007812,31.248023986816406,4484.8818359375,33.585418701171875,367.6881103515625,1660.484619140625,20.857845306396484,12311.5126953125
2014-07-23,831.4699096679688,31.265077590942383,4444.244140625,33.43796920776367,371.17083740234375,1660.484619140625,21.10714340209961,12506.4560546875
2014-07-24,844.43017578125,31.265077590942383,4431.83349609375,32.55322265625,374.0567626953125,1660.484619140625,21.25415802001953,12542.6728515625
2014-07-25,844.43017578125,31.222448348999023,4433.7001953125,32.95222473144531,375.6488952636719,1660.484619140625,21.241378784179688,12521.095703125
2014-07-28,842.934814453125,31.18833351135254,4439.63037109375,33.01293182373047,370.12615966796875,1660.484619140625,21.20941925048828,12685.990234375
2014-07-29,852.4059448242188,31.337560653686523,4338.36669921875,32.8828239440918,374.20599365234375,1660.484619140625,20.985681533813477,12571.953125
2014-07-30,813.5243530273438,30.834457397460938,4267.3037109375,32.856807708740234,369.67828369140625,1660.484619140625,20.97290802001953,12312.2822265625
2014-07-31,808.0410766601562,30.31003189086914,4272.08203125,32.28432846069336,358.284423828125,1660.484619140625,21.00486946105957,12241.392578125
2014-08-01,807.0439453125,30.250341415405273,4337.15673828125,31.902666091918945,354.40362548828125,1660.484619140625,20.65968894958496,12174.35546875
2014-08-04,808.53955078125,30.67670440673828,4321.45263671875,32.301666259765625,357.9859619140625,1660.484619140625,21.171070098876953,12242.9365234375
2014-08-05,809.0379638671875,30.079788208007812,4263.5693359375,32.03279113769531,357.5879211425781,1660.484619140625,21.0240421295166,12323.0703125
2014-08-06,820.004638671875,30.651119232177734,4234.2998046875,31.83328628540039,358.284423828125,1660.484619140625,20.62133026123047,12358.5166015625
2014-08-07,804.0531005859375,30.14801025390625,4159.61376953125,31.356210708618164,356.54296875,1660.484619140625,20.512672424316406,12147.3896484375
2014-08-08,804.0531005859375,30.288715362548828,4101.8974609375,31.651126861572266,363.2101135253906,1660.484619140625,20.423168182373047,12296.1015625
2014-08-11,820.503173828125,30.399560928344727,4021.6103515625,32.00675964355469,371.7679748535156,1660.484619140625,20.50627326965332,12628.2021484375
2014-08-12,819.0075073242188,30.47631072998047,3908.20849609375,31.989402770996094,373.16107177734375,1613.990966796875,20.723608016967773,12709.10546875
2014-08-13,806.5454711914062,30.348400115966797,3897.391357421875,31.56438636779785,363.70770263671875,1613.990966796875,20.434890747070312,12752.255859375
2014-08-14,810.5332641601562,30.335613250732422,3897.391357421875,31.269468307495117,358.8815002441406,1627.6734619140625,20.248823165893555,12752.255859375
2014-08-15,804.5517578125,30.889883041381836,,31.312843322753906,357.0405578613281,,20.37714385986328,
2014-08-18,808.53955078125,31.022052764892578,3944.28857421875,31.547046661376953,362.3146057128906,1627.6734619140625,20.627365112304688,12412.451171875
2014-08-19,815.5183715820312,29.858089447021484,3948.187744140625,31.47764778137207,357.18994140625,1627.6734619140625,20.40281105041504,12531.1142578125
2014-08-20,816.5151977539062,30.28445053100586,3944.343017578125,32.07615661621094,358.73223876953125,1627.6734619140625,20.466970443725586,12716.810546875
2014-08-21,806.0470581054688,30.084060668945312,3953.29443359375,31.81593894958496,360.224853515625,1627.6734619140625,20.114089965820312,12736.845703125
2014-08-22,805.548583984375,29.72165298461914,3933.195556640625,31.607746124267578,358.33416748046875,1627.6734619140625,20.569629669189453,12612.7900390625
2014-08-25,,29.610794067382812,3843.572021484375,31.633785247802734,,1627.6734619140625,20.48621368408203,12546.5224609375
2014-08-26,796.077392578125,29.474361419677734,3812.16015625,31.56438636779785,361.4687194824219,1627.6734619140625,20.96100616455078,12666.7255859375
2014-08-27,805.548583984375,29.687541961669922,3811.994873046875,31.607746124267578,364.9515380859375,1627.6734619140625,21.050825119018555,12564.2470703125
2014-08-28,787.6031494140625,29.09064292907715,3813.038818359375,31.364891052246094,358.73223876953125,1594.065185546875,20.807022094726562,12434.796875
2014-08-29,783.1168212890625,29.26118278503418,3858.50927734375,31.547046661376953,360.6229553222656,1594.065185546875,21.050825119018555,12474.86328125
2014-09-01,778.1321411132812,,3937.36865234375,,360.07562255859375,1594.065185546875,,12524.9501953125
2014-09-02,788.6002197265625,29.077838897705078,4064.499755859375,30.783737182617188,365.7476806640625,1594.065185546875,20.81984519958496,12615.8720703125
2014-09-03,790.095703125,29.182065963745117,4064.499755859375,30.618928909301758,368.0467834472656,1560.85546875,20.941749572753906,12615.8720703125
2014-09-04,790.095703125,29.01705551147461,4075.098388671875,30.54953384399414,369.6889343261719,1560.85546875,21.037992477416992,12635.134765625
2014-09-05,791.5911865234375,28.986648559570312,3961.25634765625,30.376066207885742,365.2599792480469,1560.85546875,21.121397018432617,12771.5166015625
2014-09-08,788.6002197265625,28.574106216430664,3846.043701171875,30.2806453704834,367.0513916015625,1560.85546875,20.620943069458008,12642.0712890625
2014-09-09,782.618408203125,28.66964340209961,3818.146728515625,29.87297248840332,364.2647705078125,1560.85546875,20.49904441833496,12418.6162109375
2014-09-10,776.6365356445312,28.62187957763672,3807.383056640625,29.977062225341797,360.73150634765625,1560.85546875,20.287324905395508,12451.74609375
2014-09-11,764.6730346679688,28.304866790771484,3764.877197265625,29.977062225341797,359.387939453125,1560.85546875,20.51829719543457,12191.30859375
2014-09-12,761.6820068359375,28.296178817749023,3740.0556640625,29.699508666992188,357.04913330078125,1560.85546875,20.48621368408203,12442.5009765625
2014-09-15,759.1896362304688,28.057336807250977,3708.91845703125,29.768892288208008,353.8144836425781,1560.85546875,20.434890747070312,12410.1416015625
2014-09-16,759.6881713867188,28.430803298950195,3820.72705078125,30.263296127319336,351.3760681152344,1589.9471435546875,20.87117576599121,12393.9599609375
2014-09-17,750.7859497070312,27.766382217407227,3773.82861328125,29.933698654174805,353.5159606933594,1589.9471435546875,20.659448623657227,12476.4052734375
2014-09-18,750.7859497070312,27.870607376098633,,29.760215759277344,356.10357666015625,,20.76852035522461,
2014-09-19,750.287353515625,27.492809295654297,,29.543363571166992,357.7457275390625,,20.274494171142578,
2014-09-22,732.34033203125,26.61126708984375,3658.9443359375,28.771379470825195,340.2789306640625,1589.9471435546875,18.9271297454834,12665.953125
2014-09-23,726.8566284179688,26.693771362304688,3638.955078125,28.589223861694336,342.6178283691406,1594.065185546875,19.081117630004883,12468.7021484375
2014-09-24,738.8212280273438,27.010780334472656,3702.21875,28.840774536132812,347.6438903808594,1640.4920654296875,19.35059356689453,12168.9638671875
2014-09-25,724.8624877929688,26.04238510131836,3678.715087890625,28.337690353393555,340.47796630859375,1640.4920654296875,19.023372650146484,12177.44140625
2014-09-26,719.8770141601562,25.98158836364746,3667.07275390625,28.511167526245117,338.6368103027344,1640.4920654296875,19.100360870361328,12205.951171875
2014-09-29,716.3873291015625,25.625505447387695,3583.599853515625,28.103496551513672,337.890380859375,1640.4920654296875,19.15169334411621,12058.779296875
2014-09-30,718.8799438476562,25.569047927856445,3480.8515625,28.320344924926758,341.57281494140625,1640.4920654296875,19.023372650146484,11964.00390625
2014-10-01,699.9359741210938,25.3823184967041,3480.8515625,27.652448654174805,334.8548583984375,1640.4920654296875,18.824480056762695,11964.00390625
2014-10-02,696.4461669921875,25.525619506835938,3297.926513671875,27.81725311279297,328.68426513671875,1584.035888671875,18.625581741333008,11661.95703125
2014-10-03,678.4990234375,24.852527618408203,3297.926513671875,28.034103393554688,331.0231018066406,1584.035888671875,18.58066177368164,11661.95703125
2014-10-06,704.4225463867188,25.169530868530273,3373.601318359375,28.181568145751953,337.7410583496094,1560.6561279296875,18.734649658203125,11473.1787109375
2014-10-07,696.4461669921875,24.800413131713867,3412.04248046875,27.409582138061523,329.4804382324219,1560.9219970703125,18.36894416809082,11140.30859375
2014-10-08,673.015380859375,25.343238830566406,3324.231201171875,28.016754150390625,325.1012878417969,1560.9219970703125,18.599918365478516,11227.37890625
2014-10-09,683.9829711914062,24.874237060546875,3324.231201171875,27.010583877563477,320.22454833984375,1561.65283203125,18.08022117614746,11227.37890625
2014-10-10,659.5550537109375,24.201139450073242,3187.9296875,26.8642578125,310.76953125,1561.65283203125,18.11871910095215,10913.0
2014-10-13,675.00927734375,24.787384033203125,3258.99951171875,26.91683006286621,319.08001708984375,1561.65283203125,18.03531265258789,10372.0908203125
2014-10-14,677.501953125,25.343238830566406,3266.3671875,26.97816276550293,324.6036071777344,1561.65283203125,18.362529754638672,10399.0595703125
2014-10-15,664.0416259765625,25.477853775024414,3158.239013671875,26.312252044677734,314.7506408691406,1561.65283203125,18.420270919799805,10058.4853515625
2014-10-16,677.003662109375,25.49956703186035,3097.417724609375,26.496253967285156,315.89508056640625,1561.65283203125,18.362529754638672,10558.5595703125
2014-10-17,681.4902954101562,25.63852882385254,3144.169189453125,26.583871841430664,319.8761901855469,1561.65283203125,18.4908504486084,10359.7626953125
2014-10-20,678.4990234375,25.760122299194336,3123.61865234375,26.951879501342773,316.69134521484375,1561.65283203125,18.68973731994629,10363.6162109375
2014-10-21,688.9683227539062,25.98158836364746,3073.488037109375,27.600263595581055,321.7672119140625,1561.65283203125,19.30567741394043,10452.2265625
2014-10-22,692.4580688476562,25.6168155670166,3093.540283203125,27.065784454345703,319.1794738769531,1561.65283203125,18.89505386352539,10274.232421875
2014-10-23,695.4490356445312,25.512598037719727,3099.6337890625,27.12711524963379,319.8761901855469,1561.65283203125,18.792402267456055,10401.3720703125
2014-10-24,690.9624633789062,25.68195152282715,3127.49609375,26.98692512512207,315.4472961425781,1561.65283203125,18.773151397705078,10611.7265625
2014-10-27,676.5049438476562,25.53430938720703,3135.25146484375,26.540063858032227,311.1676940917969,1544.383544921875,18.606338500976562,10229.5439453125
2014-10-28,698.440185546875,25.894746780395508,3155.248046875,25.43605613708496,317.9354553222656,1544.383544921875,18.901472091674805,10217.9853515625
2014-10-29,701.929931640625,25.542999267578125,3115.032470703125,25.401004791259766,322.1653137207031,1544.383544921875,18.471599578857422,10271.1513671875
2014-10-30,688.4696655273438,25.529964447021484,3061.63330078125,24.603660583496094,315.5965576171875,1544.383544921875,18.234201431274414,10349.7451171875
2014-10-31,700.4342651367188,25.81222915649414,,24.971670150756836,318.3832702636719,,18.465177536010742,
2014-11-03,693.95361328125,25.490886688232422,2853.63232421875,24.349567413330078,313.45672607421875,1544.383544921875,18.83089256286621,10756.5859375
2014-11-04,693.95361328125,25.595108032226562,2793.86328125,24.349567413330078,309.1273498535156,1544.383544921875,18.651243209838867,10480.732421875
2014-11-05,695.9476318359375,25.325868606567383,2695.540771484375,23.771276473999023,313.5065002441406,1544.383544921875,18.612751007080078,10719.599609375
2014-11-06,693.95361328125,25.212961196899414,2546.03466796875,24.156801223754883,317.487548828125,1544.383544921875,18.68362045288086,10788.1748046875
2014-11-07,701.4314575195312,26.0033016204834,2604.03076171875,24.831478118896484,323.75775146484375,1544.383544921875,19.456737518310547,10718.830078125
2014-11-10,713.3961791992188,25.721036911010742,2548.74853515625,24.551090240478516,325.4994201660156,1544.383544921875,19.250568389892578,10587.0673828125
2014-11-11,709.407958984375,25.60812759399414,2339.36279296875,24.910329818725586,325.4994201660156,1544.250732421875,19.476058959960938,10748.1083984375
2014-11-12,718.3814697265625,25.265066146850586,2228.798095703125,25.024242401123047,328.4851989746094,1544.250732421875,19.327880859375,10945.3642578125
2014-11-13,715.3902587890625,25.026226043701172,2415.638916015625,24.445947647094727,327.3904113769531,1544.250732421875,18.93488121032715,10934.576171875
2014-11-14,715.3902587890625,25.373632431030273,2367.557373046875,24.796422958374023,326.79315185546875,1544.250732421875,19.66933822631836,11313.6787109375
2014-11-17,714.3932495117188,25.26941680908203,2260.26123046875,24.90157127380371,330.17706298828125,1544.250732421875,19.572702407836914,11215.048828125
2014-11-18,707.4138793945312,24.987136840820312,2289.730712890625,24.70004653930664,330.0776062011719,1544.250732421875,19.53404426574707,11480.8828125
2014-11-19,704.4225463867188,24.253253936767578,2300.974853515625,24.603660583496094,327.0917663574219,1544.250732421875,19.237680435180664,12373.92578125
2014-11-20,694.9505615234375,23.94926643371582,2270.3984375,25.03299903869629,321.91644287109375,1544.250732421875,19.295665740966797,12734.5322265625
2014-11-21,728.3519897460938,24.90028953552246,2418.075927734375,25.926725387573242,334.65582275390625,1544.250732421875,20.19119644165039,12784.6162109375
2014-11-24,723.3668823242188,24.35312843322754,2321.08349609375,25.506147384643555,330.9235534667969,1544.250732421875,19.97858428955078,12291.4775390625
2014-11-25,731.3433227539062,23.966630935668945,2285.963623046875,25.65510368347168,329.7292175292969,1544.250732421875,19.856178283691406,12143.537109375
2014-11-26,758.7623291015625,24.0447998046875,2264.969970703125,25.707672119140625,329.5301513671875,1544.250732421875,20.010799407958984,11945.5126953125
2014-11-27,748.2932739257812,,2272.171142578125,,325.64874267578125,1544.250732421875,,11807.5849609375
2014-11-28,734.8329467773438,22.420682907104492,2313.051025390625,23.525936126708984,318.8808898925781,1544.250732421875,19.295665740966797,11854.587890625
2014-12-01,732.8388671875,22.299091339111328,2273.943359375,22.95640754699707,315.49700927734375,1544.250732421875,19.25701332092285,11723.5986328125
2014-12-02,738.8212280273438,22.155794143676758,2270.508544921875,22.667266845703125,318.28375244140625,1524.324951171875,19.121715545654297,11543.296875
2014-12-03,736.8269653320312,22.45977020263672,2271.33984375,23.39451026916504,321.07049560546875,1524.324951171875,19.231243133544922,11722.0576171875
2014-12-04,730.3462524414062,22.25132942199707,2152.466064453125,23.15793800354004,318.1842041015625,1524.324951171875,19.340763092041016,11550.23046875
2014-12-05,729.84765625,21.877866744995117,2174.734375,22.789939880371094,314.99945068359375,1524.324951171875,19.488950729370117,11766.7490234375
2014-12-08,724.364013671875,21.3002986907959,,22.01888084411621,312.6604919433594,,19.018634796142578,
2014-12-09,728.8505859375,21.091861724853516,2106.32373046875,22.01888084411621,310.4709777832031,1524.324951171875,18.876901626586914,11435.1474609375
2014-12-10,724.364013671875,20.709712982177734,1894.11279296875,20.993722915649414,304.8478088378906,1524.324951171875,18.593425750732422,10907.8212890625
2014-12-11,711.402099609375,20.45349884033203,1603.57568359375,20.135047912597656,293.4521484375,1524.324951171875,18.37437629699707,11082.552734375
2014-12-12,699.4373779296875,20.053985595703125,1509.7950439453125,19.08361053466797,286.6345520019531,1524.324951171875,17.839630126953125,10813.794921875
2014-12-15,683.9829711914062,19.606698989868164,1518.3812255859375,18.426462173461914,278.67242431640625,1524.324951171875,17.375764846801758,10669.6201171875
2014-12-16,697.9418334960938,19.645780563354492,1508.8533935546875,18.56665802001953,285.0919189453125,1524.324951171875,16.802370071411133,10575.59375
2014-12-17,714.3932495117188,20.106096267700195,1579.036376953125,19.390281677246094,291.0635070800781,1524.324951171875,17.214702606201172,10969.7216796875
2014-12-18,719.8770141601562,20.279804229736328,1561.1998291015625,19.994855880737305,288.6251220703125,1527.645751953125,17.813859939575195,11261.203125
2014-12-19,742.3109741210938,21.01369285583496,1510.12744140625,20.503055572509766,296.4875793457031,1527.645751953125,17.949159622192383,11350.5234375
2014-12-22,736.3285522460938,20.592464447021484,1453.6263427734375,19.758283615112305,295.7909240722656,1527.645751953125,17.607702255249023,11241.61328125
2014-12-23,743.3080444335938,20.544692993164062,1401.2247314453125,20.01238250732422,299.5231628417969,1527.645751953125,17.871849060058594,11499.4033203125
2014-12-24,743.3080444335938,20.38836669921875,1427.86865234375,20.07371711730957,298.9757080078125,1527.645751953125,17.97492790222168,11254.1494140625
2014-12-26,,20.64023208618164,1462.378662109375,20.599437713623047,,1528.1104736328125,18.206871032714844,11360.7138671875
2014-12-29,752.7801513671875,20.922496795654297,1469.3028564453125,20.38038444519043,300.5681457519531,1528.1104736328125,18.19398307800293,11293.3271484375
2014-12-30,752.7801513671875,20.774852752685547,1485.754638671875,20.660762786865234,298.5776672363281,1528.1104736328125,18.264846801757812,11551.8984375
2014-12-31,750.287353515625,20.549043655395508,,20.46800422668457,297.38330078125,,18.168212890625,
2015-01-02,745.800537109375,20.644577026367188,1519.3779296875,20.634477615356445,295.69140625,1528.1104736328125,18.322834014892578,11908.4169921875
2015-01-05,719.8770141601562,19.91067886352539,1451.0784912109375,19.407800674438477,281.1606140136719,1528.1104736328125,17.42087173461914,11501.7529296875
2015-01-06,715.3902587890625,19.784744262695312,1433.1309814453125,19.74075698852539,282.7530212402344,1528.1104736328125,17.440195083618164,11341.9091796875
2015-01-07,717.3843994140625,19.971481323242188,1418.23046875,20.0299015045166,283.4496765136719,1528.1104736328125,17.742990493774414,11318.404296875
2015-01-08,743.8063354492188,20.2711124420166,1457.7255859375,20.476770401000977,291.0635070800781,1528.1104736328125,18.251962661743164,11317.619140625
2015-01-09,747.7947387695312,20.379682540893555,1473.2357177734375,20.546863555908203,284.8431701660156,1528.1104736328125,18.2841796875,11511.9365234375
2015-01-12,725.36083984375,19.923707962036133,1468.43701171875,20.213909149169922,278.1251220703125,1528.1104736328125,17.968488693237305,11429.6669921875
2015-01-13,706.9152221679688,19.719608306884766,1413.9586181640625,18.688783645629883,267.67486572265625,1507.719970703125,17.105180740356445,11261.9853515625
2015-01-14,673.015380859375,19.176788330078125,1288.460205078125,16.645809173583984,242.84317016601562,1507.719970703125,16.467357635498047,11197.7353515625
2015-01-15,668.0299072265625,19.432998657226562,1257.29736328125,16.2816219329834,239.45925903320312,1507.719970703125,16.54467010498047,11203.2216796875
2015-01-16,688.9683227539062,20.036609649658203,1268.5882568359375,17.08992576599121,251.3525848388672,1507.719970703125,17.453079223632812,11222.0205078125
2015-01-19,691.4609985351562,,1242.1109619140625,,246.52561950683594,1507.719970703125,,11094.3037109375
2015-01-20,702.428466796875,19.836856842041016,1248.2081298828125,17.1165828704834,256.2293395996094,1507.719970703125,17.427303314208984,11194.599609375
2015-01-21,710.4049682617188,20.21031951904297,1191.8665771484375,17.631765365600586,256.77679443359375,1507.719970703125,17.916950225830078,11755.6201171875
2015-01-22,716.8859252929688,20.544692993164062,1155.4534912109375,17.782764434814453,263.54449462890625,1507.719970703125,18.213308334350586,11926.439453125
2015-01-23,682.4871826171875,19.758691787719727,1090.0230712890625,17.08992576599121,248.217529296875,1484.47314453125,17.472410202026367,12011.0615234375
2015-01-26,694.9505615234375,19.980165481567383,1017.9305419921875,17.374174118041992,251.50189208984375,1484.47314453125,17.820308685302734,12072.1787109375
2015-01-27,691.4609985351562,19.901996612548828,1016.4624633789062,16.326040267944336,252.94503784179688,1462.5548095703125,17.382211685180664,12311.9423828125
2015-01-28,671.5197143554688,19.71526336669922,957.9760131835938,15.473315238952637,256.72705078125,1440.9683837890625,17.201810836791992,11962.478515625
2015-01-29,653.073974609375,19.841201782226562,902.19873046875,14.949249267578125,249.21279907226562,1433.131103515625,17.150272369384766,11848.8681640625
2015-01-30,648.088623046875,20.11912727355957,876.39892578125,14.931482315063477,247.7199249267578,1433.131103515625,17.575489044189453,11858.265625
2015-02-02,670.0241088867188,20.544692993164062,887.5205688476562,15.499964714050293,251.90003967285156,1406.7625732421875,17.633472442626953,11892.7431640625
2015-02-03,703.924072265625,21.691133499145508,1070.094482421875,16.858983993530273,268.0729064941406,1406.7625732421875,18.619190216064453,11985.203125
2015-02-04,695.4490356445312,21.196083068847656,1301.670654296875,16.246095657348633,265.73406982421875,1395.2056884765625,18.825355529785156,11852.0
2015-02-05,708.9094848632812,21.55217742919922,1537.76318359375,17.400819778442383,267.5753479003906,1395.2056884765625,19.16037368774414,11998.5234375
2015-02-06,699.9359741210938,20.970264434814453,1409.2728271484375,16.743511199951172,264.1417236328125,1395.2056884765625,18.767370223999023,12087.0654296875
2015-02-09,714.3932495117188,21.378469467163086,1336.2205810546875,17.329763412475586,274.2933654785156,1395.2056884765625,19.06373405456543,12045.5380859375
2015-02-10,691.4609985351562,20.996322631835938,1406.2242431640625,16.619165420532227,269.7649230957031,1395.2056884765625,19.031524658203125,12039.265625
2015-02-11,688.4696655273438,20.818281173706055,1467.59033203125,16.52145767211914,270.4118347167969,1395.2056884765625,18.857572555541992,12159.15234375
2015-02-12,703.4256591796875,21.196083068847656,1617.9849853515625,17.294225692749023,275.587158203125,1395.2056884765625,19.478181838989258,12206.166015625
2015-02-13,728.8505859375,22.229610443115234,1705.8841552734375,18.02259635925293,285.2411193847656,1395.2056884765625,19.67212677001953,12458.4677734375
2015-02-16,747.7947387695312,,1954.3409423828125,,288.3762512207031,1395.2056884765625,,12376.193359375
2015-02-17,741.812255859375,22.14276123046875,1986.858154296875,18.608840942382812,286.08721923828125,1395.2056884765625,19.69152069091797,12590.8876953125
2015-02-18,750.287353515625,22.173158645629883,1891.5634765625,18.910842895507812,288.0776672363281,1395.2056884765625,19.859603881835938,12533.6875
2015-02-19,745.800537109375,21.91695213317871,1910.0802001953125,18.75095558166504,282.20562744140625,1395.2056884765625,19.510509490966797,12778.9423828125
2015-02-20,751.2844848632812,21.92128562927246,1870.505859375,18.901968002319336,290.7150573730469,1395.2056884765625,19.523441314697266,12586.9697265625
2015-02-23,730.3462524414062,21.517433166503906,1724.11962890625,18.289072036743164,285.73876953125,1395.2056884765625,19.445859909057617,12574.4365234375
2015-02-24,752.2816162109375,22.71597671508789,1466.9127197265625,18.848661422729492,293.99945068359375,1361.132568359375,19.439395904541016,12557.98046875
2015-02-25,751.7828369140625,22.820201873779297,1520.7137451171875,19.09737777709961,297.68194580078125,1361.132568359375,19.439395904541016,12694.318359375
2015-02-26,765.7417602539062,22.52056884765625,1526.4156494140625,18.75095558166504,298.2790222167969,1361.132568359375,19.335966110229492,12573.65234375
2015-02-27,764.744873046875,22.807172775268555,1429.7655029296875,19.21285057067871,298.82647705078125,1361.132568359375,19.245447158813477,12437.3134765625
2015-03-02,762.7506713867188,22.711639404296875,1455.9039306640625,18.768726348876953,299.1250305175781,1361.132568359375,19.27777671813965,12321.345703125
2015-03-03,752.7801513671875,22.577016830444336,1461.831787109375,18.644371032714844,289.8193664550781,1361.132568359375,19.109695434570312,12368.3583984375
2015-03-04,738.3226318359375,22.41634178161621,1481.986328125,18.537782669067383,281.9071044921875,1361.132568359375,19.27777671813965,12452.982421875
2015-03-05,751.7828369140625,22.1167049407959,1469.961669921875,17.933773040771484,290.46630859375,1361.132568359375,19.0450496673584,12472.572265625
2015-03-06,745.800537109375,21.43058204650879,1467.4210205078125,17.267578125,288.1274108886719,1341.0736083984375,18.64423179626465,12166.203125
2015-03-09,750.287353515625,21.469661712646484,1438.9111328125,17.42746925354004,295.4923400878906,1341.0736083984375,18.68302345275879,12076.095703125
2015-03-10,708.9094848632812,20.605493545532227,1452.34765625,16.734628677368164,286.037353515625,1341.0736083984375,18.314533233642578,11928.0029296875
2015-03-11,696.9447631835938,20.324569702148438,1467.928955078125,16.707984924316406,284.2956237792969,1341.0736083984375,18.689491271972656,11736.81640625
2015-03-12,698.440185546875,20.48955726623535,1440.7177734375,16.7790470123291,284.39520263671875,1341.0736083984375,18.883424758911133,11523.6904296875
2015-03-13,696.4461669921875,19.865280151367188,1335.9947509765625,16.112852096557617,276.0350341796875,1341.0736083984375,18.734739303588867,11162.47265625
2015-03-16,704.9212646484375,20.164039611816406,1224.1583251953125,15.96185302734375,275.587158203125,1341.0736083984375,18.741207122802734,11153.853515625
2015-03-17,684.97998046875,20.57427215576172,1167.534912109375,15.473315238952637,281.01129150390625,1341.0736083984375,18.86404037475586,11101.35546875
2015-03-18,679.4962158203125,21.06477928161621,1174.08349609375,16.19279670715332,279.96630859375,1341.0736083984375,19.13555335998535,9208.2958984375
2015-03-19,692.95654296875,20.77939796447754,1229.1832275390625,15.331196784973145,284.39520263671875,1341.0736083984375,19.012723922729492,8975.58203125
2015-03-20,712.3990478515625,21.4304256439209,1296.92822265625,16.352685928344727,297.8809509277344,1341.0736083984375,19.413537979125977,9385.376953125
2015-03-23,724.8624877929688,22.03240394592285,1351.576416015625,17.16987419128418,305.64398193359375,1341.0736083984375,19.646265029907227,9574.2177734375
2015-03-24,721.8711547851562,21.889713287353516,1351.294189453125,17.036640167236328,299.9212341308594,1311.78271484375,19.439395904541016,9550.7109375
2015-03-25,726.3578491210938,21.648923873901367,1430.386474609375,16.95669174194336,300.617919921875,1255.9906005859375,19.174339294433594,9476.267578125
2015-03-26,722.3696899414062,21.425966262817383,1407.6920166015625,17.32087516784668,295.7909240722656,1193.5562744140625,19.012723922729492,9220.052734375
2015-03-27,712.8978271484375,21.002351760864258,1383.416748046875,16.699106216430664,286.7838134765625,1195.548828125,18.314533233642578,8712.3095703125
2015-03-30,737.3255004882812,21.03802490234375,1300.20263671875,17.214282989501953,290.46630859375,1228.7587890625,19.12908935546875,8901.92578125
2015-03-31,730.3462524414062,20.721431732177734,1210.4400634765625,16.832340240478516,284.5445251464844,1228.7587890625,18.86404037475586,8886.255859375
2015-04-01,731.3433227539062,20.547521591186523,1216.650146484375,16.8501033782959,282.7530212402344,1228.7587890625,18.689491271972656,8915.2470703125
2015-04-02,715.8888549804688,20.315650939941406,1217.3839111328125,16.87674903869629,279.4189758300781,1228.7587890625,18.86404037475586,9089.1962890625
2015-04-06,,20.73926544189453,1196.83447265625,17.009986877441406,,1228.7587890625,19.083833694458008,9058.6376953125
2015-04-07,738.3226318359375,20.832908630371094,1205.133544921875,16.858983993530273,289.27197265625,1228.7587890625,19.025657653808594,9099.3837890625
2015-04-08,730.8447875976562,20.83736228942871,1196.6651611328125,16.716869354248047,285.6393127441406,1228.7587890625,19.07737159729004,9181.65234375
2015-04-09,736.3285522460938,20.440502166748047,1167.365478515625,16.681337356567383,287.4805603027344,1228.7587890625,18.799388885498047,9243.5546875
2015-04-10,738.3226318359375,20.43158721923828,1141.2269287109375,16.254976272583008,288.2767333984375,1252.5364990234375,18.773527145385742,9165.984375
2015-04-13,719.8770141601562,19.575441360473633,1110.9111328125,16.263885498046875,283.7980651855469,1252.5364990234375,18.741207122802734,9690.1826171875
2015-04-14,740.8154296875,20.342405319213867,1109.3302001953125,16.878454208374023,291.9591369628906,1252.5364990234375,18.980403900146484,9257.66015625
2015-04-15,748.7918090820312,20.56089973449707,1084.264404296875,18.410432815551758,297.48284912109375,1270.4698486328125,19.426467895507812,9805.36328125
2015-04-16,744.8035888671875,20.87749481201172,1100.91845703125,18.552940368652344,300.667724609375,1280.0345458984375,19.43292999267578,10275.4931640625
2015-04-17,729.84765625,20.708053588867188,1101.708740234375,18.410432815551758,297.1344909667969,1280.0345458984375,19.394142150878906,9922.1142578125
2015-04-20,744.8035888671875,20.931001663208008,1028.0126953125,18.401519775390625,301.5634460449219,1280.0345458984375,19.394142150878906,9451.9814453125
2015-04-21,742.8093872070312,20.62333106994629,1037.5550537109375,18.018529891967773,301.5634460449219,1279.9013671875,19.07090187072754,9560.892578125
2015-04-22,747.2963256835938,21.314489364624023,1206.2176513671875,18.321365356445312,300.8169860839844,1279.9013671875,19.290700912475586,9679.99609375
2015-04-23,782.2600708007812,21.947675704956055,1322.8553466796875,17.876020431518555,301.9819030761719,1279.9013671875,19.484649658203125,10429.853515625
2015-04-24,791.2343139648438,22.75923728942871,1361.6005859375,18.544031143188477,309.8475341796875,1313.642333984375,20.0018253326416,10492.5380859375
2015-04-27,805.1943359375,22.977733612060547,1311.93310546875,19.43471336364746,310.8432922363281,1313.642333984375,20.266876220703125,10295.0810546875
2015-04-28,799.7099609375,23.307708740234375,1317.4517822265625,20.200706481933594,313.531494140625,1313.642333984375,20.89395523071289,10275.4931640625
2015-04-29,781.7614135742188,23.133798599243164,1250.021240234375,20.38774871826172,312.436279296875,1313.642333984375,20.932748794555664,10464.330078125
2015-04-30,779.2684326171875,22.87071418762207,1254.9075927734375,20.726205825805664,308.90167236328125,1313.642333984375,21.06203269958496,10509.7744140625
2015-05-01,790.2373046875,23.15163803100586,,21.07356834411621,311.29132080078125,,21.424060821533203,
2015-05-04,,23.25865364074707,1365.9696044921875,20.833091735839844,,1313.642333984375,21.10082244873047,10566.22265625
2015-05-05,796.2200927734375,23.200685501098633,1405.0594482421875,20.797466278076172,312.98388671875,1313.642333984375,21.301231384277344,10357.9443359375
2015-05-06,780.2657470703125,22.924222946166992,1486.114013671875,20.71729850769043,309.1008605957031,1313.642333984375,21.0943660736084,10436.0498046875
2015-05-07,778.77001953125,22.41588592529297,1505.4295654296875,20.405563354492188,302.0316467285156,1313.642333984375,20.822845458984375,10140.9873046875
2015-05-08,787.7443237304688,22.652217864990234,1589.1279296875,20.744020462036133,301.28497314453125,1313.642333984375,20.97800064086914,10186.7451171875
2015-05-11,780.2657470703125,22.781530380249023,1581.25244140625,20.45900535583496,304.6700744628906,1313.642333984375,20.887210845947266,10239.6044921875
2015-05-12,789.2400512695312,23.11595916748047,1538.828125,20.245235443115234,300.6875,1313.642333984375,20.984481811523438,10116.5322265625
2015-05-13,796.2200927734375,23.107044219970703,1526.698974609375,20.13835334777832,299.5922546386719,1313.642333984375,21.016908645629883,10114.1640625
2015-05-14,793.2285766601562,23.089214324951172,1528.9405517578125,20.307586669921875,297.40191650390625,1329.321533203125,21.399503707885742,10010.0205078125
2015-05-15,786.747314453125,22.986648559570312,1472.14501953125,20.334308624267578,292.0253601074219,1329.321533203125,21.263324737548828,10088.91796875
2015-05-18,790.7357177734375,22.754934310913086,1433.744873046875,19.710834503173828,295.7093200683594,1329.321533203125,20.900178909301758,10025.01171875
2015-05-19,772.787109375,21.62588882446289,1325.0975341796875,18.962656021118164,288.3912353515625,1329.321533203125,20.530555725097656,10068.404296875
2015-05-20,776.7758178710938,21.635299682617188,1325.787353515625,18.77560806274414,291.2288513183594,1329.321533203125,20.828855514526367,9662.892578125
2015-05-21,782.758544921875,21.771730422973633,,19.01609230041504,292.2244873046875,,20.433279037475586,
2015-05-22,771.7899780273438,21.578840255737305,1356.599365234375,18.69544792175293,291.1292419433594,1329.321533203125,20.342496871948242,9868.0146484375
2015-05-25,,,1390.3436279296875,,,1312.279052734375,,9744.1513671875
2015-05-26,753.3428955078125,21.25425148010254,1432.9400634765625,17.884925842285156,288.4907531738281,1312.279052734375,19.88856315612793,9717.333984375
2015-05-27,759.32568359375,21.26365089416504,1421.903076171875,17.947277069091797,285.5037841796875,1312.279052734375,19.92747688293457,9693.658203125
2015-05-28,753.8414306640625,20.967281341552734,1353.6676025390625,17.956186294555664,284.50811767578125,1312.279052734375,19.7783260345459,9472.7578125
2015-05-29,743.869873046875,20.995508193969727,1415.866943359375,17.501930236816406,286.6986083984375,1312.279052734375,19.467056274414062,9461.712890625
2015-06-01,740.8784790039062,20.703840255737305,1419.7181396484375,17.234724044799805,280.5255126953125,1312.279052734375,19.499492645263672,9401.751953125
2015-06-02,764.3115234375,21.18838882446289,1421.6729736328125,18.223384857177734,285.1056213378906,1312.279052734375,20.037717819213867,9378.083984375
2015-06-03,757.829833984375,20.882596969604492,1355.39208984375,17.69788932800293,287.7440490722656,1312.279052734375,19.88856315612793,9596.6201171875
2015-06-04,738.8843383789062,20.27574348449707,1279.626220703125,17.386144638061523,280.1770324707031,1312.279052734375,19.687541961669922,9423.841796875
2015-06-05,734.8955688476562,20.186357498168945,1260.25390625,17.501930236816406,276.1944274902344,1312.279052734375,19.713481903076172,9610.8232421875
2015-06-08,727.9157104492188,20.148725509643555,1277.9019775390625,17.27926254272461,273.6058349609375,1312.279052734375,19.60972023010254,9561.9072265625
2015-06-09,724.4255981445312,19.857053756713867,1267.496826171875,17.831483840942383,274.1035461425781,1312.279052734375,19.69403076171875,9427.0009765625
2015-06-10,733.8984985351562,20.478031158447266,1272.498291015625,18.312456130981445,279.08184814453125,1312.279052734375,19.914506912231445,9570.587890625
2015-06-11,725.4227905273438,20.478031158447266,1263.0130615234375,17.751323699951172,280.0276794433594,1312.279052734375,19.75239372253418,9548.494140625
2015-06-12,729.909912109375,20.369831085205078,1259.276611328125,17.644437789916992,281.3719482421875,1312.279052734375,19.914506912231445,9507.4716796875
2015-06-15,725.92138671875,20.176950454711914,1252.953125,17.44849395751953,277.040771484375,1312.279052734375,19.551368713378906,9469.6015625
2015-06-16,710.4655151367188,20.27574348449707,1339.4110107421875,17.63553237915039,273.0083312988281,1312.279052734375,19.933963775634766,9599.7763671875
2015-06-17,708.969970703125,20.50155258178711,1325.0396728515625,17.831483840942383,270.6685485839844,1312.279052734375,19.77184295654297,9464.078125
2015-06-18,714.9527587890625,20.83085823059082,1305.2073974609375,17.929458618164062,275.1490478515625,1312.279052734375,20.284130096435547,8159.1787109375
2015-06-19,710.96435546875,20.6097469329834,1294.2275390625,17.60881805419922,270.3698425292969,1312.279052734375,19.551368713378906,8249.1181640625
2015-06-22,713.45703125,20.680315017700195,1258.9888916015625,17.27926254272461,272.41094970703125,1312.279052734375,19.441125869750977,8360.359375
2015-06-23,719.9384155273438,20.986095428466797,1276.23486328125,17.911649703979492,273.70538330078125,1312.279052734375,19.551368713378906,8258.5830078125
2015-06-24,718.9412841796875,20.882596969604492,1288.1341552734375,18.312456130981445,276.79180908203125,1312.279052734375,20.141469955444336,8134.72314453125
2015-06-25,717.4456176757812,20.388647079467773,1283.477783203125,17.582096099853516,272.3612060546875,1312.279052734375,19.668088912963867,8107.10986328125
2015-06-26,710.4655151367188,20.082862854003906,1296.4696044921875,17.760231018066406,265.3915710449219,1312.279052734375,19.81075096130371,8201.7802734375
2015-06-29,702.9869995117188,19.63124656677246,,17.261445999145508,261.9068603515625,,19.583789825439453,
2015-06-30,687.5313720703125,19.151397705078125,1259.9088134765625,16.584531784057617,254.19049072265625,1312.279052734375,19.07149887084961,8162.3349609375
2015-07-01,678.5569458007812,19.04790687561035,1245.767333984375,16.388580322265625,251.90052795410156,1312.279052734375,18.961254119873047,7965.88916015625
2015-07-02,682.5454711914062,19.424253463745117,1241.4560546875,16.388580322265625,254.63851928710938,1312.279052734375,19.16876983642578,8176.53564453125
2015-07-03,680.052734375,,1246.457275390625,,251.552001953125,1312.279052734375,,8039.259765625
2015-07-06,667.08984375,18.624515533447266,1228.2918701171875,15.889793395996094,246.5239715576172,1312.279052734375,18.844526290893555,7831.8466796875
2015-07-07,640.6654663085938,18.332847595214844,1155.11279296875,15.36429214477539,229.5978546142578,1312.279052734375,18.74726676940918,7412.13720703125
2015-07-08,642.1611938476562,17.58955955505371,1052.38623046875,14.696283340454102,236.8660888671875,1312.279052734375,18.338727951049805,7309.49462890625
2015-07-09,648.1439819335938,18.064699172973633,1121.0814208984375,14.945676803588867,239.90283203125,1312.279052734375,18.26091194152832,7249.849609375
2015-07-10,655.1240234375,18.56806182861328,1159.7117919921875,14.910041809082031,243.98504638671875,1312.279052734375,18.46841812133789,7283.8544921875
2015-07-13,665.0955200195312,19.057315826416016,1187.93701171875,15.216715812683105,249.3118133544922,1312.279052734375,19.013134002685547,7278.25390625
2015-07-14,656.1212158203125,18.793869018554688,1183.4532470703125,15.387589454650879,247.46981811523438,1312.279052734375,18.935314178466797,7379.70703125
2015-07-15,652.63134765625,18.483383178710938,1157.3548583984375,14.758056640625,244.13438415527344,1312.279052734375,18.753746032714844,7303.341796875
2015-07-16,656.6199340820312,18.7374210357666,,14.659128189086914,244.2837677001953,,18.78616714477539,
2015-07-17,649.1411743164062,18.61040687561035,1169.6566162109375,14.281411170959473,242.04354858398438,1312.279052734375,18.4554443359375,7296.39892578125
2015-07-20,639.1697998046875,18.408119201660156,1158.5123291015625,13.534961700439453,239.5045928955078,1312.279052734375,18.046916961669922,7242.67041015625
2015-07-21,646.14990234375,18.666854858398438,1160.8463134765625,14.137516021728516,240.00242614746094,1312.279052734375,18.384113311767578,7303.26220703125
2015-07-22,625.7083740234375,17.73539161682129,1104.6595458984375,13.543959617614746,227.00912475585938,1312.279052734375,17.969097137451172,7005.67431640625
2015-07-23,626.705322265625,17.36845588684082,1082.3714599609375,12.266904830932617,219.0937042236328,1312.279052734375,17.78104019165039,7049.46044921875
2015-07-24,587.3182373046875,17.076784133911133,1074.78662109375,11.052804946899414,209.2366943359375,1312.279052734375,17.476259231567383,6854.90771484375
2015-07-27,571.3638305664062,17.08619499206543,1056.407470703125,10.22541618347168,204.7064666748047,1312.279052734375,16.918582916259766,6891.43701171875
2015-07-28,584.3267822265625,17.603673934936523,1089.5479736328125,11.088775634765625,211.62632751464844,1312.279052734375,17.703224182128906,7025.63525390625
2015-07-29,583.32958984375,18.017648696899414,1101.333740234375,11.241663932800293,212.0743408203125,1312.279052734375,18.12472915649414,7021.37548828125
2015-07-30,578.842529296875,17.937685012817383,1088.7310791015625,10.648106575012207,210.0830078125,1312.279052734375,17.76807403564453,7163.14697265625
2015-07-31,565.3809204101562,18.050582885742188,1056.2325439453125,10.56716537475586,207.0960693359375,1312.279052734375,18.066368103027344,7249.69140625
2015-08-03,566.378173828125,17.542516708374023,1060.4918212890625,10.072528839111328,199.47933959960938,1312.279052734375,17.560556411743164,7270.9169921875
2015-08-04,572.859619140625,18.045881271362305,1071.3441162109375,9.928637504577637,199.28016662597656,1312.279052734375,18.033946990966797,7315.01806640625
2015-08-05,589.3126220703125,18.342256546020508,1078.8123779296875,9.829713821411133,202.41648864746094,1312.279052734375,17.84589195251465,7423.494140625
2015-08-06,578.3441162109375,18.309324264526367,1100.8671875,10.081524848937988,198.4338836669922,1312.279052734375,18.280359268188477,7386.02099609375
2015-08-07,587.8167724609375,18.177602767944336,1149.2940673828125,9.46997356414795,202.31690979003906,1252.6300048828125,17.83291244506836,7279.20068359375
2015-08-10,592.3038330078125,18.6856746673584,1137.7415771484375,10.477228164672852,205.05496215820312,1252.6300048828125,18.591623306274414,7696.62646484375
2015-08-11,570.3668212890625,17.791847229003906,1079.57080078125,9.191184997558594,190.16993713378906,1252.6300048828125,17.99945640563965,7482.58740234375
2015-08-12,572.361083984375,17.947086334228516,1074.203125,9.21816349029541,179.4168701171875,1252.6300048828125,18.045005798339844,7595.72119140625
2015-08-13,570.8654174804688,17.744802474975586,1073.7362060546875,9.056282997131348,176.03164672851562,1208.9329833984375,17.83677101135254,7571.73779296875
2015-08-14,567.8739624023438,17.82007598876953,1085.1136474609375,9.020312309265137,172.0988311767578,1208.9329833984375,17.966915130615234,7524.79296875
2015-08-17,571.8624877929688,17.490768432617188,1062.884033203125,9.209171295166016,169.26119995117188,1208.9329833984375,18.00596809387207,7653.3125
2015-08-18,559.8966064453125,17.27436637878418,1038.72900390625,8.921384811401367,175.3346710205078,1208.9329833984375,17.563457489013672,7739.38720703125
2015-08-19,550.4237670898438,16.977991104125977,996.019775390625,8.75051498413086,158.25926208496094,1208.9329833984375,17.368234634399414,7771.0234375
2015-08-20,569.8682250976562,16.874496459960938,951.9688720703125,8.732523918151855,162.1422576904297,1167.28076171875,17.368234634399414,7657.1796875
2015-08-21,561.3923950195312,16.314680099487305,948.4678955078125,8.61561107635498,157.8609619140625,1167.28076171875,16.854156494140625,7727.23583984375
2015-08-24,531.4781494140625,15.138591766357422,926.4133911132812,7.80621337890625,137.30072021484375,1125.69677734375,16.183889389038086,7645.5048828125
2015-08-25,577.8452758789062,15.486714363098145,947.1843872070312,7.41050386428833,143.67291259765625,1093.4522705078125,15.949625015258789,7985.61181640625
2015-08-26,559.8966064453125,16.03241539001465,923.84619140625,7.122717380523682,138.2963409423828,1059.162353515625,15.878045082092285,8160.75732421875
2015-08-27,609.75390625,16.935653686523438,975.4236450195312,9.164203643798828,144.7183074951172,1057.9354248046875,17.524415969848633,8349.3115234375
2015-08-28,607.2611083984375,17.26025390625,982.65869140625,9.442998886108398,147.65550231933594,1057.9354248046875,17.797727584838867,8414.7958984375
2015-08-31,,17.32611846923828,984.467529296875,9.5689058303833,,1057.9354248046875,17.34872055053711,8580.47265625
2015-09-01,572.859619140625,16.03241539001465,1006.463623046875,8.786484718322754,132.91981506347656,1057.9354248046875,16.5548095703125,8382.451171875
2015-09-02,575.8511962890625,16.427583694458008,1041.00439453125,8.903395652770996,122.26634216308594,1057.9354248046875,17.205556869506836,8449.505859375
2015-09-03,594.796875,16.4652156829834,1037.1533203125,9.11024284362793,130.38092041015625,1079.0682373046875,17.66757583618164,8866.06640625
2015-09-04,562.88818359375,15.877174377441406,1015.3905029296875,8.732523918151855,122.61482238769531,1072.455810546875,17.160001754760742,9114.580078125
2015-09-07,605.266845703125,,991.7022094726562,,131.22723388671875,1072.455810546875,,9161.1298828125
2015-09-08,608.2582397460938,16.521663665771484,1025.1341552734375,9.353063583374023,137.00201416015625,1072.455810546875,18.051509857177734,8960.736328125
2015-09-09,613.2440795898438,16.59969711303711,1035.111328125,9.649843215942383,143.5732879638672,1072.455810546875,17.90184211730957,9101.16796875
2015-09-10,602.7740478515625,16.550928115844727,1078.170654296875,10.135485649108887,132.37753295898438,1072.455810546875,18.311811447143555,9211.619140625
2015-09-11,605.7655029296875,16.61432456970215,1080.2125244140625,10.252398490905762,133.2739715576172,1072.455810546875,18.344341278076172,9099.5888671875
2015-09-14,590.80810546875,16.633831024169922,1080.446044921875,10.036559104919434,127.39717864990234,1072.455810546875,18.03199005126953,9126.4140625
2015-09-15,603.7710571289062,16.672840118408203,1072.68603515625,10.15346908569336,127.54658508300781,1087.7940673828125,18.11658477783203,9104.3251953125
2015-09-16,602.7740478515625,17.316547393798828,1086.1058349609375,10.648106575012207,134.1704559326172,1087.7940673828125,18.396406173706055,9315.7578125
2015-09-17,587.8365478515625,17.253149032592773,1081.7879638671875,10.836966514587402,131.63046264648438,1106.3363037109375,18.331329345703125,9301.5576171875
2015-09-18,577.86474609375,16.872779846191406,,9.784747123718262,125.504638671875,,17.654565811157227,
2015-09-21,563.9044189453125,16.653337478637695,1078.8704833984375,9.46997356414795,118.53217315673828,1106.3363037109375,17.595998764038086,8887.3671875
2015-09-22,523.02001953125,16.019390106201172,1056.2325439453125,9.52393627166748,105.93189239501953,1090.043701171875,17.34872055053711,8630.9638671875
2015-09-23,523.02001953125,15.678032875061035,1062.3590087890625,8.993330001831055,108.67108917236328,1090.043701171875,17.160001754760742,8444.775390625
2015-09-24,510.0566711425781,15.746305465698242,1059.5,8.984336853027344,98.22232818603516,1090.043701171875,17.478870391845703,8628.59765625
2015-09-25,504.5721435546875,15.54149055480957,1061.9503173828125,8.813467979431152,96.83779907226562,1090.043701171875,17.355222702026367,8624.65234375
2015-09-28,479.6427307128906,14.863654136657715,1043.2216796875,8.013055801391602,68.3502197265625,1084.044921875,16.841136932373047,8208.8837890625
2015-09-29,490.3125915527344,14.985567092895508,1052.6734619140625,8.192922592163086,79.93451690673828,1084.044921875,16.977798461914062,8066.0849609375
2015-09-30,498.2900085449219,15.419577598571777,1066.676513671875,8.7145357131958,91.19007110595703,1084.044921875,17.387754440307617,7939.064453125
2015-10-01,499.5863952636719,15.648774147033691,1103.2591552734375,8.831453323364258,90.66214752197266,1084.044921875,17.706626892089844,8207.3037109375
2015-10-02,508.06231689453125,16.121795654296875,1144.3929443359375,9.550918579101562,94.62651062011719,1084.044921875,17.966915130615234,8526.033203125
2015-10-05,535.9832763671875,16.433895111083984,1136.51611328125,10.054545402526855,114.54789733886719,1084.044921875,18.448463439941406,8839.2421875
2015-10-06,535.48486328125,16.702102661132812,1141.4757080078125,10.639108657836914,117.38667297363281,1084.044921875,18.6632137298584,8932.3359375
2015-10-07,574.873291015625,17.394569396972656,1180.1588134765625,11.700323104858398,123.51251220703125,1084.044921875,18.799861907958984,8948.90234375
2015-10-08,576.3692016601562,18.199193954467773,1232.144775390625,12.105027198791504,120.1756820678711,1084.044921875,18.825897216796875,9082.2333984375
2015-10-09,594.3182983398438,18.41376495361328,1306.419189453125,12.132001876831055,128.5924835205078,1084.044921875,19.626306533813477,9304.71484375
2015-10-12,574.873291015625,18.07240867614746,,11.637371063232422,120.6737060546875,,19.418062210083008,
2015-10-13,564.901611328125,17.64327049255371,1233.5452880859375,11.492920875549316,117.58590698242188,1084.044921875,19.105712890625,9139.8271484375
2015-10-14,578.862060546875,17.882221221923828,1233.603515625,11.790849685668945,119.52822875976562,1084.044921875,19.13825035095215,9316.5478515625
2015-10-15,584.8451538085938,17.872468948364258,1217.150146484375,11.736680030822754,117.28707885742188,1084.044921875,19.099205017089844,9279.4697265625
2015-10-16,577.86474609375,17.584753036499023,1223.2178955078125,11.231101989746094,115.54395294189453,1113.2896728515625,18.72177505493164,8974.150390625
2015-10-19,557.9213256835938,17.18000030517578,1209.712646484375,10.860943794250488,109.56753540039062,1113.2896728515625,18.533058166503906,9067.24609375
2015-10-20,556.4254150390625,17.03858184814453,1222.410400390625,11.050538063049316,113.05377960205078,1113.2896728515625,18.57210922241211,9300.7685546875
2015-10-21,543.9608154296875,16.921550750732422,1203.9249267578125,10.788719177246094,110.11539459228516,1112.948974609375,18.266252517700195,9295.248046875
2015-10-22,559.4170532226562,17.253149032592773,1174.985595703125,10.851917266845703,116.63961791992188,1112.948974609375,18.50703239440918,9816.7353515625
2015-10-23,572.87890625,17.433576583862305,1173.2139892578125,10.951224327087402,118.68155670166016,1112.948974609375,18.871448516845703,10241.97265625
2015-10-26,565.898681640625,17.223896026611328,1100.2757568359375,10.851917266845703,115.49413299560547,1112.948974609375,18.604642868041992,10759.515625
2015-10-27,542.9637451171875,16.760622024536133,1121.71435546875,10.481760025024414,111.60948181152344,1112.948974609375,18.3248291015625,10429.7392578125
2015-10-28,534.9862060546875,16.643583297729492,1101.574951171875,10.635241508483887,114.9961166381836,1112.948974609375,18.266252517700195,10470.7626953125
2015-10-29,525.0144653320312,15.955994606018066,1075.175537109375,10.499814987182617,110.3644027709961,1112.948974609375,17.979934692382812,10351.634765625
2015-10-30,525.0144653320312,16.03889274597168,1079.6051025390625,10.626212120056152,112.0577163696289,1112.948974609375,18.064533233642578,10500.7412109375
2015-11-02,520.5269775390625,15.970623016357422,1112.7962646484375,10.671350479125977,115.14553833007812,1112.948974609375,18.246732711791992,10730.322265625
2015-11-03,533.9888916015625,16.404638290405273,1108.189697265625,11.204017639160156,118.98038482666016,1112.948974609375,18.318313598632812,10541.767578125
2015-11-04,535.9832763671875,16.30222511291504,1117.2257080078125,10.851917266845703,125.35523223876953,1112.948974609375,18.129602432250977,10517.3076171875
2015-11-05,514.5440673828125,15.819450378417969,1090.8260498046875,10.364389419555664,121.02233123779297,1112.948974609375,17.966915130615234,10594.625
2015-11-06,513.0482788085938,14.995318412780762,1120.7694091796875,9.705331802368164,115.39454650878906,1112.948974609375,17.562875747680664,10654.5830078125
2015-11-09,508.06231689453125,14.60031795501709,1120.0015869140625,9.470598220825195,109.26872253417969,1112.948974609375,17.380401611328125,10568.58984375
2015-11-10,496.2956848144531,14.571061134338379,1134.6480712890625,8.874735832214355,104.63700866699219,1112.948974609375,17.46512222290039,10447.8837890625
2015-11-11,504.0736389160156,14.107791900634766,1143.684326171875,8.405268669128418,103.44172668457031,1112.948974609375,17.347820281982422,10369.7763671875
2015-11-12,479.4433288574219,13.746927261352539,1147.9957275390625,7.917746067047119,95.54290008544922,1112.948974609375,17.061079025268555,10544.1328125
2015-11-13,478.2467041015625,13.85421371459961,1151.7164306640625,7.83649206161499,92.74394226074219,1112.948974609375,17.008941650390625,11013.5517578125
2015-11-16,473.9588623046875,13.976122856140137,1143.2119140625,7.998998165130615,89.18798065185547,1112.948974609375,16.800405502319336,10933.078125
2015-11-17,471.0670471191406,13.67866039276123,1106.831298828125,7.5746750831604,88.48075866699219,1112.948974609375,16.696134567260742,10520.4619140625
2015-11-18,498.5891418457031,13.946866989135742,1110.729248046875,7.917746067047119,92.94314575195312,1112.948974609375,17.18489646911621,10061.3056640625
2015-11-19,499.5863952636719,14.200445175170898,1121.0054931640625,7.592729568481445,93.68024444580078,1112.948974609375,17.43254280090332,10167.810546875
2015-11-20,506.56658935546875,14.190691947937012,1104.705078125,7.448279857635498,91.96701049804688,1112.948974609375,17.817033767700195,9958.7451171875
2015-11-23,494.7998962402344,13.86396312713623,1122.7183837890625,7.222572326660156,90.06452178955078,1112.948974609375,16.943777084350586,10126.7880859375
2015-11-24,494.8995361328125,14.034642219543457,1117.75732421875,7.4934186935424805,93.61053466796875,1094.134033203125,16.98938751220703,9901.1484375
2015-11-25,497.1931457519531,13.42507553100586,1104.5867919921875,7.3128557205200195,90.22389221191406,1090.7255859375,16.74174690246582,9973.7333984375
2015-11-26,516.039794921875,,1115.099365234375,,95.50304412841797,1090.7255859375,,10056.5712890625
2015-11-27,495.2984313964844,13.156866073608398,1118.7021484375,7.3128557205200195,91.51878356933594,1090.7255859375,16.73523712158203,9894.8369140625
2015-11-30,506.06805419921875,13.010574340820312,1107.7764892578125,7.385079860687256,96.32978820800781,1090.7255859375,16.767824172973633,9341.796875
2015-12-01,511.0539245605469,13.31779670715332,1070.2735595703125,7.520504951477051,94.10856628417969,1090.7255859375,17.035009384155273,9165.0751953125
2015-12-02,513.0482788085938,13.112980842590332,1056.3946533203125,7.069094657897949,93.13243865966797,1090.7255859375,16.45500946044922,8989.1416015625
2015-12-03,499.5863952636719,12.800882339477539,1018.7738037109375,6.933670520782471,89.86530303955078,1090.7255859375,16.73523712158203,9235.2900390625
2015-12-04,490.3125915527344,12.913042068481445,1000.6426391601562,7.087149620056152,86.94682312011719,1090.7255859375,17.45860481262207,9166.9013671875
2015-12-07,476.551513671875,12.440019607543945,989.18505859375,6.527399063110352,85.02442169189453,1090.7255859375,16.917707443237305,8815.8125
2015-12-08,440.4536437988281,11.918232917785645,,6.085018157958984,79.13764953613281,,16.161758422851562,
2015-12-09,445.3398132324219,12.162056922912598,992.2560424804688,6.310722827911377,82.75338745117188,1090.7255859375,16.42894172668457,8736.9189453125
2015-12-10,444.7414855957031,12.254712104797363,988.1220092773438,6.6447672843933105,88.55049896240234,1090.7255859375,16.507144927978516,8632.7744140625
2015-12-11,427.6897888183594,11.61100959777832,988.3580932617188,6.229468822479248,85.03438568115234,1090.7255859375,16.2269229888916,8495.5
2015-12-14,411.1366882324219,11.542737007141113,955.1669311523438,5.832228183746338,79.68548583984375,1090.7255859375,16.311641693115234,8387.4091796875
2015-12-15,411.7348937988281,11.61100959777832,980.38525390625,5.886397838592529,82.04618835449219,1090.7255859375,16.58534812927246,8527.84375
2015-12-16,416.5213317871094,11.986502647399902,999.4613647460938,6.039877414703369,84.01837921142578,1082.1358642578125,16.754785537719727,9055.6572265625
2015-12-17,413.8290100097656,11.518354415893555,1013.3994140625,5.525269031524658,80.54210662841797,1082.1358642578125,16.25299072265625,8881.294921875
2015-12-18,415.1252746582031,11.669527053833008,974.3612670898438,5.606521129608154,80.54210662841797,1082.1358642578125,16.22040557861328,9589.7802734375
2015-12-21,424.0002136230469,11.840204238891602,954.9898071289062,5.63360595703125,82.7234878540039,1082.1358642578125,15.93366527557373,9649.7431640625
2015-12-22,443.7443542480469,11.966994285583496,964.7345581054688,5.796113967895508,85.50251770019531,1082.1358642578125,16.207372665405273,9791.755859375
2015-12-23,461.7933349609375,12.659463882446289,1006.4303588867188,6.726020336151123,92.7240219116211,1082.1358642578125,17.393436431884766,10354.2802734375
2015-12-24,461.2947082519531,12.747241020202637,1004.009033203125,6.834359169006348,92.0367431640625,1070.2744140625,17.536806106567383,10376.37109375
2015-12-28,,12.591193199157715,971.9988403320312,6.184327125549316,,1070.2744140625,17.11972999572754,10547.5771484375
2015-12-29,459.4000244140625,12.830141067504883,996.4492797851562,6.292666435241699,92.7339859008789,1070.2744140625,17.38691520690918,10571.24609375
2015-12-30,470.76788330078125,12.67896842956543,1012.0999755859375,6.11210298538208,89.44696044921875,1070.2744140625,17.16534996032715,10499.4521484375
2015-12-31,467.97576904296875,12.561932563781738,1012.0999755859375,6.11210298538208,90.12429809570312,1070.2744140625,17.02197265625,10499.4521484375
2016-01-04,444.4423828125,12.425390243530273,992.197265625,5.913482666015625,84.93478393554688,1070.2744140625,16.72220230102539,10640.67578125
2016-01-05,445.63897705078125,12.322982788085938,984.7555541992188,6.0579328536987305,87.91300964355469,1070.2744140625,16.911191940307617,10374.00390625
2016-01-06,432.4761962890625,11.586626052856445,977.0779418945312,5.570408821105957,85.51248931884766,1070.2744140625,16.422428131103516,10104.9736328125
2016-01-07,409.4414367675781,10.952679634094238,965.0294799804688,5.064829349517822,78.40057373046875,1070.2744140625,16.005346298217773,9692.345703125
2016-01-08,397.17608642578125,10.70885181427002,947.1939697265625,4.884264945983887,77.17540740966797,1070.2744140625,15.68602180480957,9631.599609375
2016-01-11,386.60601806640625,10.435765266418457,952.6865234375,3.8911612033843994,73.14131164550781,1070.2744140625,15.24288272857666,9220.55078125
2016-01-12,373.04443359375,10.065149307250977,915.0064086914062,3.710597276687622,71.71692657470703,1070.2744140625,14.838837623596191,9394.1201171875
2016-01-13,367.7593994140625,9.938360214233398,865.2193603515625,3.3765525817871094,71.58745574951172,1070.2744140625,14.76715087890625,9444.6103515625
2016-01-14,371.8477478027344,10.572308540344238,893.6859741210938,3.7918500900268555,78.3108901977539,1070.2744140625,14.90400505065918,9369.6630859375
2016-01-15,349.6107177734375,9.84570598602295,859.3135986328125,3.9272732734680176,73.21104431152344,1070.2744140625,14.79973030090332,9357.8291015625
2016-01-18,349.012451171875,,883.8231201171875,,74.85455322265625,1049.141357421875,,9310.48828125
2016-01-19,354.4969177246094,9.787191390991211,885.4769287109375,3.57517409324646,78.66948699951172,1049.141357421875,14.526025772094727,9320.748046875
2016-01-20,345.1234436035156,9.450709342956543,869.53076171875,3.674484968185425,70.92008972167969,1049.141357421875,14.76715087890625,9196.091796875
2016-01-21,364.3689880371094,10.240703582763672,881.519775390625,3.9092180728912354,81.92665100097656,1049.141357421875,14.9952392578125,8936.5244140625
2016-01-22,371.14984130859375,10.47477912902832,888.7840576171875,3.557117462158203,78.27107238769531,1049.141357421875,15.392765045166016,9071.4384765625
2016-01-25,362.1752624511719,10.118792533874512,884.5911254882812,3.557117462158203,80.53215789794922,1049.141357421875,15.308052062988281,8783.4677734375
2016-01-26,376.93341064453125,10.733232498168945,874.8460693359375,3.7918500900268555,86.757568359375,1049.141357421875,16.285573959350586,8597.2724609375
2016-01-27,374.3407287597656,10.411385536193848,871.4208374023438,4.198121070861816,91.66818237304688,1080.0908203125,16.122648239135742,8676.95703125
2016-01-28,382.9164123535156,10.62594985961914,867.759033203125,3.990471839904785,90.09437561035156,1080.0908203125,16.279056549072266,8729.02734375
2016-01-29,379.1272888183594,10.684473037719727,868.17236328125,4.152978897094727,89.12821197509766,1080.0908203125,16.891639709472656,8991.751953125
2016-02-01,372.9446716308594,10.596691131591797,879.984375,4.279375076293945,87.64407348632812,1080.0908203125,16.53972625732422,9063.548828125
2016-02-02,364.4686584472656,9.913978576660156,874.0784912109375,3.9272732734680176,82.82310485839844,1080.0908203125,15.757710456848145,8733.76171875
2016-02-03,374.5401611328125,10.430891036987305,860.7308959960938,4.3786845207214355,85.6120834350586,1080.0908203125,16.57231330871582,8746.38671875
2016-02-04,429.08587646484375,11.162370681762695,914.533935546875,5.164139747619629,99.2881088256836,1080.0908203125,17.549842834472656,8983.861328125
2016-02-05,445.0406494140625,11.011197090148926,916.010498046875,5.128027439117432,101.74842071533203,1080.0908203125,17.26961326599121,8898.6513671875
2016-02-08,452.1206359863281,11.074591636657715,923.5701904296875,4.757870674133301,102.39584350585938,1080.0908203125,16.995906829833984,8724.2958984375
2016-02-09,409.7405700683594,10.62594985961914,920.9714965820312,4.514107704162598,94.06871795654297,1080.0908203125,16.53972625732422,8669.068359375
2016-02-10,397.27587890625,10.557679176330566,933.1377563476562,4.496052265167236,93.13243865966797,1080.0908203125,16.357257843017578,8734.5517578125
2016-02-11,388.4009704589844,10.33336067199707,927.231689453125,4.414797782897949,87.33528137207031,1061.20751953125,16.083227157592773,8681.6884765625
2016-02-12,432.07733154296875,11.0794677734375,914.12060546875,4.9926042556762695,98.07292938232422,1061.20751953125,17.205459594726562,8790.5673828125
2016-02-15,441.5505676269531,,933.1377563476562,,100.8021469116211,1061.20751953125,,8857.62890625
2016-02-16,439.3568115234375,11.294034957885742,960.0686645507812,5.750973224639893,102.54524993896484,1054.458740234375,17.225040435791016,9035.93359375
2016-02-17,477.0501403808594,11.762182235717773,969.8727416992188,6.464201927185059,119.52822875976562,1054.458740234375,16.63129234313965,9481.6953125
2016-02-18,475.9531555175781,11.698787689208984,967.7466430664062,6.455174922943115,117.43648529052734,1054.458740234375,15.82223892211914,9527.455078125
2016-02-19,479.14422607421875,11.693912506103516,976.1328735351562,6.247526168823242,117.93451690673828,1054.458740234375,15.49600887298584,9522.7216796875
2016-02-22,516.039794921875,12.332735061645508,1015.880126953125,7.159374237060547,131.8794708251953,1054.458740234375,16.285491943359375,9731.7939453125
2016-02-23,495.1986999511719,11.747551918029785,981.9207763671875,6.536428928375244,128.9410858154297,1054.458740234375,15.87443733215332,9549.5439453125
2016-02-24,475.1554870605469,11.118483543395996,976.0148315429688,6.500314235687256,115.89257049560547,1054.458740234375,15.87443733215332,9513.255859375
2016-02-25,476.2522888183594,11.133111953735352,974.6563720703125,6.428089618682861,118.33295440673828,1054.458740234375,15.959254264831543,9585.0478515625
2016-02-26,483.0331726074219,11.001443862915039,992.1380004882812,6.70796537399292,127.74578857421875,1085.544677734375,16.070178985595703,9802.013671875
2016-02-29,492.6061096191406,11.025829315185547,994.38232421875,6.888529300689697,132.72613525390625,1085.544677734375,15.619976043701172,9809.90234375
2016-03-01,489.01617431640625,11.440330505371094,998.103271484375,7.005895614624023,129.98695373535156,1085.544677734375,16.141942977905273,9983.4716796875
2016-03-02,506.56658935546875,12.386374473571777,1012.867919921875,8.098309516906738,134.86769104003906,1085.544677734375,16.787887573242188,9953.4931640625
2016-03-03,509.55816650390625,12.60582160949707,1011.0369262695312,8.22470474243164,142.43780517578125,1085.544677734375,17.04886817932129,9891.1630859375
2016-03-04,548.9467163085938,13.498226165771484,1098.79931640625,8.793482780456543,159.3709716796875,1085.544677734375,17.577369689941406,10142.841796875
2016-03-07,590.8280029296875,14.224827766418457,1251.2318115234375,8.90182113647461,170.07875061035156,1085.544677734375,17.583892822265625,10273.0185546875
2016-03-08,534.9862060546875,12.976434707641602,1200.9718017578125,7.818436145782471,139.20059204101562,1085.544677734375,16.918376922607422,9986.62890625
2016-03-09,532.9918823242188,13.307138442993164,1122.7183837890625,8.260817527770996,142.68679809570312,1085.544677734375,17.0880184173584,10005.5615234375
2016-03-10,508.06231689453125,13.099833488464355,1182.4273681640625,8.66708755493164,136.71041870117188,1124.810546875,17.146739959716797,10486.037109375
2016-03-11,522.521484375,13.43547534942627,1182.1910400390625,8.6219482421875,141.14291381835938,1124.810546875,17.51864242553711,10804.775390625
2016-03-14,535.9832763671875,13.252843856811523,1205.4014892578125,9.001131057739258,147.31854248046875,1124.810546875,17.531692504882812,10649.349609375
2016-03-15,512.0509643554688,12.344642639160156,1168.016845703125,8.369156837463379,140.29627990722656,1124.810546875,17.375102996826172,10720.3564453125
2016-03-16,494.999267578125,12.833295822143555,1182.66357421875,9.226838111877441,143.73272705078125,1124.810546875,18.060190200805664,10747.97265625
2016-03-17,535.9832763671875,13.470026016235352,1254.1846923828125,9.840754508972168,157.37881469726562,1186.163818359375,18.556062698364258,10929.4306640625
2016-03-18,513.0482788085938,13.53419017791748,1192.6446533203125,9.714359283447266,160.1678466796875,1186.163818359375,18.490816116333008,11002.8056640625
2016-03-21,494.3012390136719,13.366372108459473,1204.86962890625,9.750473976135254,159.27134704589844,1186.163818359375,18.412521362304688,11249.7509765625
2016-03-22,496.2956848144531,13.183746337890625,1223.5916748046875,9.92200756072998,159.2215576171875,1186.163818359375,18.529966354370117,11273.4189453125
2016-03-23,480.8395080566406,12.596372604370117,1182.72265625,8.802509307861328,152.89651489257812,1186.163818359375,17.916648864746094,11242.6474609375
2016-03-24,468.07550048828125,12.65560531616211,1178.9427490234375,9.127528190612793,150.60556030273438,1186.163818359375,18.249401092529297,10988.6025390625
2016-03-28,,12.680282592773438,1173.39111328125,9.15461254119873,,1227.06591796875,18.105863571166992,10958.62109375
2016-03-29,452.71893310546875,12.700028419494629,1155.496337890625,9.15461254119873,143.23463439941406,1227.13427734375,18.44514274597168,11162.17578125
2016-03-30,468.3746643066406,12.981371879577637,1179.8875732421875,9.29003620147705,150.9542236328125,1227.13427734375,18.392948150634766,11134.5615234375
2016-03-31,468.07550048828125,12.783940315246582,1169.1978759765625,9.335175514221191,156.681640625,1227.13427734375,18.07976531982422,10895.5087890625
2016-04-01,452.619140625,12.660538673400879,1171.0289306640625,8.928906440734863,149.1612548828125,1227.13427734375,17.98189353942871,10819.767578125
2016-04-04,442.9466247558594,12.176822662353516,1193.4713134765625,8.504579544067383,149.21109008789062,1227.13427734375,17.47949981689453,10673.0224609375
2016-04-05,431.47906494140625,11.880671501159668,1187.0340576171875,8.432352066040039,141.29232788085938,1227.13427734375,17.596939086914062,10769.2744140625
2016-04-06,437.2626647949219,11.999129295349121,1180.360107421875,8.676116943359375,139.54922485351562,1227.13427734375,17.525169372558594,10580.7119140625
2016-04-07,425.69537353515625,11.806632995605469,1169.1978759765625,7.98997163772583,131.58067321777344,1227.13427734375,16.755266189575195,10769.2744140625
2016-04-08,432.4761962890625,12.22618293762207,1182.8995361328125,8.423324584960938,136.26217651367188,1227.13427734375,16.911855697631836,10666.7109375
2016-04-11,438.0603942871094,12.640798568725586,1228.5526123046875,8.811540603637695,140.94369506835938,1227.747802734375,17.2315616607666,10904.974609375
2016-04-12,445.2400207519531,13.183746337890625,1286.3125,9.416430473327637,147.9659881591797,1227.747802734375,17.786151885986328,11329.431640625
2016-04-13,468.17535400390625,14.0722017288208,1295.6439208984375,9.768529891967773,157.87686157226562,1227.747802734375,18.1319637298584,11175.5849609375
2016-04-14,463.6878967285156,14.210404396057129,1293.8131103515625,9.687274932861328,157.37881469726562,1227.747802734375,18.047143936157227,11042.25390625
2016-04-15,469.6709289550781,14.269635200500488,1280.4066162109375,9.804641723632812,155.03807067871094,1227.747802734375,18.255929946899414,10960.201171875
2016-04-18,456.90704345703125,14.758288383483887,1356.002685546875,9.949092864990234,157.4286346435547,1227.747802734375,18.503868103027344,11299.451171875
2016-04-19,491.4094543457031,15.52828598022461,1421.027099609375,10.842890739440918,169.23202514648438,1227.747802734375,18.986682891845703,12000.8369140625
2016-04-20,498.5891418457031,16.056425094604492,1483.8660888671875,11.1588773727417,169.97911071777344,1245.294189453125,18.95406150817871,12173.619140625
2016-04-21,484.7284240722656,15.671425819396973,1468.4517822265625,10.400505065917969,166.0944366455078,1270.6009521484375,18.836620330810547,11739.693359375
2016-04-22,478.4461364746094,15.705982208251953,1405.6124267578125,10.535928726196289,161.16387939453125,1279.1751708984375,19.045413970947266,11445.41015625
2016-04-25,468.673828125,15.074188232421875,1354.13134765625,10.247023582458496,154.390625,1279.1751708984375,18.914918899536133,11103.00390625
2016-04-26,469.6709289550781,15.32591438293457,1336.7677001953125,10.364389419555664,151.40243530273438,1279.1751708984375,19.495609283447266,11158.23046875
2016-04-27,477.448974609375,15.261748313903809,1407.9351806640625,11.420693397521973,152.39845275878906,1279.1751708984375,19.710920333862305,11306.552734375
2016-04-28,474.6568298339844,15.345663070678711,1459.0220947265625,11.429722785949707,155.83497619628906,1279.1751708984375,19.476036071777344,11229.2353515625
2016-04-29,481.8365783691406,15.469059944152832,1391.3392333984375,12.639504432678223,162.2595977783203,1279.1751708984375,19.35858917236328,11137.7177734375
2016-05-02,,15.385147094726562,1444.4342041015625,12.233232498168945,,1286.1585693359375,19.267244338989258,11251.923828125
2016-05-03,446.436767578125,14.595407485961914,1427.7203369140625,10.842890739440918,149.21109008789062,1286.1585693359375,18.86272430419922,11298.3359375
2016-05-04,434.1714172363281,13.637842178344727,1405.6907958984375,10.653297424316406,144.479736328125,1286.1585693359375,18.595205307006836,11334.162109375
2016-05-05,441.0519714355469,13.652652740478516,1437.5242919921875,10.192853927612305,144.878173828125,1286.1585693359375,18.425567626953125,11433.5
2016-05-06,440.2541809082031,13.785924911499023,1399.8436279296875,10.644266128540039,145.02757263183594,1286.1585693359375,18.647798538208008,11417.2138671875
2016-05-09,415.424560546875,12.961627960205078,1338.8935546875,9.4976806640625,132.0288543701172,1286.1585693359375,17.987651824951172,11141.1865234375
2016-05-10,417.2193298339844,13.41079330444336,1343.3233642578125,9.804641723632812,133.37356567382812,1286.1585693359375,18.131444931030273,11335.7900390625
2016-05-11,424.4988098144531,13.499642372131348,1367.419921875,10.481760025024414,136.31199645996094,1286.1585693359375,18.222946166992188,11703.0146484375
2016-05-12,404.9541320800781,13.188679695129395,1338.71630859375,9.958121299743652,130.5845947265625,1286.1585693359375,18.1575870513916,11883.771484375
2016-05-13,410.63800048828125,13.129450798034668,1333.2830810546875,9.398374557495117,130.63438415527344,1286.1585693359375,17.68697738647461,11773.849609375
2016-05-16,424.3990478515625,13.558869361877441,1307.1787109375,9.96714973449707,133.07479858398438,1286.1585693359375,17.876527786254883,11844.689453125
2016-05-17,432.5759582519531,13.973484992980957,1306.1151123046875,10.3914794921875,135.96336364746094,1286.1585693359375,18.02686309814453,11824.3291015625
2016-05-18,419.9117126464844,13.494705200195312,1309.5408935546875,9.515741348266602,132.4272918701172,1286.1585693359375,17.51703453063965,11410.69921875
2016-05-19,417.8177490234375,13.489768028259277,1282.66845703125,9.912981033325195,127.59640502929688,1286.1585693359375,17.62161636352539,11922.0400390625
2016-05-20,427.7894592285156,13.247909545898438,1277.8253173828125,10.003262519836426,128.14427185058594,1286.1585693359375,17.451679229736328,12746.8603515625
2016-05-23,429.9833068847656,13.302202224731445,1222.3092041015625,10.274109840393066,128.29364013671875,1286.1585693359375,17.477825164794922,12918.666015625
2016-05-24,433.1742858886719,13.376242637634277,1248.767822265625,10.03034782409668,129.19009399414062,1286.1585693359375,17.30788230895996,12488.7490234375
2016-05-25,441.25140380859375,13.948803901672363,1309.0682373046875,10.517871856689453,132.8755340576172,1286.1585693359375,17.556255340576172,12460.25
2016-05-26,446.6361389160156,13.805665969848633,1308.182373046875,10.237998962402344,135.41551208496094,1286.1585693359375,17.44513702392578,12333.228515625
2016-05-27,435.36798095703125,13.573678970336914,1281.5462646484375,10.0574369430542,133.7720184326172,1286.1585693359375,17.392847061157227,12254.248046875
2016-05-30,,,1265.7774658203125,,,1279.3824462890625,,12378.0126953125
2016-05-31,427.7894592285156,13.312078475952148,1271.3883056640625,10.003262519836426,130.5845947265625,1279.3824462890625,17.02682113647461,12357.6572265625
2016-06-01,414.52703857421875,13.149190902709961,1256.3868408203125,9.569911003112793,128.3932342529297,1279.3824462890625,17.02682113647461,12185.0390625
2016-06-02,416.2221984863281,13.208422660827637,1241.4444580078125,9.624080657958984,128.04466247558594,1279.3824462890625,17.170616149902344,12552.2626953125
2016-06-03,427.0914611816406,13.726692199707031,1295.071044921875,10.03034782409668,135.11669921875,1279.3824462890625,17.268667221069336,12649.96875
2016-06-06,448.73028564453125,14.40290641784668,1395.768798828125,10.517871856689453,143.5334930419922,1286.2276611328125,17.634689331054688,13453.6162109375
2016-06-07,438.85821533203125,14.195601463317871,1378.464111328125,10.147717475891113,139.44960021972656,1283.32373046875,17.34709358215332,13494.33203125
2016-06-08,450.4254455566406,14.634892463684082,1381.35791015625,10.454675674438477,145.127197265625,1283.32373046875,17.530109405517578,13364.8662109375
2016-06-09,422.20526123046875,13.810603141784668,1353.540771484375,9.840754508972168,137.40765380859375,1283.32373046875,17.105253219604492,13160.490234375
2016-06-10,417.4188232421875,13.19361400604248,1329.562255859375,9.353232383728027,133.57281494140625,1283.32373046875,16.974529266357422,13250.05859375
2016-06-13,415.424560546875,13.252843856811523,1345.3311767578125,9.38934326171875,132.37753295898438,1283.32373046875,17.00067901611328,13026.9580078125
2016-06-14,393.3868713378906,12.936951637268066,1322.8885498046875,9.217806816101074,127.64617156982422,1283.32373046875,16.719623565673828,13248.431640625
2016-06-15,418.5157470703125,13.287396430969238,1337.06298828125,9.931039810180664,135.96336364746094,1283.32373046875,17.131404876708984,13339.6259765625
2016-06-16,408.5439758300781,13.262718200683594,1350.2333984375,9.732416152954102,137.90565490722656,1283.32373046875,17.03989601135254,13400.693359375
2016-06-17,422.703857421875,13.677336692810059,1355.312744140625,10.0574369430542,139.9974365234375,1313.747314453125,17.379777908325195,13379.521484375
2016-06-20,432.6756591796875,14.003100395202637,1360.155517578125,10.427587509155273,145.77464294433594,1313.747314453125,17.80463218688965,13300.5400390625
2016-06-21,431.7782287597656,13.968552589416504,1346.8668212890625,10.481760025024414,145.525634765625,1313.747314453125,17.80463218688965,13302.9814453125
2016-06-22,423.8008117675781,13.845155715942383,1342.614501953125,10.38244915008545,148.2648162841797,1313.747314453125,17.80463218688965,13163.7490234375
2016-06-23,439.0575866699219,14.511496543884277,1329.2669677734375,10.626212120056152,152.34869384765625,1313.747314453125,18.30137825012207,13604.2529296875
2016-06-24,429.08587646484375,13.440411567687988,1288.161376953125,9.551854133605957,138.90171813964844,1313.747314453125,16.706546783447266,13337.1806640625
2016-06-27,421.9061279296875,12.951761245727539,,9.145585060119629,135.01707458496094,,16.680400848388672,
2016-06-28,414.0284729003906,13.489768028259277,1312.3758544921875,9.651164054870605,137.90565490722656,1313.747314453125,17.052967071533203,13184.9189453125
2016-06-29,441.75,13.702012062072754,1322.2388916015625,9.723389625549316,146.123291015625,1313.747314453125,17.235979080200195,13370.56640625
2016-06-30,464.28631591796875,14.096879959106445,1333.342041015625,10.0574369430542,152.2490692138672,1313.747314453125,17.634689331054688,13332.294921875
2016-07-01,468.27490234375,14.126495361328125,1376.7513427734375,10.247023582458496,155.3369140625,1313.747314453125,17.2817325592041,13588.779296875
2016-07-04,479.2438049316406,,1414.018310546875,,162.1101531982422,1313.747314453125,,13801.2958984375
2016-07-05,460.19781494140625,13.726692199707031,1401.0841064453125,9.47962760925293,157.22943115234375,1313.747314453125,16.62158203125,13871.322265625
2016-07-06,460.6962890625,14.101819038391113,1380.59033203125,9.831727981567383,159.02232360839844,1313.747314453125,16.595430374145508,13618.9072265625
2016-07-07,463.3887634277344,13.711882591247559,1412.1282958984375,9.633106231689453,165.2477569580078,1313.747314453125,16.53006935119629,13843.634765625
2016-07-08,455.411376953125,14.481882095336914,1426.24365234375,10.111603736877441,166.6422576904297,1313.747314453125,16.84380531311035,13725.572265625
2016-07-11,478.1470642089844,14.733613014221191,1458.3134765625,10.517871856689453,177.1009979248047,1313.747314453125,17.03989601135254,13835.4951171875
2016-07-12,484.6286315917969,15.222258567810059,1473.9642333984375,11.64639663696289,185.26878356933594,1313.747314453125,17.21636962890625,14091.974609375
2016-07-13,502.57781982421875,15.256816864013672,1446.914794921875,11.700568199157715,186.26487731933594,1314.4388427734375,17.490890502929688,13625.4248046875
2016-07-14,503.57501220703125,15.276556015014648,1488.2568359375,11.691539764404297,185.9161834716797,1314.4388427734375,17.379777908325195,13678.3486328125
2016-07-15,506.56658935546875,15.054441452026367,1475.3226318359375,11.835990905761719,185.2189483642578,1314.4388427734375,17.268667221069336,13660.4375
2016-07-18,501.5805969238281,14.931048393249512,1498.9468994140625,11.863076210021973,185.66720581054688,1314.4388427734375,17.288270950317383,13336.3671875
2016-07-19,488.8168640136719,14.175856590270996,1474.5548095703125,11.240129470825195,179.19273376464844,1314.4388427734375,17.05950355529785,13234.58984375
2016-07-20,481.5373840332031,13.978419303894043,1479.9295654296875,11.104707717895508,175.50723266601562,1314.4388427734375,17.072574615478516,13328.224609375
2016-07-21,493.802734375,14.29925537109375,1457.4273681640625,11.61931324005127,182.23072814941406,1314.4388427734375,17.21636962890625,13163.7490234375
2016-07-22,490.212890625,14.091944694519043,1468.708251953125,11.438749313354492,183.675048828125,1314.4388427734375,17.164081573486328,13243.544921875
2016-07-25,486.1244201660156,13.95374584197998,1470.9522705078125,11.176931381225586,184.67111206054688,1314.4388427734375,17.11832618713379,13399.0654296875
2016-07-26,486.2241516113281,14.54111385345459,1529.5992431640625,11.44778060913086,186.16525268554688,1314.4388427734375,17.353635787963867,13357.537109375
2016-07-27,491.90802001953125,14.684250831604004,1654.9248046875,11.790849685668945,188.9541778564453,1314.4388427734375,17.2817325592041,13456.875
2016-07-28,501.5805969238281,14.590468406677246,1694.2587890625,11.682511329650879,184.9699249267578,1332.5546875,17.020282745361328,13523.6416015625
2016-07-29,499.0877990722656,14.65463638305664,1686.2265625,11.700568199157715,186.01583862304688,1334.49072265625,16.987600326538086,13261.458984375
2016-08-01,497.89111328125,14.427587509155273,1762.2960205078125,11.2672119140625,187.26089477539062,1325.0179443359375,16.615034103393555,13181.662109375
2016-08-02,495.0989990234375,14.417717933654785,1714.6934814453125,11.194990158081055,185.06956481933594,1325.0179443359375,16.896095275878906,13104.310546875
2016-08-03,491.01055908203125,14.748417854309082,1866.537109375,11.185958862304688,183.675048828125,1325.0179443359375,17.418994903564453,13098.611328125
2016-08-04,499.5863952636719,14.921174049377441,1830.8055419921875,11.122764587402344,187.75894165039062,1325.0179443359375,17.405920028686523,13124.6669921875
2016-08-05,512.549560546875,15.311110496520996,1851.6536865234375,11.04150676727295,191.09576416015625,1325.0179443359375,17.137935638427734,13096.9814453125
2016-08-08,529.5016479492188,15.538161277770996,1871.7935791015625,11.095677375793457,194.48239135742188,1325.0179443359375,16.981069564819336,13121.4111328125
2016-08-09,524.0171508789062,15.419697761535645,1981.76416015625,10.915115356445312,195.1796417236328,1325.0179443359375,17.000720977783203,13075.8095703125
2016-08-10,525.0144653320312,15.251875877380371,1933.51171875,10.851917266845703,194.48239135742188,1325.0179443359375,17.007261276245117,13006.599609375
2016-08-11,530.498779296875,15.572713851928711,1997.5916748046875,10.9331693649292,199.21372985839844,1312.7794189453125,17.040006637573242,12918.666015625
2016-08-12,512.549560546875,15.286432266235352,2098.998046875,10.671350479125977,195.3788604736328,1312.7794189453125,17.085847854614258,13028.5859375
2016-08-15,512.549560546875,15.399956703186035,,10.987338066101074,192.24124145507812,,17.157894134521484,
2016-08-16,556.9241943359375,15.548029899597168,2296.4365234375,10.906085968017578,196.12588500976562,1312.7794189453125,17.118593215942383,13292.3994140625
2016-08-17,540.9692993164062,15.75040054321289,2101.656005859375,10.833858489990234,191.84280395507812,1312.7794189453125,17.18408203125,13064.4169921875
2016-08-18,569.3887329101562,16.04655647277832,2099.17529296875,11.04150676727295,195.42864990234375,1312.7794189453125,17.282316207885742,13273.673828125
2016-08-19,562.9071655273438,15.765210151672363,1950.166748046875,10.806774139404297,187.8087158203125,1312.7794189453125,17.033462524414062,13444.6611328125
2016-08-22,543.462158203125,15.622072219848633,2095.336181640625,10.680378913879395,183.62527465820312,1312.7794189453125,17.223371505737305,13673.4599609375
2016-08-23,551.9381103515625,16.13540267944336,2164.9677734375,10.815803527832031,189.05380249023438,1312.7794189453125,17.216825485229492,13786.6396484375
2016-08-24,530.498779296875,15.784952163696289,2058.896484375,10.003262519836426,183.27664184570312,1312.7794189453125,16.85009765625,13642.521484375
2016-08-25,525.512939453125,15.967582702636719,2036.571533203125,10.01229476928711,178.5452880859375,1312.7794189453125,17.033462524414062,14183.9853515625
2016-08-26,539.9719848632812,15.839247703552246,1989.913818359375,9.831727981567383,184.272705078125,1299.918212890625,17.112043380737305,14251.5693359375
2016-08-29,,15.898479461669922,1956.95849609375,9.912981033325195,,1299.918212890625,17.190629959106445,14074.0654296875
2016-08-30,510.0566711425781,15.543096542358398,1980.8187255859375,9.533797264099121,176.3539276123047,1299.918212890625,17.020357131958008,14405.458984375
2016-08-31,493.30413818359375,14.940495491027832,2010.05322265625,9.29003620147705,173.36570739746094,1299.918212890625,16.909032821655273,14157.9287109375
2016-09-01,494.8995361328125,15.05504035949707,2089.607666015625,9.344205856323242,176.4037322998047,1299.918212890625,16.948320388793945,14549.578125
2016-09-02,505.0708312988281,15.249267578125,2074.84228515625,9.461570739746094,181.03549194335938,1299.918212890625,17.092403411865234,15130.943359375
2016-09-05,505.5694274902344,,2092.9150390625,,180.58724975585938,1313.747314453125,,15126.873046875
2016-09-06,501.5805969238281,15.737320899963379,2109.924072265625,9.678247451782227,182.52955627441406,1313.747314453125,17.288864135742188,14827.234375
2016-09-07,511.0539245605469,15.4584321975708,2094.6865234375,9.569911003112793,185.56759643554688,1313.747314453125,17.000720977783203,14940.4169921875
2016-09-08,508.5841979980469,15.553054809570312,2101.065185546875,9.587965965270996,184.92015075683594,1313.747314453125,17.0531005859375,14726.267578125
2016-09-09,498.61199951171875,15.30903148651123,2096.044921875,9.271979331970215,184.123291015625,1302.4766845703125,16.54230499267578,14645.6591796875
2016-09-12,488.5399475097656,15.448471069335938,2047.8515625,10.003262519836426,180.13900756835938,1302.4766845703125,16.922128677368164,14492.5830078125
2016-09-13,479.3655700683594,14.626745223999023,2001.903076171875,9.163639068603516,176.3539276123047,1302.4766845703125,16.503000259399414,14416.8564453125
2016-09-14,487.044189453125,14.93053913116455,1977.806396484375,8.847652435302734,180.7366180419922,1321.491455078125,16.59468650817871,14202.7109375
2016-09-15,488.0414123535156,15.229348182678223,1982.3543701171875,8.829595565795898,182.2805633544922,1321.491455078125,16.640527725219727,14091.974609375
2016-09-16,490.2353515625,14.925555229187012,1977.7476806640625,8.97404670715332,184.272705078125,1321.491455078125,16.588138580322266,13892.490234375
2016-09-19,499.1106872558594,15.184526443481445,,9.037247657775879,195.72747802734375,,16.699472427368164,
2016-09-20,491.33221435546875,15.473370552062988,1972.609375,8.983076095581055,196.2255401611328,1321.491455078125,16.77150535583496,13653.921875
2016-09-21,494.72283935546875,16.026172637939453,1983.004150390625,9.515741348266602,196.3251190185547,1321.491455078125,17.131689071655273,13798.85546875
2016-09-22,516.0634765625,16.165616989135742,2113.17236328125,9.912981033325195,207.08265686035156,1335.87353515625,17.203723907470703,13765.46875
2016-09-23,514.567626953125,16.20545768737793,2132.48486328125,9.596992492675781,210.66851806640625,1335.87353515625,17.000720977783203,13541.5546875
2016-09-26,505.59259033203125,16.25027847290039,2102.955322265625,9.488654136657715,208.9254150390625,1335.87353515625,16.876285552978516,14080.578125
2016-09-27,499.6092834472656,16.24530029296875,2090.37548828125,9.217806816101074,207.43124389648438,1335.87353515625,16.84354591369629,14042.310546875
2016-09-28,504.59527587890625,16.982362747192383,2083.937744140625,9.849783897399902,208.52694702148438,1335.87353515625,17.472227096557617,14582.1484375
2016-09-29,521.0496826171875,17.13176918029785,2137.623291015625,9.651164054870605,215.00143432617188,1385.3118896484375,17.308509826660156,14238.5419921875
2016-09-30,522.54541015625,17.256271362304688,2116.361328125,9.804641723632812,211.31593322753906,1385.3118896484375,17.223371505737305,14493.3935546875
2016-10-03,534.0133666992188,17.355878829956055,2104.01806640625,9.651164054870605,214.1049346923828,1389.3914794921875,17.249568939208984,14894.81640625
2016-10-04,530.5230712890625,17.256271362304688,2116.5390625,9.380316734313965,216.5951385498047,1389.3914794921875,17.033462524414062,14778.376953125
2016-10-05,538.00244140625,17.57998275756836,2251.255126953125,9.633106231689453,214.1049346923828,1389.3914794921875,17.432939529418945,15025.095703125
2016-10-06,535.0107421875,17.465438842773438,2288.404052734375,9.299063682556152,213.60693359375,1389.3914794921875,17.22991943359375,14999.8525390625
2016-10-07,548.4732666015625,17.60986328125,2290.0576171875,9.145585060119629,222.72096252441406,1389.3914794921875,17.170982360839844,14977.0537109375
2016-10-10,557.4482421875,17.883771896362305,,9.199753761291504,227.10362243652344,,17.5180721282959,
2016-10-11,555.4537963867188,17.420618057250977,2354.905517578125,8.910849571228027,221.027587890625,1389.3914794921875,17.144786834716797,14965.65234375
2016-10-12,554.955322265625,17.435562133789062,2311.1416015625,9.073355674743652,235.2714080810547,1389.3914794921875,17.45913314819336,14915.16796875
2016-10-13,538.00244140625,16.957462310791016,2290.765869140625,8.703200340270996,229.9424285888672,1403.0128173828125,17.203723907470703,14706.724609375
2016-10-14,518.556396484375,16.927581787109375,2377.998046875,8.7212553024292,227.35267639160156,1403.0128173828125,17.033462524414062,14733.5947265625
2016-10-17,515.5648193359375,16.872798919677734,2432.451904296875,8.594861030578613,228.9961700439453,1403.0128173828125,17.308509826660156,14652.17578125
2016-10-18,521.0496826171875,17.176589965820312,2462.39501953125,8.775426864624023,236.3670654296875,1403.0128173828125,17.439485549926758,14992.52734375
2016-10-19,519.5537109375,17.405675888061523,2419.517578125,9.046272277832031,237.86119079589844,1403.0128173828125,17.943744659423828,15558.41796875
2016-10-20,511.0773620605469,17.440540313720703,2412.84326171875,9.217806816101074,236.11810302734375,1403.0128173828125,18.166404724121094,15693.58203125
2016-10-21,517.0606689453125,17.410659790039062,2393.412841796875,9.064327239990234,236.61611938476562,1403.0128173828125,17.943744659423828,15847.4716796875
2016-10-24,523.5426635742188,17.41563606262207,2426.958984375,9.190723419189453,236.66590881347656,1403.0128173828125,18.140207290649414,15713.9365234375
2016-10-25,538.9995727539062,17.784170150756836,2591.205322265625,9.524767875671387,245.1822509765625,1403.0128173828125,18.362869262695312,15740.80859375
2016-10-26,521.5482788085938,17.55508041381836,2602.545166015625,9.551854133605957,239.9031219482422,1403.0128173828125,18.38251495361328,15548.6474609375
2016-10-27,523.5426635742188,17.256271362304688,2630.30322265625,9.651164054870605,242.4430694580078,1403.0128173828125,18.441457748413086,15639.0224609375
2016-10-28,529.5259399414062,17.365835189819336,2692.906982421875,9.867838859558105,243.5387725830078,1403.0128173828125,18.212247848510742,15777.44921875
2016-10-31,541.49267578125,17.440540313720703,,10.093546867370605,249.01718139648438,,18.592071533203125,
2016-11-01,551.46484375,17.36085319519043,,10.066457748413086,245.48109436035156,,18.192598342895508,
2016-11-02,548.4732666015625,17.062047958374023,2635.08740234375,9.587965965270996,245.97914123535156,1403.0128173828125,17.557361602783203,15385.7998046875
2016-11-03,542.4898071289062,17.121809005737305,2615.3017578125,9.687274932861328,240.65016174316406,1403.0128173828125,17.53116798400879,15410.2265625
2016-11-04,530.0245971679688,16.922603607177734,2559.726318359375,9.976180076599121,236.86508178710938,1423.272216796875,17.897903442382812,15438.724609375
2016-11-07,563.431640625,17.7094669342041,2805.298095703125,10.192853927612305,250.2124481201172,1496.980224609375,18.344038009643555,15440.35546875
2016-11-08,587.3649291992188,18.28218650817871,2801.872802734375,10.915115356445312,251.95553588867188,1496.980224609375,18.888587951660156,15392.3115234375
2016-11-09,639.71923828125,18.854904174804688,2957.90966796875,11.799877166748047,269.18756103515625,1590.118408203125,19.446258544921875,15214.80859375
2016-11-10,713.0153198242188,18.98937225341797,2929.8564453125,12.458937644958496,283.879638671875,1636.652587890625,22.123069763183594,14804.4375
2016-11-11,704.0401000976562,18.675617218017578,2931.9228515625,12.585332870483398,278.2518005371094,1636.652587890625,21.519472122192383,14804.4375
2016-11-14,704.0401000976562,18.79514503479004,2924.89453125,12.56727409362793,281.688232421875,1636.652587890625,21.729412078857422,14518.638671875
2016-11-15,669.1370849609375,18.222423553466797,2908.18115234375,12.630476951599121,266.3487548828125,1636.652587890625,21.224233627319336,14844.3349609375
2016-11-16,670.134521484375,17.76424789428711,2893.94775390625,12.458937644958496,265.2530212402344,1636.652587890625,20.869951248168945,14726.267578125
2016-11-17,685.591552734375,17.888755798339844,2928.734619140625,12.458937644958496,266.59771728515625,1636.652587890625,20.784658432006836,14797.923828125
2016-11-18,664.1512451171875,17.66962432861328,2921.52880859375,12.395742416381836,260.8703918457031,1636.652587890625,20.79777717590332,15142.3369140625
2016-11-21,679.6082763671875,18.147724151611328,3014.725341796875,13.099940299987793,267.0958251953125,1636.652587890625,20.9880428314209,15409.4111328125
2016-11-22,700.0513305664062,19.079010009765625,3046.677490234375,13.65066146850586,281.339599609375,1636.652587890625,21.604759216308594,15433.0224609375
2016-11-23,699.05419921875,19.288177490234375,2998.01171875,14.63473892211914,284.9254150390625,1636.652587890625,21.932804107666016,15163.513671875
2016-11-24,717.004150390625,,3060.851318359375,,287.4654541015625,1636.652587890625,,15284.8349609375
2016-11-25,720.4944458007812,19.293155670166016,3169.876953125,14.445144653320312,282.18621826171875,1702.6856689453125,22.04433822631836,15389.052734375
2016-11-28,726.4776000976562,19.093955993652344,3206.376220703125,14.2465238571167,283.879638671875,1702.6856689453125,21.722854614257812,15359.7431640625
2016-11-29,698.056884765625,18.635774612426758,2985.786376953125,13.515240669250488,280.243896484375,1702.6856689453125,21.204551696777344,15029.98046875
2016-11-30,687.0872802734375,18.695539474487305,2901.62548828125,13.85831356048584,278.20196533203125,1702.6856689453125,21.53915023803711,15644.72265625
2016-12-01,703.5413818359375,18.825023651123047,2951.413330078125,13.56941032409668,282.435302734375,1702.6856689453125,21.670373916625977,15533.986328125
2016-12-02,691.5748901367188,18.934585571289062,2980.352294921875,13.921510696411133,276.8074035644531,1702.6856689453125,21.722854614257812,15478.6240234375
2016-12-05,725.48046875,19.293155670166016,3005.86669921875,14.327777862548828,289.1089172363281,1702.6856689453125,22.201793670654297,15847.4716796875
2016-12-06,725.48046875,19.093955993652344,3006.98876953125,14.345833778381348,284.8756103515625,1702.6856689453125,22.411745071411133,16172.3515625
2016-12-07,738.4443359375,19.382802963256836,3115.482666015625,13.930537223815918,295.5833740234375,1704.4144287109375,22.588891983032227,16520.025390625
2016-12-08,749.9125366210938,19.372840881347656,,14.08401870727539,301.4601745605469,,22.85787582397461,
2016-12-09,754.3999633789062,19.16367530822754,3027.71875,14.219439506530762,298.820556640625,1704.4144287109375,22.94972801208496,16806.638671875
2016-12-12,772.3500366210938,19.706512451171875,3019.56884765625,13.867341041564941,289.1089172363281,1702.6856689453125,22.661052703857422,16447.564453125
2016-12-13,736.4498901367188,19.3080997467041,3034.924072265625,13.578435897827148,283.2321472167969,1702.6856689453125,21.87375831604004,16053.4716796875
2016-12-14,718.9984741210938,18.710481643676758,3034.806396484375,13.226336479187012,278.45098876953125,1702.6856689453125,21.768779754638672,15794.54296875
2016-12-15,681.6024780273438,18.441551208496094,3002.44140625,13.190227508544922,270.98040771484375,1702.6856689453125,21.781902313232422,15180.255859375
2016-12-16,668.1399536132812,18.127803802490234,2924.9541015625,12.486024856567383,267.34478759765625,1702.6856689453125,21.257038116455078,15529.794921875
2016-12-19,659.6636352539062,17.883771896362305,2881.48583984375,12.233232498168945,267.34478759765625,1702.6856689453125,20.778095245361328,16051.1728515625
2016-12-20,665.1483764648438,18.192543029785156,2911.54736328125,12.783952713012695,271.5780944824219,1702.6856689453125,21.263599395751953,16091.4033203125
2016-12-21,672.6275024414062,18.02322006225586,2924.423095703125,12.684643745422363,270.5820007324219,1702.6856689453125,21.27672004699707,15983.2734375
2016-12-22,670.134521484375,17.74930763244629,2830.753173828125,12.458937644958496,270.9306945800781,1702.6856689453125,21.00772476196289,15916.2197265625
2016-12-23,673.6249389648438,17.634761810302734,2695.387451171875,12.467968940734863,269.58599853515625,1721.700439453125,21.053653717041016,15792.154296875
2016-12-26,,,2709.030517578125,,,1721.700439453125,,15549.9140625
2016-12-27,,17.74930763244629,2783.032958984375,12.422826766967773,,1721.700439453125,21.178308486938477,16004.2294921875
2016-12-28,683.596923828125,18.038156509399414,2814.748291015625,12.251291275024414,275.8113098144531,1721.700439453125,21.158626556396484,15840.77734375
2016-12-29,674.6221313476562,18.063060760498047,2735.666748046875,12.170036315917969,274.4168701171875,1721.700439453125,21.014284133911133,15917.892578125
2016-12-30,673.1262817382812,17.81903076171875,2815.3388671875,11.90821647644043,276.2596435546875,1721.700439453125,20.95523452758789,16000.8740234375
2017-01-03,688.08447265625,18.436574935913086,2829.158935546875,12.440879821777344,284.27801513671875,1721.700439453125,21.243915557861328,16208.7509765625
2017-01-04,689.5804443359375,18.511272430419922,2801.341552734375,13.388843536376953,281.738037109375,1721.700439453125,21.95904541015625,16461.064453125
2017-01-05,697.5582275390625,18.685577392578125,2827.26904296875,13.199251174926758,289.70654296875,1721.700439453125,21.97216796875,16654.69140625
2017-01-06,692.0734252929688,18.40669059753418,2785.986083984375,13.452040672302246,287.31597900390625,1736.77392578125,22.03778076171875,16573.384765625
2017-01-09,702.0455932617188,18.351909637451172,2948.106201171875,13.253422737121582,297.5257263183594,1736.77392578125,21.847515106201172,16671.458984375
2017-01-10,720.9929809570312,19.20351791381836,3082.4677734375,14.0388765335083,305.99224853515625,1736.77392578125,22.42486000061035,16988.30859375
2017-01-11,718.9984741210938,19.61189079284668,3095.873779296875,14.327777862548828,308.78125,1736.77392578125,22.1296329498291,17131.642578125
2017-01-12,719.4973754882812,19.791181564331055,3123.514404296875,13.786087036132812,311.27142333984375,1736.77392578125,22.87099838256836,16914.54296875
2017-01-13,722.9873046875,19.84097671508789,3106.7412109375,13.713862419128418,315.4549865722656,1736.9124755859375,23.192480087280273,17014.29296875
2017-01-16,731.4639282226562,,3210.392333984375,,320.63446044921875,1736.9124755859375,,16816.470703125
2017-01-17,718.9984741210938,19.845958709716797,3224.74365234375,13.59649658203125,313.9608459472656,1736.9124755859375,23.061269760131836,16923.76171875
2017-01-18,744.9262084960938,20.000341415405273,3224.684326171875,13.758999824523926,316.55059814453125,1736.9124755859375,23.54676628112793,17602.720703125
2017-01-19,750.4110107421875,19.94556427001953,3180.448486328125,13.777058601379395,314.8572692871094,1778.12255859375,23.520519256591797,17933.822265625
2017-01-20,759.884765625,19.885799407958984,3159.541748046875,14.002760887145996,317.09844970703125,1780.8189697265625,23.6254825592041,17918.732421875
2017-01-23,787.3084106445312,20.080028533935547,3352.785888671875,14.192354202270508,319.14031982421875,1780.8189697265625,24.09130859375,18042.791015625
2017-01-24,821.7127075195312,20.69258689880371,3413.204833984375,15.366023063659668,325.61480712890625,1780.8189697265625,24.891735076904297,18413.287109375
2017-01-25,855.1195678710938,20.7573299407959,3358.2197265625,14.896559715270996,325.7144775390625,1773.5584716796875,25.350990295410156,18315.21875
2017-01-26,834.676513671875,20.4883975982666,3360.463623046875,14.30069637298584,319.190185546875,1764.0166015625,24.812999725341797,18048.662109375
2017-01-27,820.2166748046875,20.5382022857666,3437.182861328125,14.779193878173828,326.06304931640625,1764.0166015625,25.219772338867188,17926.275390625
2017-01-30,811.7403564453125,20.229429244995117,3484.9033203125,14.670849800109863,320.28582763671875,1764.0166015625,25.167282104492188,17596.017578125
2017-01-31,832.6820068359375,20.56310272216797,3518.9814453125,15.031981468200684,325.1666564941406,1764.0166015625,25.167282104492188,17581.765625
2017-02-01,833.1804809570312,20.622859954833984,3610.82080078125,15.203519821166992,325.3657531738281,1764.0166015625,25.324745178222656,17808.9296875
2017-02-02,838.1668090820312,20.383813858032227,3679.920654296875,15.176429748535156,323.7222595214844,1764.0166015625,25.652786254882812,18371.37109375
2017-02-03,810.7430419921875,19.616870880126953,3678.856689453125,14.291666984558105,308.283203125,1816.7742919921875,25.219772338867188,17904.484375
2017-02-06,815.2306518554688,19.57204818725586,3803.533447265625,14.445144653320312,309.57806396484375,1816.7742919921875,24.845808029174805,17943.884765625
2017-02-07,833.6793212890625,19.512287139892578,3985.7939453125,14.011791229248047,316.6003723144531,1815.045654296875,24.89829444885254,17918.732421875
2017-02-08,834.1779174804688,19.273239135742188,4163.09130859375,14.020819664001465,310.873046875,1815.045654296875,25.390356063842773,18052.853515625
2017-02-09,825.2028198242188,19.527223587036133,4078.45849609375,13.894427299499512,310.9726867675781,1832.331787109375,24.550565719604492,17786.294921875
2017-02-10,863.5960693359375,19.965484619140625,4361.533203125,14.264580726623535,319.4889831542969,1942.963134765625,24.958208084106445,17785.45703125
2017-02-13,881.0474853515625,20.134809494018555,4908.01708984375,14.409032821655273,327.65679931640625,1942.963134765625,25.40530776977539,18328.625
2017-02-14,876.5597534179688,20.15473175048828,4757.59033203125,14.354865074157715,325.1168212890625,1942.963134765625,25.39872932434082,18433.408203125
2017-02-15,863.5960693359375,20.289196014404297,4520.8779296875,13.876367568969727,325.2661437988281,1942.963134765625,25.181760787963867,18043.6328125
2017-02-16,846.1446533203125,20.4137020111084,4256.17041015625,13.605523109436035,323.22418212890625,1942.963134765625,24.971359252929688,17727.623046875
2017-02-17,834.676513671875,20.060108184814453,4521.2919921875,13.461067199707031,318.19415283203125,1942.963134765625,24.524269104003906,17337.84375
2017-02-20,856.116943359375,,4827.22265625,,325.7144775390625,1942.963134765625,,17425.86328125
2017-02-21,866.0890502929688,20.294172286987305,4677.6826171875,12.756869316101074,326.8598937988281,1942.963134765625,24.99765968322754,17580.935546875
2017-02-22,848.6376953125,19.82603645324707,4523.8896484375,12.395742416381836,324.46929931640625,1942.963134765625,24.629472732543945,17486.212890625
2017-02-23,822.2113037109375,19.47742462158203,4248.31494140625,12.170036315917969,330.04730224609375,1942.963134765625,24.228395462036133,17349.580078125
2017-02-24,805.2583618164062,18.909687042236328,4328.46044921875,11.962388038635254,326.21246337890625,1942.963134765625,23.86020851135254,17022.67578125
2017-02-27,804.26123046875,19.223440170288086,4273.6513671875,11.98044204711914,324.41949462890625,1942.963134765625,24.208677291870117,16887.716796875
2017-02-28,809.7459106445312,18.834985733032227,4386.220703125,12.097807884216309,320.78387451171875,1936.04833984375,24.103477478027344,17109.849609375
2017-03-01,835.175048828125,19.333003997802734,4558.02587890625,12.630476951599121,336.4222412109375,1936.04833984375,24.938486099243164,17545.728515625
2017-03-02,822.7098388671875,18.93956756591797,4350.37109375,12.016556739807129,334.5794982910156,1992.0560302734375,24.234975814819336,18425.859375
2017-03-03,817.7236938476562,19.452524185180664,4414.33251953125,11.917243957519531,336.92022705078125,1992.0560302734375,24.48481559753418,18125.779296875
2017-03-06,799.7734985351562,19.093955993652344,4362.8916015625,11.64639663696289,325.2164001464844,2050.828369140625,24.208677291870117,18307.673828125
2017-03-07,778.8319702148438,19.004310607910156,4361.00244140625,11.456808090209961,318.741943359375,2050.828369140625,23.971982955932617,18320.244140625
2017-03-08,776.3387451171875,18.53632354736328,4305.4853515625,11.231101989746094,317.39727783203125,2060.5087890625,23.708984375,18449.33203125
2017-03-09,752.4054565429688,18.144641876220703,4390.53173828125,11.194990158081055,305.79302978515625,2060.5087890625,23.110671997070312,18545.724609375
2017-03-10,745.9235229492188,18.129375457763672,4340.8037109375,11.167902946472168,309.3291015625,2060.5087890625,23.268468856811523,18497.953125
2017-03-13,782.322265625,18.50580596923828,4469.96875,11.33944320678711,313.6620178222656,2058.226806640625,23.432836532592773,18740.19921875
2017-03-14,786.31103515625,18.38880729675293,4491.70166015625,11.077621459960938,314.8074645996094,2058.226806640625,23.05807113647461,18525.609375
2017-03-15,804.26123046875,19.30951690673828,4665.75244140625,11.637372016906738,323.8218994140625,2014.1129150390625,23.702417373657227,18549.91796875
2017-03-16,841.6571044921875,19.28408432006836,4753.5166015625,11.57417106628418,340.05780029296875,2014.1129150390625,23.669532775878906,18568.365234375
2017-03-17,850.1334228515625,19.421430587768555,4956.50537109375,11.520004272460938,340.9542236328125,2014.1129150390625,23.755008697509766,18912.03125
2017-03-20,847.1416015625,19.55877685546875,4810.27197265625,11.492920875549316,343.34490966796875,2041.8397216796875,23.932531356811523,18751.9296875
2017-03-21,827.1973266601562,18.800840377807617,4588.9150390625,11.348465919494629,328.80224609375,2041.8397216796875,23.597217559814453,18475.31640625
2017-03-22,841.158447265625,18.856794357299805,4675.14306640625,11.610283851623535,328.2543640136719,2041.8397216796875,23.9917049407959,18603.564453125
2017-03-23,834.1779174804688,18.729623794555664,4607.4013671875,11.583203315734863,320.3854675292969,2041.8397216796875,23.939105987548828,18661.404296875
2017-03-24,828.1946411132812,18.57193374633789,4559.2666015625,11.565144538879395,318.4929504394531,2041.8397216796875,24.031145095825195,18725.109375
2017-03-27,789.3028564453125,18.226032257080078,4486.150390625,11.023451805114746,304.5479431152344,2041.8397216796875,23.531461715698242,18406.583984375
2017-03-28,796.283447265625,18.58210563659668,4709.1611328125,11.348465919494629,310.37493896484375,2041.8397216796875,23.689258575439453,18662.240234375
2017-03-29,813.7346801757812,18.76523208618164,4728.533203125,11.483891487121582,311.76947021484375,2041.8397216796875,23.768159866333008,18864.25390625
2017-03-30,837.668212890625,18.77031707763672,4681.16748046875,12.016556739807129,316.2518005371094,2041.8397216796875,23.801027297973633,19098.115234375
2017-03-31,832.1834716796875,18.47528648376465,4591.81005859375,12.061697006225586,311.91888427734375,2041.8397216796875,23.597217559814453,18977.416015625
2017-04-03,823.7070922851562,18.53632354736328,4537.2373046875,11.95335578918457,312.36712646484375,2041.8397216796875,23.682682037353516,18904.482421875
2017-04-04,837.668212890625,18.749969482421875,4681.46240234375,12.22420597076416,318.9411926269531,2041.8397216796875,23.76158332824707,18956.45703125
2017-04-05,850.6321411132812,18.88222885131836,4649.2158203125,12.133923530578613,320.6842956542969,2041.8397216796875,23.768159866333008,19119.912109375
2017-04-06,858.6097412109375,18.902578353881836,4593.46240234375,12.242259979248047,318.0945129394531,2041.8397216796875,23.906230926513672,20123.26953125
2017-04-07,866.587646484375,18.805925369262695,4615.72802734375,12.070725440979004,319.8376770019531,2041.8397216796875,23.820756912231445,19953.111328125
2017-04-10,848.6376953125,19.462125778198242,4739.4013671875,12.206148147583008,317.39727783203125,2041.8397216796875,23.794458389282227,20325.28125
2017-04-11,846.1446533203125,19.528255462646484,4669.0,12.296431541442871,319.14031982421875,2041.8397216796875,23.985130310058594,20261.57421875
2017-04-12,822.2113037109375,18.6075439453125,4456.9150390625,11.628340721130371,308.78125,2041.8397216796875,23.235593795776367,20006.75390625
2017-04-13,832.6820068359375,18.358287811279297,4524.48046875,11.483891487121582,307.8349609375,2041.8397216796875,22.992332458496094,20036.9296875
2017-04-17,,18.439674377441406,4372.10400390625,11.51097583770752,,2053.594482421875,23.301345825195312,19600.212890625
2017-04-18,804.26123046875,18.093772888183594,4075.564453125,11.258184432983398,290.65277099609375,2074.337890625,22.985746383666992,19585.130859375
2017-04-19,820.7153930664062,18.02764320373535,4075.564453125,11.149847984313965,295.1351013183594,2074.337890625,22.9462947845459,19585.130859375
2017-04-20,823.7070922851562,18.307416915893555,4058.02294921875,11.294299125671387,299.26885986328125,2074.337890625,23.268468856811523,19602.73046875
2017-04-21,816.2279052734375,18.190418243408203,4216.6591796875,11.04150676727295,297.4758605957031,2074.337890625,23.19614028930664,19581.775390625
2017-04-24,838.1668090820312,18.393892288208008,4143.4072265625,11.04150676727295,304.2989501953125,2120.58203125,23.353946685791016,20075.484375
2017-04-25,835.673828125,18.48546028137207,4341.9296875,11.82696533203125,310.9726867675781,2120.58203125,23.472291946411133,20276.6640625
2017-04-26,839.6626586914062,18.337936401367188,4244.537109375,12.188092231750488,308.1836242675781,2120.58203125,23.708984375,20129.9765625
2017-04-27,816.3423461914062,17.808916091918945,4179.3486328125,11.745710372924805,298.471923828125,2120.58203125,23.275049209594727,19591.83203125
2017-04-28,835.791015625,18.109031677246094,4203.349609375,11.51097583770752,302.4562072753906,2120.58203125,23.25531578063965,19807.255859375
2017-05-01,,18.23111343383789,,11.32138729095459,,,23.182994842529297,
2017-05-02,806.3687133789062,17.99712371826172,4100.83203125,11.483891487121582,296.67901611328125,2120.58203125,23.189571380615234,19554.955078125
2017-05-03,786.920166015625,17.386707305908203,3852.920166015625,10.851917266845703,285.6724548339844,2120.58203125,22.275665283203125,19484.537109375
2017-05-04,750.0175170898438,17.203580856323242,3618.275634765625,10.544957160949707,276.1101989746094,2120.58203125,21.70364761352539,19176.912109375
2017-05-05,766.972900390625,17.544397354125977,3727.3056640625,10.653297424316406,287.91357421875,2120.58203125,22.150741577148438,19455.20703125
2017-05-08,751.513671875,17.310407638549805,3700.530029296875,10.535928726196289,283.3317565917969,2120.58203125,22.163888931274414,19497.779296875
2017-05-09,758.9938354492188,17.498613357543945,3700.228759765625,10.499814987182617,289.75634765625,2120.58203125,22.24279022216797,19467.431640625
2017-05-10,758.4951782226562,17.854692459106445,3698.781005859375,10.581071853637695,287.5151672363281,2120.58203125,22.466333389282227,19478.390625
2017-05-11,775.4503784179688,17.8953857421875,3701.193115234375,10.544957160949707,288.9447021484375,2120.58203125,22.959447860717773,19561.8515625
2017-05-12,771.95947265625,17.90555763244629,3901.94775390625,10.3914794921875,283.9140625,2120.58203125,22.749052047729492,19558.484375
2017-05-15,789.41357421875,18.159902572631836,3792.91748046875,10.608155250549316,292.879638671875,2120.58203125,22.881017684936523,19452.255859375
2017-05-16,804.8726196289062,18.358287811279297,3910.63134765625,10.626212120056152,295.51959228515625,2120.58203125,22.828224182128906,19826.59375
2017-05-17,803.376708984375,18.017473220825195,3949.588134765625,10.319252014160156,288.89495849609375,2120.58203125,22.208038330078125,19244.84375
2017-05-18,803.8751831054688,18.261640548706055,3761.739013671875,10.192853927612305,289.8910827636719,2120.58203125,22.208038330078125,19704.33984375
2017-05-19,806.8673706054688,18.67366600036621,3991.077392578125,10.590096473693848,294.02532958984375,2120.58203125,22.81502914428711,20136.86328125
2017-05-22,816.8410034179688,18.76523208618164,4092.810791015625,10.680378913879395,295.3701171875,2120.58203125,23.158111572265625,19941.259765625
2017-05-23,808.8621826171875,18.648235321044922,4186.82666015625,10.725519180297852,290.8374938964844,2120.58203125,23.098735809326172,20144.44921875
2017-05-24,811.8540649414062,18.561758041381836,4124.291015625,10.743577003479004,290.63824462890625,2120.58203125,22.96678352355957,20497.71484375
2017-05-25,823.323974609375,18.419328689575195,4129.0546875,10.563014030456543,290.28961181640625,2120.58203125,23.026153564453125,21030.560546875
2017-05-26,822.3267211914062,18.23111343383789,,10.535928726196289,291.3853454589844,,23.019559860229492,
2017-05-29,,,3968.40283203125,,,2120.58203125,,21038.146484375
2017-05-30,807.365966796875,18.2972469329834,3853.341552734375,10.535928726196289,290.8872375488281,2120.58203125,23.164710998535156,20993.455078125
2017-05-31,798.8884887695312,17.849611282348633,3935.8994140625,10.373422622680664,284.0135803222656,2120.58203125,23.065744400024414,20457.23828125
2017-06-01,815.3449096679688,17.910648345947266,3781.700439453125,10.33730697631836,284.9599914550781,2120.58203125,22.907392501831055,20556.728515625
2017-06-02,802.8779907226562,18.042905807495117,3799.79150390625,10.192853927612305,285.6572265625,2120.58203125,22.782041549682617,20491.814453125
2017-06-05,774.4529418945312,17.839431762695312,3666.27685546875,10.310223579406738,282.3200378417969,2120.58203125,22.887609481811523,20369.560546875
2017-06-06,784.9253540039062,17.915733337402344,3720.97314453125,10.69843578338623,281.62274169921875,2120.58203125,23.092140197753906,20455.556640625
2017-06-07,788.4160766601562,17.74278450012207,3661.63330078125,10.581071853637695,281.92156982421875,2120.58203125,23.131723403930664,20184.916015625
2017-06-08,794.8989868164062,18.103944778442383,3627.86376953125,10.888030052185059,287.7991943359375,2120.58203125,23.758499145507812,20124.216796875
2017-06-09,822.8251953125,18.00221061706543,3615.62158203125,11.1588773727417,293.8758239746094,2120.58203125,23.930049896240234,20090.486328125
2017-06-12,808.8621826171875,17.844520568847656,3604.223876953125,11.140817642211914,293.0291748046875,2120.58203125,23.6727352142334,19938.615234375
2017-06-13,807.365966796875,18.06833839416504,3420.173828125,11.1588773727417,293.17852783203125,2119.875244140625,23.85747528076172,20451.876953125
2017-06-14,794.4002075195312,17.8343448638916,3199.76123046875,10.915115356445312,285.5577392578125,2119.875244140625,23.31645965576172,20263.453125
2017-06-15,777.9436645507812,17.55965805053711,3100.13720703125,10.38244915008545,281.9714050292969,2119.875244140625,22.663286209106445,19618.044921875
2017-06-16,777.9436645507812,17.651222229003906,3161.52783203125,10.310223579406738,278.6839904785156,2119.875244140625,22.722660064697266,19543.013671875
2017-06-19,790.4110107421875,17.75804328918457,3063.2919921875,10.463702201843262,286.85272216796875,2119.875244140625,22.907392501831055,19176.400390625
2017-06-20,753.50830078125,17.137451171875,2893.17236328125,10.147717475891113,275.5459899902344,2119.875244140625,22.21463394165039,19014.41015625
2017-06-21,763.48193359375,17.127277374267578,2923.566162109375,10.12062931060791,280.37744140625,2119.875244140625,22.438953399658203,18492.626953125
2017-06-22,772.458251953125,17.264619827270508,2929.114013671875,10.33730697631836,280.77606201171875,2119.875244140625,22.689672470092773,18519.060546875
2017-06-23,769.96484375,17.376535415649414,2895.94677734375,10.617181777954102,278.4349670410156,2119.875244140625,23.012969970703125,18829.3984375
2017-06-26,768.2922973632812,17.284969329833984,,10.671350479125977,276.3618469238281,,23.11193084716797,
2017-06-27,769.0302734375,17.503705978393555,3083.975830078125,10.581071853637695,285.62640380859375,2119.875244140625,22.669883728027344,18909.54296875
2017-06-28,785.922607421875,18.03781509399414,3237.632080078125,10.82483196258545,282.96759033203125,2119.875244140625,22.81502914428711,19023.7890625
2017-06-29,802.3793334960938,18.114120483398438,3303.967041015625,10.906085968017578,289.29339599609375,2119.875244140625,22.940387725830078,18886.525390625
2017-06-30,797.392333984375,18.103944778442383,3200.846435546875,10.842890739440918,286.1055603027344,2119.875244140625,22.848018646240234,18776.54296875
2017-07-03,821.8276977539062,18.404067993164062,3172.56396484375,11.014424324035645,300.4507141113281,2119.875244140625,23.15151023864746,19346.068359375
2017-07-04,821.3291015625,,3135.47607421875,,302.4430847167969,2119.875244140625,,19691.3671875
2017-07-05,823.323974609375,18.515972137451172,3173.166259765625,10.987338066101074,306.2286071777344,2119.875244140625,23.257080078125,19651.294921875
2017-07-06,812.8515625,18.795751571655273,3117.14306640625,10.734549522399902,298.50811767578125,2119.875244140625,22.92718505859375,19462.87109375
2017-07-07,813.3502197265625,18.93309783935547,3282.619384765625,10.743577003479004,296.1173095703125,2119.875244140625,23.078943252563477,19990.6328125
2017-07-10,821.8276977539062,19.146739959716797,3422.284912109375,11.303328514099121,299.9028015136719,2119.875244140625,23.613357543945312,20205.478515625
2017-07-11,825.8171997070312,19.416343688964844,3347.50732421875,11.357494354248047,299.9028015136719,2119.875244140625,23.73871421813965,20090.373046875
2017-07-12,851.7486572265625,19.568944931030273,3386.644775390625,11.077621459960938,313.7996520996094,2119.875244140625,24.015823364257812,20536.28125
2017-07-13,849.7540893554688,19.65542221069336,3406.183349609375,11.2672119140625,313.3513488769531,2112.806396484375,24.127979278564453,20453.578125
2017-07-14,856.2369384765625,20.042020797729492,3639.140380859375,11.375555038452148,314.89544677734375,2114.92724609375,24.4710693359375,20630.916015625
2017-07-17,875.685546875,20.164104461669922,3734.361328125,11.736680030822754,319.5774841308594,2120.58203125,25.025278091430664,20859.4140625
2017-07-18,882.1683349609375,20.057275772094727,3893.805908203125,11.736680030822754,320.0258483886719,2120.58203125,24.946102142333984,20945.521484375
2017-07-19,882.6668090820312,20.250574111938477,3726.1591796875,11.835990905761719,320.7729797363281,2120.58203125,25.051671981811523,21109.21875
2017-07-20,880.6722412109375,19.94536781311035,3600.605224609375,11.772795677185059,317.4856262207031,2120.58203125,24.893321990966797,21363.29296875
2017-07-21,884.1631469726562,19.731721878051758,3594.33349609375,11.745710372924805,312.35516357421875,2120.58203125,24.959293365478516,21442.580078125
2017-07-24,882.6668090820312,19.782588958740234,3700.1083984375,11.700568199157715,311.4586486816406,2120.58203125,25.163829803466797,21364.146484375
2017-07-25,948.492919921875,20.454051971435547,3890.972900390625,13.424958229064941,329.3899841308594,2120.58203125,25.962156295776367,21716.2578125
2017-07-26,941.511474609375,20.733829498291016,3890.851318359375,13.59649658203125,328.3937683105469,2120.58203125,26.206275939941406,21705.177734375
2017-07-27,940.015380859375,20.754173278808594,3803.409912109375,13.090912818908691,329.4398498535156,2117.047607421875,25.948963165283203,22115.271484375
2017-07-28,936.0259399414062,20.927122116088867,3926.249755859375,13.181194305419922,329.9876403808594,2117.047607421875,26.03473663330078,22739.36328125
2017-07-31,943.5062255859375,21.19163703918457,4124.65234375,13.199251174926758,332.876708984375,2117.047607421875,25.955568313598633,22763.240234375
2017-08-01,941.511474609375,21.054296493530273,4061.75390625,13.081887245178223,335.1181335449219,2117.047607421875,26.074323654174805,22856.171875
2017-08-02,928.0469360351562,20.937297821044922,4069.35302734375,12.97354793548584,331.1333312988281,2117.047607421875,25.988555908203125,22928.642578125
2017-08-03,941.511474609375,20.754173278808594,4075.865234375,12.97354793548584,333.87286376953125,2117.047607421875,26.021543502807617,23172.486328125
2017-08-04,939.5167846679688,20.962732315063477,4188.69580078125,13.009659767150879,336.5127258300781,2117.047607421875,25.5465030670166,23701.9375
2017-08-07,953.4797973632812,21.3594970703125,4242.30712890625,13.271479606628418,345.22943115234375,2062.4072265625,25.725284576416016,23713.876953125
2017-08-08,958.9653930664062,21.09498405456543,4237.96435546875,13.06382942199707,345.8769836425781,2062.4072265625,26.01002311706543,23311.45703125
2017-08-09,954.975830078125,21.039031982421875,4043.361328125,13.17216968536377,338.5050964355469,2062.4072265625,25.990148544311523,23244.1015625
2017-08-10,936.0259399414062,20.662609100341797,4057.472412109375,12.77492618560791,330.18701171875,2062.4072265625,25.526636123657227,22732.54296875
2017-08-11,914.5825805664062,20.5252685546875,3885.72509765625,12.603392601013184,320.7729797363281,2062.4072265625,25.414060592651367,22601.24609375
2017-08-14,927.54833984375,20.581220626831055,3831.089599609375,12.77492618560791,330.63531494140625,2062.4072265625,25.89745330810547,23053.970703125
2017-08-15,918.5720825195312,20.382835388183594,,12.612419128417969,329.9876403808594,,25.566370010375977,
2017-08-16,945.9995727539062,20.9423828125,4093.29345703125,13.334675788879395,343.93438720703125,2062.4072265625,26.427188873291016,23815.33203125
2017-08-17,942.0101928710938,20.581220626831055,4015.983154296875,12.820067405700684,343.6853332519531,2062.4072265625,25.83786392211914,23797.423828125
2017-08-18,941.0127563476562,20.550697326660156,4129.11474609375,12.77492618560791,342.1412658691406,2062.4072265625,25.904071807861328,23649.931640625
2017-08-21,951.9838256835938,20.81012725830078,4161.73974609375,13.298562049865723,339.9994201660156,2062.4072265625,26.526508331298828,23798.279296875
2017-08-22,970.9337158203125,21.06446647644043,4070.68017578125,13.605523109436035,347.27154541015625,2062.4072265625,27.029760360717773,24206.669921875
2017-08-23,993.3743896484375,21.23741912841797,4080.268310546875,13.804142951965332,351.75445556640625,2062.4072265625,26.943681716918945,24275.732421875
2017-08-24,1011.3269653320312,21.21707534790039,4197.50048828125,13.98470401763916,352.5514221191406,2062.4072265625,27.221786499023438,25167.5390625
2017-08-25,1019.3057250976562,21.649450302124023,4174.765625,13.804142951965332,351.4555358886719,2120.58203125,26.963546752929688,25758.37890625
2017-08-28,,21.786794662475586,4159.0263671875,14.020819664001465,,2120.58203125,27.658824920654297,25333.794921875
2017-08-29,1015.3163452148438,21.87327003479004,4149.37744140625,13.731918334960938,351.6050720214844,2120.58203125,27.420440673828125,25143.669921875
2017-08-30,1012.3243408203125,21.781700134277344,4160.8359375,13.1450834274292,355.3407897949219,2120.58203125,26.665569305419922,25075.462890625
2017-08-31,1032.2718505859375,22.127607345581055,4448.97021484375,13.343706130981445,358.1300964355469,2120.58203125,26.95030403137207,25038.794921875
2017-09-01,1055.2108154296875,22.46333885192871,4410.37548828125,13.605523109436035,365.60150146484375,2120.58203125,27.347599029541016,25961.298828125
2017-09-04,1058.2030029296875,,4402.23486328125,,365.701171875,2120.58203125,,25662.89453125
2017-09-05,1045.237548828125,22.417558670043945,4312.38037109375,13.35273265838623,361.6167297363281,2120.58203125,26.943681716918945,25698.697265625
2017-09-06,1039.253173828125,22.656639099121094,4296.701171875,13.59649658203125,364.4060974121094,2120.58203125,27.307870864868164,25786.51171875
2017-09-07,1044.317626953125,22.90042495727539,4371.478515625,13.731918334960938,367.130859375,2120.58203125,27.182058334350586,26265.673828125
2017-09-08,1005.4177856445312,22.298736572265625,4280.41845703125,12.856179237365723,361.7011413574219,2120.58203125,26.21529197692871,25766.056640625
2017-09-11,1023.3718872070312,22.667011260986328,4402.23486328125,12.991604804992676,367.927978515625,2059.50927734375,26.5728702545166,27716.580078125
2017-09-12,1005.4177856445312,22.79668426513672,4414.294921875,12.91034984588623,371.1160888671875,2049.89599609375,26.48678207397461,27852.380859375
2017-09-13,966.5177612304688,22.438785552978516,4347.9609375,12.585332870483398,362.2491149902344,2064.033447265625,26.036508560180664,29170.78125
2017-09-14,950.55859375,22.080888748168945,4329.2666015625,12.51310920715332,350.293701171875,2120.58203125,25.97028350830078,29672.701171875
2017-09-15,929.1138916015625,21.691869735717773,4301.1640625,12.531164169311523,343.2200622558594,2155.9248046875,26.05636978149414,31260.978515625
2017-09-18,951.0574340820312,21.925277709960938,,12.756869316101074,345.3122863769531,,26.407316207885742,
2017-09-19,937.592041015625,21.904525756835938,,13.072857856750488,344.81414794921875,,26.850975036621094,
2017-09-20,941.0830688476562,21.81116485595703,4203.2294921875,12.802010536193848,347.4543151855469,2117.754150390625,26.321245193481445,30551.060546875
2017-09-21,919.6381225585938,21.62961769104004,3992.163330078125,12.621445655822754,345.262451171875,2117.754150390625,26.235153198242188,31436.3046875
2017-09-22,937.0934448242188,21.619247436523438,3935.536865234375,12.693668365478516,345.8601989746094,2117.754150390625,25.89745330810547,30015.619140625
2017-09-25,905.6739501953125,21.406578063964844,3943.918701171875,12.540193557739258,342.82159423828125,2117.754150390625,25.8444766998291,28662.837890625
2017-09-26,909.1649169921875,21.027936935424805,3989.14794921875,12.630476951599121,340.6297912597656,2117.754150390625,25.612714767456055,28841.609375
2017-09-27,921.1343383789062,21.027936935424805,3989.14794921875,12.639504432678223,340.3308410644531,2120.58203125,25.75838851928711,30209.85546875
2017-09-28,926.1214599609375,21.002002716064453,3969.247802734375,13.018688201904297,337.6408996582031,2155.9248046875,26.235153198242188,30252.83984375
2017-09-29,946.5689697265625,21.022750854492188,4034.376953125,12.675617218017578,340.7293701171875,2155.9248046875,26.327856063842773,30453.9453125
2017-10-02,965.0215454101562,21.193920135498047,4191.16796875,12.946464538574219,349.49658203125,2148.8564453125,26.327856063842773,30631.00390625
2017-10-03,966.5177612304688,21.302845001220703,4161.015625,13.21730899810791,352.28619384765625,2148.8564453125,27.0363826751709,31198.236328125
2017-10-04,971.0061645507812,21.33396339416504,4212.275390625,13.117999076843262,358.0647277832031,2148.8564453125,27.221786499023438,32444.44140625
2017-10-05,993.9473266601562,21.396209716796875,4178.74609375,13.316619873046875,368.9241943359375,2141.787841796875,27.69855499267578,31970.880859375
2017-10-06,994.9446411132812,21.442890167236328,4221.31982421875,12.937434196472168,365.5368347167969,2141.787841796875,27.57274627685547,31918.451171875
2017-10-09,978.4869995117188,21.323591232299805,,12.928403854370117,360.8044738769531,,27.11583709716797,
2017-10-10,999.4332275390625,21.541440963745117,4167.28759765625,13.009659767150879,364.8394470214844,2162.993896484375,27.513145446777344,31819.626953125
2017-10-11,998.435791015625,21.22503662109375,4077.9765625,13.027716636657715,363.6438903808594,2226.611328125,27.63233757019043,30705.765625
2017-10-12,1013.3973999023438,21.282093048095703,4161.015625,13.099940299987793,366.58294677734375,2223.501220703125,28.11571502685547,30812.33984375
2017-10-13,1012.3999633789062,21.88896942138672,4308.76220703125,13.316619873046875,375.2007751464844,2261.95458984375,28.579235076904297,31799.857421875
2017-10-16,1031.351318359375,22.12238311767578,4291.03173828125,13.786087036132812,380.9792175292969,2297.29736328125,28.93680763244629,32547.576171875
2017-10-17,1009.4075927734375,22.003082275390625,4284.09814453125,13.479126930236816,374.4535827636719,2332.64013671875,28.79113006591797,32167.69140625
2017-10-18,989.95751953125,21.525880813598633,4259.13134765625,13.388843536376953,373.25799560546875,2403.325927734375,28.758028030395508,32586.2578125
2017-10-19,984.97021484375,21.5570011138916,4284.8212890625,13.3707914352417,376.1971130371094,2374.2744140625,28.665311813354492,31784.38671875
2017-10-20,997.4383544921875,21.406578063964844,4303.576171875,13.388843536376953,376.7948303222656,2409.546630859375,28.55937385559082,32040.5
2017-10-23,1000.4306640625,21.380647659301758,4282.7099609375,13.3707914352417,378.33917236328125,2441.850341796875,28.75141143798828,32355.92578125
2017-10-24,1028.3587646484375,21.541440963745117,4296.701171875,13.74997615814209,383.76885986328125,2438.669189453125,29.380460739135742,33197.328125
2017-10-25,983.4743041992188,21.136859893798828,4277.1630859375,13.271479606628418,374.9019775390625,2474.01220703125,28.903705596923828,32332.72265625
2017-10-26,983.9728393554688,21.20429039001465,4245.74365234375,13.26244831085205,377.3428649902344,2474.01220703125,28.61896514892578,32824.32421875
2017-10-27,954.0498046875,21.09017562866211,,12.756869316101074,365.8357849121094,,28.128969192504883,
2017-10-30,960.533203125,21.157609939575195,4197.681640625,12.585332870483398,368.6253662109375,2474.01220703125,28.320985794067383,33012.55078125
2017-10-31,952.0548706054688,21.25615882873535,4176.27294921875,12.621445655822754,361.6513366699219,2474.01220703125,28.440176010131836,32671.34765625
2017-11-01,967.51513671875,21.800785064697266,,12.982573509216309,374.1546936035156,,28.473285675048828,
2017-11-02,990.4562377929688,22.200185775756836,4019.36083984375,12.847150802612305,379.6342468261719,2422.977294921875,28.433563232421875,31689.849609375
2017-11-03,987.4638061523438,21.863039016723633,4141.95947265625,12.77492618560791,377.4424743652344,2409.0517578125,28.400442123413086,31906.421875
2017-11-06,986.4664306640625,22.516592025756836,4344.94482421875,13.21730899810791,374.55322265625,2541.164306640625,29.440059661865234,32049.953125
2017-11-07,985.4691162109375,22.42322540283203,4258.04638671875,13.136054992675781,367.0810852050781,2549.01025390625,29.313539505004883,32573.361328125
2017-11-08,996.4410400390625,22.708505630493164,4258.2275390625,13.41593074798584,369.8209228515625,2551.76708984375,29.55992317199707,32550.158203125
2017-11-09,974.497314453125,22.257246017456055,4139.185546875,13.289534568786621,361.6513366699219,2551.76708984375,29.360149383544922,31416.53125
2017-11-10,965.0215454101562,22.1898136138916,4131.58740234375,13.009659767150879,361.2528381347656,2614.324462890625,29.24028778076172,31390.755859375
2017-11-13,972.003662109375,22.148319244384766,4016.1044921875,13.027716636657715,362.5978088378906,2614.324462890625,29.253599166870117,31885.798828125
2017-11-14,946.5689697265625,21.624433517456055,3917.92822265625,12.458937644958496,353.4319763183594,2614.324462890625,28.56770896911621,31668.3671875
2017-11-15,948.5638427734375,21.37546157836914,3925.82861328125,12.305459022521973,348.6000061035156,2614.324462890625,28.22808837890625,30599.193359375
2017-11-16,945.0726928710938,21.46363639831543,3985.288330078125,12.296431541442871,351.9873352050781,2614.324462890625,28.274703979492188,30961.88671875
2017-11-17,948.5638427734375,21.46363639831543,4002.052490234375,12.51310920715332,352.1368408203125,2614.324462890625,28.60099983215332,32000.103515625
2017-11-20,958.0394897460938,21.328781127929688,3626.47607421875,12.594361305236816,358.5130310058594,2538.265625,28.720870971679688,29699.34765625
2017-11-21,962.5279541015625,21.608871459960938,3830.36572265625,12.77492618560791,360.7546691894531,2463.762939453125,29.127079010009766,31334.025390625
2017-11-22,973.4998168945312,21.925277709960938,3893.6259765625,12.856179237365723,362.1495361328125,2403.325927734375,29.173688888549805,30779.677734375
2017-11-23,977.4895629882812,,3678.518798828125,,362.6974182128906,2403.325927734375,,30191.810546875
2017-11-24,975.993408203125,22.15350341796875,3759.38818359375,12.955489158630371,361.00372314453125,2340.2744140625,29.38678550720215,30575.126953125
2017-11-27,942.5791015625,21.728172302246094,3657.472412109375,12.720755577087402,356.6698913574219,2403.325927734375,28.740848541259766,29733.720703125
2017-11-28,930.6099243164062,21.785228729248047,3701.31396484375,12.829095840454102,350.6921691894531,2403.325927734375,28.674259185791016,30062.892578125
2017-11-29,918.6407470703125,21.494760513305664,3634.43603515625,12.648531913757324,341.2275695800781,2403.325927734375,28.301347732543945,28808.94921875
2017-11-30,907.1702880859375,21.551820755004883,3646.376708984375,12.56727409362793,338.3382873535156,2381.41357421875,28.001680374145508,30075.7890625
2017-12-01,896.697021484375,21.764482498168945,3881.383056640625,12.738812446594238,337.4914855957031,2381.41357421875,28.47447967529297,30132.51171875
2017-12-04,897.19580078125,21.837100982666016,3905.686767578125,12.91034984588623,340.4803161621094,2314.96875,28.714214324951172,29422.599609375
2017-12-05,882.2342529296875,21.479196548461914,3689.615234375,12.738812446594238,332.7590026855469,2261.95458984375,28.248071670532227,29120.068359375
2017-12-06,885.2265014648438,21.323591232299805,3734.119384765625,12.955489158630371,335.7478942871094,2261.95458984375,28.09490966796875,28521.02734375
2017-12-07,884.2291259765625,21.28727912902832,3771.690185546875,13.397875785827637,336.7441711425781,2261.95458984375,28.134864807128906,29486.205078125
2017-12-08,891.2110595703125,21.297657012939453,,13.515240669250488,344.21636962890625,,27.96172332763672,
2017-12-11,911.1598510742188,21.59330940246582,3881.756103515625,13.560381889343262,349.9947509765625,2261.95458984375,28.188142776489258,29584.5
2017-12-12,908.1675415039062,21.73854637145996,3851.42041015625,14.183329582214355,346.1591491699219,2261.95458984375,28.154844284057617,29297.72265625
2017-12-13,913.3212280273438,21.971961975097656,3888.8046875,14.734051704406738,352.684814453125,2332.64013671875,28.787464141845703,30114.74609375
2017-12-14,912.6561279296875,21.96158790588379,3824.3330078125,14.616682052612305,356.0223388671875,2332.64013671875,28.57436752319336,28922.56640625
2017-12-15,928.1163330078125,22.345420837402344,3977.0537109375,15.329907417297363,361.40228271484375,2261.95458984375,28.84739875793457,29295.984375
2017-12-18,946.5689697265625,22.625516891479492,4376.3828125,15.663957595825195,368.22686767578125,2615.384765625,29.699769973754883,30955.162109375
2017-12-19,938.0908203125,22.454347610473633,4580.21533203125,15.645901679992676,366.2840881347656,2615.384765625,29.972782135009766,31725.40625
2017-12-20,950.55859375,22.89524269104004,4623.7890625,15.943830490112305,369.1234436035156,2615.384765625,30.71861457824707,32153.41015625
2017-12-21,965.520263671875,23.372440338134766,4646.03515625,16.413301467895508,374.7026062011719,2615.384765625,30.938365936279297,31919.4921875
2017-12-22,961.5305786132812,23.341318130493164,4731.09765625,16.341068267822266,374.0052795410156,2690.452880859375,30.77188491821289,32210.58203125
2017-12-26,,23.52286148071289,4718.90234375,16.855676651000977,,2700.20751953125,31.01161003112793,31723.671875
2017-12-27,981.9779052734375,23.740711212158203,4757.08203125,16.873735427856445,381.7264404296875,2714.3447265625,31.357892990112305,31365.845703125
2017-12-28,989.95751953125,24.057119369506836,4802.18798828125,17.397375106811523,384.0179138183594,2728.482421875,31.717487335205078,31650.892578125
2017-12-29,1002.4255981445312,23.854827880859375,4816.8955078125,17.11750030517578,388.551025390625,2728.482421875,31.597623825073242,31665.619140625
2018-01-02,998.435791015625,24.64842987060547,4963.48876953125,17.84878158569336,392.73541259765625,2728.482421875,32.563194274902344,32259.115234375
2018-01-03,972.7018432617188,24.74698257446289,4818.30517578125,17.577932357788086,388.5011901855469,2714.3447265625,32.62312698364258,32225.31640625
2018-01-04,983.6738891601562,24.793664932250977,4953.744140625,17.821699142456055,389.5473327636719,2714.3447265625,32.456634521484375,32486.98046875
2018-01-05,979.2848510742188,24.970029830932617,4975.623046875,17.96615219116211,387.15625,2714.3447265625,32.709686279296875,33176.6484375
2018-01-08,991.4537353515625,25.156753540039062,5019.6865234375,17.8848934173584,393.582275390625,2700.20751953125,32.862857818603516,33133.3203125
2018-01-09,997.4383544921875,25.333112716674805,5046.3447265625,17.081384658813477,396.7205505371094,2686.070556640625,32.66974639892578,32957.43359375
2018-01-10,1011.9011840820312,25.34867286682129,4987.69482421875,17.614049911499023,403.843994140625,2633.05615234375,32.93610382080078,32732.166015625
2018-01-11,1023.3718872070312,25.763626098632812,5047.1416015625,17.94809341430664,405.23883056640625,2633.05615234375,33.362281799316406,33304.875
2018-01-12,1029.3560791015625,26.29269790649414,5029.49169921875,17.830726623535156,406.0358581542969,2633.05615234375,33.249088287353516,32738.236328125
2018-01-15,1035.8397216796875,,5025.44677734375,,408.0283508300781,2633.05615234375,,33264.15625
2018-01-16,1006.9138793945312,25.52503204345703,,17.4425106048584,404.192626953125,,32.856197357177734,
2018-01-17,1001.9267578125,25.64432716369629,4961.1591796875,17.84878158569336,405.48785400390625,2633.05615234375,33.182491302490234,31558.189453125
2018-01-18,995.8424682617188,25.5872745513916,4934.5625,17.514738082885742,405.7369384765625,2633.05615234375,32.97605514526367,31002.82421875
2018-01-19,991.254150390625,25.753252029418945,4939.28125,18.020320892333984,405.63726806640625,2809.771484375,33.5221061706543,30430.119140625
2018-01-22,992.251708984375,25.64432716369629,4974.94873046875,18.047405242919922,400.9048767089844,2809.771484375,33.355628967285156,30330.48046875
2018-01-23,964.5228271484375,25.286422729492188,4767.68359375,17.650161743164062,389.2981872558594,2809.771484375,32.736331939697266,29323.7109375
2018-01-24,956.7427978515625,25.758438110351562,4836.87451171875,17.69530487060547,395.52496337890625,2832.673095703125,33.289039611816406,29070.728515625
2018-01-25,945.5715942382812,25.36941909790039,4850.908203125,17.8939208984375,398.5138854980469,2832.673095703125,33.3289909362793,29806.296875
2018-01-26,938.5894165039062,25.93479347229004,4825.29150390625,17.64113426208496,400.40679931640625,2832.673095703125,33.715232849121094,29009.203125
2018-01-29,949.7608642578125,25.665075302124023,4845.51513671875,17.72238540649414,413.4581604003906,2832.673095703125,33.12922286987305,28896.56640625
2018-01-30,933.2032470703125,25.36941909790039,4834.5458984375,17.270977020263672,406.38446044921875,2832.673095703125,31.983844757080078,29371.361328125
2018-01-31,928.6151123046875,25.426477432250977,4810.2158203125,17.605018615722656,402.2000732421875,2899.966552734375,32.33012008666992,29315.046875
2018-02-01,919.438720703125,25.5768985748291,4962.44580078125,17.559886932373047,398.31463623046875,2986.980712890625,32.729671478271484,29028.263671875
2018-02-02,899.0910034179688,24.809221267700195,4875.91259765625,16.22370719909668,381.3279724121094,3011.933349609375,31.564321517944336,27975.572265625
2018-02-05,914.0524291992188,24.103803634643555,4878.9150390625,15.934803009033203,385.4127197265625,3011.933349609375,31.19808006286621,27116.96484375
2018-02-06,910.26220703125,24.75735092163086,4937.87158203125,16.91887855529785,376.6453857421875,3055.688232421875,31.977170944213867,27804.890625
2018-02-07,897.09619140625,24.06749153137207,4952.3955078125,16.1243953704834,376.69525146484375,3060.706298828125,31.44446563720703,28922.56640625
2018-02-08,874.5538330078125,23.216833114624023,4905.6962890625,15.492420196533203,364.2416687011719,2981.891845703125,30.279098510742188,28283.150390625
2018-02-09,873.7560424804688,23.73552703857422,4960.1796875,15.862580299377441,359.6588439941406,2981.891845703125,30.965002059936523,28154.921875
2018-02-12,884.9273071289062,24.274965286254883,5000.32080078125,15.862580299377441,365.33758544921875,2981.891845703125,31.4140625,28603.720703125
2018-02-13,887.3211669921875,24.762548446655273,4970.107421875,16.07023048400879,374.4037780761719,2981.538330078125,32.37248992919922,28066.55078125
2018-02-14,913.653564453125,25.561338424682617,4994.56005859375,17.26194953918457,380.9792175292969,2981.538330078125,34.20896530151367,28582.935546875
2018-02-15,929.8120727539062,25.88811683654785,5175.5322265625,17.26194953918457,386.55841064453125,2981.538330078125,34.0547981262207,28627.119140625
2018-02-16,912.2570190429688,25.255308151245117,5103.27880859375,16.90985107421875,386.55841064453125,2981.538330078125,33.84701919555664,28148.857421875
2018-02-19,895.5001831054688,,5119.64111328125,,382.3740234375,2981.538330078125,,28463.369140625
2018-02-20,891.1115112304688,24.14529800415039,5274.99755859375,16.63900375366211,382.9718017578125,2981.538330078125,33.82691192626953,28589.861328125
2018-02-21,899.6893920898438,24.103803634643555,5353.50244140625,16.90985107421875,403.0469665527344,2981.538330078125,33.404666900634766,28948.55859375
2018-02-22,899.8888549804688,24.689924240112305,5244.662109375,17.298059463500977,400.8052978515625,2981.538330078125,33.9676628112793,29119.24609375
2018-02-23,897.4951171875,25.053014755249023,5296.5078125,17.650161743164062,394.77783203125,2981.538330078125,34.9663200378418,29779.443359375
2018-02-26,909.6637573242188,25.34348487854004,5332.11376953125,17.632108688354492,399.9086608886719,2981.538330078125,36.04540252685547,27094.4375
2018-02-27,903.4795532226562,24.78847885131836,5208.748046875,17.234865188598633,395.02685546875,2981.538330078125,35.804115295410156,27356.958984375
2018-02-28,867.7713623046875,24.11935806274414,5199.923828125,16.792484283447266,384.9145202636719,3039.500732421875,35.3416633605957,26116.25390625
2018-03-01,855.2035522460938,23.714773178100586,4907.96484375,16.738313674926758,374.4535827636719,3039.500732421875,35.58963394165039,24486.53515625
2018-03-02,840.4414672851562,23.564361572265625,4759.04296875,16.53969383239746,363.1457214355469,3040.56103515625,35.48910140991211,24924.068359375
2018-03-05,860.5897216796875,23.704404830932617,4488.5341796875,16.422321319580078,363.4447021484375,2968.814697265625,35.69688415527344,24483.935546875
2018-03-06,881.9349975585938,24.207544326782227,4593.81982421875,16.88276481628418,367.03125,2827.442626953125,36.695526123046875,25140.673828125
2018-03-07,873.95556640625,23.808141708374023,4541.8515625,16.359127044677734,365.9851989746094,2745.1640625,36.73575210571289,25993.2265625
2018-03-08,867.7713623046875,23.755001068115234,4537.62255859375,16.1334228515625,361.9501647949219,2745.1640625,36.16604995727539,26546.86328125
2018-03-09,892.1087646484375,24.063234329223633,4568.87744140625,16.63900375366211,368.4261169433594,2770.39892578125,36.56819152832031,26978.33984375
2018-03-12,885.5257568359375,24.158885955810547,4481.669921875,16.756372451782227,367.67877197265625,2770.39892578125,36.45425796508789,26828.4453125
2018-03-13,912.2570190429688,23.80814552307129,4468.55517578125,16.68414878845215,375.30047607421875,2756.756591796875,36.3336067199707,26636.1015625
2018-03-14,943.776123046875,23.999460220336914,4675.8798828125,16.846649169921875,382.1250305175781,2756.756591796875,36.66202163696289,26370.978515625
2018-03-15,957.5408935546875,24.026029586791992,4594.4951171875,16.620943069458008,377.7413635253906,2756.756591796875,36.527976989746094,25788.75390625
2018-03-16,965.1213989257812,24.137632369995117,4575.2509765625,16.575807571411133,384.0677795410156,2756.756591796875,36.63521194458008,25712.51171875
2018-03-19,942.77880859375,23.494600296020508,4542.46435546875,16.29593276977539,367.8780822753906,2663.451416015625,36.487762451171875,25078.296875
2018-03-20,942.1802978515625,23.739057540893555,4471.98681640625,16.69317626953125,366.8818054199219,2663.451416015625,36.943519592285156,25196.98828125
2018-03-21,969.3104858398438,24.350200653076172,4518.1953125,17.316120147705078,369.77105712890625,2663.451416015625,37.43280792236328,24898.08203125
2018-03-22,948.164794921875,23.38831329345703,4380.244140625,16.29593276977539,357.865478515625,2685.92919921875,36.400634765625,25093.88671875
2018-03-23,938.5894165039062,23.382999420166016,4363.697265625,15.817440032958984,357.1680603027344,2685.92919921875,35.8309326171875,25460.37890625
2018-03-26,932.2058715820312,23.818769454956055,4275.44775390625,16.025087356567383,350.9910888671875,2686.42431640625,36.199554443359375,24921.466796875
2018-03-27,945.3720703125,23.436138153076172,4183.45947265625,15.564644813537598,362.1495361328125,2686.42431640625,35.77731704711914,25235.978515625
2018-03-28,908.4669189453125,23.111968994140625,4057.2138671875,15.122259140014648,351.8379211425781,2686.42431640625,35.14057922363281,24596.568359375
2018-03-29,918.6407470703125,23.611515045166016,4201.04833984375,15.862580299377441,352.48553466796875,2756.756591796875,36.31349563598633,25469.9140625
2018-04-02,,23.21293830871582,4062.484375,15.474358558654785,,2756.756591796875,36.347015380859375,25127.6796875
2018-04-03,922.6304321289062,23.457401275634766,4007.083740234375,15.6910400390625,354.92645263671875,2756.756591796875,36.755855560302734,25598.140625
2018-04-04,899.4898681640625,23.57431411743164,3902.103271484375,15.65493106842041,343.71820068359375,2756.756591796875,37.198219299316406,25985.431640625
2018-04-05,928.4155883789062,23.638090133666992,4137.37353515625,16.350101470947266,357.4171142578125,2756.756591796875,37.59366226196289,27059.779296875
2018-04-06,913.2544555664062,23.191679000854492,3982.140380859375,15.645901679992676,349.8453674316406,2756.756591796875,36.67543029785156,26919.419921875
2018-04-09,909.2647094726562,23.186368942260742,4111.7568359375,15.736181259155273,337.8900146484375,2710.810546875,36.44084167480469,27105.69921875
2018-04-10,950.3592529296875,24.334259033203125,4188.17919921875,16.431352615356445,345.212646484375,2711.517578125,37.653968811035156,27587.427734375
2018-04-11,947.9654541015625,24.50431251525879,4176.166015625,16.23273468017578,341.1278381347656,2711.517578125,37.44620132446289,27454.861328125
2018-04-12,946.7684326171875,24.562780380249023,4270.60595703125,16.169361114501953,341.1777648925781,2756.756591796875,37.59366226196289,27731.24609375
2018-04-13,939.5869140625,24.871002197265625,4267.84814453125,16.178409576416016,344.5152587890625,2833.25439453125,36.79606628417969,27373.41796875
2018-04-16,930.6099243164062,24.594663619995117,4196.57470703125,16.440961837768555,341.3769226074219,2833.25439453125,37.412696838378906,27292.841796875
2018-04-17,943.5767211914062,24.801925659179688,4324.4755859375,16.567710876464844,346.20892333984375,2833.25439453125,37.93547821044922,27583.9609375
2018-04-18,969.5099487304688,25.577810287475586,4559.4404296875,17.36440658569336,372.71002197265625,2786.033447265625,38.431453704833984,28151.45703125
2018-04-19,959.7351684570312,25.37586784362793,4521.93310546875,17.717485427856445,376.5955810546875,2786.033447265625,38.25718688964844,28978.876953125
2018-04-20,950.3592529296875,25.349294662475586,4580.6435546875,17.527368545532227,379.23577880859375,2786.033447265625,37.64057159423828,29380.029296875
2018-04-23,953.5509643554688,25.11014747619629,4576.68701171875,17.02942657470703,378.88702392578125,2821.340576171875,37.111080169677734,29275.19140625
2018-04-24,974.8961791992188,25.280208587646484,4405.81884765625,14.557854652404785,384.46624755859375,2821.340576171875,36.62850570678711,28721.552734375
2018-04-25,957.5408935546875,25.11014747619629,4455.6337890625,13.91506576538086,375.798583984375,2821.340576171875,35.53602600097656,28777.005859375
2018-04-26,949.0582275390625,25.195178985595703,4502.748046875,14.15045166015625,368.74700927734375,2821.340576171875,35.73709487915039,28780.470703125
2018-04-27,951.8518676757812,24.727521896362305,4501.30322265625,13.869796752929688,367.7007141113281,2821.340576171875,35.703582763671875,28828.98828125
2018-04-30,970.21044921875,24.844438552856445,4480.0078125,13.770210266113281,349.4652404785156,2821.340576171875,35.39528274536133,29103.6484375
2018-05-01,957.0401611328125,24.60529327392578,,13.534822463989258,345.7283630371094,,34.68482208251953,
2018-05-02,977.9928588867188,24.95072364807129,4571.34619140625,13.67967414855957,356.63983154296875,2821.340576171875,34.67811965942383,29433.74609375
2018-05-03,981.3851928710938,25.322725296020508,4448.41015625,13.770210266113281,358.0348815917969,2821.340576171875,34.725040435791016,29648.56640625
2018-05-04,993.75732421875,25.652212142944336,4458.39794921875,13.960332870483398,358.7323303222656,2833.25439453125,35.49580383300781,29900.810546875
2018-05-07,,25.429012298583984,4393.1923828125,13.81547737121582,,2825.989501953125,34.906002044677734,29313.712890625
2018-05-08,991.3627319335938,25.290836334228516,4413.35693359375,13.851690292358398,358.0348815917969,2825.989501953125,34.427371978759766,29237.2421875
2018-05-09,1011.2178955078125,26.119876861572266,4487.79736328125,14.195719718933105,365.5583190917969,2825.989501953125,34.79139709472656,29754.03125
2018-05-10,1037.6580810546875,26.507816314697266,4553.443359375,14.684598922729492,374.87542724609375,2825.989501953125,35.27677917480469,30787.611328125
2018-05-11,1043.1458740234375,26.78947639465332,4576.8115234375,14.729869842529297,384.7405090332031,2825.989501953125,34.89924621582031,31151.466796875
2018-05-14,1045.640380859375,27.20398712158203,4610.85986328125,14.666495323181152,383.8437194824219,2840.519287109375,34.906002044677734,30691.80859375
2018-05-15,1049.1326904296875,26.927648544311523,4602.693359375,14.449212074279785,377.9644470214844,2843.27978515625,34.906002044677734,31830.8671875
2018-05-16,1065.5950927734375,27.35279083251953,4603.13330078125,15.064844131469727,391.666015625,2847.783935546875,35.07453536987305,32177.138671875
2018-05-17,1079.064697265625,27.304960250854492,4585.7958984375,15.191595077514648,396.44915771484375,2855.048828125,35.04755783081055,30541.509765625
2018-05-18,1081.060302734375,27.002046585083008,4510.1611328125,15.273073196411133,379.0107421875,2862.3134765625,34.61612319946289,30620.615234375
2018-05-21,1090.5390625,27.363420486450195,,15.110111236572266,386.3348693847656,,34.81836700439453,
2018-05-22,1095.527587890625,27.177419662475586,4489.494140625,15.544673919677734,388.4274597167969,2869.57861328125,34.906002044677734,29500.912109375
2018-05-23,1065.096435546875,27.097705841064453,4409.08544921875,15.70763874053955,381.65142822265625,2869.57861328125,34.48130416870117,29156.390625
2018-05-24,1059.10986328125,27.039249420166016,4366.80810546875,15.734794616699219,375.27398681640625,2876.843017578125,34.61612319946289,27751.0390625
2018-05-25,1052.12548828125,26.0507869720459,4349.28173828125,15.463191032409668,376.1708068847656,2884.10791015625,33.73977279663086,28237.943359375
2018-05-28,,,4325.66162109375,,,2883.817626953125,,28288.04296875
2018-05-29,1040.1524658203125,25.583131790161133,4215.66455078125,15.073899269104004,369.5442199707031,2883.817626953125,32.57353591918945,28111.384765625
2018-05-30,1047.1368408203125,26.268674850463867,4220.81591796875,15.499415397644043,370.8894958496094,2883.817626953125,33.261146545410156,28361.869140625
2018-05-31,1052.12548828125,26.45467185974121,4129.7919921875,15.300233840942383,370.7400207519531,2814.29345703125,32.957794189453125,28914.693359375
2018-06-01,1069.0875244140625,26.699132919311523,4134.31396484375,15.499415397644043,379.9573974609375,2814.29345703125,33.207218170166016,28478.76171875
2018-06-04,1082.5570068359375,26.67255973815918,4268.68505859375,15.58088493347168,381.5019836425781,2814.29345703125,33.456634521484375,29671.416015625
2018-06-05,1111.4915771484375,26.86919403076172,4276.85107421875,15.979235649108887,388.32781982421875,2814.29345703125,34.562191009521484,29222.3046875
2018-06-06,1146.41259765625,27.607881546020508,4494.89599609375,16.477176666259766,398.9902038574219,2832.528076171875,35.452049255371094,28719.576171875
2018-06-07,1132.4443359375,27.506914138793945,4446.96533203125,16.232736587524414,392.66253662109375,2821.340576171875,34.77791976928711,28654.541015625
2018-06-08,1096.0264892578125,27.459081649780273,4501.7431640625,16.323265075683594,382.4984436035156,2743.316650390625,34.690284729003906,28799.5546875
2018-06-11,1090.0400390625,27.544109344482422,4477.93505859375,16.468120574951172,387.6303405761719,2743.316650390625,34.59590530395508,28870.224609375
2018-06-12,1064.5975341796875,27.177419662475586,4509.53271484375,16.169361114501953,382.2493896484375,2830.7119140625,34.474571228027344,28462.546875
2018-06-13,1079.064697265625,26.938276290893555,4634.919921875,16.12409210205078,396.5986633300781,2814.87451171875,34.049861907958984,28320.75
2018-06-14,1062.60205078125,26.762901306152344,4553.88330078125,15.915865898132324,397.0968933105469,2814.87451171875,33.888065338134766,28366.8359375
2018-06-15,1018.7010498046875,25.880727767944336,4452.05419921875,15.291182518005371,379.9573974609375,2814.87451171875,32.742069244384766,28022.083984375
2018-06-18,1017.204345703125,26.02421760559082,4518.5791015625,15.209694862365723,379.2100524902344,2818.724853515625,32.76228713989258,27903.330078125
2018-06-19,1001.2405395507812,25.31740951538086,4453.6865234375,14.720815658569336,370.3912658691406,2833.25439453125,31.85897445678711,27190.7890625
2018-06-20,1004.7325439453125,25.386493682861328,4485.59912109375,14.75702953338623,373.0816650390625,2832.528076171875,31.710664749145508,26892.130859375
2018-06-21,1006.2290649414062,25.44495964050293,4413.04296875,14.81135082244873,370.2916564941406,2833.25439453125,31.461240768432617,27089.763671875
2018-06-22,1026.18408203125,26.002954483032227,4417.43994140625,14.883777618408203,385.7868347167969,2833.25439453125,31.494949340820312,27929.9140625
2018-06-25,992.958984375,25.31740951538086,4228.3544921875,14.250039100646973,367.7007141113281,2833.25439453125,31.387096405029297,27289.16796875
2018-06-26,997.1495971679688,25.949813842773438,4181.365234375,14.711762428283691,365.9568786621094,2833.25439453125,31.6567440032959,27722.537109375
2018-06-27,1005.2313842773438,26.20490264892578,4154.66796875,15.300233840942383,367.85015869140625,2833.25439453125,31.016324996948242,27274.982421875
2018-06-28,978.7910766601562,26.58221435546875,4168.42529296875,15.200644493103027,357.5366516113281,2833.25439453125,30.942163467407227,27488.56640625
2018-06-29,987.770751953125,26.576900482177734,4071.62060546875,15.626154899597168,360.7253112792969,2833.25439453125,31.596065521240234,27860.79296875
2018-07-02,954.8451538085938,25.811641693115234,,15.535622596740723,348.0700378417969,,30.63206672668457,
2018-07-03,967.8157958984375,25.88604164123535,3829.07666015625,15.454140663146973,319.8697509765625,2833.25439453125,30.06580924987793,27188.130859375
2018-07-04,941.8743896484375,,3826.1240234375,,318.3251953125,2833.25439453125,,26885.037109375
2018-07-05,950.654541015625,25.875415802001953,3856.025146484375,15.363608360290527,324.9518127441406,2833.25439453125,30.611845016479492,27823.5703125
2018-07-06,941.8743896484375,26.348386764526367,3903.8310546875,15.852489471435547,327.7917175292969,2833.25439453125,30.868013381958008,28169.203125
2018-07-09,973.8023681640625,27.012680053710938,3868.337646484375,16.395692825317383,334.0695495605469,2833.25439453125,31.339900970458984,28209.970703125
2018-07-10,967.21728515625,27.19867515563965,3820.720703125,16.395692825317383,325.79876708984375,2833.25439453125,31.218563079833984,27922.828125
2018-07-11,936.8856201171875,26.02421760559082,3669.389892578125,15.761956214904785,310.05438232421875,2833.25439453125,30.011882781982422,27855.47265625
2018-07-12,945.2667846679688,26.38558578491211,3797.227294921875,15.69840145111084,312.8943786621094,2833.25439453125,30.19390296936035,27911.3046875
2018-07-13,942.47314453125,26.103925704956055,3758.40478515625,15.253503799438477,311.89788818359375,2833.25439453125,30.396133422851562,27991.06640625
2018-07-16,936.2869873046875,25.76381492614746,,15.226269721984863,308.0116882324219,,30.14670753479004,
2018-07-17,956.6411743164062,25.896669387817383,3788.9345703125,15.226269721984863,311.9975891113281,2833.25439453125,30.40960693359375,28037.1484375
2018-07-18,962.8270263671875,26.486562728881836,3941.208740234375,15.507726669311523,317.3785095214844,2833.25439453125,30.753414154052734,27693.291015625
2018-07-19,940.2779541015625,25.758501052856445,3911.5576171875,14.345558166503906,315.6347351074219,2750.799560546875,29.378202438354492,27627.708984375
2018-07-20,939.4797973632812,25.76381492614746,3931.346435546875,14.300162315368652,310.5526123046875,2750.799560546875,29.506296157836914,27815.591796875
2018-07-23,939.87890625,25.630956649780273,3938.5703125,14.372796058654785,308.9085388183594,2750.799560546875,29.957948684692383,27173.064453125
2018-07-24,972.2059936523438,26.6459903717041,4027.271484375,14.590703964233398,326.2471923828125,2750.799560546875,31.346641540527344,27137.62109375
2018-07-25,977.7933349609375,26.87449836730957,4039.2060546875,14.400032997131348,322.8591613769531,2760.60693359375,32.01401901245117,27018.861328125
2018-07-26,975.7978515625,26.598154067993164,4109.25,14.499909400939941,322.11181640625,2760.60693359375,32.14885330200195,26912.509765625
2018-07-27,980.986083984375,26.975479125976562,3996.677978515625,14.518070220947266,324.8520812988281,2760.60693359375,32.28367233276367,26697.154296875
2018-07-30,981.98388671875,27.26244354248047,4039.770751953125,14.599782943725586,323.8058166503906,2760.60693359375,32.40501022338867,26351.5234375
2018-07-31,1000.7415161132812,27.772624969482422,4146.31298828125,14.981125831604004,333.3221740722656,2759.88037109375,33.27462387084961,27301.57421875
2018-08-01,978.1925048828125,27.219938278198242,4084.058349609375,14.1458101272583,320.7167053222656,2760.60693359375,32.20951461791992,27143.822265625
2018-08-02,948.6591186523438,26.550334930419922,4146.9404296875,14.009618759155273,311.8481140136719,2760.60693359375,31.602800369262695,27516.92578125
2018-08-03,957.439208984375,26.77353286743164,4258.63330078125,14.263845443725586,316.9799499511719,2760.60693359375,32.06794738769531,27942.32421875
2018-08-06,940.4774780273438,26.470617294311523,4128.97509765625,13.982383728027344,312.8943786621094,2760.60693359375,31.393829345703125,26863.767578125
2018-08-07,956.241943359375,26.87449836730957,4081.169677734375,13.946060180664062,325.15106201171875,2760.60693359375,31.203441619873047,26888.5859375
2018-08-08,960.0333862304688,26.736330032348633,4009.6181640625,13.973302841186523,325.400146484375,2760.60693359375,31.060651779174805,27455.78125
2018-08-09,976.7955322265625,26.6459903717041,3897.863037109375,13.900667190551758,329.037353515625,2760.60693359375,31.067447662353516,27405.265625
2018-08-10,959.0355224609375,26.141124725341797,3951.322265625,13.719075202941895,320.0191955566406,2760.60693359375,30.809066772460938,27113.69140625
2018-08-13,950.654541015625,25.84352684020996,3889.319580078125,13.546566009521484,317.7771301269531,2760.60693359375,30.285491943359375,26783.12109375
2018-08-14,884.4041748046875,26.220848083496094,3949.25,13.437610626220703,315.2859191894531,2760.02587890625,29.90471839904785,26633.349609375
2018-08-15,834.3171997070312,24.956037521362305,,12.40255355834961,297.448974609375,,28.71478271484375,
2018-08-16,841.700439453125,25.12078094482422,3875.248046875,12.502429008483887,303.7766418457031,2680.621826171875,29.177152633666992,26483.56640625
2018-08-17,825.1378173828125,25.466211318969727,3835.107177734375,12.684019088745117,303.9260559082031,2680.621826171875,29.666728973388672,26481.798828125
2018-08-20,826.3350219726562,25.673473358154297,3814.502197265625,12.820208549499512,304.97235107421875,2659.191162109375,29.768714904785156,26370.13671875
2018-08-21,818.951904296875,25.211122512817383,3831.086181640625,13.00179672241211,305.7197570800781,2659.191162109375,29.911508560180664,26583.720703125
2018-08-22,814.5618286132812,25.615013122558594,3882.409423828125,13.19247055053711,306.9154968261719,2659.191162109375,30.17669677734375,26391.404296875
2018-08-23,803.1874389648438,25.152664184570312,3824.866943359375,12.874687194824219,309.4067687988281,2659.191162109375,29.428728103637695,25764.82421875
2018-08-24,831.7230224609375,25.75318145751953,3843.964599609375,13.137992858886719,319.62060546875,2659.191162109375,30.169898986816406,25688.615234375
2018-08-27,,26.056102752685547,3898.805419921875,13.374056816101074,,2659.191162109375,30.856660842895508,25252.580078125
2018-08-28,845.4918823242188,26.210214614868164,3901.318115234375,13.310498237609863,326.2471923828125,2659.191162109375,31.074254989624023,25048.7421875
2018-08-29,830.5256958007812,26.45467185974121,3857.21923828125,13.319579124450684,323.7061767578125,2659.191162109375,30.849863052368164,25331.45703125
2018-08-30,821.7454833984375,25.875415802001953,3827.56884765625,12.84744644165039,321.7630615234375,2659.191162109375,29.721126556396484,25093.056640625
2018-08-31,803.785888671875,25.529987335205078,3849.80615234375,12.756651878356934,312.44598388671875,2659.191162109375,29.673526763916016,26113.125
2018-09-03,807.9766235351562,,3841.011962890625,,315.6347351074219,2659.191162109375,,25956.255859375
2018-09-04,792.6112670898438,25.104835510253906,3830.332763671875,12.239124298095703,309.905029296875,2659.191162109375,28.79637908935547,25782.548828125
2018-09-05,794.4070434570312,24.89226531982422,3809.728515625,12.41163444519043,311.0010986328125,2659.191162109375,28.701181411743164,25562.767578125
2018-09-06,774.7024536132812,24.619203567504883,3864.12939453125,12.320837020874023,303.10382080078125,2659.191162109375,28.184410095214844,26027.15234375
2018-09-07,742.572998046875,24.258764266967773,3874.242919921875,11.9667387008667,294.98052978515625,2659.191162109375,27.49764633178711,26586.837890625
2018-09-10,743.770263671875,23.95292854309082,3885.04833984375,11.98489761352539,289.79754638671875,2659.191162109375,27.225658416748047,26443.263671875
2018-09-11,738.78125,24.105850219726562,3918.65625,11.839629173278809,285.9601745605469,2611.8974609375,27.062475204467773,26577.974609375
2018-09-12,757.1410522460938,24.4007568359375,3915.012451171875,12.375312805175781,294.13330078125,2611.8974609375,27.953218460083008,26904.1171875
2018-09-13,770.3121337890625,24.62466049194336,4042.095703125,12.32991886138916,298.5188293457031,2616.474365234375,28.00082015991211,27395.994140625
2018-09-14,782.8847045898438,24.832191467285156,4093.356201171875,12.429793357849121,300.562255859375,2612.405517578125,28.123218536376953,27810.759765625
2018-09-17,775.3013305664062,24.70112419128418,,12.457032203674316,299.3660888671875,,27.94642448425293,
2018-09-18,788.871337890625,25.22539520263672,,12.720337867736816,307.6888122558594,,28.429197311401367,
2018-09-19,835.1701049804688,25.84251594543457,,12.983640670776367,318.55303955078125,,28.809972763061523,
2018-09-20,856.1240844726562,26.3613338470459,4166.54052734375,13.065356254577637,320.64617919921875,2612.405517578125,29.415138244628906,28791.84375
2018-09-21,893.8414306640625,26.880149841308594,4210.3251953125,13.26510238647461,335.69671630859375,2690.21142578125,30.095102310180664,28754.623046875
2018-09-24,870.0935668945312,26.863765716552734,4120.494140625,12.92916202545166,328.9189758300781,2748.256591796875,29.530731201171875,28282.2421875
2018-09-25,872.8873901367188,27.295204162597656,4168.2998046875,13.156149864196777,340.38134765625,2748.256591796875,29.782320022583008,27711.5
2018-09-26,860.1153564453125,27.08222007751465,4157.9970703125,12.711255073547363,336.8927917480469,2748.256591796875,29.60552978515625,27568.80859375
2018-09-27,853.1306762695312,27.054912567138672,4169.9326171875,12.593219757080078,329.5668640136719,2748.256591796875,29.469532012939453,27047.685546875
2018-09-28,853.1306762695312,27.218746185302734,4161.578125,12.638618469238281,330.6134033203125,2748.256591796875,29.333545684814453,26763.201171875
2018-10-01,857.7205810546875,27.54096221923828,4248.896484375,12.438871383666992,330.8625793457031,2748.256591796875,29.367542266845703,27169.994140625
2018-10-02,864.705322265625,27.56280517578125,4372.0224609375,12.611381530761719,335.1485290527344,2748.256591796875,29.659929275512695,27453.6015625
2018-10-03,877.4774169921875,27.34981346130371,4466.626953125,12.665857315063477,332.4573669433594,2760.60693359375,29.748321533203125,27551.083984375
2018-10-04,872.687744140625,27.31158447265625,4511.48046875,12.375312805175781,331.9092102050781,2760.60693359375,29.007164001464844,27620.212890625
2018-10-05,825.19189453125,26.85830307006836,4457.58154296875,12.048454284667969,323.9353942871094,2760.60693359375,28.741987228393555,26969.703125
2018-10-08,811.4219970703125,26.79823112487793,4448.47265625,12.06661319732666,320.64617919921875,2760.60693359375,28.85077476501465,27381.814453125
2018-10-09,823.3958740234375,26.880149841308594,4471.59033203125,11.9667387008667,325.0815734863281,2760.60693359375,28.707979202270508,27071.62109375
2018-10-10,777.8955078125,26.017276763916016,4469.0771484375,11.594478607177734,310.8284606933594,2760.60693359375,28.116409301757812,26252.71484375
2018-10-11,766.3208618164062,26.04457664489746,4373.529296875,12.012136459350586,310.2304382324219,2760.60693359375,29.02756118774414,25965.568359375
2018-10-12,780.8888549804688,26.110118865966797,4359.20703125,11.611124038696289,312.57269287109375,2760.60693359375,28.39519691467285,25833.515625
2018-10-15,786.07763671875,26.263031005859375,,11.693151473999023,317.60614013671875,,28.653573989868164,
2018-10-16,788.272705078125,26.476016998291016,4398.59375,11.556440353393555,313.7687683105469,2745.787109375,28.490392684936523,25575.619140625
2018-10-17,793.4613037109375,26.099193572998047,4592.9560546875,11.301251411437988,314.0179748535156,2745.787109375,28.463191986083984,25144.896484375
2018-10-18,765.7222900390625,25.345548629760742,4537.98974609375,11.064291000366211,308.9346618652344,2745.787109375,27.198461532592773,24671.6328125
2018-10-19,766.3208618164062,25.443849563598633,4465.30859375,10.954922676086426,307.33990478515625,2745.787109375,26.0289306640625,25177.68359375
2018-10-22,771.7090454101562,25.716907501220703,4498.85400390625,10.936694145202637,309.63238525390625,2745.787109375,26.015331268310547,24975.62109375
2018-10-23,754.9457397460938,25.198087692260742,4507.96240234375,10.581254005432129,298.7680969238281,2686.86962890625,25.28776741027832,24604.27734375
2018-10-24,725.610107421875,24.051237106323242,4476.6787109375,9.751884460449219,296.9241027832031,2686.86962890625,24.41741943359375,25302.6484375
2018-10-25,744.1693115234375,24.318830490112305,4431.82568359375,10.253152847290039,301.8578796386719,2686.86962890625,25.13818359375,25364.689453125
2018-10-26,743.9697875976562,24.335214614868164,4406.69775390625,10.480998992919922,301.50909423828125,2686.86962890625,25.430561065673828,25615.494140625
2018-10-29,754.7462158203125,24.18776512145996,4374.28369140625,10.107328414916992,307.1904602050781,2686.86962890625,24.39022445678711,25572.958984375
2018-10-30,754.7462158203125,24.750272750854492,4218.49169921875,10.398975372314453,303.4527282714844,2615.8203125,25.022586822509766,25811.357421875
2018-10-31,783.0840454101562,25.21993637084961,4254.80126953125,10.617708206176758,317.8055114746094,2615.8203125,26.069730758666992,26638.2421875
2018-11-01,817.2093505859375,26.486934661865234,,11.191883087158203,327.2245788574219,,27.042064666748047,
2018-11-02,825.990234375,26.24664306640625,,11.155428886413574,318.9517517089844,,27.61324691772461,
2018-11-05,807.8298950195312,26.432329177856445,4421.7744140625,11.137201309204102,320.0979309082031,2651.635498046875,26.933279037475586,28037.634765625
2018-11-06,795.4569702148438,26.252113342285156,4435.78369140625,11.118974685668945,310.87823486328125,2597.876220703125,27.283597946166992,27914.447265625
2018-11-07,803.6392211914062,26.727237701416016,4509.91015625,11.237455368041992,315.1641845703125,2597.150146484375,27.283597946166992,27674.275390625
2018-11-08,816.2115478515625,26.301259994506836,4504.3818359375,10.872897148132324,316.95831298828125,2564.458251953125,26.82337760925293,27303.818359375
2018-11-09,776.4986572265625,25.749675750732422,4421.46044921875,10.344290733337402,302.9045104980469,2542.664306640625,26.054046630859375,27190.373046875
2018-11-12,765.9217529296875,25.749675750732422,4397.33740234375,10.171127319335938,296.0271301269531,2524.502197265625,25.332801818847656,26783.5859375
2018-11-13,768.9149780273438,25.498462677001953,4364.23291015625,10.253152847290039,293.78448486328125,2515.421142578125,25.1198673248291,26643.560546875
2018-11-14,760.1344604492188,25.323698043823242,4365.9287109375,10.51745319366455,290.644775390625,2506.34033203125,25.442705154418945,26613.421875
2018-11-15,794.2595825195312,25.733291625976562,4432.26513671875,10.900238037109375,296.8742980957031,2506.34033203125,25.923534393310547,26811.94921875
2018-11-16,809.0272827148438,26.099193572998047,4350.72607421875,10.900238037109375,296.5254211425781,2513.605224609375,25.971620559692383,26467.193359375
2018-11-19,812.0208740234375,25.979045867919922,4317.05517578125,10.49011516571045,299.6651306152344,2470.016845703125,25.600698471069336,26133.072265625
2018-11-20,793.4613037109375,25.121631622314453,4182.9990234375,9.915936470031738,294.9306640625,2440.957763671875,24.45357894897461,25123.630859375
2018-11-21,822.39794921875,25.4656925201416,4195.37451171875,10.398975372314453,295.0801696777344,2440.957763671875,24.652782440185547,25818.44921875
2018-11-22,807.4307250976562,,4126.64990234375,,289.6978759765625,2440.957763671875,,25586.251953125
2018-11-23,791.4656982421875,24.44990348815918,4034.2431640625,9.815682411193848,279.63092041015625,2484.546142578125,22.063169479370117,25576.501953125
2018-11-26,804.0382690429688,24.29153060913086,3917.965087890625,10.107328414916992,285.8106689453125,2455.48681640625,21.939531326293945,25535.736328125
2018-11-27,776.897705078125,24.105850219726562,3999.567138671875,10.244037628173828,281.67425537109375,2455.48681640625,22.6607723236084,25139.58203125
2018-11-28,804.636962890625,24.870418548583984,4025.134521484375,10.90935230255127,285.4119567871094,2455.48681640625,23.251508712768555,25593.33984375
2018-11-29,834.571533203125,24.56458854675293,3980.973388671875,10.77264404296875,292.3391418457031,2455.48681640625,23.03856658935547,26266.01171875
2018-11-30,798.6500244140625,24.225994110107422,3885.04833984375,10.882012367248535,289.19952392578125,2455.48681640625,22.997352600097656,26388.31640625
2018-12-03,861.3128662109375,25.394691467285156,4021.177490234375,11.018721580505371,299.8146057128906,2419.16357421875,23.14847183227539,27391.560546875
2018-12-04,831.37841796875,25.05609893798828,3995.923828125,10.480998992919922,296.0271301269531,2419.236328125,22.53713035583496,27419.03125
2018-12-05,816.0120239257812,,3967.153076171875,,284.56475830078125,2419.236328125,,27024.646484375
2018-12-06,758.33837890625,24.504520416259766,3923.493408203125,10.16201400756836,270.0126647949219,2419.236328125,22.262371063232422,26720.654296875
2018-12-07,773.1058959960938,24.34613800048828,3892.021484375,9.952391624450684,278.4847412109375,2419.16357421875,22.44782829284668,26547.517578125
2018-12-10,737.9829711914062,24.520902633666992,3856.214599609375,9.742774963378906,273.600830078125,2397.369140625,22.159339904785156,26351.173828125
2018-12-11,772.7069091796875,25.072481155395508,3954.526123046875,9.806571006774902,282.7706298828125,2362.861572265625,22.08378028869629,26400.2578125
2018-12-12,787.6740112304688,25.454771041870117,4032.861328125,10.089099884033203,290.5948791503906,2345.2080078125,21.973875045776367,26567.150390625
2018-12-13,792.8626708984375,26.04457664489746,4090.403076171875,9.952391624450684,294.18310546875,2345.2080078125,22.035694122314453,26551.087890625
2018-12-14,776.2991333007812,25.209014892578125,4092.387939453125,9.633404731750488,288.701171875,2346.515625,21.774677276611328,26264.6015625
2018-12-17,794.2595825195312,25.662294387817383,4026.660888671875,9.651632308959961,291.9903564453125,2320.5078125,21.403751373291016,25604.16796875
2018-12-18,768.3164672851562,25.89712905883789,3991.845458984375,9.660745620727539,287.2559814453125,2317.45703125,21.451833724975586,25434.603515625
2018-12-19,784.2815551757812,25.74421501159668,4032.293212890625,9.277962684631348,293.4356384277344,2317.45703125,20.792409896850586,25793.373046875
2018-12-20,755.3450317382812,25.54214859008789,4031.909423828125,9.33264446258545,283.7673034667969,2317.529296875,20.455827713012695,24229.76171875
2018-12-21,767.3187866210938,25.722368240356445,4025.4453125,9.1594820022583,286.2591857910156,2324.7216796875,20.744327545166016,24539.4453125
2018-12-24,770.1126098632812,25.247241973876953,3928.295654296875,8.913405418395996,286.7575378417969,2324.7216796875,20.524520874023438,23663.93359375
2018-12-26,,26.377716064453125,3946.215576171875,9.478468894958496,,2324.7216796875,21.17020606994629,23795.126953125
2018-12-27,757.340576171875,26.186573028564453,3903.656005859375,9.72454833984375,281.2257080078125,2317.45703125,21.321321487426758,23820.115234375
2018-12-28,779.29248046875,26.17018699645996,3891.112060546875,9.542265892028809,289.0500793457031,2317.45703125,21.012216567993164,24368.990234375
2018-12-31,781.487548828125,26.372255325317383,,9.396444320678711,290.3955383300781,,21.135860443115234,
2019-01-02,768.7158203125,26.137420654296875,3861.673095703125,9.44201374053955,281.5745544433594,2324.7216796875,20.737459182739258,24110.169921875
2019-01-03,736.3864135742188,25.33462142944336,3902.248046875,9.177708625793457,268.16864013671875,2274.5947265625,20.064298629760742,23115.962890625
2019-01-04,783.8825073242188,26.880149841308594,4094.052001953125,9.861251831054688,283.26904296875,2324.7216796875,21.390012741088867,23820.115234375
2019-01-07,807.63037109375,27.02214241027832,4119.0107421875,10.025303840637207,286.40869140625,2324.7216796875,21.513648986816406,24045.9140625
2019-01-08,811.8212280273438,26.94022560119629,4094.17919921875,10.207581520080566,287.9535827636719,2324.7216796875,21.78841209411621,24961.58984375
2019-01-09,844.7489624023438,27.08767318725586,4174.75390625,10.49011516571045,292.189697265625,2324.7216796875,21.925790786743164,25110.6328125
2019-01-10,841.7555541992188,27.0762882232666,4154.2744140625,10.49011516571045,294.18310546875,2324.7216796875,21.918922424316406,25144.548828125
2019-01-11,834.3717651367188,26.88264274597168,4153.314453125,10.572136878967285,294.6815185546875,2324.7216796875,21.78154182434082,25517.603515625
2019-01-14,812.6195068359375,26.84846305847168,4124.70703125,10.572137832641602,290.345703125,2331.986572265625,22.13872718811035,25659.505859375
2019-01-15,824.3936157226562,27.070587158203125,4121.50732421875,10.590444564819336,290.79425048828125,2331.986572265625,21.08777618408203,25551.515625
2019-01-16,821.4002685546875,26.96237564086914,4121.50732421875,10.883352279663086,286.9568786621094,2331.986572265625,21.55486488342285,25568.46875
2019-01-17,821.7993774414062,27.252845764160156,4214.3046875,11.103034019470215,289.2992248535156,2331.986572265625,21.987611770629883,25881.732421875
2019-01-18,852.93115234375,27.361061096191406,4230.2412109375,11.496630668640137,296.7746887207031,2331.986572265625,22.17994499206543,25881.732421875
2019-01-21,828.7840576171875,,4203.87353515625,,295.0801696777344,2331.986572265625,,25721.083984375
2019-01-22,812.0208740234375,26.409921646118164,4047.908935546875,11.331867218017578,289.0001525878906,2331.986572265625,21.85023307800293,25604.16796875
2019-01-23,799.2486572265625,26.50104522705078,4078.052490234375,11.267796516418457,285.71099853515625,2331.986572265625,21.431222915649414,25341.783203125
2019-01-24,796.0557250976562,26.55230140686035,4041.5087890625,9.794102668762207,287.2060852050781,2331.986572265625,21.335060119628906,25346.24609375
2019-01-25,825.3914794921875,27.457883834838867,4159.2666015625,10.288383483886719,296.5254211425781,2331.986572265625,22.145601272583008,25331.962890625
2019-01-28,811.6216430664062,27.457883834838867,4350.62158203125,9.409661293029785,290.49530029296875,2361.04541015625,21.822757720947266,24939.28125
2019-01-29,819.2049560546875,27.970474243164062,4444.06005859375,9.565268516540527,296.07684326171875,2361.04541015625,22.475311279296875,24900.009765625
2019-01-30,830.7796020507812,28.893142700195312,4572.056640625,10.315845489501953,304.2500305175781,2361.04541015625,23.155336380004883,24900.009765625
2019-01-31,867.8983154296875,29.15513038635254,4530.9697265625,10.65451717376709,308.4363098144531,2401.146484375,23.093521118164062,24944.634765625
2019-02-01,881.4685668945312,29.098175048828125,4602.77587890625,10.535524368286133,305.1969299316406,2401.146484375,22.990482330322266,24719.73046875
2019-02-04,879.8721313476562,29.115264892578125,4569.68896484375,10.855894088745117,300.76153564453125,2401.146484375,23.196556091308594,24983.0078125
2019-02-05,892.6441650390625,29.132349014282227,4543.8974609375,10.865047454833984,302.7051696777344,2401.146484375,23.313331604003906,24880.373046875
2019-02-06,892.6441650390625,29.0526123046875,4646.29541015625,10.901659965515137,304.29986572265625,2401.146484375,23.560609817504883,24989.255859375
2019-02-07,873.685546875,28.745059967041016,4790.29248046875,10.855894088745117,296.3260803222656,2401.146484375,22.612688064575195,24933.92578125
2019-02-08,869.4946899414062,28.876060485839844,4845.3310546875,10.627058029174805,291.09326171875,2401.146484375,22.657257080078125,24534.095703125
2019-02-11,838.5625610351562,28.989961624145508,4751.89306640625,10.5538330078125,288.9005126953125,2401.146484375,21.97344398498535,24319.90234375
2019-02-12,836.5669555664062,29.18930435180664,4643.15869140625,10.517218589782715,290.7444763183594,2404.634033203125,21.289640426635742,23694.27734375
2019-02-13,861.3128662109375,29.422819137573242,4689.04638671875,11.249486923217773,297.4225158691406,2404.634033203125,21.58572006225586,24007.533203125
2019-02-14,865.3040161132812,29.599380493164062,4703.89453125,11.1304931640625,296.126708984375,2433.69287109375,22.16377830505371,24632.265625
2019-02-15,871.291015625,30.04932403564453,4563.86572265625,11.240334510803223,302.6552429199219,2433.69287109375,22.911039352416992,24632.265625
2019-02-18,876.27978515625,,4595.1611328125,,302.1569519042969,2433.69287109375,,24364.52734375
2019-02-19,888.0541381835938,30.2999267578125,4640.0234375,11.981760025024414,301.7582702636719,2433.69287109375,24.25750160217285,24183.353515625
2019-02-20,933.3549194335938,30.852388381958008,4639.8955078125,12.219744682312012,309.4330749511719,2470.016845703125,25.2585391998291,24694.740234375
2019-02-21,927.1685180664062,30.40813636779785,4611.095703125,11.917685508728027,299.5156555175781,2470.016845703125,25.279685974121094,25288.23828125
2019-02-22,943.9317626953125,30.926422119140625,4633.4951171875,12.100752830505371,307.8382263183594,2470.016845703125,25.51231575012207,25747.85546875
2019-02-25,964.0875854492188,30.84669303894043,4665.49462890625,12.137362480163574,304.29986572265625,2521.087890625,25.998729705810547,25988.828125
2019-02-26,966.6817626953125,31.028942108154297,4649.4951171875,12.064136505126953,305.99432373046875,2521.087890625,25.935291290283203,25703.236328125
2019-02-27,962.2913818359375,30.9150333404541,4656.470703125,12.045829772949219,307.63885498046875,2534.96337890625,25.88594627380371,25702.341796875
2019-02-28,934.7518310546875,30.129060745239258,4627.03173828125,11.807842254638672,302.954345703125,2534.96337890625,25.10345458984375,24319.90234375
2019-03-01,941.1378173828125,29.906936645507812,4622.103515625,11.78038215637207,303.40283203125,2531.694580078125,25.21624183654785,23275.708984375
2019-03-04,939.5411987304688,30.066404342651367,4543.83349609375,11.698004722595215,304.20025634765625,2531.694580078125,25.18804168701172,22844.642578125
2019-03-05,950.3177490234375,30.12336540222168,4652.69482421875,11.752922058105469,304.9477844238281,2482.729736328125,25.554615020751953,23025.814453125
2019-03-06,965.0853881835938,30.317012786865234,4841.49072265625,11.478321075439453,308.4363098144531,2461.58935546875,25.470022201538086,22954.423828125
2019-03-07,959.4977416992188,30.17743682861328,4902.2890625,11.267796516418457,301.9576416015625,2433.40234375,25.21624183654785,22650.978515625
2019-03-08,921.3810424804688,30.037858963012695,4753.30078125,11.066421508789062,295.977294921875,2433.40234375,25.265583038330078,22606.353515625
2019-03-11,937.9449462890625,30.317012786865234,4806.99560546875,11.313558578491211,301.1602478027344,2433.40234375,26.104480743408203,22825.009765625
2019-03-12,926.5697631835938,30.404245376586914,4863.890625,11.579007148742676,303.00421142578125,2433.69287109375,26.66844367980957,23294.447265625
2019-03-13,931.9579467773438,30.71247100830078,4998.92724609375,11.588162422180176,306.29339599609375,2432.603271484375,26.964527130126953,23989.6875
2019-03-14,917.9886474609375,30.357723236083984,5011.087890625,11.276945114135742,305.2467956542969,2426.42822265625,26.139732360839844,24086.966796875
2019-03-15,921.5806274414062,30.311199188232422,5052.6865234375,11.30440902709961,304.4494323730469,2426.42822265625,26.520402908325195,24276.169921875
2019-03-18,937.5455322265625,30.8346004486084,5141.00439453125,11.55155086517334,309.7818298339844,2426.42822265625,26.837631225585938,23739.791015625
2019-03-19,963.4889526367188,30.729923248291016,5119.88427734375,11.60646915435791,319.1011657714844,2459.119384765625,27.380451202392578,23739.791015625
2019-03-20,956.1051635742188,31.049781799316406,4927.2490234375,11.734617233276367,315.9117431640625,2448.22265625,27.584890365600586,23034.73828125
2019-03-21,975.0634765625,31.22425651550293,4917.52099609375,11.826149940490723,317.8055114746094,2448.22265625,27.80342674255371,23427.431640625
2019-03-22,935.3505859375,30.386795043945312,4864.53076171875,11.148798942565918,310.3300476074219,2448.22265625,26.499258041381836,23146.298828125
2019-03-25,936.1488037109375,30.654314041137695,5002.44677734375,11.331867218017578,309.08416748046875,2448.22265625,26.738937377929688,23173.078125
2019-03-26,939.5411987304688,31.113758087158203,4975.8876953125,11.624772071838379,307.58905029296875,2448.22265625,27.59193992614746,22890.16015625
2019-03-27,921.3810424804688,31.32311248779297,4941.32861328125,11.633928298950195,307.6888122558594,2448.22265625,27.394548416137695,22852.673828125
2019-03-28,930.3615112304688,31.410350799560547,5075.40576171875,11.652233123779297,310.5791931152344,2448.22265625,27.507347106933594,23070.439453125
2019-03-29,963.8878784179688,31.7941837310791,5171.08349609375,11.798690795898438,316.9084777832031,2440.957763671875,27.972618103027344,23337.294921875
2019-04-01,991.82666015625,32.56767272949219,5224.2666015625,11.990910530090332,325.13140869140625,2510.699462890625,28.367389678955078,23338.18359375
2019-04-02,992.6250610351562,32.63163757324219,5206.2822265625,12.0092191696167,326.9255676269531,2510.699462890625,28.120651245117188,22922.29296875
2019-04-03,991.627197265625,32.74214172363281,5164.68408203125,12.045829772949219,331.95892333984375,2510.699462890625,28.494285583496094,22624.208984375
2019-04-04,978.2564697265625,32.6723518371582,5151.88427734375,12.411967277526855,327.62322998046875,2470.016845703125,28.903146743774414,22958.8828125
2019-04-05,990.03076171875,32.75958251953125,5119.88427734375,12.201436042785645,331.1615905761719,2470.016845703125,28.924304962158203,22949.9609375
2019-04-08,994.8202514648438,33.22483825683594,5206.21875,12.576725006103516,329.9156799316406,2470.016845703125,29.389572143554688,22933.001953125
2019-04-09,1002.3037719726562,32.86426544189453,5298.4404296875,12.247203826904297,329.2678527832031,2470.016845703125,28.726913452148438,22829.47265625
2019-04-10,1018.7678833007812,33.149234771728516,5331.080078125,12.347890853881836,330.46392822265625,2513.605224609375,28.95250129699707,22838.396484375
2019-04-11,998.8114624023438,32.771217346191406,5222.921875,12.274664878845215,321.6429138183594,2514.186279296875,28.44492530822754,22490.330078125
2019-04-12,1020.2644653320312,33.05036926269531,5197.322265625,12.587041854858398,331.3609619140625,2514.186279296875,28.903146743774414,22146.734375
2019-04-15,1000.30810546875,32.57929992675781,5247.24072265625,12.577855110168457,328.9189758300781,2514.186279296875,28.635272979736328,22044.095703125
2019-04-16,1000.30810546875,32.2012825012207,5215.88232421875,13.009676933288574,332.9058837890625,2506.34033203125,29.093494415283203,22163.6875
2019-04-17,1015.7742309570312,32.0558967590332,5276.681640625,13.046427726745605,339.18524169921875,2556.958251953125,29.49531364440918,22847.31640625
2019-04-18,1006.7941284179688,31.95703125,5247.8818359375,12.86267375946045,337.0921630859375,2556.958251953125,28.924304962158203,22534.95703125
2019-04-22,,32.061702728271484,5183.28369140625,12.541106224060059,,2556.958251953125,28.409685134887695,21910.2265625
2019-04-23,972.6687622070312,31.799999237060547,5186.55224609375,12.36654281616211,336.0455627441406,2556.958251953125,28.332134246826172,21731.728515625
2019-04-24,956.1051635742188,30.997447967529297,5119.228515625,12.47679328918457,332.95574951171875,2537.376708984375,27.739978790283203,21547.876953125
2019-04-25,928.640625,31.02651596069336,5039.4853515625,11.21808910369873,320.492919921875,2546.311279296875,26.788288116455078,21331.896484375
2019-04-26,930.237548828125,30.985809326171875,5078.70263671875,11.484525680541992,309.9244689941406,2553.756591796875,27.443893432617188,21865.6015625
2019-04-29,929.4390258789062,31.02070426940918,5052.55712890625,11.420218467712402,311.6194152832031,2553.756591796875,27.401599884033203,21609.4609375
2019-04-30,906.2827758789062,30.793895721435547,5057.787109375,11.309967041015625,303.44384765625,2553.756591796875,27.08436393737793,21552.337890625
2019-05-01,886.5202026367188,30.19487762451172,,10.758707046508789,300.9014892578125,,25.871850967407227,
2019-05-02,868.95361328125,30.078569412231445,5023.4052734375,10.574954986572266,295.5174865722656,2537.22802734375,25.93599510192871,21998.578125
2019-05-03,877.13818359375,30.71247100830078,5006.80322265625,10.97921085357666,297.51153564453125,2537.22802734375,26.905288696289062,21910.2265625
2019-05-06,,30.183244705200195,4836.20556640625,10.767894744873047,,2531.420654296875,25.9787540435791,22116.671875
2019-05-07,851.5867309570312,30.17743682861328,4691.166015625,10.510640144348145,288.6380615234375,2531.420654296875,26.021520614624023,21750.1796875
2019-05-08,853.9819946289062,30.113462448120117,4599.00341796875,10.446330070495605,286.0956726074219,2531.420654296875,25.87897491455078,21234.748046875
2019-05-09,835.417236328125,29.92154884338379,4621.16259765625,10.363637924194336,279.8642272949219,2531.420654296875,25.251779556274414,21260.92578125
2019-05-10,834.0198974609375,30.165803909301758,4642.01318359375,10.446330070495605,280.0137939453125,2531.420654296875,25.408580780029297,21610.265625
2019-05-13,801.6810302734375,29.4562931060791,4451.28369140625,9.839943885803223,270.8910827636719,2531.420654296875,24.710107803344727,21303.353515625
2019-05-14,823.8392333984375,29.80522918701172,4392.3916015625,9.977755546569824,276.1753234863281,2531.420654296875,24.959556579589844,21438.75390625
2019-05-15,823.4397583007812,29.904102325439453,4477.36328125,9.9685697555542,277.52130126953125,2531.420654296875,24.995195388793945,21312.376953125
2019-05-16,835.417236328125,30.264671325683594,4581.94384765625,9.794007301330566,279.3158874511719,2531.420654296875,25.009456634521484,21032.544921875
2019-05-17,834.0198974609375,30.282123565673828,4588.48046875,9.527566909790039,275.8761901855469,2531.420654296875,24.745737075805664,20401.56640625
2019-05-20,827.432373046875,30.427505493164062,4532.52978515625,9.371374130249023,272.1872253417969,2468.581787109375,24.45352554321289,20490.9375
2019-05-21,844.5997314453125,30.439136505126953,,9.50918960571289,272.4364318847656,,24.631704330444336,
2019-05-22,810.6640014648438,30.10184097290039,4722.474609375,9.24274730682373,265.6567077636719,2468.581787109375,23.861967086791992,20581.205078125
2019-05-23,778.1256713867188,29.822675704956055,4680.70751953125,9.14168643951416,258.8769226074219,2450.489501953125,23.71229362487793,19294.87890625
2019-05-24,800.4832153320312,30.520557403564453,4771.4970703125,9.261125564575195,260.222900390625,2450.489501953125,23.861967086791992,18775.837890625
2019-05-27,,,4804.17822265625,,,2450.489501953125,,18324.49609375
2019-05-28,814.2572021484375,30.910202026367188,4709.533203125,9.215187072753906,259.27569580078125,2450.489501953125,24.125673294067383,18103.337890625
2019-05-29,802.4795532226562,30.613605499267578,4706.1337890625,9.178435325622559,257.7303771972656,2388.24609375,24.346616744995117,18595.298828125
2019-05-30,800.882568359375,30.532190322875977,4642.73193359375,9.022244453430176,259.22589111328125,2388.24609375,24.189817428588867,19182.04296875
2019-05-31,781.3197021484375,30.18906593322754,4602.20654296875,8.921182632446289,253.89183044433594,2388.24609375,24.04014778137207,19319.25
2019-06-03,787.3082885742188,30.462398529052734,4634.23486328125,9.11412239074707,255.9855194091797,2388.24609375,24.731491088867188,19859.060546875
2019-06-04,803.0783081054688,30.828784942626953,4670.11865234375,9.4816255569458,261.0205383300781,2388.24609375,25.258901596069336,20309.49609375
2019-06-05,796.490966796875,30.462398529052734,4640.771484375,9.279499053955078,258.72735595703125,2388.24609375,25.00232696533203,19723.658203125
2019-06-06,798.6867065429688,30.66013526916504,4589.4609375,9.362187385559082,260.47216796875,2388.24609375,25.116363525390625,19678.51171875
2019-06-07,803.4777221679688,30.881126403808594,4706.787109375,9.50918960571289,260.12322998046875,2382.513671875,25.69367027282715,19498.2578125
2019-06-10,832.8221435546875,31.01487922668457,4768.8818359375,9.748064994812012,264.1611633300781,2382.513671875,25.914608001708984,19967.65625
2019-06-11,857.37548828125,32.01518630981445,4853.2001953125,9.757256507873535,270.09344482421875,2382.513671875,26.520423889160156,20608.57421875
2019-06-12,854.9801025390625,31.8581600189209,4836.92529296875,9.729692459106445,268.74749755859375,2382.513671875,26.31373405456543,20040.779296875
2019-06-13,862.3660278320312,32.259437561035156,4853.2001953125,9.950197219848633,272.1872253417969,2382.513671875,26.67721939086914,20242.982421875
2019-06-14,857.37548828125,31.968658447265625,4836.859375,9.784815788269043,271.23992919921875,2382.513671875,26.363618850708008,19744.6953125
2019-06-17,858.3737182617188,31.898866653442383,4820.51904296875,9.867507934570312,269.1961364746094,2383.258056640625,26.556058883666992,19870.169921875
2019-06-18,899.0965576171875,32.7828483581543,4954.38232421875,10.225825309753418,277.17230224609375,2383.258056640625,27.51824378967285,19814.19921875
2019-06-19,888.31689453125,32.41064453125,4974.77587890625,10.280949592590332,274.6298522949219,2383.258056640625,27.247392654418945,19561.443359375
2019-06-20,887.518310546875,33.20157241821289,5059.09375,10.455516815185547,278.0198059082031,2383.258056640625,27.796201705932617,19491.03515625
2019-06-21,894.10595703125,32.91660690307617,4987.8486328125,10.418766021728516,279.4156188964844,2383.258056640625,27.974374771118164,19426.044921875
2019-06-24,892.3092651367188,33.34696578979492,4993.7958984375,10.418766021728516,277.4216003417969,2383.258056640625,28.11692237854004,19039.685546875
2019-06-25,910.4749755859375,33.195762634277344,5000.26708984375,10.418766021728516,276.87322998046875,2383.258056640625,27.66790199279785,18807.693359375
2019-06-26,904.6859741210938,33.65520095825195,5078.04931640625,10.556580543518066,276.5740966796875,2383.258056640625,27.810457229614258,19010.80078125
2019-06-27,910.0756225585938,33.852928161621094,5114.65283203125,10.620891571044922,263.1142578125,2383.258056640625,27.781946182250977,19362.849609375
2019-06-28,927.8419799804688,33.79477310180664,5076.087890625,10.666829109191895,272.5361633300781,2383.258056640625,27.689289093017578,19001.77734375
2019-07-01,947.405029296875,33.986690521240234,5150.60205078125,10.519827842712402,276.87322998046875,2383.258056640625,27.43271255493164,18776.1015625
2019-07-02,921.0548706054688,34.294918060302734,5111.384765625,10.519827842712402,278.6678161621094,2383.258056640625,27.119108200073242,18333.779296875
2019-07-03,913.2697143554688,34.27165222167969,5179.23095703125,10.391201972961426,276.0257263183594,2383.258056640625,27.43271255493164,18505.2890625
2019-07-04,907.6802368164062,,5149.9482421875,,271.8880920410156,2383.258056640625,,18595.55859375
2019-07-05,881.1304931640625,32.92242431640625,5040.79248046875,10.372827529907227,268.74749755859375,2412.294921875,27.197509765625,18622.646484375
2019-07-08,880.1324462890625,33.259735107421875,5085.04296875,10.308511734008789,273.283935546875,2404.849365234375,27.076351165771484,18279.619140625
2019-07-09,846.3963012695312,33.073638916015625,5039.4853515625,9.986946105957031,265.407470703125,2404.849365234375,26.548933029174805,17961.8671875
2019-07-10,861.5676879882812,33.405120849609375,5073.53955078125,10.060447692871094,269.34564208984375,2390.107666015625,26.548933029174805,17945.6171875
2019-07-11,851.5867309570312,33.2713623046875,5121.189453125,10.198261260986328,264.21099853515625,2389.958740234375,26.263843536376953,18142.408203125
2019-07-12,861.3681640625,33.28880310058594,5124.45654296875,10.170572280883789,265.5070495605469,2385.49169921875,26.278100967407227,18586.53125
2019-07-15,895.9025268554688,33.64356994628906,5113.80224609375,10.28132438659668,268.0495300292969,2385.49169921875,26.655841827392578,18758.953125
2019-07-16,919.6575317382812,33.474910736083984,,10.262866020202637,271.8880920410156,,26.605947494506836,
2019-07-17,905.8836059570312,33.736610412597656,4993.73095703125,10.207489967346191,270.09344482421875,2389.958740234375,26.285221099853516,18324.751953125
2019-07-18,896.9005737304688,33.63774871826172,4843.39599609375,10.29055404663086,268.8471374511719,2389.958740234375,26.199697494506836,18459.255859375
2019-07-19,932.2337646484375,33.905277252197266,4901.4384765625,10.60434627532959,271.439453125,2394.053955078125,26.819772720336914,19046.91015625
2019-07-22,943.811767578125,34.00413513183594,4791.10595703125,10.60434627532959,271.4892883300781,2394.053955078125,26.819772720336914,19218.419921875
2019-07-23,944.2110595703125,33.95178985595703,4751.88818359375,10.752013206481934,274.7295837402344,2382.587646484375,26.655841827392578,19208.4921875
2019-07-24,952.1959838867188,32.76540756225586,4695.67578125,11.019658088684082,276.474365234375,2382.587646484375,26.84114646911621,19027.951171875
2019-07-25,958.1845703125,32.63163757324219,4770.189453125,10.539741516113281,274.9788513183594,2382.513671875,26.67009925842285,18866.3671875
2019-07-26,936.6254272460938,32.643272399902344,4771.4970703125,10.668949127197266,271.2898864746094,2382.513671875,26.62733268737793,18867.271484375
2019-07-29,940.2185668945312,32.81774139404297,4729.0107421875,10.715097427368164,274.38067626953125,2382.513671875,26.548933029174805,18667.775390625
2019-07-30,920.2565307617188,32.718875885009766,4771.36572265625,10.585888862609863,272.1872253417969,2382.513671875,26.413515090942383,18844.70703125
2019-07-31,937.4238891601562,31.945396423339844,4719.1416015625,10.207489967346191,265.6567077636719,2383.258056640625,25.50835609436035,18640.693359375
2019-08-01,900.6935424804688,30.78226089477539,4642.470703125,9.87524127960205,253.69241333007812,2382.513671875,24.624582290649414,17738.001953125
2019-08-02,844.400146484375,30.270490646362305,4648.0263671875,9.506072044372559,241.52874755859375,2382.513671875,23.598257064819336,17388.658203125
2019-08-05,817.65087890625,29.32834815979004,4412.65478515625,9.29379940032959,234.3003387451172,2336.799072265625,22.99244499206543,17150.33984375
2019-08-06,807.8694458007812,29.20621681213379,4470.8271484375,9.358404159545898,230.66119384765625,2336.799072265625,23.063716888427734,16799.19140625
2019-08-07,823.4397583007812,29.014305114746094,4457.75439453125,9.303030967712402,228.61727905273438,2336.799072265625,23.244125366210938,17331.78125
2019-08-08,867.95556640625,29.659849166870117,4608.08935546875,9.339944839477539,235.0979461669922,2336.799072265625,24.016281127929688,18352.732421875
2019-08-09,827.6319580078125,29.066648483276367,4503.50830078125,8.998465538024902,230.46177673339844,2336.799072265625,23.078147888183594,18396.96875
2019-08-12,823.2402954101562,28.810754776000977,4444.68212890625,8.78619384765625,230.1626739501953,2336.799072265625,22.414236068725586,17634.1875
2019-08-13,843.202392578125,29.4562931060791,4507.4306640625,9.12767505645752,235.44686889648438,2336.799072265625,22.933820724487305,17516.83984375
2019-08-14,818.2496337890625,28.5955753326416,4372.4560546875,8.638525009155273,229.81373596191406,2336.799072265625,22.096715927124023,16970.708984375
2019-08-15,795.2931518554688,28.67118263244629,,8.297045707702637,221.4885711669922,,21.5194034576416,
2019-08-16,789.7037353515625,28.386215209960938,4359.7099609375,8.398569107055664,223.73187255859375,2336.799072265625,21.5843505859375,17164.78515625
2019-08-19,813.8580322265625,28.5781307220459,4294.3466796875,8.537008285522461,232.2564239501953,2336.799072265625,21.86579704284668,17060.97265625
2019-08-20,812.6602783203125,28.16522216796875,4248.59326171875,8.481632232666016,229.11581420898438,2336.799072265625,21.7647647857666,16800.095703125
2019-08-21,817.65087890625,27.68833351135254,4248.59326171875,8.435483932495117,231.75790405273438,2336.799072265625,21.591567993164062,16474.21875
2019-08-22,815.25537109375,27.47896957397461,4117.86669921875,8.426258087158203,228.26832580566406,2313.8671875,21.7719783782959,15319.669921875
2019-08-23,810.4644775390625,27.153291702270508,3896.28662109375,8.149378776550293,224.82861328125,2298.6787109375,21.324554443359375,14921.58203125
2019-08-26,,27.461524963378906,3627.64453125,8.158610343933105,,2298.6787109375,21.310131072998047,14823.189453125
2019-08-27,808.8674926757812,27.414997100830078,3640.7177734375,8.038627624511719,223.13365173339844,2298.6787109375,21.5194034576416,15020.8779296875
2019-08-28,819.8466186523438,27.804649353027344,3464.172119140625,8.260130882263184,224.52947998046875,2277.0126953125,21.930736541748047,15317.865234375
2019-08-29,850.5884399414062,27.996562957763672,3659.738037109375,8.417028427124023,230.91046142578125,2258.77197265625,22.486406326293945,15797.19921875
2019-08-30,864.3622436523438,28.589765548706055,3816.5439453125,8.481632232666016,236.24452209472656,2240.530517578125,22.803924560546875,16068.0068359375
2019-09-02,854.1815795898438,,3876.023681640625,,236.19464111328125,2255.942626953125,,15887.46875
2019-09-03,832.0236206054688,28.339685440063477,3791.052734375,8.370880126953125,235.24749755859375,2233.6064453125,22.558568954467773,15526.390625
2019-09-04,859.1721801757812,29.316713333129883,3882.364501953125,8.573923110961914,242.126953125,2233.6064453125,22.803924560546875,15696.99609375
2019-09-05,886.4100952148438,29.592777252197266,4036.1630859375,8.795425415039062,238.8665771484375,2233.6064453125,23.77814483642578,16159.177734375
2019-09-06,891.4010620117188,29.502763748168945,4048.581787109375,8.693901062011719,240.96102905273438,2233.6064453125,23.89360809326172,16156.4697265625
2019-09-09,894.7950439453125,29.856836318969727,4179.9619140625,8.952322006225586,242.1079864501953,2233.6064453125,24.247215270996094,16351.9189453125
2019-09-10,917.9532470703125,30.22292709350586,4064.92333984375,9.339944839477539,248.19189453125,2233.6064453125,24.903905868530273,17055.451171875
2019-09-11,891.6007690429688,30.354951858520508,4202.8388671875,9.303030967712402,251.28366088867188,2214.9931640625,24.939985275268555,17968.86328125
2019-09-12,901.3832397460938,30.5830078125,4248.59326171875,9.570676803588867,251.882080078125,2214.9931640625,25.49565315246582,17885.826171875
2019-09-13,947.10107421875,31.159141540527344,4264.93408203125,9.93061637878418,260.6588439941406,2278.278564453125,25.76266860961914,17910.462890625
2019-09-16,947.3007202148438,31.231155395507812,4219.2451171875,9.662968635559082,255.57228088378906,2278.278564453125,25.358543395996094,18221.62109375
2019-09-17,945.3043212890625,30.95509910583496,4151.2021484375,9.607590675354004,252.7797088623047,2278.278564453125,25.199783325195312,18501.759765625
2019-09-18,931.7286376953125,30.721036911010742,,9.561448097229004,252.33090209960938,,25.026586532592773,
2019-09-19,921.5469970703125,30.817066192626953,,9.644509315490723,253.62745666503906,,25.019365310668945,
2019-09-20,905.7752075195312,30.60101318359375,,9.662968635559082,255.87155151367188,,24.88947868347168,
2019-09-23,882.61669921875,30.36695671081543,4157.0849609375,9.533761978149414,248.391357421875,2278.278564453125,24.94721031188965,18422.373046875
2019-09-24,863.8504638671875,29.532766342163086,4062.308349609375,9.238425254821777,243.5541534423828,2278.278564453125,24.2399959564209,17886.736328125
2019-09-25,879.6221923828125,29.784826278686523,4134.20751953125,9.29379940032959,242.35733032226562,2278.278564453125,24.680198669433594,18259.03515625
2019-09-26,886.21044921875,29.694805145263672,4149.89501953125,9.044610977172852,242.6565704345703,2278.278564453125,24.470924377441406,18592.095703125
2019-09-27,902.1815795898438,29.86884117126465,4189.7666015625,8.906171798706055,246.34674072265625,2278.278564453125,24.6080379486084,18341.15625
2019-09-30,897.3903198242188,29.634788513183594,4150.54833984375,8.832340240478516,244.10272216796875,2278.278564453125,24.62968635559082,18313.783203125
2019-10-01,883.8145751953125,29.412744522094727,4098.91162109375,8.463171005249023,237.37057495117188,2278.278564453125,23.886390686035156,18341.15625
2019-10-02,836.6991577148438,28.614561080932617,4098.25830078125,8.186298370361328,232.1344451904297,2278.278564453125,23.475059509277344,18071.978515625
2019-10-03,822.923828125,28.728580474853516,4111.33056640625,8.177068710327148,227.3471221923828,2278.278564453125,23.619380950927734,17704.23828125
2019-10-04,827.9149169921875,29.052658081054688,4125.05712890625,8.149378776550293,226.05059814453125,2278.278564453125,23.81422996520996,17693.287109375
2019-10-07,843.4869384765625,28.68657684326172,4160.353515625,8.0847749710083,224.40496826171875,2278.278564453125,23.81422996520996,17600.21484375
2019-10-08,840.8917236328125,28.488525390625,4121.20068359375,7.85404634475708,223.30783081054688,2226.160888671875,23.345155715942383,17516.265625
2019-10-09,825.5193481445312,28.530540466308594,4146.36572265625,7.890963077545166,224.25535583496094,2226.160888671875,23.402889251708984,17319.166015625
2019-10-10,862.4529418945312,29.02865982055664,4151.85546875,8.269359588623047,231.3864288330078,2226.160888671875,24.016281127929688,17610.25390625
2019-10-11,874.23193359375,29.772829055786133,4258.3330078125,8.863343238830566,236.87188720703125,2229.138916015625,24.88947868347168,18478.037109375
2019-10-14,865.248046875,29.17868995666504,4202.8388671875,8.816938400268555,230.2394561767578,2233.6064453125,25.192564010620117,18067.41015625
2019-10-15,871.4368896484375,29.214696884155273,4228.78759765625,8.835497856140137,233.0320587158203,2233.6064453125,24.680198669433594,18327.4765625
2019-10-16,868.841552734375,28.90862464904785,4155.189453125,8.816938400268555,229.8405303955078,2233.6064453125,24.600818634033203,18406.859375
2019-10-17,863.8504638671875,28.608556747436523,4169.50390625,8.761253356933594,227.945556640625,2233.6064453125,24.218351364135742,18471.6484375
2019-10-18,865.8468627929688,28.524532318115234,4117.8017578125,8.891186714172363,226.94821166992188,2233.6064453125,24.44927406311035,18423.28515625
2019-10-21,873.4332885742188,29.034648895263672,3823.73388671875,9.113929748535156,232.0845947265625,2089.613037109375,25.22142791748047,17437.7890625
2019-10-22,856.064453125,29.142681121826172,3902.16943359375,9.216018676757812,230.68826293945312,2096.314208984375,25.502872467041016,17976.162109375
2019-10-23,863.6509399414062,29.42474365234375,3857.06884765625,9.401640892028809,233.38113403320312,2096.462646484375,26.036890029907227,18113.037109375
2019-10-24,858.2604370117188,29.328720092773438,3964.2646484375,8.90046501159668,231.73550415039062,2096.462646484375,25.567819595336914,18277.287109375
2019-10-25,869.0411987304688,29.53877067565918,3889.096435546875,9.41092300415039,233.6304931640625,2096.462646484375,25.95751190185547,17957.91015625
2019-10-28,903.3796997070312,29.940858840942383,3823.73388671875,9.503730773925781,238.8665771484375,2144.26220703125,26.275028228759766,18405.03125
2019-10-29,912.1637573242188,29.838838577270508,3666.927734375,9.4944486618042,240.2628936767578,2144.26220703125,26.505956649780273,18405.03125
2019-10-30,880.2210693359375,29.6287899017334,3555.745361328125,9.401640892028809,236.77215576171875,2045.685791015625,26.35440444946289,17976.162109375
2019-10-31,865.6473388671875,29.35272789001465,,9.113929748535156,232.03469848632812,,25.67606544494629,
2019-11-01,888.6060180664062,30.000873565673828,,9.763598442077637,240.312744140625,,26.953372955322266,
2019-11-04,897.190673828125,30.55299949645996,3712.6162109375,10.023466110229492,251.5330352783203,2045.685791015625,27.516263961791992,19253.658203125
2019-11-05,927.3365478515625,31.11713218688965,3628.298583984375,10.125558853149414,258.464599609375,2025.0621337890625,27.400794982910156,19015.49609375
2019-11-06,931.329345703125,30.847064971923828,3477.31005859375,9.874971389770508,256.27044677734375,2010.2457275390625,26.94131851196289,18604.873046875
2019-11-07,941.5111083984375,30.889080047607422,3633.52783203125,10.459671974182129,258.0157775878906,2010.2457275390625,27.72899055480957,18879.53125
2019-11-08,931.1298217773438,30.480985641479492,3529.6005859375,10.691697120666504,253.72718811035156,2010.2457275390625,27.561243057250977,18067.41015625
2019-11-11,902.9803466796875,30.228923797607422,3451.164794921875,10.29261589050293,244.85073852539062,2010.2457275390625,27.772750854492188,18569.283203125
2019-11-12,901.7824096679688,30.198917388916016,3333.642333984375,10.246210098266602,244.7011260986328,2010.2457275390625,27.553953170776367,17494.365234375
2019-11-13,885.0125122070312,29.83283233642578,3137.488037109375,10.060592651367188,241.01092529296875,1951.7252197265625,27.233047485351562,16881.166015625
2019-11-14,860.0573120117188,29.94686508178711,3202.131591796875,10.03274917602539,238.4178009033203,1951.7252197265625,27.101770401000977,17474.2890625
2019-11-15,881.0196533203125,30.540996551513672,3594.96337890625,10.35758113861084,242.95574951171875,2168.831787109375,27.510194778442383,17437.7890625
2019-11-18,878.2246704101562,30.3969669342041,3603.460693359375,10.218367576599121,238.8665771484375,2168.831787109375,27.20387077331543,17018.04296875
2019-11-19,894.196044921875,30.679027557373047,3529.6005859375,10.468953132629395,240.312744140625,2196.379638671875,27.41537857055664,17245.251953125
2019-11-20,888.4063720703125,30.13890266418457,3431.555908203125,10.236929893493652,241.35997009277344,2196.379638671875,26.96320343017578,16607.41796875
2019-11-21,869.4404907226562,30.198917388916016,3464.23779296875,10.218367576599121,238.96632385253906,2156.546875,27.05801010131836,16972.41796875
2019-11-22,887.6077880859375,30.5109920501709,3496.919189453125,10.533921241760254,246.24700927734375,2159.15283203125,27.641469955444336,16789.919921875
2019-11-25,889.4047241210938,30.88306999206543,3581.890625,10.821630477905273,247.6931915283203,2159.15283203125,27.860273361206055,16789.919921875
2019-11-26,904.777099609375,30.949092864990234,3515.874267578125,10.868037223815918,248.84014892578125,2159.15283203125,27.772750854492188,16425.83203125
2019-11-27,903.5792236328125,31.11713218688965,3438.091796875,10.775223731994629,246.84544372558594,2159.15283203125,28.093656539916992,17702.412109375
2019-11-28,884.4136352539062,,3366.19287109375,,247.244384765625,2159.15283203125,,17474.2890625
2019-11-29,866.44580078125,30.925086975097656,3418.4833984375,10.561765670776367,243.2549591064453,2194.14599609375,27.736284255981445,17428.662109375
2019-12-02,868.04296875,31.057117462158203,3422.07861328125,10.626729011535645,244.15257263183594,2241.1259765625,27.67793846130371,17519.9140625
2019-12-03,843.6866455078125,30.480985641479492,3320.439208984375,10.13484001159668,235.02676391601562,2241.1259765625,26.977783203125,17597.4765625
2019-12-04,865.0482177734375,30.859071731567383,3372.72900390625,10.311177253723145,237.71963500976562,2241.1259765625,27.495607376098633,17883.08984375
2019-12-05,866.44580078125,30.655025482177734,3495.611572265625,10.515358924865723,216.32635498046875,2242.540771484375,27.998842239379883,17629.4140625
2019-12-06,896.9909057617188,31.057117462158203,3457.047607421875,10.803069114685059,219.5677490234375,2242.540771484375,28.305160522460938,17702.412109375
2019-12-09,903.179931640625,31.369186401367188,3396.978759765625,11.229994773864746,218.57041931152344,2234.946533203125,28.72087860107422,17629.623046875
2019-12-10,901.1834106445312,31.561235427856445,3487.767822265625,11.397052764892578,216.47598266601562,2244.774169921875,28.910499572753906,17976.373046875
2019-12-11,912.1637573242188,31.93932342529297,3634.83447265625,11.916790008544922,218.12159729003906,2240.90283203125,29.581483840942383,18247.388671875
2019-12-12,926.138671875,32.25138854980469,3706.08056640625,12.120969772338867,225.75140380859375,2241.0517578125,30.06283187866211,18443.57421875
2019-12-13,927.3365478515625,32.50344467163086,3757.71728515625,11.944632530212402,225.20285034179688,2241.0517578125,30.25974464416504,18843.255859375
2019-12-16,932.1279907226562,33.12158966064453,3758.4365234375,12.018878936767578,232.7328338623047,2241.0517578125,30.070127487182617,18890.70703125
2019-12-17,945.70361328125,33.193607330322266,3693.0078125,12.028160095214844,231.58587646484375,2241.0517578125,30.63899803161621,19231.984375
2019-12-18,936.3204956054688,32.851531982421875,3725.689453125,12.046722412109375,233.5806121826172,2214.9931640625,31.09117889404297,18934.5078125
2019-12-19,926.3382568359375,32.7855110168457,3784.515625,12.065285682678223,239.01617431640625,2214.9931640625,31.251636505126953,18602.353515625
2019-12-20,916.356201171875,32.62347412109375,3790.39892578125,11.796134948730469,236.02413940429688,2233.6064453125,30.84322738647461,18616.955078125
2019-12-23,916.755615234375,32.7194938659668,3777.979248046875,11.926070213317871,234.92703247070312,2229.883544921875,31.1203556060791,18979.220703125
2019-12-24,928.3347778320312,32.6834831237793,3777.260498046875,12.056000709533691,234.12916564941406,2229.883544921875,31.06201171875,19094.1953125
2019-12-26,,32.89353942871094,3712.6162109375,12.223061561584473,,2229.883544921875,31.49960708618164,19071.37890625
2019-12-27,936.52001953125,32.965553283691406,3712.55126953125,12.093124389648438,238.11859130859375,2229.883544921875,31.047426223754883,18733.751953125
2019-12-30,926.7376708984375,32.83952331542969,3723.72802734375,12.074563980102539,236.72227478027344,2229.883544921875,30.989078521728516,18350.5
2019-12-31,915.158447265625,32.833526611328125,,12.176654815673828,234.7275848388672,,30.98178482055664,
2020-01-02,943.3079223632812,32.95955276489258,3732.2255859375,12.25090217590332,240.41249084472656,2229.883544921875,31.14954376220703,18660.759765625
2020-01-03,921.1476440429688,32.73750305175781,3791.836669921875,11.879664421081543,241.01092529296875,2229.883544921875,30.30351448059082,18694.515625
2020-01-06,907.1727294921875,32.70149230957031,3734.83984375,11.926070213317871,235.67506408691406,2233.6064453125,30.35455894470215,19163.548828125
2020-01-07,920.3492431640625,32.70149230957031,3699.544189453125,12.111688613891602,236.3732147216797,2233.6064453125,30.39832878112793,19628.013671875
2020-01-08,929.3330688476562,32.863529205322266,3685.164306640625,12.232341766357422,239.16580200195312,2233.6064453125,30.573362350463867,19508.470703125
2020-01-09,932.9266357421875,32.551448822021484,3653.724609375,12.028160095214844,237.81935119628906,2233.6064453125,30.806751251220703,19162.63671875
2020-01-10,943.507568359375,32.6414794921875,3712.6162109375,11.972471237182617,239.5647430419922,2233.6064453125,31.353748321533203,19728.38671875
2020-01-13,969.0618286132812,32.8575325012207,3706.08056640625,12.557173728942871,241.6591796875,2238.296875,32.38938903808594,21167.4140625
2020-01-14,975.2505493164062,33.12158966064453,3660.326416015625,12.30566120147705,242.00827026367188,2308.06005859375,32.30187225341797,21943.955078125
2020-01-15,968.0635986328125,33.02557373046875,3562.28125,12.091405868530273,240.7117156982422,2277.236083984375,31.959083557128906,21653.77734375
2020-01-16,971.4573974609375,33.3436393737793,3500.18701171875,11.970306396484375,241.40988159179688,2277.236083984375,31.7257022857666,22237.78125
2020-01-17,982.2381591796875,33.89576721191406,3536.13671875,11.988937377929688,242.55679321289062,2277.236083984375,32.039306640625,21702.134765625
2020-01-20,974.4520874023438,,3509.991455078125,,241.1605224609375,2274.481201171875,,21443.8984375
2020-01-21,948.2989501953125,33.35564041137695,3451.164794921875,11.430013656616211,237.37057495117188,2277.236083984375,30.82132911682129,20983.99609375
2020-01-22,905.3759155273438,33.8117561340332,3451.099853515625,11.47658634185791,234.4782257080078,2277.236083984375,30.522308349609375,20453.830078125
2020-01-23,861.6544189453125,33.39164733886719,3376.651123046875,11.15054988861084,227.546630859375,2234.127685546875,29.902385711669922,21170.146484375
2020-01-24,874.0322265625,32.671485900878906,3398.87451171875,11.029447555541992,229.94027709960938,2234.127685546875,29.06365394592285,20578.841796875
2020-01-27,835.9005737304688,31.657257080078125,3235.467041015625,10.153801918029785,220.81448364257812,2182.233154296875,27.692523956298828,20181.904296875
2020-01-28,857.6615600585938,31.81328582763672,3235.467041015625,10.52641773223877,226.99806213378906,2182.233154296875,28.348915100097656,20367.142578125
2020-01-29,859.657958984375,31.759281158447266,3245.2060546875,10.517101287841797,228.2447967529297,2182.233154296875,28.1592960357666,20485.767578125
2020-01-30,853.4691772460938,31.795289993286133,3184.28759765625,10.545045852661133,225.8012237548828,2182.233154296875,28.348915100097656,20622.642578125
2020-01-31,820.7278442382812,30.67302894592285,3111.27734375,10.340107917785645,221.91156005859375,2196.379638671875,27.48101806640625,20348.888671875
2020-02-03,833.3052368164062,30.47498893737793,3026.305419921875,10.656830787658691,221.01393127441406,2161.4609375,27.860273361206055,20442.87890625
2020-02-04,856.463623046875,31.309173583984375,3260.958251953125,11.215757369995117,232.48353576660156,2176.872802734375,29.180355072021484,22264.240234375
2020-02-05,880.2210693359375,31.71726417541504,3268.148193359375,11.560426712036133,236.07398986816406,2176.872802734375,29.275161743164062,21399.18359375
2020-02-06,879.2228393554688,31.525222778320312,3229.9111328125,11.47658634185791,238.367919921875,2196.379638671875,28.874034881591797,21990.48828125
2020-02-07,847.4799194335938,30.649019241333008,3078.595947265625,10.992186546325684,232.58326721191406,2196.379638671875,28.181175231933594,21260.486328125
2020-02-10,836.1002807617188,30.64302635192871,3121.081787109375,11.336857795715332,228.99278259277344,2159.15283203125,27.96238136291504,21183.8359375
2020-02-11,844.0858764648438,30.919086456298828,3325.667724609375,11.55111312866211,232.7328338623047,2196.379638671875,28.39996910095215,21717.650390625
2020-02-12,878.4241943359375,31.429201126098633,3373.840576171875,11.80262565612793,238.21832275390625,2226.160888671875,28.815689086914062,22357.3203125
2020-02-13,862.4529418945312,31.207149505615234,3330.242919921875,11.746734619140625,237.17111206054688,2226.160888671875,28.779224395751953,22392.90625
2020-02-14,866.44580078125,31.021106719970703,3362.40234375,11.402064323425293,233.33126831054688,2226.160888671875,28.63336181640625,22146.53125
2020-02-17,875.6293334960938,,3379.265869140625,,236.02413940429688,2226.160888671875,,22402.029296875
2020-02-18,847.0804443359375,30.94308853149414,3291.025634765625,11.197126388549805,225.50204467773438,2226.160888671875,27.831096649169922,21617.27734375
2020-02-19,853.2694091796875,30.86507797241211,3228.9306640625,11.271648406982422,231.3864288330078,2196.379638671875,28.319744110107422,22137.40234375
2020-02-20,854.6669311523438,30.390962600708008,3333.51123046875,11.25301742553711,228.344482421875,2196.379638671875,27.93320083618164,23716.041015625
2020-02-21,858.6598510742188,30.252931594848633,3293.24755859375,11.122602462768555,223.75668334960938,2196.379638671875,27.605009078979492,23224.201171875
2020-02-24,814.7386474609375,28.728580474853516,3143.95947265625,10.470523834228516,210.99053955078125,2196.379638671875,26.357851028442383,22266.064453125
2020-02-25,795.7725830078125,28.074438095092773,3124.349853515625,9.995436668395996,207.89871215820312,2196.379638671875,25.56289291381836,21973.154296875
2020-02-26,808.5496826171875,27.87038230895996,3075.327880859375,9.74392032623291,207.79898071289062,2196.379638671875,25.54829978942871,21217.59765625
2020-02-27,784.5926513671875,26.958179473876953,3117.16015625,9.129103660583496,198.6133575439453,2181.489013671875,24.483489990234375,20623.5546875
2020-02-28,750.653564453125,25.99195098876953,3026.305419921875,9.278151512145996,192.7489013671875,2181.489013671875,24.54183578491211,19578.736328125
2020-03-02,774.2112426757812,26.55608367919922,3182.523193359375,9.781183242797852,192.80873107910156,2181.489013671875,25.635826110839844,20987.646484375
2020-03-03,777.2059326171875,26.370040893554688,3201.47802734375,9.380620956420898,190.7541961669922,2181.489013671875,25.285743713378906,21170.146484375
2020-03-04,789.1843872070312,27.474292755126953,3167.8818359375,9.734604835510254,192.908447265625,2181.489013671875,26.117177963256836,21950.341796875
2020-03-05,776.008056640625,26.621904373168945,3072.0595703125,9.306096076965332,186.24612426757812,2181.489013671875,25.788984298706055,21626.404296875
2020-03-06,740.4718017578125,25.78803825378418,3091.341796875,8.78443431854248,173.59967041015625,2181.489013671875,25.716047286987305,20533.21484375
2020-03-09,687.5667724609375,21.538415908813477,2940.0263671875,7.666583061218262,152.19644165039062,2132.424072265625,23.613616943359375,18926.294921875
2020-03-10,714.1193237304688,23.323503494262695,3023.69091796875,8.383872032165527,154.98898315429688,2132.424072265625,25.996376037597656,19180.880859375
2020-03-11,691.1602783203125,21.89666748046875,2941.33349609375,7.564113616943359,153.11398315429688,2132.424072265625,23.259525299072266,18251.951171875
2020-03-12,610.9041137695312,19.104766845703125,2712.5634765625,6.6791510581970215,126.78380584716797,2010.9156494140625,19.607933044433594,17155.12109375
2020-03-13,646.4403686523438,21.180160522460938,2810.607421875,7.014505863189697,135.3211669921875,2010.9156494140625,21.607093811035156,17063.86328125
2020-03-16,619.48876953125,19.48772621154785,2287.7041015625,5.812817573547363,130.374267578125,1879.654296875,20.38251304626465,14335.4736328125
2020-03-17,718.9104614257812,21.538415908813477,2255.218505859375,6.0363874435424805,137.59515380859375,1879.654296875,20.574316024780273,14800.853515625
2020-03-18,666.6043701171875,19.11711883544922,1634.793212890625,4.946484088897705,128.55909729003906,1824.484130859375,19.10630226135254,12775.087890625
2020-03-19,658.8182373046875,19.981868743896484,1797.5472412109375,5.347046852111816,116.98977661132812,1801.77587890625,20.0136661529541,13560.7587890625
2020-03-20,652.2301025390625,19.438310623168945,1830.1632080078125,5.142107963562012,119.26375579833984,1739.3094482421875,18.74483299255371,12775.087890625
2020-03-23,617.4923095703125,19.592729568481445,1698.7835693359375,5.021007537841797,112.20248413085938,1691.510009765625,17.35796546936035,12684.75
2020-03-24,713.5200805664062,22.520523071289062,1830.1632080078125,6.511473655700684,127.66146850585938,1691.510009765625,19.600553512573242,14371.974609375
2020-03-25,738.8746948242188,23.051719665527344,2091.680419921875,6.753673076629639,133.5059814453125,1691.510009765625,20.28660774230957,16525.490234375
2020-03-26,763.8298950195312,23.379093170166016,2140.63720703125,6.511473655700684,131.79054260253906,1691.510009765625,20.957921981811523,16881.369140625
2020-03-27,740.6713256835938,21.983142852783203,2091.614990234375,5.775556564331055,123.67205047607422,1691.510009765625,19.615310668945312,15973.4208984375
2020-03-30,730.4896850585938,22.884950637817383,2287.7041015625,5.812817573547363,118.68528747558594,1691.510009765625,20.375139236450195,17246.369140625
2020-03-31,771.6160278320312,22.662588119506836,2399.474609375,6.28790283203125,123.47257995605469,1691.510009765625,20.77349853515625,17830.376953125
2020-04-01,742.4681396484375,22.15609359741211,2366.1396484375,5.878026008605957,118.84485626220703,1691.510009765625,19.57843017578125,16767.302734375
2020-04-02,757.2418212890625,23.409976959228516,2444.5751953125,5.952548980712891,126.54443359375,1712.431396484375,20.168581008911133,17246.369140625
2020-04-03,755.8441772460938,22.600818634033203,2415.946044921875,5.887340545654297,119.68264770507812,1712.431396484375,19.770225524902344,16984.48046875
2020-04-06,764.0296630859375,24.02765655517578,2581.837158203125,6.697781562805176,129.83570861816406,1712.431396484375,20.950536727905273,17109.494140625
2020-04-07,775.20947265625,23.79294204711914,2493.59716796875,7.070398807525635,141.10580444335938,1826.494140625,21.791513442993164,17209.87109375
2020-04-08,770.0187377929688,24.280902862548828,2537.12939453125,7.480275630950928,136.9368896484375,1826.494140625,22.263635635375977,17522.859375
2020-04-09,760.8352661132812,24.404438018798828,2601.4462890625,7.629322052001953,144.37713623046875,1826.494140625,22.957075119018555,17610.462890625
2020-04-13,,24.466203689575195,2564.8427734375,7.731791973114014,,1826.494140625,22.7800235748291,17518.29296875
2020-04-14,795.1735229492188,24.929460525512695,2594.97509765625,7.750423431396484,142.76144409179688,1826.494140625,22.868547439575195,17885.125
2020-04-15,739.673095703125,23.724990844726562,2530.200439453125,7.14492130279541,134.08447265625,1863.4979248046875,21.297256469726562,17337.62109375
2020-04-16,768.0223388671875,23.848529815673828,2549.155517578125,7.061082363128662,131.2918243408203,1863.4979248046875,20.921031951904297,16792.853515625
2020-04-17,781.19873046875,24.71945571899414,2581.837158203125,7.7690534591674805,140.90635681152344,1901.8411865234375,22.322656631469727,17305.68359375
2020-04-20,794.57470703125,23.947357177734375,2526.932373046875,7.470961570739746,142.68167114257812,1944.60791015625,21.828393936157227,17018.244140625
2020-04-21,729.491455078125,22.749061584472656,2418.4296875,6.902721405029297,133.2267608642578,1944.60791015625,21.40791130065918,16415.98828125
2020-04-22,775.6087036132812,23.31732749938965,2418.4296875,7.1169753074646,139.05128479003906,1941.1138916015625,22.226749420166016,17145.994140625
2020-04-23,777.6761474609375,23.68793296813965,2565.49658203125,7.275336265563965,143.0606689453125,1941.1138916015625,22.7800235748291,17014.59375
2020-04-24,769.490234375,24.132658004760742,2490.3291015625,7.899471282958984,138.91160583496094,1959.360595703125,22.68412208557129,16607.61328125
2020-04-27,763.7000122070312,24.39826202392578,2582.490966796875,8.244141578674316,139.6097869873047,1979.936279296875,24.02672576904297,17209.87109375
2020-04-28,773.0841674804688,24.670042037963867,2611.250732421875,8.309347152709961,145.175048828125,2033.2779541015625,24.60951042175293,17976.373046875
2020-04-29,840.569091796875,26.010400772094727,2679.881591796875,8.626073837280273,154.3108367919922,2033.2779541015625,25.553754806518555,17885.125
2020-04-30,811.6183471679688,25.127120971679688,2663.541015625,8.225507736206055,146.71095275878906,2033.2779541015625,23.93082618713379,18113.251953125
2020-05-01,778.275146484375,23.74352264404297,,7.880840301513672,139.4103240966797,,23.429195404052734,
2020-05-04,766.4953002929688,24.015302658081055,2610.596923828125,8.104409217834473,137.1962127685547,2071.32373046875,23.8570556640625,16899.830078125
2020-05-05,783.0670776367188,24.188249588012695,2614.5185546875,8.197563171386719,143.35986328125,2104.16748046875,23.8570556640625,16983.787109375
2020-05-06,793.4493408203125,24.324138641357422,2598.17822265625,8.001937866210938,144.47689819335938,2127.305908203125,23.91607666015625,16918.083984375
2020-05-07,804.4306640625,24.97887420654297,2666.155517578125,8.355923652648926,147.7881317138672,2127.461181640625,24.277542114257812,17264.841796875
2020-05-08,,25.584203720092773,2647.200439453125,8.57949447631836,,2127.461181640625,25.413597106933594,16899.830078125
2020-05-11,795.8452758789062,24.892404556274414,2628.572021484375,8.365241050720215,147.80804443359375,2135.225341796875,24.985734939575195,17419.966796875
2020-05-12,800.6371459960938,24.34267234802246,2634.1279296875,8.076464653015137,147.05007934570312,2135.225341796875,24.547903060913086,16881.5859375
2020-05-13,795.2462768554688,24.478557586669922,2508.957763671875,7.82494592666626,138.09384155273438,2042.9058837890625,24.19171142578125,16422.587890625
2020-05-14,782.2683715820312,24.929460525512695,2549.155517578125,7.72247838973999,136.13900756835938,2042.9058837890625,24.444011688232422,16699.080078125
2020-05-15,805.6286010742188,25.540966033935547,2614.5185546875,7.899471282958984,140.90635681152344,2042.9058837890625,24.34754753112793,16652.541015625
2020-05-18,853.9464721679688,27.6657772064209,2735.43994140625,8.551548957824707,151.6578369140625,2042.9058837890625,26.440202713012695,17452.822265625
2020-05-19,835.97705078125,27.702838897705078,2934.797607421875,8.514286994934082,153.5926971435547,2042.9058837890625,26.64798355102539,17611.599609375
2020-05-20,856.5419311523438,28.32668685913086,3084.478759765625,8.495655059814453,153.37332153320312,2042.9058837890625,26.74445343017578,17292.21484375
2020-05-21,827.9906005859375,28.1290340423584,,8.2907133102417,150.14187622070312,,26.328887939453125,
2020-05-22,820.8028564453125,28.104328155517578,3202.78564453125,8.141670227050781,147.72825622558594,2042.9058837890625,26.106266021728516,17009.3359375
2020-05-25,,,3398.87451171875,,,2042.9058837890625,,17383.46875
2020-05-26,862.1323852539062,28.369932174682617,3268.148193359375,8.626073837280273,152.69509887695312,2042.9058837890625,26.692514419555664,17990.296875
2020-05-27,867.3236083984375,28.542879104614258,3202.78564453125,8.654017448425293,156.1459503173828,2042.9058837890625,26.937397003173828,18796.958984375
2020-05-28,879.1035766601562,28.845539093017578,3382.53369140625,8.4677095413208,156.82415771484375,2042.9058837890625,27.30100440979004,18524.1171875
2020-05-29,874.91064453125,29.092609405517578,3402.142333984375,8.449079513549805,149.4237823486328,2042.9058837890625,26.937397003173828,17930.0703125
2020-06-01,893.6787719726562,29.80293846130371,3496.919189453125,8.70059585571289,156.54490661621094,2042.0518798828125,27.345535278320312,18093.408203125
2020-06-02,904.4603271484375,30.741806030273438,3617.840087890625,9.082527160644531,161.37208557128906,2142.6015625,27.83530044555664,18651.87109375
2020-06-03,902.0645141601562,31.180360794067383,3562.28125,9.445829391479492,168.0543670654297,2142.6015625,28.414133071899414,19026.00390625
2020-06-04,890.0848999023438,31.130950927734375,3496.919189453125,9.501720428466797,168.71263122558594,2142.6015625,28.2582950592041,19062.505859375
2020-06-05,925.4247436523438,31.779510498046875,3529.6005859375,10.116538047790527,180.50135803222656,2206.425537109375,28.903892517089844,19865.517578125
2020-06-08,903.062744140625,32.539249420166016,3686.471435546875,10.479839324951172,181.2593536376953,2206.425537109375,28.785165786743164,20952.796875
2020-06-09,897.0729370117188,32.29218292236328,3660.326416015625,10.498470306396484,176.81112670898438,2206.425537109375,28.88905143737793,20753.505859375
2020-06-10,888.8870239257812,32.403358459472656,3693.0078125,10.684779167175293,178.26730346679688,2206.425537109375,29.27494239807129,20299.83203125
2020-06-11,853.5472412109375,30.062360763549805,3529.6005859375,9.231574058532715,168.25384521484375,2206.425537109375,26.76671600341797,18964.5078125
2020-06-12,866.5249633789062,30.89004898071289,3529.6005859375,9.771866798400879,171.88421630859375,2206.425537109375,27.471689224243164,19111.455078125
2020-06-15,857.9396362304688,30.48238754272461,3476.002685546875,9.7532377243042,167.53575134277344,2206.425537109375,27.62010955810547,18413.482421875
2020-06-16,883.6957397460938,30.914758682250977,3451.164794921875,10.042015075683594,171.9241180419922,2206.425537109375,27.701732635498047,19517.373046875
2020-06-17,891.4825439453125,30.661518096923828,3468.943359375,9.96749210357666,171.6448516845703,2206.425537109375,27.902090072631836,19497.16796875
2020-06-18,888.2877807617188,30.278554916381836,3392.338134765625,9.837076187133789,170.9068145751953,2206.425537109375,27.36779022216797,19515.5390625
2020-06-19,890.6838989257812,29.623815536499023,3366.19287109375,9.781183242797852,171.52517700195312,2239.268798828125,28.05051040649414,20019.72265625
2020-06-22,900.6669311523438,30.334144592285156,3464.23779296875,10.0513277053833,165.76043701171875,2239.268798828125,27.775938034057617,19616.55859375
2020-06-23,918.436767578125,30.772695541381836,3581.890625,10.321476936340332,171.7844696044922,2239.268798828125,28.436391830444336,19518.29296875
2020-06-24,903.6616821289062,29.901771545410156,3562.28125,9.846390724182129,166.23919677734375,2239.268798828125,27.813045501708984,19331.865234375
2020-06-25,918.0372314453125,30.519447326660156,3529.6005859375,10.321476936340332,167.13681030273438,2251.226318359375,28.436391830444336,19386.966796875
2020-06-26,913.2455444335938,29.98206329345703,3471.1005859375,10.0513277053833,166.2990264892578,2251.614501953125,27.99114418029785,19625.7421875
2020-06-29,928.2199096679688,30.253841400146484,,10.284215927124023,169.1913299560547,,28.473499298095703,
2020-06-30,936.006591796875,30.717103958129883,3477.31005859375,10.777933120727539,170.76718139648438,2251.614501953125,29.512405395507812,19625.7421875
2020-07-01,921.830810546875,30.544157028198242,3568.687744140625,10.703409194946289,167.05703735351562,2251.614501953125,28.636751174926758,19643.193359375
2020-07-02,940.1995239257812,30.927108764648438,3674.7060546875,10.712725639343262,172.10362243652344,2307.2080078125,28.874216079711914,20415.544921875
2020-07-03,923.6277465820312,,3680.392578125,,169.2312469482422,2307.2080078125,,20387.99609375
2020-07-06,958.36865234375,31.149473190307617,3777.979248046875,11.877153396606445,174.6768035888672,2340.595458984375,30.232223510742188,20873.818359375
2020-07-07,974.3414306640625,30.834461212158203,3693.0078125,11.858519554138184,174.1182861328125,2340.595458984375,29.683076858520508,20424.73046875
2020-07-08,968.7510375976562,31.56949806213379,3713.270751953125,11.942358016967773,172.40284729003906,2340.983154296875,30.165433883666992,20315.44140625
2020-07-09,987.51904296875,31.192720413208008,3593.65576171875,12.007568359375,173.06109619140625,2340.983154296875,29.927963256835938,19745.1328125
2020-07-10,985.32275390625,31.544788360595703,3585.15869140625,12.0820894241333,174.91615295410156,2340.983154296875,30.91492462158203,20112.486328125
2020-07-13,998.7998657226562,31.35948944091797,3703.4658203125,12.128668785095215,177.92816162109375,2406.9814453125,30.56614875793457,21085.962890625
2020-07-14,1005.7879638671875,32.34159851074219,3856.415283203125,12.5758056640625,179.10507202148438,2406.9814453125,31.51601219177246,21838.111328125
2020-07-15,1004.7896728515625,32.786319732666016,3725.689453125,12.603750228881836,182.23678588867188,2406.9814453125,31.768306732177734,21186.984375
2020-07-16,1010.2803344726562,32.70602798461914,,12.547860145568848,181.31919860839844,,31.634737014770508,
2020-07-17,1033.240966796875,33.25575256347656,3649.868408203125,12.650330543518066,183.3338623046875,2406.9814453125,32.41391372680664,21563.521484375
2020-07-20,1045.72021484375,33.10133361816406,3496.919189453125,12.510598182678223,182.85511779785156,2406.9814453125,32.495548248291016,21347.701171875
2020-07-21,1035.2376708984375,32.9345703125,3562.28125,12.46402359008789,182.45616149902344,2406.9814453125,32.09482955932617,20938.10546875
2020-07-22,1031.7437744140625,32.85426712036133,3764.906494140625,12.687591552734375,178.3470916748047,2406.9814453125,32.443603515625,21535.966796875
2020-07-23,1052.208984375,32.557777404785156,3830.33544921875,12.408127784729004,183.07452392578125,2406.9814453125,32.18387985229492,21554.337890625
2020-07-24,1027.25146484375,32.49601364135742,3827.001708984375,12.221819877624512,182.31654357910156,2406.9814453125,31.96867561340332,21462.498046875
2020-07-27,1064.6878662109375,33.595481872558594,3823.73388671875,12.631699562072754,184.5107421875,2456.441162109375,34.1874885559082,21884.953125
2020-07-28,1047.716552734375,33.058101654052734,3810.660888671875,12.324289321899414,182.6157684326172,2456.441162109375,33.30441665649414,21719.642578125
2020-07-29,1043.723388671875,33.51518249511719,3777.848876953125,12.389500617980957,181.67825317382812,2456.441162109375,32.85174560546875,21591.07421875
2020-07-30,1026.2529296875,32.82955551147461,3722.420654296875,12.054143905639648,176.59170532226562,2456.441162109375,32.525230407714844,21214.53515625
2020-07-31,1025.7540283203125,32.63808822631836,3725.75439453125,12.03551197052002,174.17811584472656,2484.6259765625,32.436180114746094,21168.615234375
2020-08-03,1065.18701171875,33.16310501098633,3836.806396484375,12.203191757202148,180.4415283203125,2484.6259765625,32.770118713378906,21077.69921875
2020-08-04,1053.2071533203125,33.45341110229492,3872.75634765625,12.063458442687988,182.05723571777344,2500.15478515625,32.33229064941406,21554.337890625
2020-08-05,1101.624755859375,34.602298736572266,3947.98828125,13.013630867004395,195.6811065673828,2500.15478515625,33.60124206542969,22132.912109375
2020-08-06,1088.646728515625,35.108787536621094,3898.705078125,13.563237190246582,179.86305236816406,2500.15478515625,34.261688232421875,22325.775390625
2020-08-07,1075.1697998046875,34.521995544433594,3980.6044921875,13.004316329956055,174.0983428955078,2500.15478515625,33.437992095947266,22545.26953125
2020-08-10,1093.6385498046875,35.30644989013672,4341.34375,13.395563125610352,171.36558532714844,2500.15478515625,34.024227142333984,23214.763671875
2020-08-11,1110.609619140625,35.10261154174805,4372.12939453125,13.004316329956055,177.4095458984375,2500.15478515625,33.32802963256836,23511.400390625
2020-08-12,1123.0882568359375,35.49174880981445,4421.740234375,13.013630867004395,178.98538208007812,2500.15478515625,33.93439865112305,23869.568359375
2020-08-13,1106.1171875,35.226139068603516,4313.8251953125,12.845951080322266,175.67416381835938,2500.15478515625,33.590030670166016,23317.62109375
2020-08-14,1103.122314453125,35.20144271850586,4391.73779296875,12.836639404296875,170.06903076171875,2500.15478515625,33.829593658447266,23600.484375
2020-08-17,1120.592529296875,35.81294631958008,4483.24609375,13.13473129272461,173.53981018066406,2500.15478515625,34.38356399536133,23785.99609375
2020-08-18,1130.5755615234375,35.14584732055664,4653.125,13.42350959777832,171.5650634765625,2500.15478515625,34.84769821166992,23689.5625
2020-08-19,1146.5482177734375,34.45405197143555,4660.37939453125,13.917226791381836,175.65420532226562,2500.15478515625,34.982444763183594,23139.45703125
2020-08-20,1082.6572265625,34.429344177246094,4738.162109375,13.693657875061035,168.33363342285156,2500.15478515625,34.810264587402344,23290.072265625
2020-08-21,1078.6639404296875,33.66960144042969,4660.576171875,13.376931190490723,167.8948211669922,2500.15478515625,34.42847442626953,23326.802734375
2020-08-24,1083.6556396484375,34.15138626098633,4607.43603515625,13.563237190246582,171.44537353515625,2500.15478515625,34.89262008666992,23446.193359375
2020-08-25,1065.68603515625,33.799312591552734,4521.74462890625,13.470086097717285,167.59556579589844,2562.2705078125,34.645572662353516,23234.05078125
2020-08-26,1089.64501953125,34.07109451293945,4568.87158203125,13.982437133789062,169.1514434814453,2562.2705078125,35.3193244934082,23416.806640625
2020-08-27,1063.190185546875,33.996971130371094,4617.24072265625,13.879964828491211,167.31629943847656,2562.2705078125,34.67552185058594,22911.701171875
2020-08-28,1072.1749267578125,34.48493194580078,4562.59619140625,14.578621864318848,168.73257446289062,2562.2705078125,36.09038543701172,22955.78125
2020-08-31,,34.00931930541992,4510.044921875,14.541358947753906,,2562.2705078125,36.00803756713867,22319.34375
2020-09-01,1085.65185546875,35.07790756225586,4503.50830078125,15.07233715057373,172.38287353515625,2562.2705078125,36.32246017456055,23492.11328125
2020-09-02,1096.134033203125,34.82466125488281,4510.044921875,15.156180381774902,173.9188232421875,2562.2705078125,35.91820526123047,23925.5859375
2020-09-03,1052.75390625,33.48282241821289,4624.43017578125,14.494782447814941,166.2990264892578,2581.681884765625,34.885135650634766,23091.70703125
2020-09-04,1081.7059326171875,33.835609436035156,4608.08935546875,14.923291206359863,170.986572265625,2581.681884765625,35.169593811035156,22826.29296875
2020-09-07,1100.1754150390625,,4764.96044921875,,174.85633850097656,2581.681884765625,,23051.291015625
2020-09-08,1084.700927734375,33.419830322265625,4758.3583984375,14.643829345703125,173.83900451660156,2581.681884765625,34.28623962402344,22683.943359375
2020-09-09,1095.1834716796875,34.16318893432617,4712.67041015625,15.035076141357422,174.51724243164062,2581.681884765625,35.087257385253906,22863.0234375
2020-09-10,1082.2049560546875,33.161537170410156,4645.02001953125,14.690404891967773,174.3177490234375,2581.681884765625,34.04669189453125,22059.447265625
2020-09-11,1112.654296875,34.13798904418945,4771.4970703125,15.156180381774902,181.51869201660156,2581.681884765625,35.10222625732422,22674.7578125
2020-09-14,1094.684326171875,34.56007385253906,4918.56298828125,15.240015983581543,181.15960693359375,2581.681884765625,35.431617736816406,23234.96875
2020-09-15,1096.6810302734375,34.9002571105957,4901.5693359375,15.286592483520508,185.54798889160156,2581.681884765625,35.40166473388672,23877.8359375
2020-09-16,1108.161865234375,35.202640533447266,4708.0947265625,15.631266593933105,185.30865478515625,2581.681884765625,35.22200393676758,23968.75390625
2020-09-17,1089.193603515625,34.95695495605469,4483.89990234375,15.86414909362793,184.5107421875,2581.681884765625,35.32680130004883,23969.671875
2020-09-18,1088.195068359375,34.465572357177734,,15.836201667785645,180.1223602294922,,34.79529571533203,
2020-09-21,1053.752197265625,33.33793640136719,4378.599609375,14.578621864318848,172.68211364746094,2581.681884765625,33.81462478637695,23527.931640625
2020-09-22,1055.2496337890625,33.319034576416016,4355.78759765625,14.606568336486816,171.6448516845703,2581.681884765625,33.97930908203125,23364.4609375
2020-09-23,1039.2760009765625,32.65127182006836,4088.4541015625,13.758865356445312,170.40814208984375,2581.681884765625,32.90132141113281,21214.53515625
2020-09-24,1041.7720947265625,33.167842864990234,4137.54150390625,14.327103614807129,168.51316833496094,2581.681884765625,33.350486755371094,21220.046875
2020-09-25,1040.2744140625,33.00405502319336,4094.92431640625,14.252583503723145,166.93734741210938,2581.681884765625,33.29808044433594,21625.97265625
2020-09-28,1033.2860107421875,33.22454071044922,4117.21337890625,14.811504364013672,164.14474487304688,2581.681884765625,33.605003356933594,22453.431640625
2020-09-29,1027.2960205078125,32.50637435913086,4182.57666015625,14.271209716796875,161.7311248779297,2581.681884765625,33.275630950927734,22492.001953125
2020-09-30,1021.80517578125,32.57566833496094,4323.7607421875,14.569305419921875,160.5343017578125,2581.681884765625,33.88948059082031,23418.642578125
2020-10-01,1003.8349609375,32.34257888793945,4346.63720703125,14.485466957092285,158.95848083496094,2581.681884765625,33.30556106567383,22775.78125
2020-10-02,999.8416137695312,32.41817855834961,4281.2744140625,14.84876537322998,161.33216857910156,2581.681884765625,34.15897750854492,23599.564453125
2020-10-05,1000.8399047851562,32.865455627441406,4392.326171875,15.202753067016602,163.28700256347656,2557.068359375,35.02735900878906,25737.48828125
2020-10-06,978.9761962890625,31.81340980529785,4327.09423828125,14.643829345703125,164.4239959716797,2557.068359375,34.14400100708008,25412.2890625
2020-10-07,998.8432006835938,32.72056198120117,4199.57080078125,15.724416732788086,168.9519805908203,2557.068359375,35.29686737060547,25533.076171875
2020-10-08,1000.3408813476562,33.085941314697266,4307.41943359375,15.64989185333252,169.3309783935547,2557.068359375,35.5064811706543,26346.08203125
2020-10-09,1012.8199462890625,33.30643081665039,4338.00927734375,16.050457000732422,172.54246520996094,2557.068359375,35.99305725097656,26234.583984375
2020-10-12,1023.3026123046875,33.07334899902344,,15.659207344055176,170.82699584960938,,35.90324020385742,
2020-10-13,1028.79345703125,32.78986740112305,4372.78271484375,15.668523788452148,167.8948211669922,2557.068359375,35.47652816772461,25633.42578125
2020-10-14,1033.7852783203125,32.70796203613281,4364.54638671875,15.780309677124023,168.33363342285156,2557.068359375,35.603797912597656,25599.04296875
2020-10-15,1029.7918701171875,32.63866424560547,4261.666015625,16.031824111938477,162.2896728515625,2557.068359375,35.91820526123047,25517.283203125
2020-10-16,1031.2894287109375,32.537872314453125,4248.59326171875,15.975936889648438,163.12744140625,2557.068359375,35.88826370239258,25233.890625
2020-10-19,1040.2744140625,31.882713317871094,4144.01220703125,15.966617584228516,164.98252868652344,2557.068359375,35.783451080322266,25533.076171875
2020-10-20,1044.7672119140625,32.25438690185547,4130.939453125,16.404441833496094,168.0144805908203,2562.2705078125,36.87641143798828,25551.66015625
2020-10-21,1053.752197265625,32.348880767822266,4249.24658203125,16.506908416748047,166.71791076660156,2562.2705078125,37.36301803588867,26850.611328125
2020-10-22,1038.2779541015625,32.58827209472656,4300.8837890625,17.093782424926758,164.6234588623047,2524.45751953125,37.63251876831055,26945.388671875
2020-10-23,1036.28125,32.374080657958984,4325.3291015625,17.103097915649414,167.0370635986328,2524.45751953125,38.890174865722656,26666.640625
2020-10-26,1020.3076782226562,31.7252140045166,4265.3916015625,16.171554565429688,165.80035400390625,2524.45751953125,38.27632141113281,26016.234375
2020-10-27,1034.28466796875,31.334630966186523,4312.6494140625,16.506908416748047,160.1154327392578,2524.45751953125,38.890174865722656,26934.23828125
2020-10-28,1012.8199462890625,30.049497604370117,4269.5087890625,15.715096473693848,155.86668395996094,2524.45751953125,38.4934196472168,25783.943359375
2020-10-29,1025.798583984375,30.307785034179688,4234.33349609375,16.283340454101562,155.0887451171875,2524.45751953125,39.30939865112305,26425.994140625
2020-10-30,1027.79541015625,30.307785034179688,4234.33349609375,16.152929306030273,155.4876708984375,2468.708740234375,39.1821403503418,26248.521484375
2020-11-02,1011.3226318359375,30.295188903808594,4266.12353515625,16.991310119628906,156.42518615722656,2468.708740234375,40.582035064697266,26666.640625
2020-11-03,1042.2713623046875,31.21493911743164,4291.14501953125,17.485027313232422,160.29495239257812,2468.708740234375,40.36494064331055,26541.208984375
2020-11-04,1018.8102416992188,30.773958206176758,4274.15478515625,16.767744064331055,161.91065979003906,2468.708740234375,39.58639144897461,26061.763671875
2020-11-05,1037.7786865234375,31.536218643188477,4413.595703125,17.53160285949707,163.70587158203125,2468.708740234375,40.61198425292969,28580.6953125
2020-11-06,1063.2364501953125,32.16619110107422,4623.65283203125,17.811071395874023,169.55039978027344,2468.708740234375,41.270751953125,29048.982421875
2020-11-09,1096.1817626953125,33.45132827758789,4523.03759765625,18.435203552246094,179.70346069335938,2505.046630859375,41.29341125488281,29779.296875
2020-11-10,1120.14208984375,33.772605895996094,4559.541015625,18.46314811706543,187.02407836914062,2505.046630859375,40.915687561035156,29918.671875
2020-11-11,1113.153564453125,33.728515625,4605.9990234375,18.19300079345703,187.90171813964844,2505.046630859375,40.900577545166016,29379.76171875
2020-11-12,1109.160400390625,32.827659606933594,4549.5859375,18.183679580688477,188.08126831054688,2505.046630859375,40.477516174316406,29732.83984375
2020-11-13,1124.135498046875,33.35682678222656,4526.3564453125,18.761241912841797,189.0386962890625,2505.046630859375,41.08943557739258,30868.259765625
2020-11-16,1154.5850830078125,33.99939727783203,4559.541015625,19.562366485595703,194.56407165527344,2505.046630859375,41.958213806152344,32027.841796875
2020-11-17,1104.667724609375,33.848209381103516,4592.72607421875,19.590314865112305,192.1903533935547,2505.046630859375,42.37372970581055,31823.43359375
2020-11-18,1118.64453125,33.596221923828125,4698.9150390625,19.292213439941406,193.34732055664062,2505.046630859375,42.20751953125,32240.623046875
2020-11-19,1095.1834716796875,33.438724517822266,4712.189453125,19.664836883544922,189.9363555908203,2505.046630859375,42.343505859375,31497.296875
2020-11-20,1133.1204833984375,33.829307556152344,4631.88330078125,19.79525375366211,194.5441131591797,2505.046630859375,42.932769775390625,32009.263671875
2020-11-23,1139.6097412109375,34.7238655090332,4652.45703125,20.41006851196289,199.1519012451172,2505.046630859375,43.92996597290039,33914.94921875
2020-11-24,1223.969970703125,36.44367980957031,4738.73583984375,21.527923583984375,211.04037475585938,2531.212646484375,44.957393646240234,34476.15625
2020-11-25,1214.485595703125,36.10979461669922,4711.525390625,21.928483963012695,214.431396484375,2585.09765625,45.31246566772461,34043.171875
2020-11-26,1213.4874267578125,,4765.28466796875,,211.63877868652344,2585.09765625,,33910.30859375
2020-11-27,1234.95166015625,36.07199478149414,4762.2978515625,21.909849166870117,212.9852294921875,2585.09765625,45.9697151184082,33914.0234375
2020-11-30,1251.42431640625,35.14594650268555,4811.7421875,21.78874969482422,211.28973388671875,2662.354248046875,44.851627349853516,33357.45703125
2020-12-01,1308.8292236328125,36.380680084228516,4879.4384765625,22.021635055541992,219.36830139160156,2662.354248046875,45.44088363647461,32983.9375
2020-12-02,1309.328369140625,37.8800048828125,4884.748046875,22.431514739990234,222.21075439453125,2662.354248046875,45.47866439819336,32205.310546875
2020-12-03,1372.7232666015625,38.79975891113281,4923.2421875,22.720291137695312,229.89039611816406,2662.354248046875,45.5617561340332,31845.732421875
2020-12-04,1409.1627197265625,39.72581481933594,5043.966796875,23.344423294067383,237.02149963378906,2662.354248046875,46.098140716552734,32659.66015625
2020-12-07,1423.139404296875,39.39192199707031,5108.27880859375,22.897281646728516,238.66712951660156,2662.354248046875,44.76852798461914,32473.833984375
2020-12-08,1424.1378173828125,39.694313049316406,,22.79481315612793,236.87188720703125,,45.5617561340332,
2020-12-09,1431.6256103515625,39.68172073364258,5440.123046875,22.785497665405273,237.0713348388672,2662.354248046875,44.93473815917969,32139.333984375
2020-12-10,1461.5758056640625,40.790462493896484,5548.43701171875,23.158117294311523,238.4178009033203,2662.354248046875,44.70054626464844,31851.306640625
2020-12-11,1408.6634521484375,40.645572662353516,5641.35302734375,22.925230026245117,236.62254333496094,2662.354248046875,45.146263122558594,31665.4765625
2020-12-14,1413.655029296875,39.94000244140625,5940.67724609375,22.17068099975586,235.32595825195312,2662.354248046875,44.7458610534668,31126.5625
2020-12-15,1422.6405029296875,40.752662658691406,5799.31103515625,22.63644790649414,239.76422119140625,2662.354248046875,45.727962493896484,31550.263671875
2020-12-16,1426.134521484375,40.86605453491211,5863.68896484375,22.720291137695312,242.1578826904297,2742.7939453125,46.66473388671875,31869.888671875
2020-12-17,1430.6270751953125,41.754310607910156,5975.76416015625,23.02769660949707,241.1605224609375,2822.302001953125,47.52595520019531,31823.43359375
2020-12-18,1435.618896484375,41.401527404785156,6062.8583984375,22.943864822387695,241.40988159179688,2834.0263671875,47.40507507324219,32009.263671875
2020-12-21,1421.1429443359375,41.31333923339844,6376.8037109375,23.158117294311523,235.07662963867188,2834.0263671875,48.19076919555664,31637.607421875
2020-12-22,1415.15283203125,40.71485900878906,6252.3740234375,22.589879989624023,232.03469848632812,2841.790771484375,47.66948699951172,33171.62890625
2020-12-23,1426.6337890625,41.344825744628906,6265.4033203125,23.158117294311523,235.92442321777344,2857.319580078125,48.659149169921875,32687.544921875
2020-12-24,1437.6156005859375,41.042442321777344,6272.1552734375,23.092910766601562,234.37850952148438,2864.152587890625,48.424957275390625,31310.541015625
2020-12-28,,41.13064193725586,6542.890625,22.943864822387695,,2871.451171875,47.99434280395508,32511.00390625
2020-12-29,1444.104736328125,41.3889274597168,6413.9375,23.046327590942383,234.97694396972656,2948.0859375,48.55339050292969,32120.75390625
2020-12-30,1450.0948486328125,41.54011917114258,6444.31884765625,24.713788986206055,235.97425842285156,2948.0859375,49.72433853149414,32148.625
2020-12-31,1438.1146240234375,41.162139892578125,,24.23870086669922,232.38380432128906,,49.19552230834961,
2021-01-04,1499.512939453125,42.428375244140625,6602.9794921875,25.28203010559082,244.7509765625,3043.20068359375,50.819766998291016,33786.73046875
2021-01-05,1503.50634765625,43.78281021118164,6544.84912109375,26.427824020385742,253.42799377441406,3050.576904296875,51.49211502075195,35585.5703125
2021-01-06,1581.3770751953125,45.1750373840332,6302.537109375,28.09528350830078,273.2254943847656,3184.125732421875,52.088932037353516,38628.5390625
2021-01-07,1585.869384765625,46.101097106933594,6413.9375,29.036142349243164,277.813232421875,3355.487548828125,53.77360153198242,38968.60546875
2021-01-08,1564.4051513671875,46.27748107910156,6394.22265625,29.01751136779785,275.7188720703125,3338.948486328125,53.97002410888672,37723.5390625
2021-01-11,1547.9324951171875,44.90414810180664,6278.2314453125,28.24432945251465,269.8345031738281,3338.948486328125,53.38077163696289,38372.0859375
2021-01-12,1539.4466552734375,45.326229095458984,6207.94873046875,28.86846351623535,275.6689758300781,3338.948486328125,54.249549865722656,40184.859375
2021-01-13,1527.4664306640625,44.7718620300293,6346.35498046875,28.4679012298584,276.51678466796875,3338.948486328125,53.063480377197266,40696.828125
2021-01-14,1569.39697265625,46.54207229614258,6381.6650390625,29.800003051757812,284.24627685546875,3309.832275390625,53.63762283325195,39255.71484375
2021-01-15,1511.9921875,44.48207473754883,6258.65234375,28.272274017333984,279.1597900390625,3309.832275390625,52.20980453491211,38513.3203125
2021-01-18,1519.97900390625,,6399.759765625,,276.1178283691406,3280.715087890625,,39303.08984375
2021-01-19,1508.497802734375,45.00494384765625,6548.29248046875,29.53917121887207,273.0260009765625,3280.715087890625,53.562068939208984,39211.12109375
2021-01-20,1531.4599609375,45.84910583496094,6615.8076171875,28.849834442138672,279.5586853027344,3280.715087890625,53.086143493652344,38661.98828125
2021-01-21,1536.9508056640625,45.56562042236328,6548.96728515625,27.983497619628906,275.76873779296875,3299.893798828125,53.19190979003906,38012.51171875
2021-01-22,1502.008544921875,45.225440979003906,6498.3310546875,28.40268898010254,270.08380126953125,3299.893798828125,53.65272903442383,37993.00390625
2021-01-25,1472.0584716796875,44.86005783081055,6447.69482421875,26.99606704711914,259.0630187988281,3299.893798828125,52.723514556884766,37128.88671875
2021-01-26,1471.0599365234375,45.23173522949219,6511.15869140625,25.160930633544922,254.32557678222656,3338.7158203125,52.693302154541016,37537.7109375
2021-01-27,1427.6322021484375,43.55602264404297,6400.43408203125,24.02444839477539,237.17111206054688,3338.7158203125,50.91796875,36654.08984375
2021-01-28,1452.590576171875,43.663116455078125,6339.67041015625,25.88753318786621,248.0422821044922,3338.7158203125,52.240020751953125,36887.30078125
2021-01-29,1427.6322021484375,42.06929397583008,6312.6640625,25.067777633666992,245.7483367919922,3372.10302734375,50.170066833496094,34517.96484375
2021-02-01,1441.1099853515625,43.05204391479492,6211.3916015625,26.297407150268555,249.2390899658203,3372.10302734375,52.02850341796875,35428.53515625
2021-02-02,1441.6087646484375,42.277183532714844,5954.833984375,26.21356773376465,246.1472930908203,3377.53857421875,51.469451904296875,36385.5703125
2021-02-03,1444.104736328125,42.23938751220703,6141.91845703125,27.201005935668945,248.29164123535156,3356.962158203125,51.288124084472656,35772.328125
2021-02-04,1447.5989990234375,42.207889556884766,6248.525390625,27.759929656982422,246.74569702148438,3356.962158203125,52.51955032348633,34926.796875
2021-02-05,1479.046875,42.699256896972656,6393.00732421875,29.557802200317383,258.5144958496094,3356.962158203125,53.985137939453125,35772.328125
2021-02-08,1529.4632568359375,43.8773078918457,6569.2216796875,29.92110252380371,263.9500732421875,3333.125732421875,53.81138610839844,37974.41796875
2021-02-09,1520.9771728515625,43.896202087402344,6635.38671875,29.827953338623047,262.7033996582031,3333.125732421875,54.138980865478516,36979.2890625
2021-02-10,1532.4580078125,43.97809982299805,6650.240234375,29.10134506225586,269.78466796875,3408.440673828125,54.474212646484375,36654.08984375
2021-02-11,1537.4501953125,43.92140197753906,6602.9794921875,28.86846351623535,268.7872619628906,3456.114501953125,53.82661437988281,36241.546875
2021-02-12,1530.4615478515625,44.337181091308594,6480.77734375,29.09203338623047,268.08905029296875,3456.114501953125,55.20560073852539,38095.1953125
2021-02-15,1588.8646240234375,,6402.4599609375,,281.5533752441406,3534.224609375,,38095.1953125
2021-02-16,1633.291015625,47.55002212524414,6409.88671875,30.647714614868164,287.23834228515625,3663.42578125,55.632259368896484,38466.86328125
2021-02-17,1711.660888671875,47.606719970703125,6535.3291015625,31.812135696411133,287.4378356933594,3758.773193359375,56.63032531738281,36712.625
2021-02-18,1712.1602783203125,47.751609802246094,6569.2216796875,31.802825927734375,287.5874328613281,4037.75,56.7674560546875,35159.08203125
2021-02-19,1834.95654296875,47.9468994140625,6955.40869140625,34.923484802246094,299.356201171875,4832.51953125,60.508270263671875,37012.73828125
2021-02-22,1866.4041748046875,48.85405731201172,7020.89794921875,35.473079681396484,303.7445068359375,4840.517578125,62.11583709716797,38006.94140625
2021-02-23,1834.95654296875,49.54701614379883,6977.68798828125,35.258846282958984,302.7471618652344,4836.40185546875,60.39400100708008,36794.39453125
2021-02-24,1825.472412109375,50.23368835449219,7020.89794921875,35.29610061645508,301.699951171875,4848.4365234375,59.792110443115234,37677.0859375
2021-02-25,1842.444091796875,49.16273880004883,6879.791015625,33.237388610839844,304.1933288574219,4846.2626953125,57.20172882080078,36538.87890625
2021-02-26,1779.54833984375,47.82090759277344,6886.54248046875,31.588565826416016,289.9311828613281,4654.01513671875,54.344696044921875,36051.06640625
2021-03-01,1829.4656982421875,49.61631393432617,6954.05810546875,32.510799407958984,295.5662841796875,4673.2705078125,57.056968688964844,37164.19140625
2021-03-02,1849.931884765625,50.46047592163086,7062.08203125,32.77162551879883,297.3614807128906,4521.63134765625,58.009315490722656,38187.1875
2021-03-03,1839.4488525390625,51.02744674682617,7082.3369140625,32.60394287109375,298.9073181152344,4521.63134765625,58.656917572021484,37621.33203125
2021-03-04,1723.64111328125,49.10212707519531,7156.60400390625,30.46139907836914,285.54278564453125,4356.79150390625,54.39802551269531,34843.171875
2021-03-05,1723.1422119140625,49.34117889404297,7305.13720703125,32.62257766723633,282.2515563964844,4367.19580078125,56.18081283569336,34703.796875
2021-03-08,1760.08056640625,48.96644592285156,7741.28515625,32.07296371459961,291.37738037109375,4425.73974609375,55.258949279785156,34692.640625
2021-03-09,1738.1170654296875,48.86307144165039,7673.0947265625,31.54197883605957,284.1465759277344,4321.07568359375,55.59417724609375,35958.15234375
2021-03-10,1685.205078125,47.144500732421875,7770.9921875,32.100914001464844,282.6006164550781,4321.07568359375,57.247440338134766,36859.4296875
2021-03-11,1728.1336669921875,47.874576568603516,7966.1103515625,34.90486145019531,288.48504638671875,4348.09521484375,59.586421966552734,37993.00390625
2021-03-12,1725.138671875,48.184688568115234,7916.1494140625,34.858272552490234,289.4823913574219,4348.09521484375,59.418800354003906,37992.07421875
2021-03-15,1733.62451171875,47.196189880371094,7899.27001953125,34.42976379394531,284.34600830078125,4375.27099609375,57.7274284362793,38438.98828125
2021-03-16,1713.158447265625,46.42089080810547,8007.2939453125,32.594635009765625,285.74224853515625,4375.27099609375,56.226531982421875,37249.6796875
2021-03-17,1705.6710205078125,46.22706604003906,8135.57421875,33.6379508972168,281.5533752441406,4375.27099609375,56.59223556518555,37631.5546875
2021-03-18,1762.077392578125,45.15457534790039,8452.8935546875,32.99519348144531,286.7396240234375,4375.27099609375,55.57130813598633,36886.375
2021-03-19,1721.64453125,44.469730377197266,8439.390625,32.594635009765625,281.2541809082031,4375.27099609375,54.961822509765625,36655.01953125
2021-03-22,1718.6494140625,44.689395904541016,8151.77734375,32.613250732421875,278.7109680175781,4375.27099609375,54.916107177734375,36605.6796875
2021-03-23,1657.2513427734375,43.629825592041016,7933.02734375,29.99563217163086,271.2806701660156,4375.27099609375,51.93716049194336,35756.55078125
2021-03-24,1682.708984375,43.920562744140625,7892.5185546875,29.44601821899414,277.41436767578125,4375.27099609375,51.411460876464844,35913.16796875
2021-03-25,1618.31591796875,43.713809967041016,7706.85205078125,28.980247497558594,268.13897705078125,4375.27099609375,50.1467399597168,36105.6328125
2021-03-26,1689.697509765625,45.42593002319336,7934.3779296875,30.703594207763672,285.6426086425781,4340.0205078125,52.88951110839844,35719.7578125
2021-03-29,1649.7637939453125,45.10934829711914,7933.02734375,29.902475357055664,283.9470520019531,4417.2763671875,51.868595123291016,35849.94921875
2021-03-30,1688.2000732421875,45.031822204589844,7797.9970703125,30.442768096923828,285.2934875488281,4348.09521484375,51.8762092590332,36605.6796875
2021-03-31,1687.201416015625,44.8315315246582,7877.66455078125,30.67565155029297,283.4982604980469,4348.09521484375,51.70860290527344,36333.0078125
2021-04-01,1689.697509765625,44.92845153808594,8061.306640625,31.448833465576172,284.89459228515625,4334.5849609375,52.88188934326172,36984.00390625
2021-04-05,,45.96217346191406,8304.3603515625,32.93929672241211,,4464.5625,54.626583099365234,36700.96484375
2021-04-06,1753.0921630859375,45.14165115356445,8423.8623046875,32.613250732421875,290.87872314453125,4464.5625,54.39802551269531,36587.74609375
2021-04-07,1749.0987548828125,45.9686393737793,8424.537109375,31.65376853942871,292.3248291015625,4464.5625,53.97137451171875,35613.14453125
2021-04-08,1737.118896484375,46.020320892333984,8553.4921875,32.01707077026367,293.5216369628906,4464.5625,55.21324157714844,35899.015625
2021-04-09,1727.1356201171875,45.69728469848633,8625.0576171875,31.70966911315918,287.93646240234375,4464.5625,54.07803726196289,36039.59375
2021-04-12,1697.1849365234375,45.238563537597656,8635.185546875,31.364994049072266,285.443115234375,4464.5625,53.62853240966797,35417.84375
2021-04-13,1722.6427001953125,45.400081634521484,8625.732421875,31.420888900756836,286.1412658691406,4464.5625,54.032318115234375,34738.54296875
2021-04-14,1799.515380859375,46.97652053833008,8652.0634765625,33.89963150024414,301.699951171875,4464.5625,55.944637298583984,35842.40625
2021-04-15,1859.914794921875,47.85519027709961,8911.9970703125,35.31874465942383,302.398193359375,4464.5625,57.041748046875,35749.0
2021-04-16,1869.3995361328125,47.64844512939453,9444.0166015625,35.608158111572266,301.2012939453125,4464.5625,58.0550422668457,36559.44140625
2021-04-19,1864.40771484375,47.88750076293945,9857.208984375,34.85193634033203,302.99652099609375,4550.04736328125,56.7674560546875,36795.3125
2021-04-20,1837.9515380859375,46.815006256103516,10025.99609375,33.49818420410156,289.9810485839844,4624.15185546875,54.39039611816406,35653.70703125
2021-04-21,1837.9515380859375,47.77119827270508,10496.5341796875,33.5168571472168,292.1253662109375,4823.919921875,54.908477783203125,35101.78125
2021-04-22,1802.35205078125,46.892539978027344,10120.033203125,32.43385314941406,291.7692565917969,4823.919921875,52.66093826293945,35191.41015625
2021-04-23,1824.8189697265625,48.249298095703125,10010.6796875,34.1143798828125,295.5098876953125,4884.14990234375,54.580875396728516,35947.12890625
2021-04-26,1903.203857421875,48.895381927490234,10420.9404296875,36.45774841308594,305.43505859375,4945.798828125,55.53321838378906,36959.47265625
2021-04-27,1903.203857421875,48.184688568115234,10307.9169921875,36.12164306640625,301.3453674316406,4988.685546875,55.601783752441406,36180.16796875
2021-04-28,1912.1907958984375,48.92769241333008,9724.44921875,36.73783874511719,302.0934143066406,4922.14892578125,55.632259368896484,35518.80078125
2021-04-29,1899.2098388671875,48.30744934082031,9394.1865234375,35.85090637207031,299.25048828125,4932.00244140625,54.862762451171875,35380.1015625
2021-04-30,1862.763427734375,47.008827209472656,9298.775390625,35.206703186035156,294.4625549316406,5003.427734375,52.88188934326172,35331.98828125
2021-05-03,,47.881038665771484,10245.5341796875,36.14033126831055,,5079.18798828125,53.011409759521484,35040.46484375
2021-05-04,1851.779541015625,48.1782341003418,10412.8681640625,36.6164665222168,295.46002197265625,4975.12548828125,53.0571174621582,34955.5625
2021-05-05,1892.71923828125,49.87742233276367,10288.8349609375,38.7824592590332,309.1258544921875,5013.67626953125,55.26655578613281,36134.8984375
2021-05-06,1922.1761474609375,50.63334274291992,10018.0185546875,39.277278900146484,311.51983642578125,5013.67626953125,55.47988510131836,34903.66796875
2021-05-07,1871.2509765625,51.28588104248047,10237.4599609375,41.0511474609375,321.94366455078125,5093.06298828125,58.56549072265625,35952.8046875
2021-05-10,1880.7366943359375,52.22269821166992,10495.0654296875,39.90279769897461,330.42242431640625,5086.3623046875,61.85628128051758,36314.16015625
2021-05-11,1867.2567138671875,52.13870620727539,10128.1044921875,41.826053619384766,327.0808410644531,5086.3623046875,62.594417572021484,35276.3359375
2021-05-12,1857.770751953125,51.07267761230469,9871.234375,39.91213607788086,332.26788330078125,4932.08154296875,60.51074981689453,34578.16796875
2021-05-13,1815.3330078125,50.18107986450195,9500.603515625,39.18391418457031,323.5895690917969,4948.47998046875,59.31898880004883,34153.609375
2021-05-14,1775.8909912109375,50.05186462402344,9607.0234375,39.482666015625,323.7890930175781,4814.6171875,58.66543960571289,34615.91015625
2021-05-17,1699.5032958984375,50.8465461730957,9236.392578125,41.24720764160156,324.3376770019531,4625.255859375,60.24166488647461,31559.06640625
2021-05-18,1611.63232421875,50.07124710083008,9466.8447265625,40.73371124267578,323.7890930175781,4455.287109375,58.865352630615234,31134.505859375
2021-05-19,1556.2138671875,47.874576568603516,9093.27734375,38.01688766479492,313.01605224609375,4268.0537109375,54.59038162231445,28662.615234375
2021-05-20,1520.2666015625,47.874576568603516,9019.8857421875,38.483699798583984,310.9213562011719,4274.8330078125,54.52887725830078,28775.83203125
2021-05-21,1536.7423095703125,47.39646911621094,,38.15692901611328,309.5747375488281,,53.390933990478516,
2021-05-24,1522.7628173828125,47.196189880371094,8586.873046875,38.81047439575195,310.9213562011719,4274.8330078125,52.32219696044922,29148.50390625
2021-05-25,1491.8082275390625,46.459651947021484,8183.2158203125,37.979549407958984,304.5372619628906,4171.48095703125,51.50718307495117,28739.037109375
2021-05-26,1502.792236328125,46.815006256103516,8109.8251953125,38.577064514160156,306.7318420410156,4171.48095703125,51.70709228515625,28775.83203125
2021-05-27,1576.68359375,47.96502685546875,8733.65625,39.762760162353516,320.9461975097656,4131.19580078125,53.198726654052734,29200.390625
2021-05-28,1542.234130859375,47.881038665771484,9540.9697265625,39.88412857055664,320.64697265625,4143.4150390625,53.621604919433594,29719.302734375
2021-05-31,,,9665.736328125,,,4069.7041015625,,30615.599609375
2021-06-01,1604.143310546875,49.295955657958984,9755.2744140625,41.27522277832031,330.1730651855469,4079.716552734375,55.105533599853516,30480.681640625
2021-06-02,1600.1492919921875,49.26363754272461,9467.578125,40.46296691894531,332.71673583984375,4079.716552734375,55.251617431640625,31323.197265625
2021-06-03,1543.23291015625,48.42374038696289,9143.1845703125,39.090553283691406,324.2379455566406,4296.03955078125,53.36017990112305,30762.779296875
2021-06-04,1563.2034912109375,49.179656982421875,9163.0009765625,38.95985412597656,328.9262390136719,4462.53955078125,54.705726623535156,31181.681640625
2021-06-07,1520.2666015625,48.346214294433594,8771.0869140625,38.52104568481445,322.891357421875,4332.14599609375,52.46827697753906,30672.42578125
2021-06-08,1553.717529296875,49.10858917236328,8869.431640625,38.63307571411133,322.941162109375,4332.14599609375,52.94499588012695,31842.341796875
2021-06-09,1526.2579345703125,48.08132553100586,9005.2080078125,37.998226165771484,317.85394287109375,4332.14599609375,51.19963455200195,32546.171875
2021-06-10,1494.8038330078125,48.61756896972656,9317.123046875,37.47539520263672,319.10089111328125,4332.14599609375,51.49949645996094,32078.20703125
2021-06-11,1526.757080078125,49.01813507080078,9423.5419921875,38.138267517089844,328.27783203125,4249.36962890625,51.4764289855957,32632.0234375
2021-06-14,1529.75244140625,48.77262496948242,9717.84375,36.85919952392578,326.8315124511719,4249.36962890625,50.59221649169922,31958.390625
2021-06-15,1466.3455810546875,48.404354095458984,9394.9208984375,35.104007720947266,320.19805908203125,4131.51123046875,48.5469970703125,32134.810546875
2021-06-16,1451.8670654296875,47.69367980957031,9100.6171875,34.599853515625,316.2579650878906,4092.960693359375,48.19331741333008,31704.58984375
2021-06-17,1419.4146728515625,45.54868698120117,8880.4404296875,32.816646575927734,304.8365478515625,4092.960693359375,45.679080963134766,30662.994140625
2021-06-18,1392.4542236328125,44.28236389160156,8866.49609375,32.639251708984375,296.806640625,4092.960693359375,45.73291015625,30202.576171875
2021-06-21,1409.9285888671875,45.50345993041992,,33.404823303222656,300.4974365234375,,47.409061431884766,
2021-06-22,1431.3970947265625,46.05261993408203,9434.5517578125,34.06770324707031,306.8315734863281,4092.960693359375,47.90113830566406,31676.28515625
2021-06-23,1445.3768310546875,46.27229690551758,9435.28515625,34.71189498901367,309.3253173828125,4092.960693359375,48.44704818725586,32009.3359375
2021-06-24,1435.890625,47.02820587158203,9466.109375,35.02931594848633,313.36517333984375,4099.42529296875,48.94682312011719,32436.72265625
2021-06-25,1445.3768310546875,47.31248092651367,9248.1357421875,34.767906188964844,314.4125671386719,3956.655029296875,49.53116226196289,32649.953125
2021-06-28,1433.3941650390625,47.04113006591797,,34.30109405517578,308.7767028808594,,49.554237365722656,
2021-06-29,1446.3751220703125,47.04758834838867,9320.79296875,34.79591369628906,312.9163513183594,3941.755126953125,49.99250030517578,32663.1640625
2021-06-30,1433.3941650390625,47.05405807495117,9247.400390625,34.64653778076172,308.67694091796875,3941.755126953125,49.45428466796875,32644.291015625
2021-07-01,1446.87451171875,46.78269577026367,9358.22265625,34.62785720825195,309.72430419921875,3941.755126953125,48.57775115966797,33134.8984375
2021-07-02,1444.3780517578125,47.13804244995117,9430.8818359375,34.67454147338867,314.3627014160156,3941.755126953125,49.35432052612305,33257.55859375
2021-07-05,1469.34130859375,,9673.0751953125,,319.35015869140625,3903.5205078125,,32927.328125
2021-07-06,1402.439697265625,46.69871139526367,9238.59375,33.6102180480957,309.2255554199219,3903.5205078125,48.008785247802734,32123.4921875
2021-07-07,1437.887451171875,47.829345703125,9537.2998046875,33.806270599365234,317.3551940917969,3903.5205078125,49.2005500793457,32163.1171875
2021-07-08,1414.92138671875,47.4869270324707,9353.8193359375,32.38718032836914,306.88140869140625,3903.5205078125,48.354774475097656,32455.595703125
2021-07-09,1440.3837890625,49.4122428894043,9529.2275390625,34.0770149230957,318.60211181640625,3903.5205078125,50.11551284790039,33917.9921875
2021-07-12,1417.916748046875,49.4316291809082,9306.115234375,34.10503387451172,316.2579650878906,3903.5205078125,50.030941009521484,35569.0703125
2021-07-13,1395.4498291015625,49.21842575073242,9232.72265625,33.35813903808594,312.9661560058594,3827.050048828125,49.508094787597656,35555.86328125
2021-07-14,1400.4423828125,49.140892028808594,9280.427734375,32.296260833740234,318.45245361328125,3827.050048828125,49.05446243286133,34619.9375
2021-07-15,1386.463134765625,49.32826232910156,9276.7578125,32.17462921142578,319.2504577636719,3827.050048828125,49.17748260498047,35238.859375
2021-07-16,1363.4969482421875,48.05547332763672,,31.061288833618164,308.22808837890625,,47.63203048706055,
2021-07-19,1339.5321044921875,46.73747253417969,9452.8984375,30.31283187866211,295.46002197265625,3751.604736328125,46.8016471862793,33917.9921875
2021-07-20,1361.9991455078125,47.700130462646484,9687.75390625,30.827394485473633,301.3951721191406,3750.580322265625,47.701236724853516,34316.13671875
2021-07-21,1419.9139404296875,48.93415069580078,9415.4697265625,32.41788864135742,313.3153076171875,3784.006103515625,48.86223602294922,34672.76171875
2021-07-22,1414.92138671875,48.86307144165039,9550.5107421875,32.5582160949707,310.8714599609375,3785.267822265625,48.49318313598633,35663.41796875
2021-07-23,1434.8919677734375,49.379940032958984,9435.28515625,32.92310333251953,314.9611511230469,3784.084716796875,48.5008659362793,34010.4453125
2021-07-26,1493.30615234375,51.05974578857422,9562.98828125,34.28904342651367,325.3851318359375,3784.873779296875,49.74644470214844,34118.0
2021-07-27,1476.3311767578125,50.413673400878906,9496.2001953125,34.00837326049805,322.79156494140625,3847.3896484375,49.96942901611328,33870.80859375
2021-07-28,1485.8170166015625,51.11143493652344,9687.75390625,34.31711196899414,326.1332092285156,3941.282470703125,50.11551284790039,34269.91015625
2021-07-29,1530.251708984375,51.84150695800781,9628.3056640625,35.99181365966797,328.62701416015625,4020.590576171875,52.06077194213867,34898.26171875
2021-07-30,1492.3077392578125,50.7560920715332,9651.0576171875,35.645633697509766,322.74169921875,4099.42529296875,50.46920394897461,34201.03125
2021-08-02,1518.2694091796875,50.659183502197266,9550.5107421875,34.26097869873047,325.98358154296875,4115.1923828125,49.68494415283203,34413.3046875
2021-08-03,1526.757080078125,51.51200866699219,9394.1865234375,34.27969741821289,329.27532958984375,4115.1923828125,50.3231086730957,35287.9140625
2021-08-04,1526.757080078125,51.053287506103516,9452.8984375,33.35346984863281,328.477294921875,4115.1923828125,49.715694427490234,35378.48046875
2021-08-05,1504.789306640625,49.761138916015625,9144.65234375,33.54057312011719,323.1905517578125,4021.615234375,50.00787353515625,36333.28125
2021-08-06,1520.7657470703125,49.56731033325195,9088.875,34.48551940917969,324.58709716796875,4021.615234375,50.292362213134766,37256.95703125
2021-08-09,1508.783447265625,49.45100784301758,9079.333984375,34.11127853393555,324.7366638183594,4021.615234375,50.15395736694336,37644.72265625
2021-08-10,1535.244384765625,50.09062957763672,9533.630859375,35.757911682128906,329.6244812011719,4021.615234375,51.15349578857422,39437.32421875
2021-08-11,1552.7186279296875,50.310298919677734,9485.92578125,36.23505401611328,340.49725341796875,4051.887939453125,51.86277389526367,38584.42578125
2021-08-12,1527.2562255859375,49.61252975463867,9372.16796875,35.91695022583008,338.50225830078125,4051.887939453125,51.449684143066406,38778.78125
2021-08-13,1541.23583984375,50.27798843383789,9512.345703125,35.645633697509766,336.00848388671875,4051.887939453125,52.384986877441406,39626.9609375
2021-08-16,1526.2579345703125,48.985836029052734,9670.873046875,34.466800689697266,328.8763732910156,4051.887939453125,50.53776168823242,38092.8671875
2021-08-17,1510.7806396484375,45.11581039428711,9415.4697265625,32.47402572631836,323.7391357421875,4018.777099609375,49.20494079589844,36654.0703125
2021-08-18,1468.3427734375,42.29889678955078,9133.6435546875,31.697484970092773,317.4549255371094,4018.777099609375,48.7294921875,36314.41796875
2021-08-19,1402.93896484375,40.59970474243164,8440.087890625,30.3315372467041,306.33282470703125,3949.638671875,47.44345474243164,35569.0703125
2021-08-20,1396.94775390625,41.09072494506836,8660.9990234375,30.687063217163086,308.8265380859375,3949.638671875,47.38109588623047,36747.46875
2021-08-23,1425.9052734375,41.62696838378906,8685.328125,31.996871948242188,316.7068786621094,3949.638671875,48.869789123535156,37553.1953125
2021-08-24,1468.842041015625,42.14384460449219,8910.1875,32.941810607910156,324.8863220214844,3949.638671875,49.15038299560547,37314.5
2021-08-25,1465.347412109375,42.531490325927734,8909.416015625,32.84825134277344,328.12823486328125,3949.638671875,48.65934753417969,38574.046875
2021-08-26,1425.4058837890625,41.88540267944336,8886.2333984375,32.31497573852539,324.287841796875,4060.0078125,47.700660705566406,37838.1328125
2021-08-27,1459.8553466796875,43.01604461669922,8847.5986328125,34.21420669555664,331.7192077636719,4060.0078125,49.10362243652344,37965.5078125
2021-08-30,,43.720279693603516,8731.69140625,34.27969741821289,,4060.0078125,49.134796142578125,38446.671875
2021-08-31,1453.864013671875,42.731773376464844,8499.8759765625,34.04579162597656,326.58209228515625,4060.0078125,48.7840576171875,38192.875
2021-09-01,1431.8963623046875,42.176143646240234,8140.56298828125,33.578006744384766,328.477294921875,4060.0078125,48.1137580871582,38070.23046875
2021-09-02,1429.5699462890625,42.58909606933594,7941.97509765625,33.93353271484375,328.427490234375,4060.0078125,48.63596725463867,39454.3046875
2021-09-03,1422.579345703125,43.3668212890625,8013.0654296875,33.8119010925293,332.31890869140625,3941.755126953125,48.823028564453125,39427.88671875
2021-09-06,1432.56591796875,,7612.025390625,,337.4576110839844,3941.755126953125,,39013.0546875
2021-09-07,1409.596923828125,42.637271881103516,7418.07373046875,34.01772689819336,336.85888671875,3941.755126953125,48.61258316040039,39055.5078125
2021-09-08,1396.1153564453125,41.98343276977539,7030.556640625,32.155921936035156,333.46636962890625,3941.755126953125,46.77315139770508,38988.5234375
2021-09-09,1397.61328125,41.591129302978516,7379.4375,32.56758499145508,331.42083740234375,3915.345458984375,46.91344451904297,40239.578125
2021-09-10,1446.5469970703125,41.8870735168457,7425.80078125,33.19441604614258,335.2624206542969,3965.406005859375,48.22287368774414,41797.26953125
2021-09-13,1456.5335693359375,42.045372009277344,7378.6650390625,33.01665496826172,339.1538391113281,3975.733154296875,47.91889572143555,40535.83203125
2021-09-14,1425.5753173828125,41.171295166015625,7316.84765625,32.548866271972656,335.1626281738281,3975.733154296875,47.365509033203125,40898.13671875
2021-09-15,1464.0234375,41.51541519165039,7170.80419921875,34.37324905395508,339.6527099609375,3975.733154296875,48.58920669555664,42073.7109375
2021-09-16,1431.5673828125,39.99437713623047,6877.1728515625,32.09043502807617,332.2690124511719,3975.733154296875,46.09504318237305,41730.27734375
2021-09-17,1405.6024169921875,38.2255744934082,,30.920949935913086,326.48175048828125,,45.60401153564453,
2021-09-20,1352.6737060546875,37.19319152832031,6181.7275390625,29.16206169128418,314.10894775390625,3899.0263671875,44.33355712890625,39201.7578125
2021-09-21,1327.2081298828125,37.537322998046875,6374.98388671875,28.516511917114258,311.3150939941406,3892.562255859375,43.9984016418457,40428.28515625
2021-09-22,1418.5849609375,37.853912353515625,6838.53662109375,29.52693748474121,323.48834228515625,3892.562255859375,44.232234954833984,41041.54296875
2021-09-23,1437.5592041015625,37.888328552246094,6674.10302734375,30.04150390625,328.57708740234375,3920.075439453125,44.53620147705078,41683.11328125
2021-09-24,1435.561767578125,37.53044128417969,6452.1787109375,30.163137435913086,329.7745056152344,3920.075439453125,45.167537689208984,41683.11328125
2021-09-27,1413.09228515625,37.902095794677734,6614.44873046875,31.725553512573242,335.81121826171875,3832.0166015625,46.1807861328125,40288.6484375
2021-09-28,1368.1527099609375,36.17457962036133,6498.5419921875,31.407455444335938,343.4942932128906,3784.164306640625,45.362388610839844,40361.29296875
2021-09-29,1374.1446533203125,36.21586608886719,6568.0859375,30.977088928222656,347.0365295410156,3784.164306640625,44.55958938598633,40950.03125
2021-09-30,1360.1636962890625,36.83530044555664,6660.81201171875,30.434452056884766,351.07763671875,3784.164306640625,43.75678253173828,41286.85546875
2021-10-01,1351.6751708984375,36.8559455871582,6289.908203125,30.724477767944336,349.93017578125,3784.164306640625,44.26341247558594,40850.95703125
2021-10-04,1347.680419921875,36.72517776489258,5955.013671875,30.60285186767578,354.220703125,3784.164306640625,44.052955627441406,40159.39453125
2021-10-05,1354.171630859375,36.677005767822266,5727.37060546875,30.125713348388672,366.7930603027344,3673.952392578125,43.83472442626953,41445.35546875
2021-10-06,1280.271240234375,36.99359893798828,5555.82861328125,29.66727638244629,359.4092712402344,3673.952392578125,43.80355453491211,39627.2578125
2021-10-07,1348.1798095703125,37.47537612915039,5728.1435546875,32.1091423034668,357.6132507324219,3673.873779296875,45.448123931884766,39634.8046875
2021-10-08,1361.66162109375,37.895206451416016,6103.68359375,31.93138313293457,354.52001953125,3673.952392578125,45.674163818359375,40004.65625
2021-10-11,1418.5849609375,38.43204879760742,,32.96052169799805,366.1943664550781,,45.9703369140625,
2021-10-12,1440.055908203125,38.45957946777344,5872.6416015625,32.380470275878906,370.185546875,3673.637451171875,45.90019226074219,41796.328125
2021-10-13,1430.0693359375,38.232452392578125,5679.462890625,33.51251220703125,371.4328308105469,3667.2509765625,46.375640869140625,41041.54296875
2021-10-14,1474.010009765625,39.67778778076172,5563.55517578125,34.81100845336914,383.955322265625,3667.2509765625,49.095821380615234,42305.80859375
2021-10-15,1505.467529296875,39.56078338623047,5946.0498046875,36.22670364379883,389.6927185058594,3673.322021484375,51.60556411743164,41843.5078125
2021-10-18,1468.0179443359375,39.92555236816406,5985.4580078125,36.1329460144043,391.5885009765625,3597.404052734375,50.75598907470703,41989.7421875
2021-10-19,1474.010009765625,39.973731994628906,6181.7275390625,36.423583984375,379.86431884765625,3657.948974609375,51.52762222290039,41890.68359375
2021-10-20,1460.0289306640625,39.92555236816406,6140.85107421875,36.498592376708984,377.1203308105469,3657.948974609375,51.20805740356445,41778.40234375
2021-10-21,1428.5711669921875,38.49399185180664,6141.54736328125,36.02043914794922,367.7409362792969,3657.948974609375,50.15584182739258,40971.73046875
2021-10-22,1435.561767578125,39.0377082824707,6413.54296875,35.31727981567383,366.1943664550781,3657.948974609375,49.992156982421875,40170.703125
2021-10-25,1479.0032958984375,39.53325271606445,6923.53564453125,36.88298797607422,371.0835876464844,3657.948974609375,51.1223258972168,40550.93359375
2021-10-26,1435.561767578125,39.161590576171875,6591.267578125,36.423583984375,369.0880126953125,3673.716064453125,50.17922592163086,42456.7734375
2021-10-27,1411.5941162109375,38.383872985839844,6289.908203125,34.68913269042969,359.3095397949219,3673.716064453125,47.7863883972168,41324.5859375
2021-10-28,1440.5550537109375,38.61787414550781,6391.13427734375,35.72042465209961,358.61102294921875,3673.716064453125,48.160518646240234,40900.96484375
2021-10-29,1423.5780029296875,37.74379348754883,6221.9091796875,35.36416244506836,364.4482116699219,3673.716064453125,46.75756072998047,41683.11328125
2021-11-01,1436.560546875,37.509788513183594,,35.93606948852539,365.0968017578125,,47.16285705566406,
2021-11-02,1358.1663818359375,36.546234130859375,6027.18505859375,36.14232635498047,353.47235107421875,3601.1083984375,46.905643463134766,45872.1796875
2021-11-03,1374.1446533203125,36.97295379638672,6182.50048828125,35.842315673828125,354.7196044921875,3642.181884765625,46.0716667175293,46849.62890625
2021-11-04,1374.6441650390625,36.601295471191406,6093.09716796875,34.68913269042969,353.222900390625,3665.831787109375,45.93136978149414,50466.01171875
2021-11-05,1365.65625,36.766475677490234,6027.18505859375,34.72664260864258,352.62420654296875,3673.716064453125,46.29770278930664,49155.50390625
2021-11-08,1397.61328125,37.654319763183594,5640.8271484375,36.96735763549805,359.6587829589844,3673.716064453125,48.16831588745117,50015.015625
2021-11-09,1393.6185302734375,36.752708435058594,5725.8251953125,36.75172805786133,354.6697082519531,3673.716064453125,47.39191436767578,49344.19921875
2021-11-10,1419.083984375,36.00939178466797,5687.189453125,35.17665100097656,354.5699768066406,3632.24853515625,46.11640167236328,48663.94921875
2021-11-11,1480.501220703125,37.895206451416016,5934.458984375,38.345550537109375,369.1877746582031,3662.994140625,48.90510177612305,49631.95703125
2021-11-12,1485.9937744140625,37.52355194091797,5733.552734375,38.65494155883789,367.0924377441406,3566.73681640625,49.48343276977539,49971.62109375
2021-11-15,1458.0316162109375,36.98672103881836,5640.8271484375,38.30805587768555,361.35504150390625,3602.76416015625,48.16038513183594,49249.8515625
2021-11-16,1436.560546875,36.2984619140625,5301.6044921875,37.126739501953125,362.9016418457031,3626.41455078125,47.9860954284668,49061.15625
2021-11-17,1428.5711669921875,36.00939178466797,5129.2890625,36.44234085083008,371.13348388671875,3626.41455078125,47.08293914794922,50193.33203125
2021-11-18,1398.6116943359375,35.99563217163086,5177.9697265625,36.367332458496094,367.9903869628906,3626.41455078125,47.55036163330078,49013.97265625
2021-11-19,1406.6009521484375,36.03692626953125,5219.6962890625,35.88917922973633,368.6390075683594,3628.54345703125,47.28099822998047,49721.59765625
2021-11-22,1477.005859375,37.17942428588867,5988.548828125,35.382911682128906,371.68231201171875,3673.2431640625,45.94210433959961,51756.6875
2021-11-23,1469.51611328125,38.218692779541016,5857.1875,36.26420593261719,374.8254089355469,3672.76953125,46.92448806762695,50570.734375
2021-11-24,1462.5255126953125,38.18427658081055,5922.8681640625,36.23607635498047,374.6756896972656,3673.716064453125,46.97995376586914,50287.68359375
2021-11-25,1471.01416015625,,5803.09716796875,,371.68231201171875,3673.716064453125,,50004.64453125
2021-11-26,1382.63330078125,37.46160888671875,5641.599609375,34.91414260864258,351.227294921875,3510.119873046875,45.72028350830078,49878.2109375
2021-11-29,1396.1153564453125,38.5146369934082,5679.462890625,35.6079216003418,356.3660583496094,3510.119873046875,47.18593215942383,50872.6484375
2021-11-30,1378.13916015625,38.67293930053711,5770.6435546875,34.764129638671875,356.3161315917969,3510.119873046875,46.34615707397461,49155.50390625
2021-12-01,1412.5928955078125,38.03974151611328,5872.6416015625,33.967227935791016,368.9882507324219,3510.119873046875,45.474700927734375,48504.50390625
2021-12-02,1386.128662109375,39.68466567993164,5756.73388671875,34.78288269042969,353.8714599609375,3510.119873046875,46.496681213378906,47740.2734375
2021-12-03,1348.67919921875,37.51667404174805,5718.09814453125,34.276607513427734,351.1275634765625,3510.119873046875,46.09263610839844,46230.70703125
2021-12-06,1357.6671142578125,38.42516326904297,5664.00830078125,35.03601837158203,356.4158935546875,3510.119873046875,46.56005859375,45572.16015625
2021-12-07,1416.5875244140625,39.808555603027344,5979.353515625,36.34859085083008,367.5414123535156,3510.119873046875,47.39191436767578,46513.75
2021-12-08,1412.5928955078125,39.67090606689453,,36.30170822143555,369.48712158203125,,47.78011703491211,
2021-12-09,1401.1082763671875,39.2717170715332,5987.7763671875,36.06732940673828,368.0902099609375,3444.60205078125,48.42183303833008,46702.4453125
2021-12-10,1369.1517333984375,39.36806869506836,6027.95751953125,35.973575592041016,367.0924377441406,3444.60205078125,47.89895248413086,46042.95703125
2021-12-13,1384.630615234375,39.664024353027344,6042.63916015625,35.279788970947266,362.0534973144531,3448.78076171875,47.17007827758789,44862.65234375
2021-12-14,1380.635986328125,39.973731994628906,5594.4638671875,35.58917236328125,366.1943664550781,3448.78076171875,46.99580383300781,43154.94921875
2021-12-15,1306.236328125,40.097625732421875,5694.7626953125,34.92352294921875,357.6132507324219,3448.78076171875,45.23701095581055,43730.4765625
2021-12-16,1351.17578125,40.22838592529297,5949.9130859375,35.88917922973633,366.4937438964844,3448.78076171875,46.2352409362793,45758.9609375
2021-12-17,1367.653564453125,40.10449981689453,5640.8271484375,35.62668228149414,367.5414123535156,3448.78076171875,46.25109100341797,45277.7890625
2021-12-20,1292.25537109375,40.07008743286133,5548.1005859375,35.08290481567383,360.057861328125,3448.78076171875,45.490535736083984,38881.9140625
2021-12-21,1296.25,41.095584869384766,6046.5029296875,36.732975006103516,366.294189453125,3448.78076171875,46.93241500854492,40192.40625
2021-12-22,1320.2176513671875,40.778987884521484,6220.3642578125,37.63301467895508,372.5304260253906,3448.78076171875,47.02748489379883,40103.71875
2021-12-23,1339.19189453125,41.240116119384766,6409.67919921875,38.561195373535156,375.17462158203125,3448.78076171875,47.692970275878906,41324.5859375
2021-12-24,1318.22021484375,,6606.72216796875,,372.1811828613281,3547.884765625,,41325.90625
2021-12-27,,41.494773864746094,6374.90673828125,39.36748504638672,,3572.95654296875,48.572349548339844,41483.48046875
2021-12-28,,41.03364181518555,6297.6357421875,39.36748504638672,,3572.95654296875,48.374298095703125,40902.2734375
2021-12-29,1334.6981201171875,41.43971252441406,6390.28466796875,39.358097076416016,379.31549072265625,3572.95654296875,48.23169708251953,39775.71484375
2021-12-30,1336.6953125,41.474124908447266,6413.54296875,39.02058410644531,376.8210144042969,3572.95654296875,48.508975982666016,41032.48046875
2021-12-31,1336.6953125,41.53607177734375,,39.123714447021484,374.126953125,,48.88925552368164,
2022-01-03,,41.52918243408203,6696.2021484375,38.88933181762695,,3572.95654296875,48.651580810546875,40849.43359375
2022-01-04,1367.154052734375,42.203670501708984,6564.22265625,39.51748275756836,386.7990417480469,3572.95654296875,49.57849884033203,39344.52734375
2022-01-05,1370.1500244140625,42.70610427856445,6715.056640625,39.07683563232422,392.13726806640625,3672.534423828125,49.61811828613281,38730.30078125
2022-01-06,1326.2093505859375,42.7542724609375,6475.3603515625,37.9986572265625,387.49749755859375,3672.534423828125,49.554744720458984,39438.87890625
2022-01-07,1351.17578125,44.29595947265625,6487.02783203125,39.26435089111328,394.482177734375,3672.534423828125,50.980770111083984,39099.21484375
2022-01-10,1343.685791015625,43.46317672729492,6381.0888671875,39.02058410644531,388.0962219238281,3672.534423828125,50.59257507324219,38071.73046875
2022-01-11,1340.1905517578125,44.38543701171875,6568.0859375,40.305023193359375,386.9486999511719,3672.534423828125,52.295894622802734,40729.60546875
2022-01-12,1440.5550537109375,46.2161865234375,6888.76318359375,42.330108642578125,400.3691711425781,3672.534423828125,54.83106994628906,43575.24609375
2022-01-13,1433.065185546875,46.18177795410156,6888.76318359375,41.699867248535156,405.20849609375,3674.0322265625,53.84868621826172,43682.8046875
2022-01-14,1377.1407470703125,46.09230422973633,6722.62890625,41.46470260620117,402.4147033691406,3674.0322265625,53.71401596069336,43117.640625
2022-01-17,1434.5633544921875,,6667.302734375,,410.3970947265625,3674.0322265625,,43495.9921875
2022-01-18,1437.059814453125,45.734413146972656,6746.66064453125,41.6622428894043,412.8916015625,3674.0322265625,54.30820083618164,44627.265625
2022-01-19,1480.501220703125,47.13156509399414,6819.21826171875,41.46470260620117,418.17999267578125,3674.0322265625,54.18935775756836,44342.3203125
2022-01-20,1462.026123046875,46.82184982299805,6915.80810546875,40.627498626708984,411.5944519042969,3674.0322265625,53.88037872314453,43401.63671875
2022-01-21,1448.044921875,44.715797424316406,7044.0791015625,38.55802917480469,409.14984130859375,3674.0322265625,52.493953704833984,41513.66796875
2022-01-24,1354.671142578125,44.4680290222168,6733.447265625,37.58913803100586,387.3976745605469,3674.0322265625,51.353126525878906,39513.41796875
2022-01-25,1377.1407470703125,43.965606689453125,6832.97265625,37.27872085571289,388.0962219238281,3636.9765625,51.21052169799805,40259.73828125
2022-01-26,1409.596923828125,44.37166976928711,6877.1728515625,36.14991760253906,398.22393798828125,3674.0322265625,51.18675994873047,40852.26171875
2022-01-27,1389.6240234375,45.28704833984375,7031.7158203125,34.898826599121094,402.3149108886719,3674.0322265625,50.67972183227539,39152.05859375
2022-01-28,1335.69677734375,44.16519546508789,7108.9873046875,33.90171432495117,392.3867492675781,3674.0322265625,49.57058334350586,38684.07421875
2022-01-31,1330.7034912109375,43.77288818359375,6946.716796875,35.01171112060547,382.15924072265625,3674.0322265625,50.61634063720703,40288.046875
2022-02-01,1359.6640625,44.75020980834961,7332.30224609375,36.704917907714844,395.03094482421875,3674.0322265625,51.62248992919922,42646.82421875
2022-02-02,1282.2686767578125,45.09433364868164,7340.029296875,37.05296325683594,398.4234619140625,3674.0322265625,50.72726058959961,41750.48828125
2022-02-03,1256.8031005859375,45.24576187133789,7263.5302734375,35.93356704711914,399.4212646484375,3674.0322265625,50.053836822509766,40429.57421875
2022-02-04,1225.3455810546875,45.534820556640625,7186.2587890625,36.1405143737793,401.366943359375,3643.8359375,50.077613830566406,40962.66015625
2022-02-07,1231.8369140625,47.11091995239258,7448.98193359375,36.592037200927734,406.90478515625,3643.8359375,50.44205093383789,43100.66015625
2022-02-08,1240.3251953125,47.599578857421875,7556.158203125,38.21938705444336,412.9415588378906,3643.8359375,51.9869270324707,43779.05078125
2022-02-09,1288.2608642578125,47.420631408691406,7611.2529296875,40.975547790527344,419.07806396484375,3685.70068359375,53.729854583740234,44533.8515625
2022-02-10,1342.6871337890625,48.136417388916016,7958.201171875,41.30479049682617,420.12567138671875,3705.568603515625,53.23866653442383,47411.57421875
2022-02-11,1364.657470703125,47.427520751953125,7881.703125,40.260643005371094,416.83294677734375,3705.568603515625,53.21489334106445,49175.94140625
2022-02-14,1387.62646484375,46.98015213012695,7711.705078125,39.93141174316406,421.17340087890625,3705.568603515625,53.32748794555664,48967.421875
2022-02-15,1383.6317138671875,46.47084045410156,7387.1650390625,41.07902526855469,426.0625915527344,3705.568603515625,54.14777374267578,49231.61328125
2022-02-16,1401.1082763671875,47.303627014160156,7248.07666015625,41.62461471557617,424.3663635253906,3705.568603515625,55.193260192871094,49250.484375
2022-02-17,1371.14892578125,46.74613952636719,7062.625,40.64631652832031,419.7765197753906,3705.568603515625,54.09953308105469,47653.1171875
2022-02-18,1402.106689453125,47.72346496582031,7204.41796875,40.467594146728516,421.0736389160156,3705.568603515625,54.35687255859375,46562.40625
2022-02-21,1394.11767578125,,7262.7578125,,416.9327697753906,3705.568603515625,,47078.515625
2022-02-22,1403.60498046875,47.310508728027344,7255.80322265625,39.846744537353516,421.2732238769531,3705.568603515625,53.801971435546875,45099.9609375
2022-02-23,1437.5592041015625,47.32427215576172,7108.9873046875,39.94082260131836,426.4118957519531,3597.713134765625,53.279232025146484,44911.26171875
2022-02-24,1368.652099609375,45.6978645324707,6951.1982421875,41.126060485839844,421.3230895996094,3597.713134765625,53.11839294433594,46232.18359375
2022-02-25,1445.548583984375,48.25981903076172,7031.63916015625,43.59061050415039,438.18597412109375,3597.713134765625,55.321937561035156,47137.9453125
2022-02-28,1518.94921875,48.7851676940918,7140.8232421875,44.16441345214844,441.17938232421875,3597.713134765625,55.80446243286133,50006.2421875
2022-03-01,1569.381103515625,49.29612350463867,7232.6220703125,45.067466735839844,443.9732971191406,3597.713134765625,57.76675033569336,48119.2109375
2022-03-02,1574.3743896484375,51.79330825805664,7727.15966796875,45.30262756347656,451.6064453125,3597.713134765625,58.63529968261719,49628.82421875
2022-03-03,1538.92236328125,52.53455352783203,8113.51806640625,46.177452087402344,475.4540100097656,3597.94970703125,60.50109100341797,54723.80078125
2022-03-04,1529.9344482421875,52.620906829833984,8345.3330078125,47.136932373046875,459.6388244628906,3638.39501953125,61.60285568237305,58024.22265625
2022-03-07,1543.416259765625,52.102760314941406,8628.146484375,44.35255813598633,473.8076477050781,3667.0146484375,59.7370719909668,55619.203125
2022-03-08,1515.9532470703125,50.06614303588867,8731.69140625,43.901031494140625,475.1546936035156,3625.386474609375,60.179386138916016,55525.796875
2022-03-09,1495.98046875,50.26045608520508,8422.603515625,44.202049255371094,469.06805419921875,3552.063720703125,60.21156692504883,56893.89453125
2022-03-10,1565.8858642578125,51.24637985229492,8553.193359375,44.87932205200195,496.90679931640625,3530.3818359375,60.5573844909668,57318.46484375
2022-03-11,1573.875,49.33210372924805,8623.5107421875,44.145606994628906,510.1775817871094,3581.156494140625,59.568199157714844,57554.3515625
2022-03-14,1553.9019775390625,47.129974365234375,8731.69140625,41.87860107421875,480.4928894042969,3581.156494140625,55.917049407958984,54355.84375
2022-03-15,1528.935546875,46.619014739990234,8652.8740234375,41.65283203125,459.28955078125,3581.156494140625,55.02437210083008,54347.34765625
2022-03-16,1630.2989501953125,48.10150146484375,8959.6416015625,43.66586685180664,472.11138916015625,3581.156494140625,56.67301559448242,54545.48828125
2022-03-17,1663.75390625,48.86433029174805,9156.68359375,45.70710754394531,474.0570983886719,3547.884765625,58.77201461791992,55808.8515625
2022-03-18,1624.80615234375,49.51201248168945,9030.732421875,45.22737503051758,478.1979675292969,3554.744384765625,59.761207580566406,57931.75390625
2022-03-21,1756.12890625,51.555824279785156,9963.400390625,46.572532653808594,496.457763671875,3513.194580078125,61.9808349609375,60828.3359375
2022-03-22,1750.136962890625,51.11684036254883,9774.0859375,46.901771545410156,501.0976257324219,3557.031005859375,61.562644958496094,59865.95703125
2022-03-23,1758.625732421875,52.505767822265625,9427.134765625,46.85472869873047,510.0778503417969,3613.718017578125,62.3829460144043,59960.30859375
2022-03-24,1779.09814453125,53.44850540161133,9436.408203125,48.39742660522461,499.20172119140625,3613.718017578125,62.01300048828125,62177.5625
2022-03-25,1732.66064453125,54.21854019165039,9716.9033203125,48.84895706176758,504.8892517089844,3613.718017578125,62.455326080322266,61827.5234375
2022-03-28,1704.698486328125,54.39844512939453,9679.8134765625,47.28744888305664,498.5032958984375,3613.718017578125,61.32943344116211,60809.46875
2022-03-29,1688.719970703125,54.42722702026367,9349.8623046875,47.11811447143555,479.5948791503906,3613.718017578125,61.46614456176758,60969.87109375
2022-03-30,1704.1990966796875,56.21916580200195,9199.95703125,47.767181396484375,499.60089111328125,3547.884765625,61.79587173461914,63499.4296875
2022-03-31,1670.7442626953125,55.593074798583984,9427.134765625,46.78889083862305,498.9024353027344,3618.763916015625,61.0399055480957,64168.37890625
2022-04-01,1688.2208251953125,57.06835174560547,9689.859375,47.936492919921875,506.4857482910156,3618.763916015625,62.86547088623047,64923.1875
2022-04-04,1696.7093505859375,56.69414138793945,9736.220703125,47.88006591796875,503.8914489746094,3654.321533203125,62.72875213623047,65554.40625
2022-04-05,1708.6929931640625,55.542701721191406,9697.5859375,46.177452087402344,515.66552734375,3626.726806640625,59.68881607055664,63545.6640625
2022-04-06,1673.740234375,55.64344024658203,9764.8115234375,45.20856857299805,517.4615478515625,3626.726806640625,58.61921691894531,64064.60546875
2022-04-07,1676.2369384765625,55.665035247802734,9774.857421875,45.60364532470703,513.570068359375,3626.726806640625,59.05349349975586,65291.1640625
2022-04-08,1705.197998046875,55.89532470703125,9929.400390625,46.0645637512207,526.8409423828125,3659.446533203125,59.37517547607422,65904.4296875
2022-04-11,1660.7578125,54.62154006958008,9759.4033203125,44.88874053955078,519.2576904296875,3740.2763671875,59.14194869995117,63027.67578125
2022-04-12,1676.2369384765625,55.43474578857422,9566.9970703125,45.152122497558594,523.6478881835938,3740.2763671875,59.021324157714844,62743.671875
2022-04-13,1665.251708984375,56.22636413574219,9658.9501953125,46.643035888671875,528.9363403320312,3740.2763671875,59.994422912597656,64206.125
2022-04-14,1674.2396240234375,56.24076461791992,9666.6787109375,46.41656494140625,525.6434936523438,3740.2763671875,58.53879165649414,63974.9609375
2022-04-18,,56.40626907348633,9504.4072265625,47.90748977661133,,3740.2763671875,58.88460922241211,64357.0859375
2022-04-19,1684.725341796875,56.03205490112305,9658.1767578125,47.784812927246094,534.4242553710938,3740.2763671875,58.45033645629883,65998.7890625
2022-04-20,1633.794189453125,55.34119415283203,9971.5283203125,47.08654022216797,517.760986328125,3740.2763671875,57.73458480834961,66517.734375
2022-04-21,1518.8306884765625,51.42628479003906,9472.091796875,42.41564178466797,488.72344970703125,3740.2763671875,54.82332229614258,61649.19921875
2022-04-22,1493.3504638671875,48.929100036621094,9018.880859375,39.547035217285156,475.2503662109375,3740.2763671875,53.190765380859375,61139.6953125
2022-04-25,1443.8885498046875,47.425025939941406,8375.322265625,39.301692962646484,448.4539794921875,3740.2763671875,51.702964782714844,59069.62890625
2022-04-26,1467.370361328125,46.23759841918945,8647.2490234375,37.91456985473633,463.8731384277344,3740.2763671875,49.9176139831543,56706.1328125
2022-04-27,1543.31201171875,48.34618377685547,9381.4501953125,39.33943557739258,478.6934814453125,3740.2763671875,50.601200103759766,58846.96484375
2022-04-28,1531.3211669921875,49.01545715332031,9542.7919921875,39.48098373413086,482.4360046386719,3740.2763671875,50.665531158447266,60383.94921875
2022-04-29,1549.806884765625,48.20225143432617,9587.2060546875,38.263710021972656,496.3083190917969,3740.2763671875,50.078453063964844,59724.43359375
2022-05-02,,48.50450134277344,9245.486328125,37.91456985473633,,3740.2763671875,49.75677490234375,59252.76953125
2022-05-03,1521.3289794921875,48.849937438964844,9335.2216796875,37.886268615722656,482.5357971191406,3625.78515625,50.4725227355957,60479.33203125
2022-05-04,1517.8316650390625,49.850250244140625,9490.2197265625,38.97142028808594,481.33819580078125,3625.78515625,52.21767044067383,64480.78515625
2022-05-05,1445.3875732421875,47.34586715698242,9064.2021484375,37.4050178527832,483.13470458984375,3625.78515625,50.335811614990234,65099.73828125
2022-05-06,1455.8792724609375,47.3890495300293,9165.720703125,35.744258880615234,486.6276550292969,3625.78515625,49.38683319091797,63806.18359375
2022-05-09,1360.9522705078125,44.71913146972656,8792.2763671875,33.51731872558594,457.63555908203125,3625.78515625,46.9500617980957,60875.609375
2022-05-10,1357.9547119140625,44.99260330200195,8429.7080078125,34.03630065917969,454.5916748046875,3625.78515625,46.41123580932617,60561.421875
2022-05-11,1401.42138671875,45.17251968383789,8484.18359375,33.88532257080078,475.0507507324219,3625.78515625,45.87240982055664,61328.50390625
2022-05-12,1338.96923828125,44.60399627685547,8191.31884765625,32.403846740722656,454.0926513671875,3625.78515625,43.990543365478516,61837.99609375
2022-05-13,1347.462646484375,45.72665023803711,8339.0654296875,33.06437301635742,460.4300231933594,3625.78515625,44.28007125854492,67461.3515625
2022-05-16,1381.4366455078125,45.67626953125,8271.990234375,33.16817855834961,476.0487365722656,3625.78515625,44.37881088256836,67829.3203125
2022-05-17,1444.8878173828125,47.17314910888672,8656.3125,35.517784118652344,497.2564392089844,3625.78515625,46.88041305541992,71991.15625
2022-05-18,1407.9161376953125,45.92815017700195,8348.130859375,33.34745788574219,497.2065124511719,3523.6572265625,45.983463287353516,72933.7421875
2022-05-19,1423.9039306640625,47.403438568115234,8339.0654296875,34.64965057373047,496.95697021484375,3520.693359375,47.900814056396484,75057.5859375
2022-05-20,1421.406005859375,48.44693374633789,8484.0927734375,34.26276779174805,496.3582458496094,3531.27880859375,48.60027313232422,74726.40625
2022-05-23,1449.3841552734375,49.4400520324707,8737.890625,36.187747955322266,511.9770202636719,3514.341796875,49.75232696533203,78972.2421875
2022-05-24,1450.8831787109375,49.663143157958984,8737.890625,35.36680221557617,518.3642578125,3514.341796875,50.23783493041992,78311.78125
2022-05-25,1456.87841796875,49.43285369873047,8656.3125,35.697078704833984,519.7614135742188,3531.27880859375,50.23783493041992,79020.3671875
2022-05-26,1452.3819580078125,49.231353759765625,8402.515625,36.319854736328125,518.16455078125,3556.683837890625,50.344818115234375,83291.65625
2022-05-27,1468.8692626953125,51.109642028808594,8657.3095703125,37.41445541381836,525.150634765625,3556.683837890625,51.64498519897461,87982.8125
2022-05-30,1517.33203125,,9200.1650390625,,525.4501953125,3556.683837890625,,88360.2109375
2022-05-31,1476.3634033203125,50.850563049316406,9558.201171875,36.87659454345703,521.0587768554688,3556.683837890625,50.83854293823242,83016.1328125
2022-06-01,1493.8499755859375,51.527042388916016,9970.6220703125,37.4050178527832,522.6557006835938,3556.683837890625,51.01136016845703,78772.203125
2022-06-02,,54.40582275390625,10240.7353515625,39.36774444580078,,3543.981201171875,52.99454116821289,81519.7265625
2022-06-03,,54.131526947021484,10015.943359375,38.99973678588867,,3543.981201171875,52.20456314086914,80719.625
2022-06-06,1535.817626953125,53.873374938964844,10150.0927734375,40.36798095703125,540.420166015625,3543.981201171875,52.73121643066406,82528.1640625
2022-06-07,1521.3289794921875,55.8337287902832,10333.189453125,40.94358444213867,538.52392578125,3543.981201171875,53.39776611328125,81364.1640625
2022-06-08,1497.3472900390625,54.52682113647461,10206.2919921875,39.8206787109375,536.9271240234375,3557.5302734375,52.08934783935547,78020.4296875
2022-06-09,1482.858642578125,52.66328048706055,9517.412109375,38.23540115356445,532.13671875,3557.5302734375,50.27898406982422,76663.5625
2022-06-10,1431.897705078125,51.2111701965332,9688.724609375,37.9428825378418,504.491943359375,3683.623291015625,49.464317321777344,79086.546875
2022-06-13,1392.4281005859375,49.05720520019531,9046.07421875,35.074283599853516,480.3402099609375,3683.623291015625,47.50582504272461,77535.828125
2022-06-14,1391.928466796875,48.37955093383789,8819.46875,34.744014739990234,482.33624267578125,3683.623291015625,47.077911376953125,78385.8125
2022-06-15,1399.9224853515625,49.97687530517578,8928.23828125,34.81950759887695,491.61767578125,3683.623291015625,47.43999099731445,78290.828125
2022-06-16,1324.48046875,48.57316589355469,8581.9873046875,32.903968811035156,463.07470703125,3472.000732421875,46.24679183959961,73879.046875
2022-06-17,1273.0201416015625,46.596675872802734,8529.4140625,31.913166046142578,460.2803039550781,3472.000732421875,45.62961959838867,75403.5859375
2022-06-20,1290.0069580078125,,8157.78173828125,,471.8072509765625,3472.000732421875,,77342.0
2022-06-21,1328.4771728515625,46.56440734863281,,32.111328125,481.6376037597656,,45.522640228271484,
2022-06-22,1243.0430908203125,44.862213134765625,7858.66357421875,29.554119110107422,448.4539794921875,3472.000732421875,43.49008560180664,77979.7265625
2022-06-23,1170.5987548828125,44.168426513671875,7613.92919921875,27.902782440185547,441.91693115234375,3472.000732421875,40.766300201416016,75500.5078125
2022-06-24,1183.5888671875,45.43498611450195,7750.43603515625,29.24272346496582,445.3601379394531,3472.000732421875,42.379173278808594,79474.2265625
2022-06-27,1222.0592041015625,46.53214645385742,,29.271034240722656,451.84710693359375,,42.45323181152344,
2022-06-28,1218.0623779296875,46.943572998046875,7922.11328125,29.04456329345703,459.3321838378906,3472.000732421875,42.68364334106445,77148.1484375
2022-06-29,1172.097900390625,46.943572998046875,7794.3076171875,28.58219337463379,459.3321838378906,3472.000732421875,42.33802795410156,74968.4296875
2022-06-30,1154.1114501953125,45.322052001953125,7496.00439453125,27.610260009765625,444.2124328613281,3472.000732421875,40.98848342895508,74143.6328125
2022-07-01,1120.637451171875,43.66825485229492,7089.1123046875,27.553646087646484,425.4997863769531,3472.000732421875,41.2353515625,76565.671875
2022-07-04,1106.1485595703125,,7070.078125,,433.8830261230469,3472.000732421875,,76853.5078125
2022-07-05,1018.7157592773438,42.70824432373047,7187.912109375,25.7230281829834,399.20233154296875,3472.000732421875,39.38383483886719,77875.0546875
2022-07-06,1039.199951171875,42.3532829284668,7613.02294921875,25.83626365661621,407.635498046875,3472.000732421875,40.12443542480469,77913.828125
2022-07-07,1115.6412353515625,43.67632293701172,7912.14208984375,27.572519302368164,432.3860168457031,3472.000732421875,42.16522216796875,82038.7265625
2022-07-08,1112.1436767578125,42.74858093261719,7850.59619140625,26.42130470275879,430.4898376464844,3472.000732421875,42.08293914794922,81550.2421875
2022-07-11,1066.1793212890625,41.239994049072266,7582.20556640625,25.392765045166016,425.3500671386719,3472.000732421875,40.52766036987305,79682.609375
2022-07-12,1061.6826171875,40.48973846435547,7629.79248046875,24.81715202331543,421.2083740234375,3472.000732421875,39.7952766418457,79731.0703125
2022-07-13,1040.6988525390625,40.57041549682617,7526.0068359375,24.949262619018555,417.61553955078125,3472.000732421875,39.696529388427734,81412.625
2022-07-14,990.8372192382812,38.91661834716797,7365.6611328125,23.810457229614258,400.4997253417969,3472.000732421875,37.803871154785156,82867.390625
2022-07-15,991.63671875,39.74755096435547,7357.5029296875,24.503232955932617,406.0386657714844,3472.000732421875,38.643226623535156,80550.046875
2022-07-18,1036.2022705078125,40.8769645690918,7586.82763671875,26.021638870239258,418.9627990722656,3472.000732421875,39.350914001464844,78505.03125
2022-07-19,1045.6951904296875,41.0383186340332,7722.9716796875,27.046554565429688,418.6135559082031,3472.000732421875,40.38776397705078,80432.765625
2022-07-20,1048.1929931640625,41.03024673461914,7453.6748046875,27.112985610961914,425.20037841796875,3472.000732421875,39.902252197265625,79522.6796875
2022-07-21,1046.194580078125,40.94957733154297,7577.6728515625,27.435649871826172,418.9627990722656,3472.000732421875,40.519432067871094,82770.4765625
2022-07-22,1075.17236328125,41.21580123901367,7641.12255859375,26.34429359436035,421.3580627441406,3472.000732421875,39.556636810302734,84320.2265625
2022-07-25,1074.1732177734375,42.6114387512207,7467.99609375,26.84726905822754,431.9369201660156,3472.000732421875,40.494747161865234,86570.6953125
2022-07-26,1078.669677734375,42.53076171875,7523.2880859375,26.505624771118164,437.92498779296875,3421.190673828125,40.19027328491211,84320.2265625
2022-07-27,1078.1700439453125,43.11160659790039,7514.2236328125,27.7962703704834,446.10858154296875,3421.190673828125,39.762367248535156,85774.015625
2022-07-28,1114.6419677734375,43.57951354980469,7550.57080078125,28.30872917175293,448.4539794921875,3421.190673828125,39.400291442871094,85772.078125
2022-07-29,1157.6087646484375,44.40237808227539,7474.7041015625,29.941011428833008,460.92901611328125,3421.190673828125,40.98024368286133,86742.2421875
2022-08-01,1138.1239013671875,43.71665573120117,7251.36181640625,28.45107650756836,459.78125,3463.532470703125,39.44144058227539,84898.828125
2022-08-02,1113.6427001953125,42.77278137207031,7274.02197265625,27.834226608276367,447.50579833984375,3463.532470703125,38.503326416015625,86258.609375
2022-08-03,1116.640380859375,42.95833206176758,7251.36181640625,27.226865768432617,445.1604919433594,3463.532470703125,38.231773376464844,84126.3828125
2022-08-04,1129.1307373046875,42.86152648925781,7124.46240234375,27.29329490661621,458.83319091796875,3344.976318359375,38.10011672973633,82672.5703125
2022-08-05,1169.599609375,43.88606643676758,7316.6240234375,28.726293563842773,465.869140625,3344.976318359375,39.046443939208984,81994.140625
2022-08-08,1188.0853271484375,43.869930267333984,7251.18017578125,29.058441162109375,464.42205810546875,3302.634765625,39.19457244873047,84514.046875
2022-08-09,1184.588134765625,43.482704162597656,7159.81298828125,28.51750373840332,463.37408447265625,3302.634765625,39.35914611816406,85289.40625
2022-08-10,1192.0823974609375,44.31363296508789,6981.24853515625,29.798660278320312,469.0128173828125,3302.634765625,40.37907409667969,87227.8125
2022-08-11,1166.1024169921875,44.652462005615234,6987.59375,30.054893493652344,473.6535339355469,3302.634765625,40.629878997802734,87421.65625
2022-08-12,1143.6197509765625,44.983219146728516,6943.1787109375,30.0074405670166,471.4579772949219,3384.099609375,41.1147575378418,92083.484375
2022-08-15,1129.63037109375,44.16035842895508,,28.944555282592773,463.57366943359375,,40.61315155029297,
2022-08-16,1163.6043701171875,46.76609420776367,6852.53662109375,29.789169311523438,481.9370422363281,3384.099609375,41.23179626464844,89650.8046875
2022-08-17,1139.123046875,45.620540618896484,6827.1572265625,28.707305908203125,485.72943115234375,3302.719482421875,40.26203155517578,90474.640625
2022-08-18,1168.6002197265625,46.08843994140625,6856.16259765625,29.6373291015625,497.2564392089844,3302.719482421875,41.31540298461914,85365.9921875
2022-08-19,1129.63037109375,45.78187942504883,6798.1513671875,28.897113800048828,486.17852783203125,3302.719482421875,40.46267318725586,82381.8203125
2022-08-22,1124.1346435546875,46.2336540222168,6820.81201171875,28.33719825744629,491.2184143066406,3302.719482421875,39.869102478027344,85676.125
2022-08-23,1161.106201171875,47.427608489990234,7077.3291015625,30.168771743774414,504.990966796875,3302.719482421875,41.28196334838867,88197.0
2022-08-24,1146.1177978515625,46.91130828857422,7226.74462890625,29.722745895385742,496.70751953125,3302.719482421875,41.15656280517578,91104.6015625
2022-08-25,1166.1024169921875,48.34728240966797,7329.451171875,31.53533172607422,503.9929504394531,3302.634765625,42.326969146728516,91589.203125
2022-08-26,1173.0970458984375,47.50021743774414,7150.9130859375,30.548370361328125,497.90509033203125,3302.634765625,42.94561004638672,90964.0625
2022-08-29,,46.67734909057617,7279.64794921875,29.893558502197266,,3302.634765625,41.60799789428711,90135.40625
2022-08-30,1107.147705078125,44.69279861450195,7122.72265625,28.242298126220703,482.98486328125,3302.211669921875,39.74370574951172,88390.859375
2022-08-31,1100.1531982421875,44.28136444091797,6794.77685546875,28.090457916259766,472.3561706542969,3268.761474609375,39.35077667236328,86842.0703125
2022-09-01,1049.2681884765625,42.98023986816406,6906.59814453125,26.657466888427734,441.3133239746094,3268.761474609375,37.9295768737793,84383.21875
2022-09-02,1100.732177734375,43.26459503173828,6953.58154296875,26.856754302978516,452.5458984375,3236.073974609375,38.19709396362305,86258.609375
2022-09-05,1120.218505859375,,7094.53271484375,,470.76751708984375,3236.073974609375,,90038.484375
2022-09-06,1123.216552734375,42.95438766479492,6986.47021484375,26.685937881469727,486.09368896484375,3236.073974609375,37.72893524169922,90232.3203125
2022-09-07,1104.2298583984375,42.22196960449219,6812.63037109375,26.932674407958984,467.5225524902344,3236.073974609375,38.23053741455078,90611.28125
2022-09-08,1150.1976318359375,43.41969299316406,6760.94873046875,29.058441162109375,470.4180908203125,3236.073974609375,39.551422119140625,94593.71875
2022-09-09,1194.666748046875,45.96162796020508,7122.72265625,30.52939224243164,487.6412658691406,3236.073974609375,41.13147735595703,98548.0390625
2022-09-12,1214.65283203125,46.99563980102539,7368.9169921875,30.52939224243164,498.57427978515625,3236.073974609375,41.424076080322266,94012.1953125
2022-09-13,1209.156494140625,44.96208953857422,7362.33935546875,29.466508865356445,496.9268493652344,3387.317626953125,40.303829193115234,96247.1640625
2022-09-14,1163.6884765625,44.824222564697266,7235.4833984375,28.498531341552734,493.0828552246094,3387.317626953125,39.17522048950195,100796.578125
2022-09-15,1150.697509765625,44.531253814697266,7144.3349609375,28.261280059814453,501.22015380859375,3387.317626953125,39.09162521362305,94869.9453125
2022-09-16,1132.7098388671875,43.90222930908203,,27.834226608276367,488.53985595703125,,39.02474594116211,
2022-09-19,,44.71220397949219,,28.935070037841797,,,40.00287628173828,
2022-09-20,1099.233154296875,44.33306884765625,6756.25048828125,28.204336166381836,480.1529541015625,3387.317626953125,39.55979537963867,93818.34375
2022-09-21,1109.2261962890625,43.092254638671875,6577.71240234375,26.666955947875977,485.2449951171875,3387.317626953125,37.92121887207031,95949.625
2022-09-22,1107.2275390625,44.12626266479492,6295.904296875,26.904207229614258,489.2388000488281,3387.317626953125,38.09677505493164,90959.21875
2022-09-23,1041.7733154296875,42.109947204589844,6025.18408203125,25.319374084472656,460.8329772949219,3387.317626953125,36.32444763183594,87717.2578125
2022-09-26,1044.3543701171875,40.90361022949219,5872.95751953125,25.14855194091797,455.7409362792969,3387.317626953125,35.78940200805664,89389.1171875
2022-09-27,1073.25146484375,41.79113006591797,5966.9248046875,25.499685287475586,470.667724609375,3387.317626953125,36.47492980957031,90426.171875
2022-09-28,1100.732177734375,43.19565963745117,5769.59326171875,26.439193725585938,480.0031433105469,3387.317626953125,37.36945343017578,87519.53125
2022-09-29,1100.732177734375,43.44554138183594,5638.0390625,26.733386993408203,485.9938049316406,3387.317626953125,37.45304870605469,85130.4609375
2022-09-30,1114.7225341796875,43.11811065673828,5882.35400390625,25.936220169067383,477.4072570800781,3387.317626953125,37.48649215698242,87324.7265625
2022-10-03,1130.211669921875,44.51402282714844,5934.8818359375,27.84371566772461,485.79412841796875,3387.317626953125,39.91090393066406,86321.828125
2022-10-04,1142.2032470703125,45.86684799194336,6107.87548828125,29.21027946472168,500.0220031738281,3387.317626953125,40.872310638427734,89970.0625
2022-10-05,1135.707763671875,45.31537628173828,5919.94091796875,28.954051971435547,499.5227355957031,3387.317626953125,40.65496063232422,87992.6953125
2022-10-06,1125.2149658203125,44.436466217041016,5825.97412109375,28.299238204956055,493.3324279785156,3387.317626953125,40.37907409667969,87893.828125
2022-10-07,1111.224853515625,44.10041809082031,5758.787109375,27.473608016967773,493.0828552246094,3387.317626953125,40.05303192138672,84779.484375
2022-10-10,1122.21728515625,44.1348876953125,,27.76779556274414,492.6335144042969,,39.68518829345703,
2022-10-11,1092.238037109375,43.19565963745117,5449.16455078125,27.691877365112305,483.44781494140625,3387.317626953125,39.526344299316406,83340.9453125
2022-10-12,1073.7509765625,42.34260177612305,5333.5849609375,27.369216918945312,485.34490966796875,3387.317626953125,40.18678665161133,78402.484375
2022-10-13,1074.250732421875,43.29045104980469,5177.59912109375,28.008373260498047,487.5413818359375,3387.317626953125,40.75527572631836,80379.84375
2022-10-14,1076.7489013671875,41.62741470336914,5260.572265625,26.367555618286133,483.5975646972656,3387.317626953125,39.317344665527344,79049.0859375
2022-10-17,1092.238037109375,42.919925689697266,5262.169921875,27.493234634399414,486.54296875,3387.317626953125,39.83567428588867,84680.6171875
2022-10-18,1107.7274169921875,42.47185516357422,5356.13671875,27.178424835205078,482.2995910644531,3387.317626953125,39.55979537963867,86015.34375
2022-10-19,1084.7432861328125,41.8514518737793,5334.0546875,27.05440902709961,472.26519775390625,3387.317626953125,38.79901885986328,87696.1015625
2022-10-20,1117.2208251953125,41.575714111328125,5027.25146484375,27.7794189453125,483.947021484375,3387.317626953125,39.41767120361328,87004.015625
2022-10-21,1147.19970703125,43.30767822265625,5102.42529296875,30.55545425415039,501.32000732421875,3387.317626953125,40.780357360839844,89871.1953125
2022-10-24,1121.717529296875,42.230587005615234,5105.244140625,29.620569229125977,501.12030029296875,3387.317626953125,38.3057746887207,89032.7890625
2022-10-25,1145.7008056640625,42.799285888671875,5017.85498046875,30.212026596069336,501.9190368652344,3387.317626953125,39.58486557006836,91746.734375
2022-10-26,1226.6444091796875,43.997013092041016,4980.26806640625,31.80514907836914,515.0986328125,3387.317626953125,41.12311553955078,91304.7890625
2022-10-27,1217.6505126953125,42.997474670410156,4874.93017578125,31.232763290405273,500.22174072265625,3387.317626953125,40.420875549316406,90365.5390625
2022-10-28,1184.673583984375,40.9553108215332,4744.2216796875,30.71763038635254,495.9783020019531,3387.317626953125,39.384220123291016,88783.65625
2022-10-31,1174.6806640625,41.205196380615234,,30.23111343383789,498.7240295410156,,39.26718521118164,
2022-11-01,1230.1419677734375,42.73897171020508,,31.385406494140625,522.986328125,,41.80863571166992,
2022-11-02,1175.18017578125,41.420616149902344,4857.640625,29.582412719726562,513.3013305664062,3387.317626953125,40.119911193847656,86905.1484375
2022-11-03,1180.1767578125,41.64464569091797,4751.92724609375,30.10708999633789,518.1937255859375,3387.317626953125,40.46267318725586,89256.234375
2022-11-04,1261.120361328125,45.703125,5168.20263671875,33.56997299194336,531.1735229492188,3387.317626953125,44.89350128173828,88981.390625
2022-11-07,1273.1119384765625,45.48771286010742,5108.0634765625,32.86404800415039,531.1735229492188,3387.317626953125,44.341739654541016,89460.890625
2022-11-08,1308.5870361328125,45.97024917602539,5262.169921875,33.82754898071289,523.885009765625,3387.317626953125,45.64988327026367,94784.953125
2022-11-09,1298.0946044921875,44.893150329589844,5220.91845703125,32.463382720947266,509.6070861816406,3387.317626953125,45.01690673828125,93530.3125
2022-11-10,1350.5579833984375,46.90946578979492,5436.00927734375,35.058162689208984,500.4214172363281,3387.317626953125,47.4475212097168,95134.9453125
2022-11-11,1428.5032958984375,50.020111083984375,5666.22900390625,36.28877639770508,501.22015380859375,3387.317626953125,50.96683883666992,97879.5234375
2022-11-14,1411.5152587890625,50.313079833984375,5695.359375,36.14567947387695,511.20458984375,3384.01513671875,51.04279708862305,94073.09375
2022-11-15,1399.024169921875,51.433250427246094,5903.966796875,36.336483001708984,518.6929321289062,3384.01513671875,51.17782974243164,90379.3828125
2022-11-16,1364.0484619140625,50.56296157836914,6285.47412109375,35.65916061401367,516.496337890625,3384.01513671875,50.06379699707031,89871.1953125
2022-11-17,1321.07861328125,50.494022369384766,5826.9130859375,34.686119079589844,511.1047668457031,3384.01513671875,49.43926239013672,84037.96875
2022-11-18,1322.0777587890625,50.614662170410156,5929.33740234375,34.66703796386719,505.01422119140625,3384.01513671875,48.966644287109375,84433.453125
2022-11-21,1306.588623046875,49.3221549987793,5778.98974609375,34.466705322265625,496.0781555175781,3384.01513671875,48.316795349121094,92441.7734375
2022-11-22,1336.068115234375,50.6232795715332,5675.43798828125,36.11705780029297,514.10009765625,3384.01513671875,50.19038772583008,90956.7734375
2022-11-23,1348.0596923828125,51.73484420776367,5638.0390625,36.28877639770508,529.4761962890625,3384.01513671875,50.089111328125,89722.890625
2022-11-24,1359.551513671875,,5694.41943359375,,535.1673583984375,3384.01513671875,,90553.390625
2022-11-25,1340.0653076171875,51.42463684082031,5844.4853515625,35.439754486083984,532.9708251953125,3384.01513671875,49.61649703979492,84769.59375
2022-11-28,1326.57470703125,50.82146453857422,5685.02294921875,34.5239372253418,537.4638061523438,3384.01513671875,48.63750076293945,82554.953125
2022-11-29,1363.049072265625,52.39832305908203,6013.90869140625,35.78316879272461,549.9443969726562,3384.01513671875,50.07223892211914,85273.8359375
2022-11-30,1407.518310546875,54.1130485534668,6136.06591796875,37.96774673461914,562.6246337890625,3384.01513671875,51.49852752685547,87399.4921875
2022-12-01,1404.5201416015625,54.30261993408203,6432.0625,37.74833679199219,555.835205078125,3384.01513671875,51.86988067626953,85521.0
2022-12-02,1433.5001220703125,54.65591049194336,6541.06494140625,38.36841583251953,557.4326782226562,3384.01513671875,52.3003044128418,86509.6875
2022-12-05,1444.492431640625,53.83732223510742,7000.56494140625,37.071022033691406,560.7275390625,3384.01513671875,51.17782974243164,84730.0546875
2022-12-06,1433.999755859375,54.06135177612305,6784.4404296875,36.6894416809082,555.236083984375,3384.01513671875,51.36349868774414,81269.6640625
2022-12-07,1412.0150146484375,53.81147384643555,6530.728515625,36.775299072265625,539.460693359375,3384.01513671875,50.66300582885742,81368.5390625
2022-12-08,1436.4979248046875,54.690372467041016,,38.024993896484375,547.7476806640625,,51.86988067626953,
2022-12-09,1455.984375,55.129825592041016,6831.330078125,36.813453674316406,541.6572265625,3472.000732421875,51.20314025878906,80577.5859375
2022-12-12,1424.0067138671875,54.362937927246094,6802.2939453125,37.09010314941406,536.565185546875,3472.000732421875,51.04279708862305,79779.765625
2022-12-13,1481.96630859375,54.59558868408203,6671.77392578125,37.452606201171875,544.652587890625,3472.000732421875,51.54072952270508,80274.1328125
2022-12-14,1458.48291015625,53.777000427246094,6718.6630859375,37.614784240722656,540.1595458984375,3472.000732421875,51.726402282714844,78504.3203125
2022-12-15,1456.983642578125,53.13936233520508,6447.09814453125,36.39371871948242,531.7726440429688,3472.000732421875,50.54484558105469,73659.59375
2022-12-16,1456.983642578125,52.71714782714844,6277.0166015625,36.59403991699219,530.2749633789062,3472.000732421875,50.43513870239258,74143.0703125
2022-12-19,1469.9744873046875,52.406944274902344,6272.8466796875,35.64008331298828,535.966064453125,3472.000732421875,50.23258590698242,74638.4296875
2022-12-20,1517.441650390625,53.02735137939453,6552.19287109375,36.0598258972168,547.1487426757812,3522.810546875,50.98371124267578,75389.8515625
2022-12-21,1558.4129638671875,53.9924201965332,6768.39892578125,36.67989730834961,559.9288940429688,3522.810546875,52.00491714477539,73313.5546875
2022-12-22,1535.4288330078125,52.91532516479492,6645.85009765625,35.93580627441406,556.1347045898438,3522.810546875,51.36349868774414,70001.328125
2022-12-23,1542.9237060546875,53.466800689697266,6761.7021484375,36.346004486083984,557.1331787109375,3522.810546875,51.532291412353516,71076.0703125
2022-12-26,,,6701.71923828125,,,3522.810546875,,70297.953125
2022-12-27,,54.06135177612305,6768.20751953125,37.09010314941406,,3522.810546875,52.4775276184082,66837.4375
2022-12-28,1585.3941650390625,53.199684143066406,6648.91162109375,36.13615036010742,558.8306274414062,3503.58740234375,51.532291412353516,65955.484375
2022-12-29,1551.417724609375,53.630516052246094,6687.08251953125,36.546348571777344,557.4326782226562,3554.736083984375,52.148380279541016,67084.609375
2022-12-30,1544.422607421875,53.466800689697266,6648.81591796875,36.25061798095703,551.5418090820312,3554.736083984375,50.96683883666992,67826.1484375
2023-01-03,1560.9111328125,52.906715393066406,6572.85693359375,36.17429733276367,543.5542602539062,3554.736083984375,52.01335144042969,64959.8515625
2023-01-04,1552.9166259765625,54.08720779418945,6535.1640625,37.2045783996582,505.81298828125,3554.736083984375,53.355247497558594,65996.03125
2023-01-05,1609.3773193359375,54.56974411010742,6361.81640625,38.005916595458984,513.2014770507812,3554.736083984375,54.72246170043945,66738.5703125
2023-01-06,1653.8463134765625,56.904876708984375,6409.64990234375,40.33358383178711,525.0830688476562,3554.736083984375,56.88300323486328,66740.546875
2023-01-09,1725.296630859375,56.54297637939453,6615.33251953125,40.85826110839844,541.7571411132812,3554.736083984375,58.3852653503418,68083.2265625
2023-01-10,1753.277099609375,57.542510986328125,6840.1484375,42.651710510253906,533.2702026367188,3554.736083984375,60.613319396972656,66244.1953125
2023-01-11,1739.2867431640625,57.9905891418457,7015.21826171875,43.23362731933594,534.568359375,3641.366455078125,62.03961944580078,69309.2265625
2023-01-12,1761.271484375,59.446807861328125,6974.08154296875,43.16663360595703,542.8554077148438,3641.366455078125,63.887882232666016,69506.9765625
2023-01-13,1749.27978515625,59.696685791015625,6915.62939453125,43.1187744140625,557.5325317382812,3641.366455078125,65.03567504882812,67826.1484375
2023-01-16,1738.787109375,,6599.93017578125,,551.6417236328125,3641.366455078125,,68498.4765625
2023-01-17,1740.2862548828125,58.3869514465332,6863.1083984375,42.25735092163086,552.0410766601562,3641.366455078125,63.64313888549805,69177.7265625
2023-01-18,1798.24560546875,58.645450592041016,6983.6484375,42.0372200012207,575.7042236328125,3641.366455078125,63.58406066894531,70099.2265625
2023-01-19,1721.7989501953125,59.35201644897461,6935.81494140625,42.24778366088867,563.2236328125,3641.366455078125,64.27610778808594,67838.015625
2023-01-20,1728.7939453125,59.85179901123047,6926.05712890625,43.46335220336914,575.00537109375,3884.830322265625,63.33931350708008,69971.671875
2023-01-23,1759.2728271484375,59.782859802246094,6792.3154296875,43.0230598449707,577.201904296875,3884.830322265625,62.647254943847656,72670.875
2023-01-24,1761.7711181640625,60.110294342041016,6743.525390625,42.67850112915039,564.7213745117188,3884.830322265625,63.634700775146484,72375.25
2023-01-25,1784.7548828125,60.97197341918945,6763.61572265625,44.64060974121094,557.6323852539062,3884.830322265625,63.575626373291016,72325.8125
2023-01-26,1803.7418212890625,61.38556671142578,6983.6484375,43.50163269042969,548.6463012695312,3884.830322265625,63.128318786621094,74094.625
2023-01-27,1763.76953125,60.21369171142578,7036.2646484375,42.89863586425781,547.3484497070312,3884.830322265625,62.94265365600586,75141.6875
2023-01-30,1731.7919921875,60.03274917602539,6970.5419921875,42.094642639160156,548.3468627929688,3853.073974609375,62.95108413696289,76114.59375
2023-01-31,1731.2923583984375,60.44635772705078,7031.4814453125,42.70720291137695,540.3592529296875,3853.073974609375,63.47434616088867,76572.3671875
2023-02-01,1729.7933349609375,60.403263092041016,6868.8486328125,42.889068603515625,541.6572265625,3853.073974609375,66.14125061035156,75142.671875
2023-02-02,1717.802001953125,58.20600128173828,6696.64892578125,41.83621597290039,544.7523803710938,4064.865966796875,64.23390197753906,75241.546875
2023-02-03,1734.7900390625,57.8010139465332,6581.84912109375,41.30979919433594,553.6385498046875,4064.865966796875,63.86256408691406,76339.0234375
2023-02-06,1703.3118896484375,56.887638092041016,6600.982421875,41.108795166015625,545.0519409179688,4064.865966796875,63.170509338378906,75290.9765625
2023-02-07,1711.805908203125,57.568363189697266,6505.31640625,41.817073822021484,549.9443969726562,4064.865966796875,63.09455108642578,73511.2734375
2023-02-08,1698.8150634765625,57.34432601928711,6672.732421875,41.17579650878906,546.0504760742188,4064.865966796875,62.807613372802734,74438.7109375
2023-02-09,1707.8087158203125,57.45634841918945,6672.732421875,41.0992317199707,525.781982421875,4064.865966796875,62.84137725830078,73353.1015625
2023-02-10,1673.3326416015625,56.85317611694336,6791.35888671875,40.54408645629883,511.504150390625,4081.718017578125,62.10712432861328,73061.4296875
2023-02-13,1710.8067626953125,57.5080451965332,6697.60546875,40.3048095703125,514.998779296875,4081.718017578125,63.073951721191406,73595.328125
2023-02-14,1701.3133544921875,57.86995315551758,6643.07568359375,41.13750457763672,515.0986328125,4081.718017578125,63.94664764404297,73157.3359375
2023-02-15,1701.812744140625,57.55974197387695,6733.671875,40.496238708496094,507.0111389160156,4081.718017578125,64.59688568115234,73610.15625
2023-02-16,1720.300048828125,57.84409713745117,6732.42822265625,40.92694091796875,506.6117858886719,4081.718017578125,65.11023712158203,75638.0234375
2023-02-17,1730.29296875,57.249549865722656,6696.64892578125,39.95066833496094,508.908203125,4081.718017578125,63.34773254394531,68620.09375
2023-02-20,1759.7725830078125,,6754.623046875,,518.8927001953125,4081.718017578125,,69413.046875
2023-02-21,1720.7998046875,57.103057861328125,6715.7822265625,40.831233978271484,502.5180969238281,4081.718017578125,63.62152099609375,67035.171875
2023-02-22,1672.833251953125,55.302162170410156,6725.34912109375,39.9985237121582,493.3324279785156,4081.718017578125,63.06538391113281,66046.4609375
2023-02-23,1581.3968505859375,54.13890838623047,6754.048828125,38.849971771240234,493.5320739746094,4081.718017578125,61.84189224243164,69392.28125
2023-02-24,1538.9266357421875,52.07088851928711,6600.982421875,38.17996597290039,487.5914001464844,4081.718017578125,60.91786193847656,70198.09375
2023-02-27,1552.9166259765625,52.08812713623047,6598.11279296875,38.39054870605469,493.6319885253906,4081.718017578125,62.03012466430664,73362.9921875
2023-02-28,1568.9056396484375,52.536197662353516,6589.50244140625,39.213680267333984,494.5804748535156,4081.718017578125,63.04827880859375,73155.359375
2023-03-01,1634.8597412109375,54.423255920410156,6885.01611328125,41.156654357910156,512.1032104492188,4081.718017578125,65.15303039550781,70724.0859375
2023-03-02,1619.8702392578125,56.01735305786133,6873.6318359375,40.984371185302734,510.2061767578125,4081.718017578125,64.37443542480469,69012.609375
2023-03-03,1662.840087890625,56.741153717041016,6907.115234375,41.85536193847656,522.1875610351562,4081.718017578125,67.24920654296875,71484.4140625
2023-03-06,1637.3580322265625,55.18152618408203,6755.197265625,40.89822769165039,501.7193603515625,4081.718017578125,65.68347930908203,68701.1796875
2023-03-07,1589.8909912109375,53.604671478271484,6762.65869140625,38.41926193237305,478.7550964355469,4081.718017578125,62.09001541137695,66422.1640625
2023-03-08,1624.366943359375,54.509422302246094,6792.3154296875,38.80210876464844,486.09368896484375,4081.718017578125,64.09209442138672,66342.09375
2023-03-09,1558.4129638671875,53.86198043823242,6863.4912109375,37.49083709716797,472.6645812988281,4081.718017578125,62.74026870727539,63770.42578125
2023-03-10,1539.92578125,53.312095642089844,6905.20166015625,36.256141662597656,472.26519775390625,4081.718017578125,61.91035461425781,62373.3671875
2023-03-13,1499.4541015625,53.853111267089844,6742.56884765625,35.99771499633789,457.9873962402344,4081.718017578125,62.05579376220703,62387.20703125
2023-03-14,1537.92724609375,54.101444244384766,6678.47216796875,36.40928649902344,460.733154296875,4081.718017578125,63.15094757080078,62091.58203125
2023-03-15,1444.492431640625,51.60036087036133,6476.5205078125,33.98773956298828,411.3599548339844,4081.718017578125,58.231319427490234,59037.421875
2023-03-16,1452.9864501953125,51.06822204589844,6371.47900390625,34.55244064331055,422.5425720214844,4081.718017578125,58.61632537841797,58927.67578125
2023-03-17,1442.9935302734375,51.08595275878906,6099.6904296875,34.67687225341797,431.9779052734375,4081.718017578125,58.27408981323242,60905.11328125
2023-03-20,1501.9522705078125,52.11476516723633,6084.3837890625,35.84457015991211,448.6519470214844,4081.718017578125,60.75529861450195,63426.3515625
2023-03-21,1523.9371337890625,51.618099212646484,6409.64990234375,36.61985397338867,447.85321044921875,4081.718017578125,61.04619216918945,67031.21875
2023-03-22,1535.4288330078125,51.02387619018555,6505.31640625,36.21785354614258,449.45068359375,4081.718017578125,60.712520599365234,65649.9765625
2023-03-23,1555.9146728515625,51.094825744628906,6411.56298828125,36.16999816894531,450.8984680175781,4022.439697265625,61.05475997924805,64761.125
2023-03-24,1515.9425048828125,51.57375717163086,6281.45654296875,36.38056182861328,442.0122985839844,4081.718017578125,60.95207595825195,64612.81640625
2023-03-27,1518.9404296875,51.77774429321289,6313.9833984375,36.35186004638672,448.90155029296875,4081.718017578125,61.79056167602539,64988.52734375
2023-03-28,1532.9306640625,52.8952522277832,6275.716796875,36.72513198852539,458.1871032714844,4081.718017578125,63.159488677978516,64778.91796875
2023-03-29,1555.9146728515625,53.915199279785156,6346.03173828125,37.749263763427734,464.8267822265625,4081.718017578125,64.8022232055664,65403.79296875
2023-03-30,1579.8980712890625,55.77770233154297,6323.3583984375,38.4766845703125,465.87518310546875,4081.718017578125,64.8279037475586,63376.91015625
2023-03-31,1579.8980712890625,56.23889923095703,6322.59326171875,39.15625,463.8782958984375,3986.703369140625,65.23857879638672,63080.29296875
2023-04-03,1556.9139404296875,55.70675277709961,6218.31689453125,39.43381881713867,451.7970275878906,3986.703369140625,66.08561706542969,62537.48828125
2023-04-04,1524.4365234375,53.995018005371094,5940.88427734375,38.53411102294922,459.3353271484375,3986.703369140625,64.00653839111328,60030.09765625
2023-04-05,1487.9620361328125,53.78215789794922,6026.98388671875,38.59154510498047,456.04046630859375,3986.703369140625,63.4931755065918,59422.0390625
2023-04-06,1478.968505859375,53.17906188964844,6047.55224609375,38.56283187866211,456.6395263671875,3986.703369140625,63.92097091674805,60062.72265625
2023-04-10,,53.498348236083984,6092.037109375,38.40969467163086,,3986.703369140625,64.30598449707031,59960.88671875
2023-04-11,1550.4185791015625,55.61806106567383,6347.466796875,39.36682891845703,471.5163269042969,3986.703369140625,66.33373260498047,61090.99609375
2023-04-12,1579.398193359375,55.33424758911133,6443.1328125,39.35724639892578,482.8487548828125,3986.703369140625,66.21395874023438,61081.10546875
2023-04-13,1620.869384765625,55.609195709228516,6347.466796875,41.25931167602539,486.8924255371094,3986.703369140625,68.86627960205078,60015.26953125
2023-04-14,1622.3681640625,54.6158561706543,6347.466796875,41.46104431152344,490.93609619140625,3986.703369140625,68.9090576171875,62312.0625
2023-04-17,1606.8792724609375,55.11252212524414,6429.73974609375,40.46197509765625,488.2403259277344,4192.92529296875,68.41280364990234,65097.2890625
2023-04-18,1635.8590087890625,56.1856803894043,6400.0830078125,41.26891326904297,497.2263488769531,4192.92529296875,70.02986907958984,64956.88671875
2023-04-19,1613.3746337890625,55.64466857910156,6170.48388671875,40.241031646728516,493.5820617675781,4192.92529296875,69.88441467285156,62931.9921875
2023-04-20,1573.2967529296875,53.844242095947266,6244.0,39.73189163208008,501.12030029296875,4192.92529296875,69.05449676513672,61399.47265625
2023-04-21,1529.3162841796875,52.105899810791016,5991.60009765625,38.09881591796875,490.13739013671875,4052.3837890625,67.29200744628906,52381.3671875
2023-04-24,1516.3221435546875,52.43405532836914,6060.0,37.97393798828125,485.5944519042969,4052.3837890625,68.01068878173828,54133.375
2023-04-25,1477.339599609375,50.64249801635742,5801.0,36.264007568359375,468.2714538574219,4007.851806640625,64.67388916015625,53489.72265625
2023-04-26,1499.82958984375,51.76000213623047,5949.0,35.812496185302734,480.65216064453125,4007.851806640625,64.58834075927734,51512.28125
2023-04-27,1487.3350830078125,52.38084411621094,5830.0,35.99503707885742,472.46484375,4007.851806640625,64.58834075927734,53418.53125
2023-04-28,1459.8472900390625,52.36310577392578,5651.0,36.41770553588867,468.2714538574219,4007.851806640625,65.73481750488281,54033.515625
2023-05-01,,52.0172119140625,,36.14872360229492,,,65.84605407714844,
2023-05-02,1440.8558349609375,51.21012878417969,5590.0,35.15926742553711,459.7845764160156,4007.851806640625,65.72625732421875,51907.76953125
2023-05-03,1442.85498046875,51.618099212646484,5590.0,34.899898529052734,461.581787109375,4007.851806640625,65.12734985351562,52204.38671875
2023-05-04,1418.86572265625,51.60036087036133,5619.0,33.83359909057617,433.4912109375,4007.851806640625,64.12631225585938,50602.65625
2023-05-05,1468.8433837890625,53.915199279785156,5817.2998046875,35.034385681152344,443.579345703125,4007.851806640625,67.77113342285156,53271.21484375
2023-05-08,,53.98614501953125,6026.0,35.1208381652832,,4007.851806640625,68.41234588623047,54666.296875
2023-05-09,1461.3466796875,53.64025115966797,5820.0,35.21690368652344,445.67694091796875,4007.851806640625,68.4903335571289,54972.796875
2023-05-10,1438.85693359375,52.90412521362305,5820.0,34.81344223022461,444.62811279296875,4007.851806640625,64.57363891601562,55862.640625
2023-05-11,1381.3824462890625,51.14803695678711,5728.7001953125,33.180362701416016,427.09869384765625,4007.851806640625,60.180335998535156,58285.99609375
2023-05-12,1396.3758544921875,51.71566390991211,5760.0,33.61264419555664,431.79315185546875,4007.851806640625,60.21499252319336,57938.9609375
2023-05-15,1418.365966796875,52.75334548950195,5881.7001953125,34.7077751159668,436.68743896484375,4007.941162109375,62.64994430541992,56905.91015625
2023-05-16,1403.3726806640625,51.55602264404297,5720.0,33.86241912841797,431.5934143066406,4007.941162109375,60.171669006347656,58140.88671875
2023-05-17,1425.8626708984375,52.45178985595703,5771.0,34.40997314453125,435.8883972167969,4007.941162109375,61.523460388183594,56963.26171875
2023-05-18,1409.3699951171875,51.87530517578125,5830.0,34.27548599243164,434.78961181640625,4007.941162109375,59.8597297668457,57112.56640625
2023-05-19,1415.866943359375,51.91078186035156,5930.0,34.32351303100586,434.3901672363281,4007.941162109375,59.68641662597656,56360.11328125
2023-05-22,1425.8626708984375,51.9906005859375,5890.0,34.217838287353516,434.09051513671875,4007.941162109375,60.12834548950195,56083.25
2023-05-23,1388.879150390625,51.21012878417969,5800.0,33.314849853515625,427.2984313964844,4007.941162109375,57.762725830078125,56735.83984375
2023-05-24,1357.39306640625,49.14362335205078,5769.0,31.902713775634766,418.7085266113281,4007.851806640625,56.35029220581055,54958.0234375
2023-05-25,1349.39697265625,48.80659866333008,5670.0,32.306182861328125,415.911865234375,4007.851806640625,56.48893356323242,52852.9296875
2023-05-26,1388.879150390625,50.26112365722656,5800.0,33.401302337646484,422.10455322265625,4007.851806640625,58.28264617919922,52465.328125
2023-05-29,,,5910.0,,,4007.851806640625,,53690.41796875
2023-05-30,1362.39111328125,49.507259368896484,5760.0,32.8825569152832,416.3113708496094,4007.851806640625,58.092010498046875,53139.67578125
2023-05-31,1336.90234375,48.691307067871094,5700.0,32.98823547363281,410.9676208496094,4007.851806640625,57.8580436706543,51613.99609375
2023-06-01,1379.3834228515625,50.012794494628906,5815.0,34.07374572753906,416.4112854003906,4007.851806640625,59.53044128417969,52416.87890625
2023-06-02,1455.8492431640625,52.07929229736328,6180.0,35.726043701171875,433.3913269042969,4007.851806640625,61.47146224975586,54036.4921875
2023-06-05,1440.8558349609375,51.32542419433594,6130.0,35.58195114135742,429.5957946777344,4007.851806640625,61.06419372558594,54235.23046875
2023-06-06,1445.35400390625,52.12363815307617,6145.2001953125,36.25439453125,430.74444580078125,4007.851806640625,61.82674026489258,55863.73828125
2023-06-07,1446.353271484375,52.088157653808594,6100.0,36.091087341308594,436.5376281738281,4007.851806640625,61.948055267333984,55864.7265625
2023-06-08,1460.8468017578125,53.22340393066406,6260.0,36.350460052490234,435.9383544921875,4007.851806640625,62.34666442871094,55469.22265625
2023-06-09,1466.84423828125,52.91299057006836,6237.89990234375,36.39849090576172,434.49005126953125,4007.851806640625,61.766075134277344,55173.578125
2023-06-12,1455.349365234375,52.788822174072266,6163.5,36.33124923706055,436.437744140625,4007.851806640625,61.11619186401367,55420.7734375
2023-06-13,1506.8265380859375,54.47394561767578,6240.0,38.25251388549805,459.4607238769531,4007.851806640625,63.09187316894531,57052.24609375
2023-06-14,1559.3031005859375,55.635799407958984,6420.0,38.483070373535156,469.798583984375,4007.851806640625,63.90642166137695,56300.78125
2023-06-15,1568.7987060546875,56.74443435668945,6370.0,38.502281188964844,474.4431457519531,4007.851806640625,64.26168060302734,56495.56640625
2023-06-16,1548.8076171875,56.02603530883789,6305.0,38.31975173950195,466.4525146484375,4007.851806640625,64.50431823730469,56661.68359375
2023-06-19,1515.8221435546875,,6235.0,,458.4618835449219,4007.851806640625,,57467.53515625
2023-06-20,1481.8375244140625,55.307640075683594,6180.0,37.849056243896484,450.271484375,4007.851806640625,63.39516067504883,57542.6796875
2023-06-21,1474.840576171875,54.93513870239258,,38.20448303222656,451.4701232910156,,63.49913787841797,
2023-06-22,1492.3328857421875,54.012760162353516,6099.0,38.156455993652344,445.4771423339844,4007.851806640625,63.94972610473633,56573.6796875
2023-06-23,1451.85107421875,52.602569580078125,6093.0,36.85959243774414,432.1427917480469,4007.851806640625,61.740081787109375,55485.04296875
2023-06-26,1470.3426513671875,52.815425872802734,,37.72416687011719,436.88720703125,,62.944557189941406,
2023-06-27,1482.3372802734375,53.6136474609375,6100.0,38.81929016113281,439.7837829589844,4007.851806640625,63.603126525878906,56802.08984375
2023-06-28,1458.8480224609375,52.66465377807617,5877.2998046875,37.676143646240234,433.4912109375,4007.851806640625,61.24616622924805,55709.5
2023-06-29,1443.8543701171875,53.01054763793945,6000.0,37.801021575927734,437.88604736328125,4321.88916015625,61.22883987426758,56721.0078125
2023-06-30,1460.3472900390625,52.92185974121094,5937.89990234375,38.42543029785156,443.9789123535156,4321.88916015625,62.16469192504883,57743.40234375
2023-07-03,1496.3310546875,53.915199279785156,5950.0,39.15550994873047,458.4119567871094,4368.736328125,63.100521087646484,60700.828125
2023-07-04,1501.82861328125,,5918.2998046875,,459.3608703613281,4368.736328125,,61679.7109375
2023-07-05,1469.3431396484375,52.70012283325195,5876.89990234375,37.63771438598633,457.41314697265625,4368.736328125,61.41947555541992,60086.796875
2023-07-06,1390.8782958984375,51.263336181640625,5750.0,36.41770553588867,432.24267578125,4368.736328125,59.7904052734375,58822.15625
2023-07-07,1414.86767578125,51.46732711791992,5870.0,37.11896514892578,435.8384704589844,4364.10546875,61.237510681152344,62906.77734375
2023-07-10,1415.866943359375,50.97065734863281,5871.0,37.44558334350586,432.59222412109375,4364.10546875,61.47146224975586,63677.03125
2023-07-11,1434.858642578125,52.11476516723633,6070.0,38.146846771240234,436.5376281738281,4364.10546875,62.51130676269531,64148.6796875
2023-07-12,1514.8228759765625,53.83537292480469,6270.10009765625,39.117095947265625,457.8126525878906,4364.10546875,64.23568725585938,64863.55859375
2023-07-13,1546.30859375,55.281036376953125,6365.89990234375,40.573020935058594,469.0993957519531,4364.10546875,67.53715515136719,63677.03125
2023-07-14,1536.3131103515625,55.07704544067383,6300.0,39.60883331298828,466.25274658203125,4364.10546875,66.53199005126953,63950.921875
2023-07-17,1498.3302001953125,54.199005126953125,6290.0,39.01103210449219,453.1181640625,4364.10546875,65.76077270507812,64023.8828125
2023-07-18,1506.3265380859375,54.35865020751953,6248.0,38.96281433105469,453.4677429199219,4364.10546875,66.41067504882812,64121.7734375
2023-07-19,1485.8358154296875,53.74668502807617,6375.0,39.21350860595703,452.9184265136719,4364.10546875,66.51465606689453,63826.125
2023-07-20,1525.3179931640625,53.98614501953125,6335.0,40.38981628417969,471.9460754394531,4364.10546875,67.814453125,63183.4140625
2023-07-21,1534.81396484375,53.870853424072266,6400.0,39.15565490722656,471.9960021972656,4408.63720703125,67.90975952148438,60627.40234375
2023-07-24,1553.805419921875,54.536033630371094,6620.0,40.59229278564453,478.0888366699219,4408.63720703125,68.77630615234375,59426.02734375
2023-07-25,1656.259521484375,56.930686950683594,6789.89990234375,42.1253547668457,481.48486328125,4415.138671875,72.43305206298828,61597.40234375
2023-07-26,1637.26806640625,55.981693267822266,6750.0,41.855384826660156,468.899658203125,4415.138671875,72.8056411743164,60809.3359375
2023-07-27,1652.7613525390625,55.023834228515625,6480.0,41.73967742919922,468.5999755859375,4415.138671875,72.76231384277344,59327.1484375
2023-07-28,1643.2655029296875,54.394126892089844,6335.0,42.067501068115234,465.9530944824219,4415.138671875,73.84547424316406,61294.83203125
2023-07-31,1676.7506103515625,55.564849853515625,6400.0,43.05097579956055,472.9948425292969,4643.85302734375,75.7691650390625,60825.16015625
2023-08-01,1650.7620849609375,54.05710220336914,6680.0,42.18320083618164,470.3979187011719,4497.70068359375,73.55951690673828,60167.62109375
2023-08-02,1606.2818603515625,52.930728912353516,6665.89990234375,41.045467376708984,461.4583740234375,4497.70068359375,71.14191436767578,59327.1484375
2023-08-03,1624.27392578125,53.06376266479492,6585.0,41.508277893066406,461.6581726074219,4497.70068359375,72.58899688720703,59327.1484375
2023-08-04,1632.7701416015625,53.11697769165039,6585.0,40.987606048583984,462.6570129394531,4497.70068359375,72.68434143066406,59827.4765625
2023-08-07,1610.280029296875,53.16132354736328,6400.0,40.775489807128906,456.16461181640625,4497.70068359375,72.8403091430664,59327.1484375
2023-08-08,1581.7928466796875,52.70899963378906,6190.0,41.161155700683594,444.0787658691406,4497.70068359375,73.34893035888672,59229.26171875
2023-08-09,1606.2818603515625,52.771080017089844,6315.0,40.910484313964844,454.56646728515625,4497.70068359375,73.13846588134766,59426.02734375
2023-08-10,1581.7928466796875,52.61143493652344,6316.2001953125,40.86227035522461,454.3167724609375,4497.70068359375,73.01570892333984,57746.08203125
2023-08-11,1515.32275390625,52.292152404785156,6339.2998046875,39.9366455078125,444.1786804199219,4497.70068359375,72.04228210449219,57349.57421875
2023-08-14,1502.328369140625,51.29881286621094,6205.7998046875,39.734169006347656,433.2914123535156,4497.70068359375,71.60380554199219,56065.1484375
2023-08-15,1451.85107421875,50.252262115478516,,38.422874450683594,418.5587158203125,,70.28836059570312,
2023-08-16,1419.3653564453125,49.32987976074219,6079.0,37.61295700073242,419.0082092285156,4497.70068359375,70.41990661621094,56094.8125
2023-08-17,1421.8643798828125,49.87089157104492,5999.0,38.201114654541016,423.0534362792969,4497.70068359375,70.11296081542969,55059.55078125
2023-08-18,1374.8853759765625,49.48951721191406,6048.5,37.44904708862305,415.5622253417969,4497.70068359375,67.74517822265625,54478.14453125
2023-08-21,1389.37890625,49.8797607421875,5903.0,37.34298324584961,419.50762939453125,4497.70068359375,68.9115219116211,56252.02734375
2023-08-22,1418.365966796875,49.09928512573242,6000.0,37.49725341796875,429.29608154296875,4497.70068359375,69.47278594970703,56211.484375
2023-08-23,1425.3626708984375,50.53607177734375,6150.0,37.85400390625,432.6421813964844,4497.70068359375,71.40209197998047,55959.34375
2023-08-24,1407.370849609375,49.10814666748047,5970.0,37.02479934692383,427.7978515625,4497.70068359375,69.20970916748047,54580.98046875
2023-08-25,1400.873779296875,48.966243743896484,5960.0,36.957313537597656,425.650390625,4497.70068359375,68.21873474121094,53196.68359375
2023-08-28,,49.72898483276367,5971.7001953125,37.56474685668945,,4497.70068359375,69.2623062133789,52206.90625
2023-08-29,1460.8468017578125,50.81101989746094,5990.0,38.75069046020508,437.7861328125,4497.70068359375,70.61282348632812,53522.9765625
2023-08-30,1445.35400390625,51.218990325927734,6079.0,38.75069046020508,438.1357421875,4497.70068359375,71.08638763427734,52603.40625
2023-08-31,1447.4468994140625,50.98839569091797,6000.0,38.4807243347168,421.1867980957031,4453.07958984375,70.73561096191406,52207.89453125
2023-09-01,1470.4378662109375,51.67131423950195,6078.89990234375,40.0041389465332,426.8832092285156,4453.07958984375,72.03350830078125,53194.703125
2023-09-04,1460.44189453125,,5958.0,,435.72772216796875,4453.07958984375,,53582.3046875
2023-09-05,1477.435302734375,51.88417434692383,5860.0,39.33884811401367,431.9300842285156,4278.87158203125,69.54292297363281,54363.4453125
2023-09-06,1495.428466796875,51.88417434692383,5871.0,38.96281433105469,429.1817932128906,4278.87158203125,69.78849029541016,53473.5390625
2023-09-07,1464.4403076171875,50.51640319824219,5835.0,38.336097717285156,423.2355041503906,4278.87158203125,68.84136962890625,53196.68359375
2023-09-08,1465.9398193359375,50.14254379272461,5751.0,37.88292694091797,425.73394775390625,4278.87158203125,69.0343017578125,52558.91015625
2023-09-11,1508.9232177734375,51.52854919433594,5710.0,38.67356491088867,435.0780944824219,4278.87158203125,70.50759887695312,52884.22265625
2023-09-12,1448.4464111328125,51.510318756103516,5700.0,38.6253547668457,434.3785400390625,4278.87158203125,69.5341567993164,51634.3984375
2023-09-13,1435.4512939453125,51.209407806396484,5691.0,38.31681442260742,431.6302185058594,4278.87158203125,68.72735595703125,52306.7734375
2023-09-14,1474.4364013671875,53.25194549560547,5869.0,39.22314453125,450.468505859375,4278.87158203125,70.3409652709961,53616.9140625
2023-09-15,1490.9300537109375,53.29753875732422,5910.0,38.924251556396484,456.11492919921875,4278.87158203125,69.95510864257812,54729.29296875
2023-09-18,1454.444091796875,53.115169525146484,,38.75069046020508,459.3629455566406,,69.858642578125,
2023-09-19,1415.4588623046875,52.741310119628906,,37.42975997924805,463.36041259765625,,68.84136962890625,
2023-09-20,1454.444091796875,52.403926849365234,5948.60009765625,37.30441665649414,463.6102294921875,4278.87158203125,68.29765319824219,52170.3203125
2023-09-21,1408.461669921875,50.762596130371094,5878.0,35.896697998046875,451.7676086425781,4278.87158203125,66.64897155761719,51100.453125
2023-09-22,1421.456787109375,51.747398376464844,5862.0,35.8195686340332,454.7657775878906,4278.87158203125,65.53524017333984,50417.19921875
2023-09-25,1391.9678955078125,51.17293167114258,5670.0,35.86777877807617,452.7170715332031,4278.87158203125,65.33352661132812,50286.6796875
2023-09-26,1386.4700927734375,50.15166091918945,5790.0,35.260337829589844,451.4678649902344,4278.87158203125,63.71992111206055,50319.30859375
2023-09-27,1381.471923828125,50.789955139160156,5625.0,35.24105453491211,453.2666931152344,4278.87158203125,63.84269714355469,49460.05078125
2023-09-28,1416.9583740234375,52.15773010253906,5640.0,35.99312210083008,460.71209716796875,4278.87158203125,65.77200317382812,52407.625
2023-09-29,1428.4539794921875,51.86594009399414,5763.0,35.95455551147461,469.60650634765625,4320.90966796875,66.02632904052734,52259.30859375
2023-10-02,1414.4593505859375,50.981441497802734,5634.0,35.32783126831055,463.6102294921875,4334.1796875,64.8511962890625,50348.97265625
2023-10-03,1368.976806640625,50.06959915161133,5530.0,35.038578033447266,452.9669189453125,4334.1796875,64.43025207519531,49429.40234375
2023-10-04,1355.48193359375,50.188140869140625,5489.7998046875,34.57576370239258,443.0231018066406,4334.1796875,64.3162612915039,49242.5234375
2023-10-05,1354.482177734375,50.452571868896484,5379.60009765625,34.103309631347656,439.5752868652344,4334.1796875,62.8692512512207,48230.0078125
2023-10-06,1384.9705810546875,51.92976379394531,5200.0,35.35676193237305,444.72210693359375,4334.1796875,64.83364868164062,49928.7421875
2023-10-09,1382.4715576171875,51.28235626220703,,35.511024475097656,450.468505859375,,65.05290985107422,
2023-10-10,1444.447998046875,52.0665397644043,5269.0,35.95455551147461,465.9588317871094,4334.1796875,65.95616149902344,51921.140625
2023-10-11,1437.950439453125,52.367454528808594,5150.0,35.8195686340332,461.0118713378906,4334.1796875,65.1844482421875,52346.3203125
2023-10-12,1405.4627685546875,51.60150146484375,5172.7998046875,34.91923904418945,461.9113464355469,4334.1796875,63.44805908203125,54148.875
2023-10-13,1396.46630859375,51.61062240600586,5198.7998046875,34.31902313232422,456.0150146484375,4334.1796875,63.263893127441406,53765.23046875
2023-10-16,1408.461669921875,52.713958740234375,5289.39990234375,34.70625305175781,462.46099853515625,4334.1796875,64.11455535888672,53783.03125
2023-10-17,1393.96728515625,53.242828369140625,5339.0,35.316162109375,462.5609130859375,4334.1796875,64.74596405029297,55218.74609375
2023-10-18,1353.482666015625,52.11213684082031,5249.7001953125,34.47391128540039,456.0150146484375,4334.1796875,62.36063766479492,51675.92578125
2023-10-19,1346.4853515625,51.555908203125,5139.0,34.10603332519531,449.86883544921875,4334.1796875,62.15894317626953,49271.19921875
2023-10-20,1323.4940185546875,50.0148811340332,5149.2998046875,32.799110412597656,435.1280822753906,4334.1796875,61.562591552734375,48448.52734375
2023-10-23,1296.5045166015625,50.0148811340332,4875.0,32.44091033935547,428.4822082519531,4334.1796875,61.536293029785156,46727.0546875
2023-10-24,1327.4925537109375,51.26411819458008,4929.0,33.32188034057617,434.278564453125,4334.1796875,62.48340606689453,47756.37890625
2023-10-25,1345.985595703125,51.674442291259766,4985.0,32.760379791259766,439.5252990722656,4334.1796875,61.0101203918457,46226.7265625
2023-10-26,1351.4833984375,51.72004318237305,4980.0,32.63452911376953,440.224853515625,4334.1796875,61.948463439941406,47523.02734375
2023-10-27,1373.4752197265625,52.14860916137695,,32.59580612182617,444.971923828125,,62.728965759277344,
2023-10-30,1368.4769287109375,52.47687911987305,4950.0,32.95399856567383,450.71832275390625,4334.1796875,62.94819641113281,44198.7265625
2023-10-31,1344.486083984375,52.030067443847656,4892.0,32.702301025390625,434.87823486328125,4334.1796875,62.17647171020508,42814.42578125
2023-11-01,1312.498291015625,52.82337951660156,,32.63452911376953,431.3804016113281,,63.062198638916016,
2023-11-02,1354.982177734375,53.82640838623047,5097.0,33.89305114746094,439.9750061035156,4334.1796875,64.77227783203125,42814.42578125
2023-11-03,1356.9813232421875,53.90847396850586,5235.7998046875,34.028594970703125,439.3254699707031,4141.44677734375,65.12305450439453,44633.79296875
2023-11-06,1348.984375,53.817291259765625,5177.5,34.2415657043457,441.7239685058594,4141.44677734375,65.09674072265625,41331.8046875
2023-11-07,1303.0020751953125,52.458641052246094,5318.0,32.973365783691406,431.3304138183594,4141.44677734375,63.372215270996094,42667.67578125
2023-11-08,1299.503173828125,52.030067443847656,5430.0,32.53772735595703,426.33355712890625,4140.46728515625,62.51883316040039,42874.33203125
2023-11-09,1323.9940185546875,52.2489128112793,5487.5,32.17952346801758,429.431640625,4132.45166015625,62.06547546386719,43209.53125
2023-11-10,1298.503662109375,52.9510383605957,5482.39990234375,32.605491638183594,426.833251953125,4132.45166015625,62.82107162475586,42123.83203125
2023-11-13,1292.506103515625,53.242828369140625,5488.0,32.36346435546875,430.1811828613281,4132.45166015625,62.385494232177734,46068.15234375
2023-11-14,1344.486083984375,55.30360794067383,5670.0,34.047950744628906,449.7189636230469,4132.45166015625,65.86123657226562,45404.671875
2023-11-15,1376.4739990234375,55.25801467895508,5700.0,34.85147476196289,464.4097900390625,4132.45166015625,66.94572448730469,45212.83984375
2023-11-16,1357.9810791015625,55.057411193847656,5700.0,34.40614700317383,457.3641662597656,4132.45166015625,66.55461120605469,41480.125
2023-11-17,1378.4730224609375,55.540687561035156,5783.89990234375,34.85147476196289,467.3579406738281,4132.45166015625,66.44792938232422,43764.25
2023-11-20,1407.4620361328125,56.178977966308594,5868.0,35.480735778808594,465.2092590332031,4132.45166015625,66.51905059814453,46156.16015625
2023-11-21,1412.9599609375,57.008758544921875,5868.7998046875,35.81956481933594,456.7145690917969,4132.45166015625,67.621337890625,44494.97265625
2023-11-22,1416.9583740234375,56.735206604003906,5892.7998046875,35.71307373046875,448.6696472167969,4132.45166015625,66.87462615966797,44584.953125
2023-11-23,1423.9556884765625,,5966.2001953125,,449.5190734863281,4132.45166015625,,44397.0859375
2023-11-24,1415.958740234375,56.54372024536133,6082.0,35.664669036865234,447.8701477050781,4132.45166015625,65.96790313720703,43655.484375
2023-11-27,1411.9603271484375,55.905426025390625,6125.0,35.42264175415039,445.2217712402344,4132.45166015625,63.12330627441406,43096.80859375
2023-11-28,1420.4571533203125,56.20633316040039,6024.0,36.03254699707031,446.7707824707031,4132.54052734375,63.86112976074219,43015.734375
2023-11-29,1417.9581298828125,55.44038391113281,6049.89990234375,35.9841423034668,443.6727600097656,4132.54052734375,63.79890060424805,43507.1640625
2023-11-30,1407.9620361328125,55.58627700805664,6000.0,36.12935256958008,441.5240783691406,4132.54052734375,63.94114303588867,43803.8046875
2023-12-01,1494.9285888671875,57.3917350769043,6140.0,37.98810958862305,457.4141845703125,4132.54052734375,68.21691131591797,45474.87109375
2023-12-04,1455.4437255859375,55.951019287109375,6079.0,36.41011047363281,443.3728942871094,4132.54052734375,65.50565338134766,42923.7734375
2023-12-05,1416.9583740234375,55.6409912109375,6048.0,35.403282165527344,438.1261901855469,4132.54052734375,63.638885498046875,43245.12890625
2023-12-06,1433.951904296875,56.033084869384766,6070.0,35.09349822998047,446.2211608886719,4132.54052734375,63.35444641113281,43715.80078125
2023-12-07,1451.9451904296875,57.16377639770508,6088.5,35.20966720581055,453.2666931152344,4132.54052734375,63.71001052856445,45672.6328125
2023-12-08,1513.4215087890625,56.95405197143555,,36.932884216308594,457.11431884765625,,67.07018280029297,
2023-12-11,1535.4132080078125,56.59843063354492,6135.0,36.66181182861328,439.0256042480469,4132.54052734375,66.78572845458984,43705.40234375
2023-12-12,1537.412353515625,56.67137908935547,6370.0,36.22616958618164,436.0274658203125,4132.54052734375,66.51905059814453,43507.63671875
2023-12-13,1563.9022216796875,58.403892517089844,6469.0,37.939693450927734,433.379150390625,4132.54052734375,68.75914764404297,45683.01953125
2023-12-14,1630.8765869140625,59.753421783447266,6548.0,40.631011962890625,453.4665832519531,4084.357421875,72.63492584228516,48727.5625
2023-12-15,1615.382568359375,59.990509033203125,6540.0,40.17599868774414,460.56219482421875,4084.357421875,73.14160919189453,50429.3046875
2023-12-18,1637.3741455078125,60.26405715942383,6500.0,40.030792236328125,462.3610534667969,4084.357421875,73.62164306640625,49440.49609375
2023-12-19,1684.356201171875,61.28533172607422,6458.7998046875,40.83430480957031,467.5078125,4084.357421875,75.52395629882812,49254.6015625
2023-12-20,1704.3486328125,60.209346771240234,6479.89990234375,40.0211067199707,468.8569641113281,4084.357421875,74.0483169555664,50182.10546875
2023-12-21,1704.848388671875,61.814205169677734,6600.0,40.88270568847656,469.9063720703125,4084.357421875,76.4395751953125,50727.9296875
2023-12-22,1700.8499755859375,61.8415641784668,6700.0,41.02792739868164,466.0587463378906,4084.357421875,77.8707504272461,52305.078125
2023-12-26,,62.206302642822266,7000.0,41.46357727050781,,4051.8486328125,77.60407257080078,54137.34375
2023-12-27,1709.8465576171875,62.81723403930664,7130.0,41.82176971435547,471.4553527832031,4051.8486328125,78.40412139892578,53390.7890625
2023-12-28,1706.84765625,62.57103729248047,7099.0,41.64750671386719,469.75640869140625,4043.476806640625,77.63074493408203,54681.19140625
2023-12-29,1678.8583984375,62.288360595703125,7200.0,41.21186828613281,471.8051452636719,4043.476806640625,76.51068878173828,52060.84375
2024-01-02,1650.8690185546875,61.92362594604492,7433.0,40.74717330932617,468.40728759765625,4043.476806640625,75.25727844238281,52602.7109375
2024-01-03,1591.8916015625,61.25798034667969,7619.0,40.050148010253906,458.21368408203125,4043.476806640625,74.57279205322266,50379.8671875
2024-01-04,1603.8868408203125,60.7199821472168,7575.0,40.22439956665039,458.9631652832031,4043.476806640625,74.50170135498047,48549.58203125
2024-01-05,1615.88232421875,60.200225830078125,7589.0,40.088871002197266,462.7108459472656,4014.887939453125,74.29723358154297,48263.8125
2024-01-08,1608.8851318359375,60.200225830078125,7437.0,40.853668212890625,456.81451416015625,4014.887939453125,75.99510192871094,48431.91015625
2024-01-09,1595.39013671875,58.9054069519043,7145.0,40.369625091552734,451.51776123046875,4014.887939453125,74.91948699951172,47965.19140625
2024-01-10,1582.3951416015625,58.0573844909668,7018.0,39.98237991333008,447.67022705078125,4014.887939453125,74.05723571777344,46760.82421875
2024-01-11,1587.393310546875,57.89325714111328,7250.0,39.86578369140625,444.9219665527344,4014.887939453125,73.81720733642578,45485.25390625
2024-01-12,1635.375,57.683528900146484,7097.7998046875,39.778343200683594,447.8701477050781,4014.887939453125,73.9061050415039,43913.046875
2024-01-15,1623.3795166015625,,6948.7001953125,,444.72210693359375,4014.887939453125,,44986.8984375
2024-01-16,1621.3802490234375,56.0969123840332,6780.0,37.796226501464844,438.8757019042969,4014.887939453125,70.83038330078125,45089.734375
2024-01-17,1592.8912353515625,55.09387969970703,6425.0,37.15494918823242,419.2380065917969,4014.887939453125,69.76366424560547,44199.8046875
2024-01-18,1590.891845703125,55.148590087890625,6278.0,37.12579345703125,419.5877685546875,3829.903564453125,70.0570068359375,43507.63671875
2024-01-19,1577.39697265625,55.19417953491211,6340.0,37.669918060302734,412.0424499511719,3829.903564453125,72.08378601074219,42511.90625
2024-01-22,1558.9041748046875,54.8203239440918,6520.0,36.41651916503906,397.6515197753906,3829.903564453125,71.48818969726562,43112.11328125
2024-01-23,1596.389892578125,55.89630889892578,6748.0,37.08693313598633,404.8969421386719,3829.903564453125,72.8571548461914,44298.68359375
2024-01-24,1681.3572998046875,56.689613342285156,7100.0,38.59295654296875,416.8395080566406,3829.903564453125,74.00389099121094,44397.56640625
2024-01-25,1671.3612060546875,56.26104736328125,7026.7001953125,38.320899963378906,415.89007568359375,3829.903564453125,74.51058959960938,42276.5703125
2024-01-26,1699.3504638671875,56.49812316894531,7047.7001953125,38.466644287109375,422.43603515625,3829.903564453125,73.95943450927734,42945.00390625
2024-01-29,1705.34814453125,56.49812316894531,6943.7998046875,39.08848571777344,424.6846008300781,3829.903564453125,74.36835479736328,42222.1875
2024-01-30,1705.34814453125,56.32487487792969,6750.0,38.83585739135742,420.7869873046875,3829.903564453125,73.59497833251953,40558.01953125
2024-01-31,1734.337158203125,55.82335662841797,6717.0,38.563804626464844,420.18743896484375,3829.903564453125,72.98160552978516,39849.04296875
2024-02-01,1748.331787109375,56.49812316894531,6918.0,39.0399055480957,425.8338623046875,3829.903564453125,74.48390197753906,39356.61328125
2024-02-02,1733.33740234375,55.70481491088867,6810.0,38.96217727661133,417.33917236328125,3829.903564453125,72.6527099609375,37673.65625
2024-02-05,1719.8426513671875,54.2458610534668,6799.0,37.582462310791016,409.1443176269531,3829.903564453125,70.83927917480469,37770.5625
2024-02-06,1763.8258056640625,55.01181411743164,6850.0,39.030189514160156,410.2436218261719,3829.903564453125,73.07939147949219,37950.52734375
2024-02-07,1696.8515625,55.1850700378418,6900.0,38.08770751953125,402.1486511230469,3829.903564453125,72.91938018798828,38415.265625
2024-02-08,1649.3695068359375,54.74738311767578,6900.39990234375,37.03835678100586,396.5521545410156,3829.903564453125,71.95045471191406,38738.60546875
2024-02-09,1641.3726806640625,54.875038146972656,6850.0,36.2999267578125,384.8094787597656,3829.903564453125,71.25707244873047,38603.140625
2024-02-12,1678.3583984375,55.12123489379883,6918.7001953125,36.62055587768555,394.0037841796875,3829.903564453125,72.0831298828125,40629.21484375
2024-02-13,1660.8651123046875,53.735225677490234,6950.0,35.61978530883789,392.4547424316406,3829.903564453125,70.06288146972656,38464.70703125
2024-02-14,1675.8594970703125,54.574127197265625,7000.10009765625,36.14446258544922,391.2055358886719,3829.903564453125,71.93946838378906,38425.15234375
2024-02-15,1688.8544921875,54.35528564453125,6999.0,37.164669036865234,390.80572509765625,3829.903564453125,74.49848175048828,39841.1328125
2024-02-16,1784.3179931640625,55.02093505859375,7178.0,37.728214263916016,399.3004455566406,3829.903564453125,75.14495086669922,41915.65234375
2024-02-19,1764.3255615234375,,7128.0,,395.1530456542969,3829.903564453125,,42617.70703125
2024-02-20,1775.321533203125,52.978389739990234,6798.0,37.05778503417969,390.1561584472656,3829.903564453125,73.95076751708984,40786.4296875
2024-02-21,1764.8255615234375,52.66836166381836,6868.0,37.757362365722656,385.8088684082031,3829.903564453125,74.8576431274414,40848.7265625
2024-02-22,1786.8170166015625,53.21546936035156,6831.7998046875,37.5727424621582,379.6627197265625,3829.903564453125,74.651123046875,41846.4375
2024-02-23,1795.8134765625,53.169883728027344,6763.0,37.854522705078125,375.5652770996094,3829.903564453125,73.65444946289062,42853.046875
2024-02-26,1772.8223876953125,52.15773010253906,6460.10009765625,36.95090866088867,368.71954345703125,3741.552490234375,71.77784729003906,42716.58984375
2024-02-27,1797.812744140625,52.65013122558594,6560.0,37.07722473144531,371.8175964355469,3741.552490234375,72.55003356933594,44408.4453125
2024-02-28,1772.8223876953125,52.05742263793945,6420.0,36.34850311279297,373.2167663574219,3735.228759765625,70.8350601196289,44606.20703125
2024-02-29,1816.8056640625,52.28538513183594,6629.0,36.73715591430664,374.9156799316406,3735.228759765625,72.60391235351562,47462.87890625
2024-03-01,1816.3057861328125,53.197235107421875,6599.7998046875,36.8537483215332,382.2111511230469,3735.228759765625,72.4243392944336,48906.5390625
2024-03-04,1837.297607421875,52.941917419433594,6633.89990234375,37.23268127441406,379.9625549316406,3735.228759765625,73.43894958496094,46178.4140625
2024-03-05,1776.821044921875,52.42216491699219,6545.0,36.06673049926758,385.1093444824219,3735.228759765625,71.85865020751953,43853.72265625
2024-03-06,1740.8345947265625,53.39784240722656,6711.89990234375,37.05778503417969,388.9069519042969,3735.228759765625,73.07979583740234,44897.90234375
2024-03-07,1796.813232421875,54.05222702026367,6745.0,38.68040084838867,398.8507385253906,3735.228759765625,76.08775329589844,45025.4609375
2024-03-08,1768.823974609375,53.56610870361328,6604.0,38.71927261352539,400.49969482421875,3735.228759765625,77.47051239013672,44111.80078125
2024-03-11,1824.302734375,52.472354888916016,6480.0,39.27309036254883,398.15118408203125,3740.66162109375,77.62315368652344,46726.21484375
2024-03-12,1817.305419921875,52.350826263427734,6597.89990234375,39.21479797363281,399.7001953125,3996.98583984375,78.5659408569336,47270.05859375
2024-03-13,1913.2686767578125,53.16413116455078,6710.0,42.178253173828125,418.93817138671875,3926.35888671875,86.46744537353516,47464.85546875
2024-03-14,1909.2701416015625,52.388221740722656,6640.5,42.0908088684082,416.9893798828125,3926.35888671875,87.2575912475586,45726.52734375
2024-03-15,1947.255615234375,52.04232406616211,6408.7998046875,43.34420394897461,424.9344482421875,3926.35888671875,92.48334503173828,47214.68359375
2024-03-18,1930.7620849609375,52.238643646240234,6500.0,43.217891693115234,422.3360595703125,3918.788818359375,92.12418365478516,47266.1015625
2024-03-19,1916.2674560546875,52.949119567871094,6535.0,43.07215118408203,418.33856201171875,3918.788818359375,89.6100845336914,46027.125
2024-03-20,1925.26416015625,54.01483154296875,6968.0,44.7044792175293,415.9400939941406,3918.788818359375,92.69886016845703,48155.04296875
2024-03-21,1992.73828125,54.1176643371582,6999.0,44.92795181274414,427.7326965332031,3918.788818359375,92.9771957397461,47660.640625
2024-03-22,2006.233154296875,53.32305908203125,6839.5,43.82029724121094,428.5821533203125,3848.072265625,93.70448303222656,46770.7109375
2024-03-25,1977.244140625,53.248268127441406,6958.0,44.063201904296875,423.3354187011719,3848.072265625,93.28247833251953,45000.73828125
2024-03-26,1975.744873046875,52.86498260498047,6880.0,43.46079635620117,423.68524169921875,3848.072265625,91.67524719238281,45243.0
2024-03-27,1984.241455078125,53.78112030029297,6750.0,44.57816696166992,428.4822082519531,3848.072265625,93.66857147216797,47017.9140625
2024-03-28,2038.220947265625,53.93069839477539,6728.60009765625,45.68582534790039,435.028076171875,3848.072265625,95.64393615722656,47164.25390625
2024-04-01,,54.54768753051758,6897.0,45.987030029296875,,3831.327880859375,96.11085510253906,47515.28515625
2024-04-02,2065.21044921875,55.31425476074219,6978.0,47.007232666015625,448.1199645996094,3831.327880859375,96.76630401611328,46570.96875
2024-04-03,2099.197998046875,55.005760192871094,7080.0,48.20233154296875,458.0137634277344,3831.327880859375,99.8730239868164,46480.98828125
2024-04-04,2197.16015625,53.977439880371094,6910.0,47.7845344543457,463.2604675292969,3800.690185546875,98.40048217773438,45188.61328125
2024-04-05,2193.16162109375,53.902652740478516,6897.2001953125,48.06629943847656,457.8138732910156,3800.690185546875,99.02899932861328,44299.67578125
2024-04-08,2214.15380859375,55.80036926269531,7038.0,48.58126449584961,466.5084533691406,3800.690185546875,100.79785919189453,46474.06640625
2024-04-09,2268.133056640625,56.548240661621094,7109.0,49.84437942504883,472.7046203613281,3800.690185546875,104.56903076171875,47961.234375
2024-04-10,2242.14306640625,55.791019439697266,7129.0,49.47515869140625,467.7077331542969,3833.822265625,104.34455871582031,48237.1171875
2024-04-11,2217.152587890625,55.6134033203125,7150.0,49.300270080566406,461.861328125,3850.387939453125,105.00900268554688,48501.12890625
2024-04-12,2265.134033203125,54.7440071105957,7088.60009765625,48.20882034301758,485.3966979980469,3847.537841796875,103.48258209228516,46077.5546875
2024-04-15,2274.130859375,55.211421966552734,7041.0,48.74480438232422,481.3491516113281,3909.916015625,102.43204498291016,45386.37890625
2024-04-16,2207.15625,53.248268127441406,7020.0,48.150352478027344,466.30859375,3909.916015625,102.20756530761719,44496.44921875
2024-04-17,2268.133056640625,54.60377883911133,7050.0,48.54990005493164,472.5546569824219,3940.6884765625,102.51284790039062,44634.8828125
2024-04-18,2263.32958984375,54.21114730834961,6920.5,48.88123321533203,474.7033386230469,3940.6884765625,103.56338500976562,43794.39453125
2024-04-19,2249.333740234375,54.33267593383789,6874.0,48.345252990722656,474.0037536621094,3940.6884765625,101.84840393066406,42444.6640625
2024-04-22,2200.3486328125,54.697261810302734,6900.0,47.70207977294922,474.6033935546875,3940.6884765625,100.18729400634766,41510.23828125
2024-04-23,2154.362060546875,54.87488555908203,6880.0,46.76654815673828,468.2073974609375,4070.6572265625,98.44538879394531,42397.203125
2024-04-24,2165.35888671875,55.379695892333984,6919.89990234375,47.01018524169922,473.8039245605469,4072.8291015625,98.0772476196289,40555.05078125
2024-04-25,2226.340576171875,53.48197555541992,6909.89990234375,48.14060974121094,468.3073425292969,4072.8291015625,100.40278625488281,40835.87109375
2024-04-26,2254.33203125,52.75279998779297,6868.7998046875,49.21256637573242,469.206787109375,4072.8291015625,105.0000228881836,41727.77734375
2024-04-29,2281.32421875,53.1080436706543,6995.0,51.07387161254883,473.154296875,4149.0361328125,108.51079559326172,43754.83984375
2024-04-30,2209.345703125,51.56555938720703,6864.5,48.66683578491211,467.40789794921875,4163.33642578125,104.7575912475586,43359.31640625
2024-05-01,2167.358154296875,51.41598892211914,,48.63760757446289,466.2086486816406,,103.41073608398438,
2024-05-02,2131.368896484375,51.958194732666016,6900.0,47.53641128540039,458.4645690917969,4163.33642578125,101.48027038574219,43586.7421875
2024-05-03,2191.35107421875,52.59387969970703,6886.0,49.16383361816406,454.7664794921875,4163.33642578125,103.6262435913086,44407.453125
2024-05-06,,53.154781341552734,6900.0,49.69007110595703,,4163.33642578125,105.98771667480469,43952.6015625
2024-05-07,2197.34912109375,53.72503662109375,7095.0,50.07987594604492,467.7098388671875,4163.33642578125,103.32096099853516,44496.44921875
2024-05-08,2197.34912109375,52.818241119384766,7070.0,48.68632507324219,460.4635314941406,4163.33642578125,101.44435119628906,44531.05859375
2024-05-09,2229.33984375,53.3978385925293,7150.0,49.77777862548828,463.31207275390625,4163.33642578125,105.07185363769531,44402.51171875
2024-05-10,2254.33203125,53.46327590942383,7106.0,50.274776458740234,475.7557067871094,4163.33642578125,106.6252212524414,43208.02734375
2024-05-13,2257.33154296875,53.45393371582031,6915.0,50.71330261230469,475.1559753417969,4163.33642578125,108.34918975830078,43952.81640625
2024-05-14,2279.324951171875,54.959014892578125,6880.0,52.11659240722656,492.2472229003906,4163.33642578125,111.1506118774414,44595.546875
2024-05-15,2288.322265625,55.407737731933594,6851.0,52.24327850341797,487.6495666503906,4163.33642578125,110.3425064086914,43074.75
2024-05-16,2283.323974609375,56.10886764526367,6785.0,50.71330261230469,492.7469787597656,4322.3583984375,107.89125061035156,42421.140625
2024-05-17,2364.299560546875,57.464378356933594,6670.10009765625,52.847469329833984,496.7449035644531,4525.36572265625,112.55133056640625,41995.953125
2024-05-20,2392.29150390625,57.56721115112305,6665.0,53.4614143371582,501.2425842285156,4939.07470703125,116.0621109008789,42821.61328125
2024-05-21,2409.286376953125,57.61395263671875,,52.9351806640625,499.6434020996094,,113.77247619628906,
2024-05-22,2255.33203125,54.90292739868164,6586.0,49.923954010009766,482.7521057128906,4931.38134765625,104.74862670898438,42792.9375
2024-05-23,2258.3310546875,54.9216194152832,6542.0,49.89471435546875,483.201904296875,4889.47607421875,104.64984130859375,43625.51953125
2024-05-24,2245.3349609375,55.74428176879883,6683.2998046875,50.21630859375,483.7016296386719,4889.47607421875,105.51183319091797,44002.2578125
2024-05-27,,,6735.0,,,4889.47607421875,,44396.79296875
2024-05-28,2310.315673828125,55.71623229980469,6585.0,52.26276779174805,488.7490539550781,4889.47607421875,108.57365417480469,43778.78515625
2024-05-29,2269.327880859375,55.57600784301758,6451.0,51.4246940612793,483.0019836425781,4889.47607421875,107.28966522216797,42372.69140625
2024-05-30,2204.34716796875,54.83749008178711,6374.0,50.976417541503906,481.6526184082031,4530.9775390625,106.56236267089844,42341.046875
2024-05-31,2202.347900390625,55.650794982910156,6180.0,51.385711669921875,480.50323486328125,4530.9775390625,106.5174560546875,42521.01171875
2024-06-03,2214.343994140625,55.51057052612305,6145.0,50.71330261230469,481.2528991699219,4530.9775390625,103.93152618408203,41381.8984375
2024-06-04,2134.36767578125,54.28593444824219,6255.0,48.432960510253906,468.1595458984375,4530.9775390625,98.93023681640625,40742.13671875
2024-06-05,2150.363037109375,54.80009460449219,6272.0,49.202823638916016,469.8087158203125,4530.9775390625,100.42973327636719,42034.515625
2024-06-06,2213.3447265625,55.80971908569336,6281.0,49.94344711303711,476.955078125,4530.9775390625,102.23450469970703,42297.5390625
2024-06-07,2144.364990234375,54.39811325073242,6370.5,48.013919830322266,469.5089111328125,4530.9775390625,97.78093719482422,41321.58203125
2024-06-10,2158.360595703125,54.60377883911133,6427.7998046875,48.725311279296875,475.5557556152344,4530.9775390625,99.05594635009766,41703.26171875
2024-06-11,2066.387939453125,53.09869384765625,6250.0,48.08213806152344,465.31103515625,4530.9775390625,96.7214126586914,40911.22265625
2024-06-12,2072.38623046875,53.65024948120117,6120.0,47.94570541381836,462.6623840332031,4530.9775390625,97.0356674194336,40290.24609375
2024-06-13,2062.38916015625,53.61285400390625,6121.0,46.76654815673828,459.913818359375,4530.9775390625,95.2398910522461,39428.98828125
2024-06-14,2040.3956298828125,53.126739501953125,6050.0,46.88349151611328,454.316650390625,4530.9775390625,95.44639587402344,39341.97265625
2024-06-17,2032.39794921875,52.58453369140625,6010.2001953125,46.0551643371582,448.119873046875,4530.9775390625,94.5125961303711,39033.46484375
2024-06-18,2046.3939208984375,52.96781921386719,6121.0,46.47419738769531,453.21728515625,4530.9775390625,96.98180389404297,38553.88671875
2024-06-19,2056.39111328125,,6200.0,,455.9158630371094,4530.9775390625,,39354.828125
2024-06-20,2145.364501953125,53.48197555541992,,48.10163116455078,463.7118835449219,,99.25348663330078,
2024-06-21,2057.390625,52.89303207397461,6149.0,48.296531677246094,454.46661376953125,4530.9775390625,97.97848510742188,38168.25
2024-06-24,2120.3720703125,52.9958610534668,5945.10009765625,49.09562301635742,459.2641296386719,4525.36572265625,98.75067138671875,38316.57421875
2024-06-25,2116.373291015625,53.25761795043945,5790.0,48.608367919921875,454.2667236328125,4525.36572265625,98.05030822753906,37476.078125
2024-06-26,2110.374755859375,53.59415817260742,5880.0,48.20882034301758,453.9668884277344,4525.36572265625,97.68215942382812,40096.4375
2024-06-27,2092.38037109375,53.0426025390625,5890.0,47.08814239501953,452.5176086425781,4525.36572265625,96.73039245605469,39433.93359375
2024-06-28,2109.375244140625,53.36979293823242,5910.39990234375,47.36099624633789,450.86846923828125,4525.36572265625,96.7393798828125,37601.66015625
2024-07-01,2112.37451171875,53.94939041137695,6051.0,47.175846099853516,461.4630126953125,4525.36572265625,97.5474853515625,37891.3828125
2024-07-02,2082.38330078125,53.986785888671875,6003.2998046875,47.468196868896484,466.01068115234375,4525.36572265625,98.7147445678711,37774.703125
2024-07-03,2152.36279296875,55.6601448059082,6128.0,49.358741760253906,476.75518798828125,4525.36572265625,104.18293762207031,39463.59765625
2024-07-04,2170.35693359375,,6249.0,,480.5531921386719,4525.36572265625,,39484.36328125
2024-07-05,2203.347412109375,55.6134033203125,6125.0,50.2065544128418,482.8020324707031,4525.36572265625,104.82942199707031,38319.5390625
2024-07-08,2178.35498046875,54.54768753051758,6137.0,49.826507568359375,479.1039733886719,4525.36572265625,104.56004333496094,38662.65625
2024-07-09,2176.35546875,54.557037353515625,6090.0,49.504913330078125,475.8056335449219,4525.36572265625,103.24911499023438,37100.33203125
2024-07-10,2185.352783203125,54.734657287597656,5996.0,50.274776458740234,478.754150390625,4525.36572265625,104.46129608154297,37495.85546875
2024-07-11,2181.35400390625,54.435508728027344,5996.0,50.19681167602539,478.5542297363281,4525.36572265625,102.88997650146484,38266.14453125
2024-07-12,2224.341064453125,55.407737731933594,5881.0,49.97267532348633,478.1044616699219,4525.36572265625,103.43769073486328,38271.0859375
2024-07-15,2144.364990234375,54.51029968261719,5936.5,49.27874755859375,471.0580749511719,4525.36572265625,101.085205078125,37571.99609375
2024-07-16,2127.36962890625,53.47262954711914,,48.93666458129883,458.3146057128906,,100.38484191894531,
2024-07-17,1997.408447265625,53.27631378173828,5849.89990234375,47.4022102355957,458.2646789550781,4525.36572265625,98.66984558105469,37396.9765625
2024-07-18,1898.9375,52.46300506591797,5799.0,44.88060760498047,450.6685791015625,4525.36572265625,93.36327362060547,36843.23828125
2024-07-19,1921.430908203125,52.02363586425781,5833.39990234375,44.86106491088867,441.7231750488281,4525.36572265625,93.6506118774414,36789.84375
2024-07-22,1934.4271240234375,52.11711502075195,5750.0,44.968570709228516,443.1224670410156,4525.36572265625,94.1893539428711,36784.8984375
2024-07-23,1912.43359375,51.48143005371094,5580.0,44.24531936645508,433.17755126953125,4525.36572265625,94.89868927001953,35795.09375
2024-07-24,1945.423828125,50.88312911987305,5500.0,43.179996490478516,433.1275634765625,4525.36572265625,93.5428695678711,35222.5703125
2024-07-25,1934.4271240234375,51.21967315673828,5300.0,43.52206802368164,432.0780944824219,4525.36572265625,93.68653869628906,35127.64453125
2024-07-26,1966.4176025390625,51.7712287902832,5471.60009765625,43.98143005371094,433.37744140625,4525.36572265625,94.65625,35893.9765625
2024-07-29,1942.4248046875,51.425331115722656,5499.0,43.37546157836914,427.23065185546875,4525.36572265625,93.25553894042969,35997.80078125
2024-07-30,1930.9281005859375,50.583980560302734,5300.0,42.857460021972656,416.38616943359375,4525.36572265625,90.82223510742188,35626.99609375
2024-07-31,2019.40185546875,51.91144943237305,5310.0,44.38215255737305,429.5793762207031,4525.36572265625,95.72474670410156,35310.57421875
2024-08-01,1924.4300537109375,50.72420883178711,5250.0,42.642433166503906,414.9869079589844,4525.36572265625,91.78298950195312,34410.75390625
2024-08-02,1887.44091796875,50.49049758911133,5197.0,41.02001190185547,404.8420715332031,4497.8515625,89.33173370361328,33224.17578125
2024-08-05,1831.4576416015625,49.583709716796875,5135.7001953125,39.94491195678711,391.49896240234375,4299.09765625,87.51797485351562,31642.072265625
2024-08-06,1820.4608154296875,50.032432556152344,5211.2998046875,40.111061096191406,392.94818115234375,4299.09765625,89.07133483886719,32130.546875
2024-08-07,1815.9620361328125,49.32195281982422,5464.60009765625,38.62546920776367,403.9925537109375,4217.4599609375,87.13187408447266,32630.88671875
2024-08-08,1813.462890625,49.68654251098633,5410.0,40.111061096191406,402.9930725097656,4314.4833984375,90.17575073242188,33372.5
2024-08-09,1845.953125,50.25679397583008,5329.0,40.12083053588867,404.8920593261719,4314.4833984375,90.02745056152344,33911.40234375
2024-08-12,1878.9434814453125,50.06982421875,5234.0,40.61929702758789,410.0394287109375,4314.4833984375,91.07145690917969,32349.076171875
2024-08-13,1837.9556884765625,50.163307189941406,5228.0,40.94182205200195,405.19189453125,4314.4833984375,91.33470916748047,33471.37890625
2024-08-14,1840.954833984375,48.84518814086914,5271.7001953125,40.96137237548828,402.9930725097656,4314.4833984375,92.11542510986328,33509.9453125
2024-08-15,1886.941162109375,49.21912384033203,,42.59357452392578,408.29034423828125,,96.03715515136719,
2024-08-16,1875.444580078125,49.77067947387695,5321.10009765625,42.45673370361328,403.6427001953125,4434.8583984375,94.3032455444336,34371.203125
2024-08-19,1879.443359375,50.443756103515625,5485.0,43.24840545654297,414.9869079589844,4434.8583984375,95.58326721191406,34158.60546875
2024-08-20,1879.9432373046875,50.14461135864258,5573.0,42.544700622558594,409.989501953125,4434.8583984375,93.79488372802734,34005.33984375
2024-08-21,1848.4525146484375,51.74317932128906,5799.89990234375,42.89655303955078,413.0878601074219,4434.8583984375,94.68452453613281,34628.29296875
2024-08-22,1828.45849609375,50.752254486083984,5748.0,42.31991195678711,405.0919494628906,4434.8583984375,92.32421875,34212.9921875
2024-08-23,1877.44384765625,51.593605041503906,5700.0,43.64912796020508,410.8890075683594,4434.8583984375,94.97502136230469,34568.96484375
2024-08-26,,51.89275360107422,5773.0,44.16712951660156,,4434.8583984375,95.828369140625,34168.49609375
2024-08-27,1909.934326171875,52.04232406616211,5750.2001953125,44.20622253417969,410.289306640625,4434.8583984375,95.91915130615234,33768.0234375
2024-08-28,1795.968017578125,50.873779296875,5686.0,42.87700653076172,404.3423156738281,4434.8583984375,91.56166076660156,33609.8125
2024-08-29,1829.4581298828125,51.53751754760742,5675.0,42.837913513183594,399.9435119628906,4434.8583984375,92.07910919189453,35126.65625
2024-08-30,1852.4512939453125,51.53751754760742,5600.0,43.2777214050293,400.6432189941406,4434.8583984375,92.34237670898438,35201.8046875
2024-09-02,1841.9544677734375,,5475.89990234375,,399.54364013671875,4434.8583984375,,34632.25
2024-09-03,1756.479736328125,48.929325103759766,5317.7998046875,40.4238166809082,384.5994567871094,4434.8583984375,87.3131103515625,33421.9375
2024-09-04,1713.992431640625,48.84518814086914,5205.5,40.66815948486328,380.6510314941406,4434.8583984375,87.46743774414062,33817.46484375
2024-09-05,1702.05615234375,49.0882453918457,5205.0,40.46291732788086,379.2016296386719,4434.8583984375,87.74886322021484,33558.39453125
2024-09-06,1638.072998046875,48.041229248046875,5185.10009765625,39.0946044921875,366.9563903808594,4434.8583984375,85.42486572265625,32116.703125
2024-09-09,1659.0673828125,48.40581512451172,5207.10009765625,39.48555374145508,369.90521240234375,4434.8583984375,86.55963134765625,32522.1171875
2024-09-10,1663.0662841796875,47.975791931152344,5113.0,39.49531936645508,363.3078308105469,4434.8583984375,85.65182495117188,32393.572265625
2024-09-11,1685.560546875,49.36869812011719,5220.0,40.365177154541016,362.6580810546875,4434.8583984375,87.5582275390625,35548.87890625
2024-09-12,1725.05029296875,50.1820068359375,5300.0,40.86363983154297,372.50421142578125,4434.8583984375,88.96533203125,35201.8046875
2024-09-13,1751.04345703125,50.84532928466797,5200.0,41.69438934326172,377.202392578125,4434.8583984375,89.59172058105469,35104.90234375
2024-09-16,1761.040771484375,51.4702033996582,5195.0,41.91918182373047,377.5522766113281,4434.8583984375,90.29981231689453,34659.93359375
2024-09-17,1782.5350341796875,51.3836784362793,5097.0,42.15375518798828,379.151611328125,4525.36572265625,90.03654479980469,35112.8125
2024-09-18,1777.03662109375,50.999141693115234,,42.92587661743164,379.701416015625,,91.96109008789062,
2024-09-19,1857.515625,53.05641174316406,,44.11825942993164,,,95.22013092041016,
2024-09-20,1787.033935546875,51.71053695678711,,43.52206802368164,378.5518798828125,,94.04905700683594,
2024-09-23,1824.524169921875,52.479610443115234,5059.0,44.11825942993164,384.699462890625,4525.36572265625,96.28227996826172,34613.4609375
2024-09-24,1939.494384765625,55.132911682128906,5510.0,47.61723327636719,399.693603515625,4525.36572265625,103.2361068725586,35597.33203125
2024-09-25,1919.49951171875,55.49821853637695,5659.89990234375,47.21651077270508,403.1922302246094,4525.36572265625,101.01194763183594,35004.04296875
2024-09-26,2030.4705810546875,58.5552864074707,5999.0,50.735023498535156,422.8844909667969,4525.36572265625,109.32748413085938,36387.39453125
2024-09-27,2040.4678955078125,59.61275863647461,6000.0,50.177921295166016,426.8829040527344,4525.36572265625,107.91130828857422,36886.74609375
2024-09-30,2012.4752197265625,59.708892822265625,6030.0,48.790061950683594,427.53271484375,4525.36572265625,105.0063247680664,36887.734375
2024-10-01,1991.980712890625,59.97806930541992,5990.0,49.239654541015625,428.9321594238281,4525.36572265625,106.28633117675781,36986.6171875
2024-10-02,1992.9803466796875,60.01652145385742,5979.0,49.66969299316406,433.2304382324219,4525.4560546875,106.5132827758789,36887.734375
2024-10-03,1945.49267578125,58.53605651855469,5900.0,48.643463134765625,429.1320495605469,4525.4560546875,104.68858337402344,36684.0390625
2024-10-04,1972.485595703125,58.22842788696289,5950.0,49.40580749511719,432.9305725097656,4525.4560546875,107.07611846923828,37921.046875
2024-10-07,1989.9810791015625,58.45915222167969,6120.0,49.64037322998047,437.328857421875,4525.4560546875,106.73114776611328,38682.43359375
2024-10-08,1887.5078125,56.14231872558594,6000.0,47.490169525146484,417.3367004394531,4525.4560546875,102.68232727050781,38777.359375
2024-10-09,1896.0054931640625,55.930824279785156,6097.0,47.76383590698242,420.7353210449219,4525.4560546875,103.8806381225586,39947.12890625
2024-10-10,1915.5006103515625,56.63260269165039,6080.0,48.41866683959961,421.83489990234375,4525.4560546875,105.65087127685547,40145.87890625
2024-10-11,1917.0001220703125,56.67105484008789,6098.89990234375,48.8975715637207,424.08404541015625,4344.35107421875,106.79471588134766,38830.7578125
2024-10-14,1881.009521484375,57.13249969482422,6098.89990234375,47.75405502319336,420.3854675292969,4344.35107421875,106.73114776611328,38830.7578125
2024-10-15,1796.0316162109375,55.911598205566406,6098.89990234375,46.35212326049805,403.3921203613281,4344.35107421875,101.22982788085938,38830.7578125
2024-10-16,1819.025634765625,54.53688049316406,6098.89990234375,47.02857971191406,406.49090576171875,4344.35107421875,102.70956420898438,38830.7578125
2024-10-17,1802.030029296875,54.69069290161133,5829.0,47.008975982666016,403.04229736328125,4344.35107421875,101.66558837890625,35701.15625
2024-10-18,1828.523193359375,54.911800384521484,5893.7998046875,47.234458923339844,408.5401306152344,4344.35107421875,102.49169158935547,36795.7734375
2024-10-21,1814.5269775390625,54.14272689819336,6000.0,46.99916458129883,406.7408142089844,4344.35107421875,102.02871704101562,36887.734375
2024-10-22,1829.0230712890625,54.450355529785156,5956.2998046875,47.57759094238281,407.74041748046875,4443.90869140625,104.00773620605469,37913.13671875
2024-10-23,1811.0277099609375,53.57553482055664,5875.0,46.97956085205078,400.1434020996094,4443.90869140625,103.33594512939453,37039.0234375
2024-10-24,1793.5322265625,53.988914489746094,5860.0,45.92075729370117,397.94427490234375,4443.90869140625,103.97140502929688,37673.84375
2024-10-25,1810.5279541015625,54.25809097290039,5960.0,45.68546676635742,404.0418701171875,4434.8583984375,104.77030181884766,38380.84375
2024-10-28,1806.5289306640625,54.911800384521484,5900.0,45.81291580200195,404.89154052734375,4434.8583984375,104.22559356689453,39157.06640625
2024-10-29,1814.5269775390625,54.9310302734375,5900.0,45.65605163574219,404.44171142578125,4434.8583984375,103.86247253417969,38173.1953125
2024-10-30,1775.537109375,54.238861083984375,5770.0,45.067832946777344,409.43975830078125,4400.55615234375,101.53848266601562,36587.13671875
2024-10-31,1731.548583984375,53.315975189208984,,44.136474609375,406.14105224609375,,99.45053100585938,
2024-11-01,1762.5404052734375,53.77741622924805,,44.69529342651367,407.4905090332031,,99.9498291015625,
2024-11-04,1789.5333251953125,53.950462341308594,5829.2998046875,45.36194610595703,406.7408142089844,4400.55615234375,101.04827880859375,37671.86328125
2024-11-05,1792.03271484375,54.48881149291992,5700.0,46.067813873291016,407.2406005859375,4407.70654296875,103.50843048095703,36793.796875
2024-11-06,1726.0499267578125,53.77741622924805,5790.0,45.95016860961914,401.093017578125,4395.1259765625,100.61944580078125,36486.27734375
2024-11-07,1808.028564453125,55.51744842529297,5998.0,47.626609802246094,415.23748779296875,4395.1259765625,104.30425262451172,35642.81640625
2024-11-08,1688.5596923828125,53.05641174316406,5840.0,45.45018005371094,394.64556884765625,4395.1259765625,98.42327880859375,34707.3984375
2024-11-11,1656.068115234375,51.46058654785156,5681.0,44.01883316040039,388.3480529785156,4381.3681640625,96.26387023925781,36404.203125
2024-11-12,1622.0771484375,50.5665397644043,5560.0,42.744346618652344,376.302734375,4344.35107421875,94.37093353271484,36091.73828125
2024-11-13,1636.0733642578125,50.29736328125,5535.2001953125,42.27376174926758,376.35272216796875,4344.35107421875,92.79962158203125,37427.62890625
2024-11-14,1635.5736083984375,50.037803649902344,5500.0,42.42081832885742,374.5534362792969,4344.35107421875,92.13800811767578,36487.265625
2024-11-15,1659.5673828125,49.83592224121094,5390.0,41.86200714111328,379.2016296386719,4344.35107421875,91.1915512084961,36574.28125
2024-11-18,1679.5621337890625,50.460792541503906,5460.10009765625,42.6953239440918,383.3000183105469,4344.35107421875,93.57149505615234,37261.5078125
2024-11-19,1674.5633544921875,50.64345169067383,5488.0,43.25413513183594,379.3015441894531,4344.35107421875,95.36335754394531,37180.42578125
2024-11-20,1674.5633544921875,50.249298095703125,5510.89990234375,42.84238052368164,380.55108642578125,4344.35107421875,94.64659881591797,36883.78125
2024-11-21,1689.0595703125,50.00896453857422,5475.0,42.90120315551758,381.2507629394531,4335.30029296875,92.5147705078125,37634.2890625
2024-11-22,1664.0660400390625,50.335819244384766,5480.0,42.86198806762695,380.6510314941406,4294.2099609375,91.6510009765625,37303.0390625
2024-11-25,1671.064208984375,50.431949615478516,5370.0,43.509033203125,389.6474914550781,4294.2099609375,93.73689270019531,37179.43359375
2024-11-26,1665.06591796875,49.2110481262207,5399.0,42.62669372558594,378.6018371582031,4294.2099609375,90.54832458496094,36814.5625
2024-11-27,1664.56591796875,49.79746627807617,5365.0,42.90120315551758,375.7529296875,4294.2099609375,91.62342834472656,36735.45703125
2024-11-28,1671.564208984375,,5350.0,,373.6037902832031,4305.52392578125,,36734.46875
2024-11-29,1702.05615234375,50.61460876464844,5335.0,43.33256912231445,379.8013916015625,4305.52392578125,92.2115249633789,36783.91015625
2024-12-02,1714.552978515625,50.8068733215332,5385.0,42.7835578918457,376.9024658203125,4305.52392578125,91.93585205078125,37726.25
2024-12-03,1751.5433349609375,51.066436767578125,5376.0,42.96982955932617,381.8505554199219,4280.99560546875,93.11204528808594,37574.9609375
2024-12-04,1749.0440673828125,50.72035598754883,5390.5,42.19533157348633,378.05206298828125,4280.99560546875,93.01097106933594,36870.92578125
2024-12-05,1739.0465087890625,50.17238998413086,5340.0,41.95024108886719,377.1523742675781,4283.34912109375,92.91907501220703,36663.2734375
2024-12-06,1730.048828125,49.412933349609375,5328.39990234375,41.24436569213867,377.85211181640625,4253.93408203125,91.88990783691406,36592.078125
2024-12-09,1815.0267333984375,51.672080993652344,5500.0,42.87179183959961,394.695556640625,4280.6337890625,96.98059844970703,38587.5078125
2024-12-10,1752.0430908203125,51.33561325073242,5539.0,41.83259201049805,385.7490539550781,4280.6337890625,94.2055435180664,38514.3359375
2024-12-11,1762.5404052734375,51.48942947387695,5470.0,42.15612030029297,383.10009765625,4280.6337890625,95.11524963378906,38455.0078125
2024-12-12,1702.05615234375,50.422340393066406,5400.0,41.254180908203125,377.7521667480469,4253.93408203125,93.29582977294922,38069.3671875
2024-12-13,1687.56005859375,49.67249298095703,5302.0,40.7737922668457,370.9048156738281,4276.47021484375,91.88990783691406,37100.33203125
2024-12-16,1673.063720703125,49.1341438293457,5280.0,39.94047546386719,367.60614013671875,4276.47021484375,89.49159240722656,37031.11328125
2024-12-17,1642.0718994140625,49.02839660644531,5200.0,39.82282257080078,362.55810546875,4267.419921875,88.89430236816406,36739.4140625
2024-12-18,1637.572998046875,47.49024963378906,5251.0,37.95030975341797,362.15826416015625,4267.419921875,85.42085266113281,37266.44921875
2024-12-19,1585.5865478515625,47.048030853271484,5233.10009765625,37.48953628540039,353.96148681640625,4267.419921875,84.52033996582031,37031.11328125
2024-12-20,1613.079345703125,47.29798126220703,5160.7998046875,38.09736633300781,352.761962890625,4267.419921875,85.46680450439453,37172.515625
2024-12-23,1621.0771484375,47.49986267089844,5161.0,38.479713439941406,353.96148681640625,4267.419921875,85.98138427734375,36535.71875
2024-12-24,1617.5782470703125,47.50947570800781,5142.2001953125,38.45030212402344,355.21099853515625,4267.419921875,86.77164459228516,36527.8046875
2024-12-26,,47.44218063354492,5200.0,38.42089080810547,,4267.419921875,86.9278564453125,36498.140625
2024-12-27,1618.577880859375,47.307594299316406,5266.10009765625,38.09736633300781,354.4612731933594,4267.419921875,85.65058898925781,36534.7265625
2024-12-30,1590.0853271484375,46.89421463012695,5260.0,37.41110610961914,352.16217041015625,4267.419921875,84.03333282470703,36190.62109375
2024-12-31,1589.5855712890625,46.94228744506836,,37.33266830444336,353.2617492675781,,83.73927307128906,
2025-01-02,1613.5792236328125,47.307594299316406,5160.10009765625,37.136600494384766,362.50811767578125,4267.419921875,84.68573760986328,35884.08984375
2025-01-03,1590.585205078125,46.923057556152344,5156.2001953125,36.969932556152344,361.45855712890625,4267.419921875,84.54792022705078,36651.41015625
2025-01-06,1642.0718994140625,46.61542892456055,5153.7001953125,37.813053131103516,366.5565490722656,4267.419921875,85.97219848632812,38269.109375
2025-01-07,1633.0740966796875,46.317413330078125,5140.0,37.9797248840332,361.0587158203125,4267.419921875,86.17436218261719,38812.95703125
2025-01-08,1663.5662841796875,46.83654022216797,5098.2998046875,38.9600944519043,363.8076477050781,4267.419921875,87.84676361083984,38780.328125
2025-01-09,1717.5521240234375,,5115.0,,365.55694580078125,4267.419921875,,38168.25
2025-01-10,1696.5576171875,46.66349792480469,5142.39990234375,38.21501159667969,358.5597229003906,4267.419921875,86.93704986572266,38563.77734375
2025-01-13,1690.55908203125,47.39411163330078,5142.0,38.63656997680664,363.8076477050781,4267.419921875,87.06568908691406,38272.07421875
2025-01-14,1688.5596923828125,47.70174026489258,5202.0,38.72481155395508,367.4562072753906,4267.419921875,87.60784912109375,39253.96875
2025-01-15,1696.5576171875,47.8843994140625,5260.0,39.39399719238281,368.6057434082031,4267.419921875,89.1240234375,39749.36328125
2025-01-16,1737.546875,47.644065856933594,5360.0,39.39399719238281,369.90521240234375,4267.419921875,89.51914978027344,39898.67578125
2025-01-17,1763.5401611328125,48.1535758972168,5395.0,39.58098220825195,380.0013122558594,4406.3486328125,90.16238403320312,39552.58984375
2025-01-20,1780.035888671875,,5390.0,,387.04852294921875,4521.2021484375,,39681.13671875
2025-01-21,1762.5404052734375,48.18241500854492,5346.60009765625,39.65970993041992,380.45111083984375,4573.15380859375,90.67697143554688,39765.1875
2025-01-22,1741.0460205078125,47.17300796508789,5336.0,38.468936920166016,377.0524597167969,4588.720703125,88.53592681884766,38761.5390625
2025-01-23,1729.549072265625,47.55754470825195,5326.60009765625,37.888309478759766,373.3538818359375,4589.17333984375,89.29862213134766,38415.453125
2025-01-24,1754.0426025390625,47.942081451416016,5374.0,37.20927047729492,375.2531433105469,4589.17333984375,88.67375183105469,38445.1171875
2025-01-27,1696.0577392578125,47.97092056274414,5340.0,36.08738327026367,361.35858154296875,4480.11181640625,86.50516510009766,37871.60546875
2025-01-28,1658.5675048828125,46.82691955566406,5397.89990234375,35.270572662353516,354.8111572265625,4480.11181640625,83.17874908447266,37893.359375
2025-01-29,1692.0587158203125,46.903831481933594,5400.0,35.70358657836914,345.3648376464844,4480.11181640625,83.9598159790039,38958.3125
2025-01-30,1744.545166015625,47.826717376708984,5450.0,36.057861328125,352.81195068359375,4525.36572265625,85.13600158691406,39947.12890625
2025-01-31,1724.55029296875,47.249916076660156,5439.0,35.28041076660156,350.3628845214844,4525.36572265625,84.18953704833984,38316.57421875
2025-02-03,1680.561767578125,46.903831481933594,5365.2001953125,35.29025650024414,341.9661865234375,4525.36572265625,82.6365966796875,38069.3671875
2025-02-04,1698.5570068359375,47.90362548828125,5300.0,35.90040588378906,348.463623046875,4525.36572265625,85.69652557373047,38548.9453125
2025-02-05,1694.55810546875,48.11511993408203,5199.89990234375,36.09722900390625,348.06378173828125,4525.36572265625,85.85274505615234,37379.17578125
2025-02-06,1783.0350341796875,48.730377197265625,5260.0,36.55976486206055,354.31134033203125,4525.36572265625,86.93704986572266,36858.0703125
2025-02-07,1806.0291748046875,48.40352249145508,5300.0,37.61275863647461,358.459716796875,4539.21337890625,88.87592315673828,36877.84765625
2025-02-10,1835.021484375,48.85535430908203,5190.0,37.848941802978516,359.3094177246094,4539.21337890625,89.16998291015625,36670.1953125
2025-02-11,1798.0311279296875,48.25932312011719,5100.0,36.992767333984375,349.51318359375,4409.06396484375,85.23184967041016,36047.2421875
2025-02-12,1799.0308837890625,48.7015380859375,5075.0,37.35689163208008,340.8666076660156,4407.9775390625,87.24024200439453,35508.33984375
2025-02-13,1841.519775390625,49.82630920410156,5150.0,39.58098220825195,345.31488037109375,4553.96630859375,90.55363464355469,36576.2578125
2025-02-14,1836.021240234375,49.55712890625,5178.0,38.84290313720703,353.0618591308594,4553.96630859375,90.02609252929688,36190.62109375
2025-02-17,1835.5213623046875,,5150.39990234375,,350.2629089355469,4553.96630859375,,35597.33203125
2025-02-18,1834.521728515625,49.93205261230469,5160.0,38.675594329833984,353.41168212890625,4525.36572265625,90.17416381835938,36486.27734375
2025-02-19,1850.0177001953125,49.10530471801758,5156.39990234375,37.95719909667969,327.6717529296875,4525.36572265625,89.2023696899414,36289.50390625
2025-02-20,1846.5185546875,50.095481872558594,5194.89990234375,38.340999603271484,325.42266845703125,4525.36572265625,90.53512573242188,36932.23046875
2025-02-21,1819.5255126953125,49.45138168334961,5170.39990234375,36.392459869384766,323.72332763671875,4525.4560546875,85.99078369140625,36882.7890625
2025-02-24,1769.038818359375,49.11491394042969,5148.89990234375,36.5203971862793,317.82562255859375,4525.4560546875,85.98152160644531,37080.5546875
2025-02-25,1729.549072265625,48.739994049072266,5161.39990234375,36.17595672607422,315.4765625,4525.36572265625,86.09259033203125,37030.125
2025-02-26,1791.032958984375,48.27854919433594,5270.0,37.347049713134766,321.7740783691406,4482.103515625,86.30546569824219,36981.671875
2025-02-27,1776.5367431640625,47.45179748535156,5317.7998046875,36.825469970703125,316.7260437011719,4482.103515625,83.75099182128906,37822.1640625
2025-02-28,1733.048095703125,46.60581588745117,5325.0,36.323570251464844,319.025146484375,4482.103515625,82.30718994140625,36330.04296875
2025-03-03,1780.035888671875,46.95189666748047,5287.5,34.96549606323242,323.3234558105469,4482.103515625,80.25251007080078,36190.62109375
2025-03-04,1709.55419921875,47.31720733642578,5200.0,34.345516204833984,312.7276306152344,4482.103515625,79.5213394165039,36179.7421875
2025-03-05,1820.025390625,48.749603271484375,5210.0,37.553714752197266,320.77447509765625,4525.36572265625,83.75099182128906,36426.94921875
2025-03-06,1863.0142822265625,48.730377197265625,5249.0,37.08134078979492,327.3719177246094,4525.36572265625,84.05642700195312,37278.31640625
2025-03-07,1844.01904296875,49.19130325317383,5250.0,36.353092193603516,319.025146484375,4503.64404296875,84.18599700927734,38120.78515625
2025-03-10,1768.0389404296875,48.65192413330078,5120.0,33.95186233520508,315.1766357421875,4524.4609375,81.87217712402344,38514.3359375
2025-03-11,1749.0440673828125,48.818641662597656,5160.0,35.3099365234375,313.52728271484375,4524.4609375,82.24238586425781,39344.94140625
2025-03-12,1758.0416259765625,47.426063537597656,5171.2998046875,36.195640563964844,312.37774658203125,4524.4609375,83.61216735839844,38563.77734375
2025-03-13,1807.5286865234375,47.71046447753906,5314.89990234375,36.98292922973633,312.427734375,4581.02783203125,85.52801513671875,38464.89453125
2025-03-14,1851.017333984375,48.49501419067383,5415.0,38.232749938964844,320.6245422363281,4579.669921875,88.9709701538086,39503.1484375
2025-03-17,1893.0064697265625,49.5933837890625,5405.2998046875,38.88226318359375,318.72528076171875,4579.669921875,90.59065246582031,41243.46484375
2025-03-18,1945.9925537109375,49.56396484375,5360.0,39.2070198059082,318.97515869140625,4579.669921875,91.442138671875,40885.51171875
2025-03-19,1936.4949951171875,49.09323501586914,5300.0,39.77780532836914,314.9267272949219,4579.669921875,92.12702941894531,41042.734375
2025-03-20,1909.0023193359375,48.35771942138672,5250.0,40.05335998535156,309.87872314453125,4579.669921875,91.83085632324219,40398.02734375
2025-03-21,1817.0262451171875,48.200809478759766,5250.0,39.61050796508789,299.08294677734375,4579.669921875,92.93224334716797,39799.79296875
2025-03-24,1866.5133056640625,48.3479118347168,5275.0,40.94890213012695,302.7815246582031,4525.36572265625,92.2195816040039,39616.86328125
2025-03-25,1925.4979248046875,48.69115447998047,5208.2998046875,42.326656341552734,304.3808898925781,4525.36572265625,93.92256164550781,38412.48828125
2025-03-26,1889.5072021484375,48.85786819458008,5100.0,40.83080291748047,303.8810729980469,4525.36572265625,90.4240493774414,37872.59375
2025-03-27,1777.03662109375,48.671539306640625,5137.0,39.34479904174805,297.5335693359375,4615.873046875,89.62810516357422,37563.09375
2025-03-28,1731.548583984375,47.97524642944336,5179.0,37.80957794189453,292.435546875,4615.873046875,87.12918090820312,37771.734375
2025-03-31,1668.0650634765625,47.60258865356445,5150.0,37.258480072021484,280.1903381347656,4615.873046875,86.49981689453125,37377.19921875
2025-04-01,1687.56005859375,47.83795166015625,5184.5,37.52418899536133,284.0388488769531,4615.873046875,86.8885498046875,37327.7578125
2025-04-02,1682.0614013671875,46.95533752441406,5154.7998046875,37.59307861328125,282.8393249511719,4615.873046875,87.33280181884766,37474.1015625
2025-04-03,1561.5928955078125,45.58237075805664,5140.0,32.97759246826172,260.6979675292969,4615.873046875,80.2710189819336,36969.80859375
2025-04-04,1415.6307373046875,41.257537841796875,5017.2998046875,28.68686294555664,236.8073272705078,4480.11181640625,72.55211639404297,35498.44921875
2025-04-07,1382.639404296875,41.502708435058594,4862.0,29.887481689453125,229.9600067138672,4480.11181640625,73.48690032958984,34015.2265625
2025-04-08,1389.1376953125,39.443267822265625,4480.0,28.74591064453125,238.5066680908203,4480.11181640625,69.99766540527344,31246.546875
2025-04-09,1387.6380615234375,43.49350357055664,4598.0,33.20393753051758,238.1068115234375,4480.11181640625,78.13304138183594,34430.53125
2025-04-10,1455.620361328125,42.650115966796875,4428.0,30.851909637451172,244.90415954589844,4434.8583984375,75.74518585205078,32531.017578125
2025-04-11,1470.11669921875,44.37612533569336,4504.5,32.82013702392578,253.55076599121094,4434.8583984375,78.3274154663086,33471.37890625
2025-04-14,1517.6043701171875,45.39604187011719,4503.2998046875,33.21377944946289,259.9482421875,4527.990234375,81.1410140991211,34209.03515625
2025-04-15,1536.099365234375,45.3568115234375,4554.5,32.98642349243164,255.84986877441406,4527.990234375,80.36357116699219,33609.8125
2025-04-16,1553.5948486328125,44.74878692626953,4558.0,32.93699645996094,257.04937744140625,4525.36572265625,79.77123260498047,33159.90234375
2025-04-17,1538.2734375,45.59217834472656,4689.7001953125,32.52182388305664,255.6499481201172,4563.8310546875,79.83602905273438,33619.703125
2025-04-21,,45.98445129394531,4798.5,32.571250915527344,,4807.9306640625,80.1877212524414,32502.341796875
2025-04-22,1565.2694091796875,46.72977828979492,4735.0,33.668495178222656,256.1997375488281,4807.9306640625,82.4737777709961,33026.4140625
2025-04-23,1675.253173828125,47.4456787109375,4809.89990234375,34.78550338745117,266.3457946777344,4807.9306640625,85.37993621826172,32729.76953125
2025-04-24,1686.2515869140625,48.35771942138672,4849.89990234375,37.19745635986328,267.645263671875,4807.9306640625,88.69332122802734,33190.5546875
2025-04-25,1697.7498779296875,47.278961181640625,4831.89990234375,36.92066955566406,268.3450012207031,4807.9306640625,87.25875091552734,33125.29296875
2025-04-28,1679.252685546875,47.48490524291992,4889.0,36.81194305419922,265.3961181640625,4805.546875,86.8330078125,32482.564453125
2025-04-29,1693.75048828125,47.66142654418945,4923.60009765625,36.74274444580078,263.7967529296875,4805.546875,85.95376586914062,32848.42578125
2025-04-30,1632.759521484375,46.63170623779297,4870.0,35.615848541259766,244.30438232421875,4817.3701171875,82.85323333740234,32235.361328125
2025-05-01,1674.25341796875,46.78861618041992,,35.991477966308594,244.4419403076172,,83.1494140625,
2025-05-02,1701.749267578125,47.88698959350586,4949.7998046875,37.16779708862305,246.8413543701172,4817.3701171875,84.83821868896484,32215.5859375
2025-05-05,,47.6810417175293,4967.5,36.92066955566406,,4817.3701171875,83.34173583984375,31544.1796875
2025-05-06,1717.7469482421875,47.88698959350586,4930.0,37.4841194152832,247.691162109375,4834.1513671875,85.19586944580078,31493.75
2025-05-07,1694.7503662109375,47.43587112426758,4925.0,36.59446716308594,251.9401397705078,4817.3701171875,82.31585693359375,31152.609375
2025-05-08,1715.247314453125,47.23973083496094,4846.89990234375,37.04917907714844,252.73995971679688,4817.3701171875,82.89937591552734,31740.955078125
2025-05-09,1733.2447509765625,47.73007583618164,4840.0,37.42481231689453,252.24008178710938,4862.755859375,84.12291717529297,32426.203125
2025-05-12,1833.22998046875,48.93632507324219,4900.0,38.660438537597656,267.58642578125,4862.755859375,86.83352661132812,33767.03515625
2025-05-13,1838.229248046875,49.82875061035156,4944.89990234375,39.01630783081055,269.6859436035156,4939.03466796875,87.80294799804688,33421.9375
2025-05-14,1874.223876953125,49.32859802246094,5075.10009765625,38.611019134521484,273.6849670410156,4939.03466796875,87.9064712524414,33362.609375
2025-05-15,1855.7266845703125,49.55415725708008,5108.10009765625,38.027801513671875,270.5357360839844,4948.18798828125,86.78646850585938,32511.240234375
2025-05-16,1820.7318115234375,49.534542083740234,5110.5,37.582969665527344,265.9367980957031,4958.10400390625,85.44998931884766,32433.125
2025-05-19,1799.7349853515625,49.37763214111328,5120.0,38.35400390625,263.63739013671875,4958.10400390625,86.2405776977539,32027.7109375
2025-05-20,1789.736328125,48.75979995727539,5125.0,37.95860290527344,270.8856506347656,4965.3505859375,86.27823638916016,32040.564453125
2025-05-21,1780.7376708984375,48.38713836669922,,37.573089599609375,267.0865478515625,,85.58175659179688,
2025-05-22,1752.2418212890625,48.200809478759766,5143.89990234375,37.26665496826172,266.83660888671875,4958.5810546875,85.10173797607422,31146.67578125
2025-05-23,1775.738525390625,48.926517486572266,5167.10009765625,38.57147979736328,269.0860595703125,5005.7783203125,86.9088134765625,30663.146484375
2025-05-26,,,5215.5,,,5053.4521484375,,30752.138671875
2025-05-27,1796.7353515625,48.838253021240234,5214.0,39.18435287475586,274.3348083496094,5018.26904296875,87.68058776855469,30263.6640625
2025-05-28,1775.238525390625,48.24984359741211,5169.7998046875,38.44297409057617,271.9853515625,5014.455078125,86.3441162109375,29152.236328125
2025-05-29,1777.7381591796875,48.3184928894043,5208.0,38.58135986328125,277.833984375,5038.005859375,86.95587921142578,29219.4765625
2025-05-30,1770.2392578125,48.04389953613281,5050.0,38.037681579589844,283.3326721191406,5038.005859375,85.56292724609375,27949.837890625
2025-06-02,1804.734130859375,48.47540283203125,5029.0,39.68849563598633,284.7323303222656,5038.005859375,87.01235961914062,27775.806640625
2025-06-03,1793.2359619140625,47.66142654418945,5014.10009765625,39.77745819091797,282.63287353515625,5038.005859375,87.05941772460938,28723.091796875
2025-06-04,1849.7275390625,48.151771545410156,5193.0,40.39033126831055,288.4314880371094,5048.11279296875,88.22647857666016,29726.73828125
2025-06-05,1947.213134765625,48.867679595947266,5244.0,41.210784912109375,292.78045654296875,5256.4482421875,90.41943359375,29863.1953125
2025-06-06,1895.2208251953125,48.62250518798828,5231.0,41.00320053100586,288.03155517578125,5256.4482421875,90.01472473144531,30454.505859375
2025-06-09,1894.220947265625,49.21091842651367,5202.10009765625,41.85331726074219,291.0308532714844,5148.80029296875,91.22884368896484,31246.546875
2025-06-10,1884.222412109375,49.89739990234375,5187.2998046875,41.705039978027344,289.9311218261719,5148.80029296875,91.87825775146484,31567.912109375
2025-06-11,1836.2294921875,49.63261413574219,5080.0,40.53860092163086,288.9313659667969,5101.12646484375,90.41002655029297,31311.80859375
2025-06-12,1814.2327880859375,48.84806442260742,5015.60009765625,40.70664596557617,287.5816650390625,5244.1484375,90.29707336425781,30752.138671875
2025-06-13,1790.7362060546875,47.612396240234375,4956.7998046875,40.46940612792969,291.6307067871094,5244.1484375,89.18648529052734,30356.61328125
2025-06-16,1799.7349853515625,47.95563888549805,4984.5,41.428253173828125,291.5807189941406,5244.1484375,90.77708435058594,30554.376953125
2025-06-17,1772.2388916015625,46.85726547241211,4926.2001953125,40.89446258544922,286.48193359375,5244.1484375,89.72295379638672,30071.833984375
2025-06-18,1758.7408447265625,46.700355529785156,4929.5,40.70664596557617,289.1813049316406,5244.1484375,89.64765167236328,30852.009765625
2025-06-19,1699.7496337890625,,4737.5,,283.53265380859375,5053.4521484375,,30652.26953125
2025-06-20,1698.2498779296875,45.24893569946289,,39.75768280029297,286.2820129394531,,87.96295166015625,
2025-06-23,1694.7503662109375,45.92561340332031,4639.89990234375,40.46940612792969,285.3822021484375,5053.4521484375,89.08295440673828,30959.791015625
2025-06-24,1734.24462890625,46.37672805786133,4740.0,41.52710723876953,275.03466796875,5053.4521484375,91.21002197265625,31592.6328125
2025-06-25,1725.7457275390625,45.83735275268555,4740.0,41.131710052490234,273.2350769042969,4969.73681640625,91.3700180053711,31729.087890625
2025-06-26,1829.73046875,47.40645217895508,4811.2998046875,43.948944091796875,288.1315612792969,5101.7939453125,98.48536682128906,32512.23046875
2025-06-27,1827.2308349609375,47.6810417175293,4780.0,43.36573028564453,286.63189697265625,5101.7939453125,96.48065948486328,32729.76953125
2025-06-30,1809.2335205078125,47.161277770996094,4798.5,42.851707458496094,283.53265380859375,5101.7939453125,95.2194595336914,32828.65234375
2025-07-01,1831.730224609375,47.73007583618164,4785.10009765625,43.54365539550781,291.1808166503906,5141.17236328125,96.09475708007812,32185.919921875
2025-07-02,1915.7177734375,49.75029373168945,4895.0,45.24388885498047,305.92730712890625,5175.59326171875,99.85008239746094,34015.2265625
2025-07-03,1933.715087890625,49.544349670410156,4924.89990234375,45.27354049682617,306.1272888183594,5175.59326171875,99.63361358642578,34015.2265625
2025-07-04,1896.7205810546875,,4951.2998046875,,302.778076171875,5217.73681640625,,33875.8046875
2025-07-07,1909.21875,48.43617248535156,4840.89990234375,44.61124038696289,297.8292541503906,5217.73681640625,98.36302185058594,33412.05078125
2025-07-08,1919.21728515625,48.40675354003906,4837.39990234375,45.73814010620117,306.32720947265625,5507.59521484375,96.94183349609375,34459.20703125
2025-07-09,1863.7254638671875,48.65192413330078,4700.0,45.06595230102539,298.1291809082031,5507.59521484375,94.04299926757812,35399.5703125
2025-07-10,1883.2225341796875,50.515228271484375,4781.89990234375,46.667335510253906,309.87640380859375,5507.59521484375,96.24535369873047,36833.3515625
2025-07-11,1887.2220458984375,51.07422637939453,4763.7998046875,45.827110290527344,312.42578125,5507.59521484375,95.63358306884766,35706.1015625
2025-07-14,1863.2254638671875,50.91731262207031,4760.0,45.105499267578125,310.1263427734375,5507.59521484375,94.09945678710938,36368.60546875
2025-07-15,1838.729248046875,49.397247314453125,4701.0,43.75669479370117,309.37652587890625,5507.59521484375,91.81238555908203,34905.16015625
2025-07-16,1835.7296142578125,50.18179702758789,,43.61784744262695,306.6771545410156,,90.9747314453125,
2025-07-17,1821.2318115234375,50.69175338745117,4750.0,44.093894958496094,303.2279357910156,5507.59521484375,90.83355712890625,37080.5546875
2025-07-18,1868.2247314453125,50.83885955810547,4765.0,44.431095123291016,303.4778747558594,5507.59521484375,90.76766967773438,36881.80078125
2025-07-21,1956.2119140625,52.15298080444336,4750.0,44.81788635253906,312.67572021484375,5453.056640625,92.28297424316406,36190.62109375
2025-07-22,1992.20654296875,53.996673583984375,4749.89990234375,45.42285919189453,,5458.68212890625,93.31826782226562,38574.65234375
2025-07-23,2015.703125,54.24184799194336,4715.0,44.470767974853516,326.3724670410156,5488.9072265625,94.89946746826172,37317.87109375
2025-07-24,2014.7032470703125,53.03560256958008,4751.2001953125,44.21290969848633,322.67333984375,5522.66064453125,93.62886810302734,38761.5390625
2025-07-25,2012.7034912109375,52.12356185913086,4770.60009765625,44.520355224609375,318.1744079589844,5803.55615234375,92.41474151611328,39700.9140625
2025-07-28,2000.705322265625,51.27035903930664,4666.2998046875,43.42941665649414,316.6247863769531,5806.70263671875,91.39826202392578,37574.9609375
2025-07-29,1985.2076416015625,51.692054748535156,4670.0,42.8740234375,305.82733154296875,5806.70263671875,90.9747314453125,37080.5546875
2025-07-30,1994.206298828125,49.67184066772461,4618.0,38.81770324707031,311.6259765625,5718.505859375,85.2146987915039,36042.296875
2025-07-31,1876.7235107421875,49.69145202636719,4630.0,39.90864944458008,304.6776123046875,5698.7685546875,88.62177276611328,35369.90625
2025-08-01,1889.7215576171875,49.75029373168945,4679.0,39.70037078857422,300.2786560058594,5698.7685546875,86.2688217163086,34321.76171875
2025-08-04,1922.216796875,50.63291549682617,4692.7998046875,40.08716583251953,298.9289855957031,5698.7685546875,87.57706451416016,34618.40625
2025-08-05,1927.716064453125,50.14257049560547,4694.5,39.70037078857422,300.9784851074219,5698.7685546875,88.97001647949219,34458.21875
2025-08-06,1967.210205078125,50.544654846191406,4719.5,39.531776428222656,284.6823425292969,5713.4521484375,89.47825622558594,34855.71875
2025-08-07,1973.709228515625,51.10364532470703,4720.0,40.46403121948242,280.3833923339844,5713.4521484375,91.77474212646484,36981.671875
2025-08-08,2023.701904296875,51.83916091918945,4719.0,41.52521896362305,288.1815490722656,5713.4521484375,94.21239471435547,40393.08203125
2025-08-11,2036.699951171875,52.28047180175781,4779.0,41.11860275268555,293.0303955078125,5719.93603515625,90.46649169921875,44495.67578125
2025-08-12,2077.694091796875,52.99637222290039,4800.0,41.802921295166016,295.1299133300781,5720.88916015625,92.47120666503906,43329.86328125
2025-08-13,2110.68896484375,53.67304611206055,4805.0,42.3880615234375,296.07965087890625,5758.45654296875,93.64768981933594,43705.61328125
2025-08-14,2095.69140625,52.78062057495117,4816.0,41.931846618652344,294.4300537109375,5782.86572265625,91.87825775146484,43221.09375
2025-08-15,2121.6875,53.104248046875,,42.01118850708008,299.6788024902344,,91.88643646240234,
2025-08-18,2101.6904296875,52.39815139770508,4821.0,41.406211853027344,288.1815490722656,5804.033203125,91.8960189819336,44002.2578125
2025-08-19,2114.6884765625,52.66293716430664,4802.0,41.11860275268555,292.0306396484375,5763.12841796875,90.3337631225586,42964.0
2025-08-20,2115.6884765625,52.55506134033203,4814.0,40.9698371887207,291.6307067871094,5720.88916015625,89.80660247802734,41592.515625
2025-08-21,2135.685302734375,53.447486877441406,4794.10009765625,41.37645721435547,292.28057861328125,5902.05078125,89.83536529541016,43266.578125
2025-08-22,2166.6806640625,54.86948776245117,4859.0,42.92361068725586,294.2301025390625,5732.14013671875,93.487060546875,43853.93359375
2025-08-25,,54.692962646484375,4950.0,43.33023452758789,,5806.13037109375,92.97908020019531,44348.34375
2025-08-26,2159.681884765625,54.575279235839844,4945.0,43.98480224609375,293.0803527832031,5817.19091796875,93.71707916259766,43321.953125
2025-08-27,2137.68505859375,54.79103088378906,4987.0,43.508758544921875,293.3302917480469,5817.19091796875,92.21231842041016,44919.87890625
2025-08-28,2157.68212890625,55.03620147705078,5159.0,44.004638671875,294.6174011230469,5995.30126953125,92.70112609863281,43887.5546875
2025-08-29,2144.68408203125,54.692962646484375,5198.0,44.03438949584961,292.1676940917969,5795.73779296875,92.09730529785156,43601.7890625
2025-09-01,2145.683837890625,,5201.2998046875,,288.9680480957031,5730.04296875,,42964.0
2025-09-02,2130.686279296875,54.59489059448242,5269.0,44.569942474365234,284.2685546875,5730.04296875,93.2091064453125,41905.96875
2025-09-03,2196.67626953125,54.81064224243164,5359.0,45.82948684692383,286.91827392578125,5888.03466796875,96.73619079589844,41965.30078125
2025-09-04,2146.8037109375,54.477210998535156,5350.0,45.69063949584961,285.41845703125,5902.05078125,96.6307601928711,42473.55078125
2025-09-05,2132.804931640625,53.3396110534668,5360.0,45.95841598510742,286.8682861328125,5878.2138671875,98.70101165771484,43666.05859375
2025-09-08,2151.80322265625,53.153282165527344,5301.0,46.275779724121094,286.46832275390625,5902.05078125,99.09397888183594,43013.44140625
2025-09-09,2193.79931640625,52.12356185913086,5270.0,43.52859115600586,301.61663818359375,5902.05078125,95.7585678100586,39799.79296875
2025-09-10,2195.79931640625,52.22163009643555,5300.0,44.51043701171875,296.56719970703125,5902.05078125,97.85758209228516,39651.47265625
2025-09-11,2199.798828125,53.1630859375,5399.0,45.541873931884766,298.5669860839844,5902.05078125,100.68500518798828,40047.0
2025-09-12,2229.796142578125,53.02579116821289,5400.0,44.35175704956055,303.4664306640625,5927.41357421875,101.7680435180664,39255.9453125
2025-09-15,2280.79150390625,53.741695404052734,5433.89990234375,45.26417922973633,306.8160705566406,5958.30615234375,105.37181091308594,40907.265625
2025-09-16,2283.791259765625,53.06502151489258,5398.0,44.926979064941406,310.5156555175781,5840.4560546875,103.9437255859375,40580.95703125
2025-09-17,2270.792236328125,52.14317321777344,5400.0,44.71870803833008,306.1661682128906,5840.4560546875,102.43896484375,40788.609375
2025-09-18,2283.791259765625,51.17229080200195,,44.560028076171875,307.3160095214844,,102.80317687988281,
2025-09-19,2322.78759765625,51.13306427001953,,44.569942474365234,312.9154052734375,,105.41973114013672,
2025-09-22,2359.7841796875,52.12356185913086,5399.89990234375,44.78813171386719,319.0647277832031,5880.501953125,106.80948638916016,41470.890625
2025-09-23,2417.77880859375,52.26085662841797,5435.0,44.98648452758789,320.7645263671875,5911.58544921875,105.67851257324219,41050.64453125
2025-09-24,2641.758544921875,52.466800689697266,5421.39990234375,37.359806060791016,330.2134704589844,5996.541015625,114.53457641601562,41552.96484375
2025-09-25,2597.762451171875,54.614505767822266,5300.0,35.04899215698242,332.3132629394531,6078.54052734375,113.05857849121094,42103.734375
2025-09-26,2665.75634765625,53.68285369873047,5315.10009765625,35.45561981201172,335.712890625,6146.71435546875,112.13845825195312,42029.5703125
2025-09-29,2806.743408203125,55.134273529052734,5210.89990234375,36.814334869384766,341.4122619628906,6086.83544921875,116.05851745605469,41980.1328125
2025-09-30,2750.74853515625,54.67334747314453,5244.7998046875,38.89704513549805,341.5622253417969,6169.3115234375,116.31729125976562,41020.98046875
2025-10-01,2699.753173828125,54.67334747314453,5208.0,38.76811599731445,339.91241455078125,6169.3115234375,117.54410552978516,41221.7109375
2025-10-02,2673.755615234375,54.42817687988281,5188.0,38.5499267578125,341.0622863769531,6345.419921875,120.11275482177734,42024.62890625
2025-10-03,2714.751708984375,54.39875793457031,5197.10009765625,39.34333801269531,347.66156005859375,6633.84814453125,122.95934295654297,41016.03515625
2025-10-06,2697.75341796875,54.88909912109375,5200.7001953125,39.98798751831055,353.6609191894531,6641.09423828125,124.57911682128906,41233.57421875
2025-10-07,2679.7548828125,54.13397216796875,5300.0,40.354942321777344,356.5605773925781,6624.02734375,121.46415710449219,41284.00390625
2025-10-08,2792.74462890625,54.97736358642578,5380.0,42.49715042114258,355.7106628417969,6624.02734375,127.02316284179688,41677.5546875
2025-10-09,2765.7470703125,54.95774841308594,5350.0,42.953365325927734,357.1105041503906,6773.34228515625,125.14460754394531,40984.39453125
2025-10-10,2692.753662109375,52.58448028564453,5290.0,40.54338073730469,345.811767578125,6677.42236328125,119.90189361572266,38712.09765625
2025-10-13,2826.741455078125,54.63412094116211,5329.89990234375,42.427730560302734,357.21051025390625,6674.37109375,127.66532897949219,40887.4921875
2025-10-14,2757.747802734375,55.330406188964844,5353.7001953125,41.62440490722656,353.3609313964844,6674.37109375,125.31712341308594,42420.15234375
2025-10-15,2774.746337890625,55.595191955566406,5449.0,41.51491165161133,353.2109375,6579.02294921875,126.4193344116211,43012.453125
2025-10-16,2786.7451171875,55.193111419677734,5629.89990234375,41.50496292114258,351.46112060546875,6579.02294921875,127.7323989868164,42271.83203125
2025-10-17,2662.756591796875,54.51643753051758,5620.0,40.987396240234375,345.7617492675781,6540.40673828125,124.41618347167969,41332.45703125
2025-10-20,2696.75341796875,55.703067779541016,5614.7998046875,41.99266815185547,349.3613586425781,6483.6748046875,129.33302307128906,41429.359375
2025-10-21,2635.759033203125,54.88909912109375,5635.0,41.11678695678711,344.3619079589844,6483.0068359375,122.98809051513672,40047.0
2025-10-22,2637.7587890625,54.71257781982422,5761.10009765625,40.589263916015625,340.1623840332031,6469.9443359375,121.64627075195312,39604.0078125
2025-10-23,2641.758544921875,54.222232818603516,5893.89990234375,41.03715896606445,344.96185302734375,6483.6748046875,123.0360107421875,41235.5546875
2025-10-24,2675.75537109375,54.54585647583008,6019.0,41.1765022277832,346.01171875,6482.72119140625,123.96570587158203,42520.0234375
2025-10-27,2712.751953125,55.29118347167969,5910.0,40.90776824951172,347.5115661621094,6489.2998046875,127.46405029296875,41436.28125
2025-10-28,2771.74658203125,56.02669906616211,6077.0,40.97743606567383,351.4111633300781,6554.32763671875,132.61090087890625,41413.5390625
2025-10-29,2853.739013671875,56.840667724609375,6200.7001953125,41.99266815185547,371.2089538574219,6959.4619140625,135.79296875,43364.47265625
2025-10-30,2814.74267578125,56.13457489013672,6300.0,41.534820556640625,365.3096008300781,6959.4619140625,134.28819274902344,44910.9765625
2025-10-31,2789.744873046875,55.9482421875,,41.50496292114258,364.40972900390625,,133.0326385498047,
2025-11-03,2744.7490234375,55.06562423706055,6349.0,40.987396240234375,356.7105407714844,6912.45556640625,132.5438232421875,45238.27734375
2025-11-04,2662.756591796875,53.38864517211914,6225.0,39.23562240600586,350.5612487792969,6878.3203125,125.35546112060547,42519.03515625
2025-11-05,2652.75732421875,54.43798065185547,6250.0,40.02192687988281,355.91064453125,6877.1767578125,130.27230834960938,44209.91015625
2025-11-06,2745.7490234375,54.53605270385742,6264.0,38.4692268371582,359.7102355957031,6877.1767578125,131.53746032714844,43806.47265625
2025-11-07,2722.7509765625,54.09474182128906,6328.0,39.623802185058594,357.5604553222656,6805.09326171875,130.9336395263672,45187.84765625
2025-11-10,2749.74853515625,54.78122329711914,6274.2998046875,40.75846862792969,362.7598876953125,6894.81591796875,133.69395446777344,48145.390625
2025-11-11,2766.7470703125,54.692962646484375,6329.0,40.877906799316406,367.7593078613281,6894.81591796875,132.76426696777344,47662.84765625
2025-11-12,2806.743408203125,55.232337951660156,6351.0,41.61444854736328,371.60888671875,6886.0439453125,133.00869750976562,48844.484375
2025-11-13,2794.744384765625,54.86948776245117,6444.0,40.35038757324219,373.0587463378906,6944.01513671875,128.38967895507812,48798.0078125
2025-11-14,2777.74609375,54.16339111328125,6360.0,39.972164154052734,365.7595520019531,6911.6923828125,127.08660888671875,50034.02734375
2025-11-17,2737.749755859375,53.53575134277344,6429.7998046875,38.817588806152344,363.8097839355469,7062.91455078125,123.5469741821289,55669.28125
2025-11-18,2636.7587890625,52.67274475097656,6330.0,39.81291198730469,355.61065673828125,6881.08544921875,120.71720886230469,55284.6328125
2025-11-19,2644.758056640625,52.437381744384766,6300.0,41.057064056396484,352.8609619140625,7113.92578125,121.92302703857422,57454.09375
2025-11-20,2646.758056640625,51.56456756591797,6287.89990234375,39.44464111328125,349.0113830566406,6917.5087890625,116.71080780029297,56115.23828125
2025-11-21,2576.764404296875,52.05491256713867,6269.0,39.68351745605469,334.96295166015625,6964.51513671875,120.27961730957031,55472.5078125
2025-11-24,2593.762939453125,51.90781021118164,6200.0,40.59921646118164,343.41204833984375,7018.57763671875,123.30387115478516,54088.16796875
2025-11-25,2670.755859375,52.64332580566406,6289.0,40.877906799316406,346.51165771484375,7018.482421875,125.55989837646484,57449.1484375
2025-11-26,2727.75048828125,53.820152282714844,6354.89990234375,41.952857971191406,350.01129150390625,7062.056640625,129.36209106445312,57356.19921875
2025-11-27,2689.754150390625,,6428.39990234375,,356.66058349609375,7336.373046875,,57840.71875
2025-11-28,2757.747802734375,53.67304611206055,6468.0,42.77897262573242,360.7601013183594,7885.4833984375,131.0638427734375,59328.88671875
2025-12-01,2819.7421875,54.10454559326172,6490.0,42.868553161621094,364.6596984863281,7880.04833984375,131.0443878173828,58834.48046875
2025-12-02,2770.74658203125,55.18330764770508,6640.0,42.76902389526367,360.3101501464844,8242.4658203125,131.18052673339844,58686.15625
2025-12-03,2906.734130859375,56.80143737792969,6970.0,44.32172393798828,383.0576477050781,8531.658203125,134.768798828125,57361.14453125
2025-12-04,2980.7275390625,57.8311653137207,6975.0,44.40135192871094,382.857666015625,8345.7294921875,136.09130859375,55168.94140625
2025-12-05,3009.724853515625,57.713478088378906,6979.0,44.988590240478516,379.8080139160156,8459.3837890625,136.5386199951172,56639.30859375
2025-12-08,2957.7294921875,57.21332931518555,,44.78952407836914,378.85809326171875,,137.1512451171875,
2025-12-09,2920.73291015625,57.87038803100586,6951.0,44.59046173095703,380.4579162597656,8517.736328125,136.5288848876953,57736.89453125
2025-12-10,2919.73291015625,59.36103439331055,7013.0,46.23274230957031,380.3579406738281,8854.697265625,140.0101776123047,57460.02734375
2025-12-11,2962.72900390625,59.74350357055664,7048.5,47.884979248046875,382.9576416015625,9493.1484375,143.55955505371094,58982.80078125
2025-12-12,2931.73193359375,58.488224029541016,7070.0,47.15839767456055,375.45849609375,9487.6181640625,138.48345947265625,58775.1484375
2025-12-15,3039.721923828125,58.046913146972656,7000.0,47.2977409362793,380.75787353515625,9511.5498046875,139.89349365234375,58340.0703125
2025-12-16,3049.72119140625,57.48792266845703,6990.0,47.31764602661133,373.25872802734375,9486.5693359375,136.40248107910156,58122.53125
2025-12-17,3087.7177734375,57.90961837768555,6850.0,47.596336364746094,378.9081115722656,9486.9501953125,137.54994201660156,60673.67578125
2025-12-18,3117.71484375,58.125370025634766,7009.89990234375,47.69586944580078,386.7572326660156,9437.9423828125,138.3570556640625,60524.36328125
2025-12-19,3140.712890625,58.17440414428711,7086.0,48.92011642456055,389.5069274902344,10488.296875,140.02964782714844,61702.04296875
2025-12-22,3167.71044921875,59.59640121459961,7300.0,50.40314483642578,389.9068908691406,10678.9931640625,143.1219482421875,63076.49609375
2025-12-23,3234.7041015625,59.90041732788086,7425.0,51.65725326538086,393.8564453125,11174.8037109375,143.9387969970703,63729.11328125
2025-12-24,3223.705322265625,59.6944694519043,7456.0,51.67715835571289,394.2563781738281,11437.96484375,144.04576110839844,63036.94140625
2025-12-26,,60.69477081298828,7420.39990234375,52.79192352294922,,12022.44921875,145.39744567871094,64462.8125
2025-12-29,3210.706298828125,59.22373962402344,7400.0,51.23921585083008,396.4561462402344,11921.3798828125,141.29379272460938,63877.43359375
2025-12-30,3315.69677734375,59.74350357055664,7420.0,51.1695442199707,406.4550476074219,11953.7978515625,141.46884155273438,63086.3828125
2025-12-31,3278.7001953125,59.204124450683594,,50.55244827270508,406.5050354003906,,139.5142364501953,
2026-01-02,3255.702392578125,60.56727981567383,7495.0,51.68711471557617,408.7547912597656,12572.607421875,144.59031677246094,61420.23046875
2026-01-05,3458.683837890625,61.920631408691406,7630.0,54.155513763427734,419.2536315917969,12824.3271484375,150.13316345214844,63145.7109375
2026-01-06,3541.676025390625,63.54857635498047,7790.0,55.88737487792969,427.9027099609375,13701.5302734375,155.66627502441406,65758.15625
2026-01-07,3386.6904296875,62.62672805786133,7952.2998046875,55.24041748046875,422.75323486328125,14443.3388671875,153.73114013671875,66646.1171875
2026-01-08,3335.695068359375,61.73430252075195,8128.0,53.96640396118164,412.954345703125,15126.03125,156.12332153320312,66230.8125
2026-01-09,3472.682373046875,60.52805709838867,8145.0,56.265594482421875,452.5999450683594,15525.5400390625,165.8184051513672,65479.3125
2026-01-12,3511.678955078125,61.587196350097656,8224.900390625,58.435401916503906,468.4482116699219,16769.833984375,171.1473388671875,68030.453125
2026-01-13,3531.677001953125,62.75421905517578,8339.0,59.06245422363281,470.14801025390625,21253.103515625,169.56227111816406,71441.8671875
2026-01-14,3575.673095703125,64.74501037597656,8398.7998046875,60.06772994995117,484.146484375,19180.234375,175.2898712158203,72282.359375
2026-01-15,3664.664794921875,64.75482177734375,8560.0,59.8282585144043,490.9457092285156,16018.490234375,177.92515563964844,70433.2734375
2026-01-16,3559.674560546875,63.60741424560547,8600.0,58.58100509643555,478.5470886230469,15576.07421875,175.96084594726562,68259.859375
2026-01-19,3611.669677734375,,8564.5,,480.9967956542969,17264.69140625,,67733.8125
2026-01-20,3546.67578125,63.14649200439453,8450.0,59.938018798828125,481.94671630859375,17973.126953125,181.1147003173828,69662.0
2026-01-21,3594.67138671875,64.34293365478516,8279.0,60.4468994140625,499.9447021484375,18497.54296875,178.98509216308594,70601.375
2026-01-22,3516.678466796875,63.71529006958008,8300.0,58.72069549560547,490.0957946777344,18448.9140625,171.5460205078125,71886.8359375
2026-01-23,3583.67236328125,66.2160415649414,8120.0,60.27727127075195,500.9446105957031,18657.7265625,179.21849060058594,72776.765625
2026-01-26,3774.65478515625,66.46121215820312,8250.0,61.03559875488281,500.0447082519531,18831.259765625,183.21514892578125,72677.8828125
2026-01-27,3755.656494140625,69.1286849975586,8220.0,62.73186492919922,503.7442932128906,18116.150390625,189.46788024902344,71886.8359375
2026-01-28,3707.660888671875,69.58960723876953,8000.0,63.490196228027344,505.7440490722656,18116.150390625,192.71578979492188,71184.7734375
2026-01-29,3785.65380859375,70.77623748779297,8190.0,64.98690032958984,507.8438415527344,17944.5234375,202.1969451904297,68972.796875
2026-01-30,3647.66650390625,67.40267944335938,8250.0,60.09766387939453,499.1947937011719,17782.431640625,185.07249450683594,66942.7578125
2026-02-02,3639.667236328125,68.0499267578125,8450.0,60.62649917602539,500.9446105957031,17715.6875,187.48411560058594,64955.2421875
2026-02-03,3867.646240234375,71.33523559570312,8328.900390625,64.52790832519531,517.2427978515625,18008.40625,209.4998779296875,66250.5859375
2026-02-04,3626.66845703125,70.82527923583984,8025.10009765625,61.72408676147461,511.14349365234375,17830.10546875,190.56671142578125,62713.59765625
2026-02-05,3534.6767578125,67.7655258178711,7950.0,59.08988571166992,475.19744873046875,17621.29296875,184.23622131347656,61182.9140625
2026-02-06,3580.672607421875,68.29510498046875,7800.0,60.53669738769531,478.0471496582031,16781.275390625,194.5244903564453,61061.2890625
2026-02-09,3817.65087890625,70.28589630126953,7991.0,63.47024154663086,501.0445861816406,16832.763671875,202.5373077392578,60070.49609375
2026-02-10,3647.66650390625,70.95276641845703,7640.0,63.12100601196289,496.3951110839844,16329.3251953125,195.90377807617188,59046.0859375
2026-02-11,3869.646240234375,73.6790771484375,7479.89990234375,65.31617736816406,502.8443908691406,15255.705078125,203.4089813232422,63274.2578125
2026-02-12,3728.658935546875,71.35485076904297,7152.10009765625,61.903690338134766,494.1953430175781,14940.1025390625,194.8695831298828,60614.34375
2026-02-13,3710.66064453125,71.96287536621094,7000.0,62.70193099975586,494.4453125,14303.1767578125,195.01731872558594,60871.4375
2026-02-16,3745.657470703125,,6973.0,,492.8454895019531,14351.8046875,,61305.52734375
2026-02-17,3616.669189453125,72.85530090332031,7100.0,60.95577621459961,485.9462585449219,13491.763671875,185.16796875,62147.0078125
2026-02-18,3999.63427734375,73.09066772460938,7050.0,62.412567138671875,507.6438903808594,13114.185546875,189.7577667236328,62512.87109375
2026-02-19,3874.645751953125,73.6202392578125,6810.0,62.432525634765625,,13825.482421875,191.1465301513672,61997.69921875
2026-02-20,3991.635009765625,75.33644104003906,7100.0,64.1986312866211,506.9439392089844,16091.908203125,197.98199462890625,61988.796875
2026-02-23,4080.626953125,76.50346374511719,7000.0,65.4059829711914,512.9432983398438,15356.7734375,203.93099975585938,62580.109375
2026-02-24,4212.61474609375,78.11178588867188,6909.7001953125,67.7308578491211,519.2425537109375,13903.66796875,207.5161590576172,64569.60546875
2026-02-25,4454.5927734375,80.10258483886719,7068.0,68.66879272460938,534.44091796875,15255.705078125,211.95822143554688,67536.046875
2026-02-26,4259.6103515625,79.50436401367188,6980.0,68.2297592163086,525.44189453125,15465.470703125,212.45069885253906,66838.9375
2026-02-27,4327.6044921875,79.99470520019531,7107.0,67.930419921875,533.9409790039062,16173.9072265625,215.0115203857422,65953.9453125
2026-03-02,4157.61962890625,81.40689849853516,6883.0,68.13996124267578,534.3409423828125,16170.09375,215.55323791503906,65558.421875
2026-03-03,3914.64208984375,76.8172836303711,6750.0,65.42593383789062,526.2418212890625,15732.4453125,203.1233673095703,62839.1796875
2026-03-04,4044.630126953125,76.62113952636719,6599.89990234375,65.78514099121094,528.3416137695312,15796.3291015625,203.546875,63877.43359375
2026-03-05,3856.6474609375,74.13999938964844,6395.0,62.5223274230957,515.2430419921875,15254.7509765625,188.9796600341797,63383.02734375
2026-03-06,3737.658203125,71.8499984741211,6402.0,59.229576110839844,502.744384765625,15255.705078125,182.18360900878906,64269.9921875
2026-03-09,3661.665283203125,72.88999938964844,6580.0,60.35709762573242,506.74395751953125,15245.216796875,187.76820373535156,66240.703125
2026-03-10,3880.645263671875,73.88999938964844,6736.0,62.262901306152344,522.5421752929688,15640.9111328125,193.20504760742188,67732.8203125
2026-03-11,3824.650146484375,73.3499984741211,6650.0,61.404788970947266,523.3421630859375,15640.9111328125,189.12741088867188,68227.2265625
2026-03-12,3707.660888671875,70.7699966430664,6791.10009765625,59.07990646362305,531.1412963867188,15640.9111328125,177.8400421142578,69019.2734375
2026-03-13,3502.6796875,68.73999786376953,6761.39990234375,56.256126403808594,518.3427124023438,14935.3349609375,168.25662231445312,68173.8359375
2026-03-16,3520.677978515625,70.30999755859375,6871.10009765625,57.80271911621094,515.9429321289062,15177.51953125,174.13668823242188,68536.7265625
2026-03-17,3561.67431640625,70.4800033569336,6834.39990234375,57.96236801147461,524.1420288085938,15446.4013671875,174.35337829589844,69711.4375
2026-03-18,3468.682861328125,68.30000305175781,6900.0,55.32817077636719,525.8418579101562,15124.1240234375,164.20852661132812,68564.4140625
2026-03-19,3272.70068359375,67.37000274658203,6715.0,53.50218963623047,518.1427001953125,14767.5224609375,157.40261840820312,66309.921875
2026-03-20,3142.712646484375,65.29000091552734,6400.0,51.97555160522461,520.04248046875,14492.919921875,150.40957641601562,63297.98828125
2026-03-23,3372.691650390625,68.20999908447266,6275.0,54.81928634643555,515.54296875,14966.7998046875,157.18594360351562,67634.9296875
2026-03-24,3380.69091796875,68.7699966430664,6361.0,56.35590362548828,527.8416748046875,14966.7998046875,157.47157287597656,67157.3359375
2026-03-25,3473.682373046875,70.01000213623047,6460.0,56.96456527709961,537.2406005859375,14826.6376953125,162.99705505371094,71659.40625
2026-03-26,3245.703125,68.5,6650.0,55.70733642578125,531.941162109375,14811.3828125,157.35337829589844,70907.90625
2026-03-27,3265.701416015625,69.5,6771.39990234375,56.11643600463867,538.3405151367188,14228.8056640625,159.6285858154297,75100.484375
2026-03-30,3160.7109375,69.0199966430664,6701.5,54.52992630004883,553.4387817382812,14327.9677734375,156.880615234375,74655.515625
2026-03-31,3326.69580078125,72.73999786376953,6940.0,58.65085220336914,565.4375,15202.3095703125,169.46807861328125,74111.6640625
2026-04-01,3481.681640625,73.55999755859375,7115.0,61.06553649902344,562.4378051757812,15124.1240234375,175.2693634033203,73375.9921875
2026-04-02,3456.683837890625,73.23999786376953,7059.10009765625,61.245140075683594,563.5376586914062,15124.1240234375,175.1511688232422,74111.6640625
2026-04-06,,72.79000091552734,7067.39990234375,60.915863037109375,,14811.3828125,174.00865173339844,72501.875
2026-04-07,3470.1826171875,73.30999755859375,6921.89990234375,60.62649917602539,557.9382934570312,14484.337890625,171.3493194580078,70860.4453125
2026-04-08,3776.654541015625,76.95999908447266,6970.0,64.95696258544922,562.7377319335938,14951.5439453125,184.35047912597656,73853.5859375
2026-04-09,3676.663818359375,77.2300033569336,6835.39990234375,66.30399322509766,560.4380493164062,14402.3388671875,185.21722412109375,72722.3828125
2026-04-10,3787.653564453125,76.80999755859375,6810.0,67.65103912353516,565.637451171875,14590.1748046875,189.65927124023438,72925.0859375
2026-04-13,3767.655517578125,78.0999984741211,6945.0,67.88052368164062,564.03759765625,15017.0,193.42172241210938,77226.4375
2026-04-14,3874.645751953125,79.16999816894531,6910.0,68.1199951171875,562.5377807617188,15150.0,190.4570770263672,78116.3671875
2026-04-15,3889.644287109375,79.47000122070312,6950.0,68.69999694824219,555.1386108398438,15242.0,186.44837951660156,76563.9296875
2026-04-16,3770.0,79.47000122070312,6890.0,68.27999877929688,557.8383178710938,15478.0,185.41419982910156,83565.7265625
2026-04-17,3959.0,80.44999694824219,6880.0,70.20999908447266,547.0394897460938,15471.0,191.39276123046875,77275.875
2026-04-20,3783.5,79.58999633789062,6840.60009765625,70.18000030517578,549.6392211914062,15471.0,187.8863983154297,76732.0234375
2026-04-21,3708.0,77.69000244140625,6810.7001953125,67.56999969482422,549.0392456054688,15499.0,180.7653045654297,76682.5859375
2026-04-22,3782.5,80.55999755859375,6850.0,70.36000061035156,562.937744140625,15499.0,184.88233947753906,76720.1640625
2026-04-23,3831.0,79.83999633789062,6899.7998046875,61.47999954223633,562.4378051757812,15166.0,179.50457763671875,75939.984375
2026-04-24,3686.0,79.81999969482422,7050.0,61.04999923706055,557.4383544921875,15255.0,177.71200561523438,78414.9921875
2026-04-27,3610.0,79.83999633789062,7065.89990234375,60.56999969482422,551.4390258789062,15494.0,175.43679809570312,80291.7578125
2026-04-28,3488.0,78.12000274658203,7034.7998046875,58.209999084472656,550.839111328125,15213.0,167.9217529296875,78414.9921875
2026-04-29,3438.0,77.05999755859375,6988.0,56.93000030517578,553.2388305664062,14500.0,165.8927764892578,81779.921875
2026-04-30,3549.5,79.30000305175781,7015.0,57.779998779296875,567.7371826171875,15000.0,169.10366821289062,81829.3671875
2026-05-01,3551.0,79.05999755859375,,56.54999923706055,562.937744140625,,168.60134887695312,
2026-05-04,,77.87000274658203,7045.2001953125,55.56999969482422,,14901.0,163.7948455810547,80768.3671875
2026-05-05,3561.5,79.23999786376953,7081.0,57.68000030517578,559.7380981445312,15047.0,168.45361328125,82704.46875
2026-05-06,3818.5,84.33000183105469,7119.5,60.88999938964844,568.8370971679688,15385.0,181.13958740234375,82846.859375
2026-05-07,3898.5,82.55000305175781,7300.0,60.61000061035156,564.4000244140625,15494.0,176.8354034423828,81082.8125
2026-05-08,3904.5,84.72000122070312,7330.0,61.650001525878906,563.2000122070312,15627.0,182.49879455566406,82056.0
2026-05-11,4042.0,87.6500015258789,7170.0,64.37000274658203,575.7999877929688,15844.0,182.439697265625,83517.0
2026-05-12,3954.0,88.31999969482422,7005.60009765625,66.02999877929688,573.4000244140625,16245.0,188.86148071289062,84802.0
2026-05-13,4299.0,90.80999755859375,6730.0,67.16000366210938,592.0999755859375,16196.0,191.88999938964844,81340.0
2026-05-14,4267.0,88.93000030517578,6700.0,66.13999938964844,595.9000244140625,16140.0,188.5,78199.0
2026-05-15,3810.0,84.4000015258789,6607.5,63.0099983215332,574.2999877929688,16300.0,176.77999877929688,76590.0
2026-05-18,3786.0,84.0199966430664,6550.0,60.5,573.7000122070312,16408.0,171.89999389648438,74600.0
2026-05-19,3649.0,81.87000274658203,6531.2998046875,58.70000076293945,562.5,16259.0,169.0,73190.0
2026-05-20,3822.0,83.55000305175781,6700.0,60.869998931884766,566.0999755859375,16800.0,174.08999633789062,72900.0
2026-05-21,3894.0,84.94000244140625,,62.310001373291016,574.0,,179.1199951171875,
2026-05-22,3931.0,84.5999984741211,6940.0,61.9900016784668,569.0999755859375,16997.0,179.6699981689453,71950.0
2026-05-25,,,6902.0,,,17270.0,,73510.0
2026-05-26,4075.0,86.48999786376953,6766.39990234375,64.36000061035156,585.5,17496.0,189.8800048828125,72594.0
2026-05-27,4093.0,87.83000183105469,6820.0,63.630001068115234,574.5,17698.0,187.75,75439.0
2026-05-28,4166.0,87.80000305175781,6809.0,65.87000274658203,573.5999755859375,17698.0,194.8800048828125,75368.0
2026-05-29,4098.0,88.91000366210938,6849.0,65.70999908447266,567.7999877929688,17698.0,191.3000030517578,76200.0
