fecha,ANTO.L,PUCOBRE.SN,CAP.SN,SQM-B.SN,SCCO,FCX,BHP,GLEN.L
2000-01-03,0.0,30000.0,318300.0,346153.0,64075.0,1455000.0,68140.0,
2000-01-04,145175.0,50000.0,201600.0,112608.0,37430.0,1618200.0,111857.0,
2000-01-05,2249895.0,40000.0,12000.0,159520.0,59000.0,1535600.0,234705.0,
2000-01-06,180700.0,0.0,98700.0,104282.0,115463.0,2296600.0,48358.0,
2000-01-07,844800.0,0.0,23900.0,112507.0,59635.0,2253000.0,292832.0,
2000-01-10,1696985.0,80000.0,70300.0,261569.0,91990.0,1169200.0,101844.0,
2000-01-11,956805.0,20000.0,66900.0,273856.0,19667.0,845400.0,66431.0,
2000-01-12,535500.0,30000.0,215500.0,646308.0,158603.0,1784000.0,158017.0,
2000-01-13,704260.0,10000.0,279200.0,1837181.0,267087.0,1897600.0,90365.0,
2000-01-14,124910.0,110000.0,206700.0,1000381.0,1136229.0,1986800.0,20760.0,
2000-01-17,1972915.0,40000.0,584800.0,218414.0,,,,
2000-01-18,5115.0,4600.0,154200.0,496433.0,88183.0,1356000.0,63744.0,
2000-01-19,101680.0,10000.0,206500.0,467799.0,154162.0,1086000.0,41519.0,
2000-01-20,480925.0,120000.0,21100.0,1648213.0,448528.0,1130400.0,27598.0,
2000-01-21,1231860.0,1400.0,71900.0,589851.0,248689.0,1141000.0,55440.0,
2000-01-24,145000.0,10000.0,8100.0,115350.0,112291.0,711400.0,176823.0,
2000-01-25,388675.0,2000.0,34700.0,214759.0,91355.0,592200.0,30773.0,
2000-01-26,598360.0,30000.0,71800.0,54222.0,55828.0,877400.0,55440.0,
2000-01-27,166950.0,3100.0,59900.0,38077.0,105312.0,1056800.0,43961.0,
2000-01-28,23040.0,0.0,58500.0,134440.0,67882.0,1770800.0,34436.0,
2000-01-31,382245.0,7000.0,78300.0,66915.0,59635.0,859400.0,125778.0,
2000-02-01,155500.0,6900.0,89400.0,106618.0,47581.0,735600.0,63011.0,
2000-02-02,1944080.0,1500.0,28500.0,404234.0,135764.0,1475200.0,63011.0,
2000-02-03,117540.0,5200.0,62900.0,175158.0,47581.0,1541000.0,18317.0,
2000-02-04,104805.0,10000.0,143900.0,243901.0,210624.0,1479400.0,32238.0,
2000-02-07,155500.0,1500.0,30300.0,82146.0,38699.0,1530800.0,162657.0,
2000-02-08,68545.0,0.0,126900.0,255274.0,60269.0,1079800.0,30529.0,
2000-02-09,1482115.0,3000.0,82100.0,81334.0,107850.0,1466600.0,58127.0,
2000-02-10,116585.0,0.0,117600.0,54933.0,58366.0,1569000.0,26621.0,
2000-02-11,89025.0,0.0,184200.0,33203.0,86914.0,1071400.0,61058.0,
2000-02-14,19705.0,20000.0,24300.0,147437.0,43774.0,757800.0,70582.0,
2000-02-15,63150.0,900.0,49000.0,390628.0,66613.0,1684400.0,122848.0,
2000-02-16,126650.0,0.0,11000.0,75343.0,39968.0,616600.0,41519.0,
2000-02-17,130890.0,0.0,0.0,299444.0,187785.0,775800.0,144584.0,
2000-02-18,289680.0,10000.0,116800.0,24979.0,9516.0,1126400.0,70338.0,
2000-02-21,122405.0,0.0,11500.0,2132.0,,,,
2000-02-22,441500.0,0.0,20500.0,13098.0,76129.0,915400.0,283551.0,
2000-02-23,688545.0,0.0,41100.0,66407.0,149721.0,771400.0,235194.0,
2000-02-24,775500.0,0.0,13000.0,377935.0,215065.0,1482600.0,465503.0,
2000-02-25,73760.0,0.0,9800.0,316503.0,787938.0,1446400.0,294053.0,
2000-02-28,100010.0,0.0,0.0,170081.0,132592.0,1726600.0,150446.0,
2000-02-29,258020.0,0.0,39400.0,604981.0,425055.0,886400.0,267920.0,
2000-03-01,1618535.0,0.0,50200.0,707029.0,76764.0,1116600.0,83038.0,
2000-03-02,76960.0,10000.0,22400.0,926967.0,261377.0,1086800.0,72536.0,
2000-03-03,1457980.0,0.0,30600.0,819638.0,203011.0,1030400.0,35902.0,
2000-03-06,1320950.0,0.0,100.0,188257.0,6979.0,899400.0,119673.0,
2000-03-07,187880.0,0.0,18200.0,425761.0,666131.0,925800.0,29063.0,
2000-03-08,389660.0,5000.0,20400.0,136268.0,235366.0,1219200.0,69606.0,
2000-03-09,164400.0,2000.0,6700.0,70774.0,254399.0,636600.0,56173.0,
2000-03-10,1653000.0,20000.0,9800.0,86411.0,545593.0,463200.0,55440.0,
2000-03-13,64000.0,10000.0,0.0,22745.0,26645.0,453800.0,55684.0,
2000-03-14,83000.0,9200.0,18500.0,47115.0,117366.0,569000.0,32727.0,
2000-03-15,34395.0,10000.0,29200.0,332749.0,174463.0,1225600.0,59348.0,
2000-03-16,1056900.0,40000.0,4600.0,269997.0,128785.0,2312000.0,117230.0,
2000-03-17,4694000.0,30000.0,12100.0,92910.0,265184.0,1215200.0,24667.0,
2000-03-20,12595.0,3800.0,13300.0,168456.0,133861.0,638600.0,117475.0,
2000-03-21,140365.0,0.0,25100.0,313050.0,140839.0,887200.0,55196.0,
2000-03-22,3951150.0,70000.0,4100.0,174345.0,80570.0,983400.0,127244.0,
2000-03-23,15000.0,350000.0,12100.0,25588.0,150355.0,1081200.0,60081.0,
2000-03-24,35010.0,4000.0,10000.0,125504.0,891981.0,966200.0,34925.0,
2000-03-27,1454000.0,0.0,33300.0,51887.0,142108.0,539200.0,201490.0,
2000-03-28,188400.0,4000.0,18000.0,52699.0,130054.0,702800.0,42984.0,
2000-03-29,35745.0,0.0,3300.0,66509.0,329259.0,1720800.0,52021.0,
2000-03-30,85000.0,0.0,11700.0,6803.0,109119.0,1206200.0,23202.0,
2000-03-31,159100.0,20000.0,10200.0,18175.0,99602.0,1814400.0,76444.0,
2000-04-03,269155.0,0.0,31500.0,44271.0,194130.0,741800.0,40542.0,
2000-04-04,140250.0,0.0,1700.0,295382.0,119269.0,1477000.0,159238.0,
2000-04-05,1211000.0,8800.0,29600.0,133323.0,156065.0,930200.0,32238.0,
2000-04-06,769500.0,10000.0,14000.0,368898.0,90721.0,578200.0,29552.0,
2000-04-07,651250.0,300.0,15800.0,370015.0,79301.0,1485200.0,15386.0,
2000-04-10,41750.0,0.0,9100.0,155560.0,111656.0,1166400.0,33460.0,
2000-04-11,108800.0,0.0,49300.0,88036.0,433937.0,1457600.0,133105.0,
2000-04-12,46540.0,9000.0,295400.0,121138.0,88183.0,1471600.0,57638.0,
2000-04-13,635250.0,600.0,40000.0,88645.0,95796.0,1009400.0,79131.0,
2000-04-14,3831135.0,10000.0,4000.0,229888.0,69785.0,805800.0,38344.0,
2000-04-17,1435000.0,40000.0,33700.0,355901.0,156699.0,1440600.0,49579.0,
2000-04-18,2649920.0,0.0,22600.0,169268.0,114194.0,993400.0,108927.0,
2000-04-19,1757005.0,9700.0,16700.0,183078.0,1022035.0,1879600.0,27354.0,
2000-04-20,1874910.0,0.0,10800.0,56862.0,41871.0,1186000.0,30529.0,
2000-04-21,0.0,0.0,0.0,0.0,,,,
2000-04-24,0.0,8400.0,52600.0,39194.0,11419.0,806000.0,63011.0,
2000-04-25,50000.0,4300.0,34500.0,134541.0,326721.0,521200.0,86946.0,
2000-04-26,0.0,0.0,3100.0,34219.0,43774.0,800600.0,39321.0,
2000-04-27,1487040.0,0.0,6600.0,177290.0,544959.0,570200.0,69117.0,
2000-04-28,50000.0,0.0,23900.0,33813.0,166216.0,1105800.0,39565.0,
2000-05-01,0.0,0.0,0.0,0.0,59635.0,781200.0,63011.0,
2000-05-02,123020.0,10000.0,900.0,31071.0,356539.0,1925800.0,249115.0,
2000-05-03,101500.0,0.0,103400.0,111085.0,55828.0,1368600.0,76200.0,
2000-05-04,514950.0,0.0,205000.0,260655.0,130054.0,3450400.0,68873.0,
2000-05-05,1032000.0,5000.0,5900.0,26705.0,16495.0,2621600.0,131152.0,
2000-05-08,30000.0,0.0,3300.0,67321.0,34258.0,1285000.0,105263.0,
2000-05-09,596765.0,0.0,1500.0,7310.0,35527.0,1185000.0,108194.0,
2000-05-10,50000.0,1800.0,2300.0,3655.0,502453.0,1142200.0,258395.0,
2000-05-11,43675.0,8600.0,505500.0,12997.0,28548.0,2037000.0,24667.0,
2000-05-12,130000.0,20000.0,39800.0,58487.0,114828.0,1652800.0,39565.0,
2000-05-15,28730.0,5000.0,5800.0,78389.0,43140.0,1148800.0,91586.0,
2000-05-16,9000.0,6000.0,3800.0,99307.0,60903.0,2370200.0,57638.0,
2000-05-17,381695.0,30000.0,2900.0,11169.0,268356.0,1245600.0,61790.0,
2000-05-18,1125.0,0.0,2500.0,18074.0,51387.0,995000.0,69117.0,
2000-05-19,204410.0,5000.0,7000.0,3858.0,67247.0,697200.0,83771.0,
2000-05-22,271535.0,0.0,19000.0,143477.0,43140.0,1027600.0,31261.0,
2000-05-23,237325.0,500.0,6800.0,224710.0,56463.0,987800.0,75223.0,
2000-05-24,122555.0,250000.0,141900.0,342700.0,219506.0,571400.0,85969.0,
2000-05-25,5949465.0,20000.0,33800.0,365039.0,389528.0,932000.0,40298.0,
2000-05-26,693060.0,3000.0,4400.0,58182.0,399044.0,977400.0,25400.0,
2000-05-29,0.0,0.0,1000.0,5381.0,,,,
2000-05-30,248530.0,30000.0,2100.0,133018.0,54559.0,861600.0,48846.0,
2000-05-31,2325780.0,0.0,118700.0,496840.0,63441.0,1048800.0,36390.0,
2000-06-01,1599000.0,700.0,63000.0,940675.0,50118.0,1102800.0,47136.0,
2000-06-02,2678540.0,2000.0,7700.0,342903.0,60269.0,1331800.0,47381.0,
2000-06-05,758430.0,0.0,8900.0,82552.0,111022.0,1075400.0,149469.0,
2000-06-06,2871000.0,0.0,0.0,0.0,33624.0,1716600.0,122604.0,
2000-06-07,2005150.0,9000.0,418700.0,27212.0,256936.0,752600.0,83771.0,
2000-06-08,848805.0,0.0,0.0,381591.0,392066.0,953200.0,30040.0,
2000-06-09,1656690.0,70000.0,21300.0,3350.0,175097.0,535400.0,64965.0,
2000-06-12,2604365.0,0.0,6600.0,122966.0,60903.0,764200.0,247405.0,
2000-06-13,2136375.0,0.0,51800.0,109055.0,34258.0,1109600.0,138723.0,
2000-06-14,1492500.0,0.0,600.0,71180.0,128785.0,1373400.0,93296.0,
2000-06-15,1400790.0,110000.0,44400.0,165207.0,151624.0,1707800.0,119184.0,
2000-06-16,1764750.0,0.0,1900.0,681949.0,192226.0,4253600.0,61790.0,
2000-06-19,1066275.0,0.0,0.0,0.0,57731.0,1813800.0,146294.0,
2000-06-20,1155075.0,100000.0,17600.0,508720.0,263915.0,1508400.0,121871.0,
2000-06-21,5884005.0,10000.0,192100.0,301982.0,13957.0,1204200.0,104042.0,
2000-06-22,665915.0,300.0,12800.0,32493.0,45043.0,1293400.0,101844.0,
2000-06-23,836660.0,40000.0,23000.0,69047.0,109753.0,872400.0,109904.0,
2000-06-26,3120.0,0.0,0.0,0.0,137667.0,1311400.0,180242.0,
2000-06-27,78000.0,10000.0,19900.0,99916.0,86280.0,2216200.0,128221.0,
2000-06-28,50000.0,0.0,12600.0,363110.0,33624.0,2003200.0,85725.0,
2000-06-29,52500.0,5900.0,1500.0,416216.0,10785.0,1850800.0,65209.0,
2000-06-30,92410.0,6000.0,2100.0,295484.0,92624.0,3671400.0,61546.0,
2000-07-03,4642170.0,1400.0,2800.0,381794.0,60269.0,977200.0,66919.0,
2000-07-04,169960.0,1600.0,2900.0,71586.0,,,,
2000-07-05,344560.0,0.0,1200.0,788973.0,194130.0,1756800.0,154842.0,
2000-07-06,89750.0,20000.0,2000.0,556749.0,95796.0,1343800.0,42496.0,
2000-07-07,5285600.0,2600.0,1300.0,518163.0,90721.0,1097800.0,77665.0,
2000-07-10,147500.0,4800.0,3600.0,192014.0,91990.0,612000.0,107705.0,
2000-07-11,1171350.0,0.0,1100.0,556444.0,135129.0,2409800.0,136280.0,
2000-07-12,1979725.0,4600.0,38500.0,173838.0,90721.0,1598200.0,35169.0,
2000-07-13,411720.0,0.0,6700.0,291422.0,107850.0,2721800.0,120894.0,
2000-07-14,761845.0,9000.0,8000.0,710.0,34893.0,969600.0,47136.0,
2000-07-17,500000.0,7300.0,1800.0,84888.0,17129.0,784600.0,91098.0,
2000-07-18,222250.0,1200.0,10500.0,70875.0,41237.0,1477400.0,109415.0,
2000-07-19,376010.0,2000.0,3600.0,41631.0,25376.0,1277000.0,124069.0,
2000-07-20,485660.0,10000.0,5300.0,347574.0,53925.0,960400.0,20515.0,
2000-07-21,2428400.0,10000.0,5000.0,375193.0,59635.0,963800.0,55929.0,
2000-07-24,156000.0,10000.0,0.0,940066.0,36796.0,611200.0,40542.0,
2000-07-25,145345.0,10000.0,6000.0,992055.0,42505.0,535400.0,36390.0,
2000-07-26,300065.0,4600.0,300.0,76561.0,40602.0,1188600.0,155086.0,
2000-07-27,227210.0,10000.0,0.0,123880.0,1616478.0,811000.0,137746.0,
2000-07-28,25000.0,6000.0,4000.0,17363.0,24108.0,1676600.0,102088.0,
2000-07-31,55555.0,0.0,3100.0,76764.0,75495.0,890400.0,95250.0,
2000-08-01,1582000.0,70000.0,6900.0,95346.0,16495.0,548400.0,44694.0,
2000-08-02,281250.0,10000.0,3500.0,51785.0,24108.0,639800.0,114055.0,
2000-08-03,31250.0,90000.0,9900.0,284314.0,345119.0,1033600.0,233728.0,
2000-08-04,3665.0,40000.0,20100.0,33000.0,36161.0,314200.0,78642.0,
2000-08-07,34405.0,10000.0,206400.0,124692.0,813314.0,530600.0,133350.0,
2000-08-08,474820.0,800.0,28400.0,369609.0,13323.0,604800.0,37123.0,
2000-08-09,699545.0,0.0,0.0,0.0,99602.0,402800.0,34925.0,
2000-08-10,79770.0,0.0,2084900.0,2090526.0,27280.0,337000.0,18317.0,
2000-08-11,56900.0,7600.0,115900.0,334069.0,88817.0,615200.0,61058.0,
2000-08-14,154250.0,20000.0,32600.0,5381.0,239173.0,703600.0,190744.0,
2000-08-15,322050.0,0.0,0.0,0.0,129420.0,578200.0,80596.0,
2000-08-16,1226985.0,0.0,15000.0,403828.0,80570.0,578000.0,116009.0,
2000-08-17,94165.0,2400.0,32000.0,168253.0,19667.0,506000.0,37856.0,
2000-08-18,116500.0,0.0,9700.0,173939.0,121172.0,387600.0,647454.0,
2000-08-21,141135.0,0.0,5000.0,103673.0,190958.0,488600.0,1212847.0,
2000-08-22,217000.0,0.0,100.0,73921.0,163043.0,331600.0,740994.0,
2000-08-23,743000.0,1100.0,262800.0,676770.0,263915.0,548400.0,149957.0,
2000-08-24,97070.0,0.0,26200.0,257101.0,167484.0,1378000.0,67652.0,
2000-08-25,26000.0,0.0,25500.0,125910.0,242979.0,585200.0,42008.0,
2000-08-28,0.0,10000.0,103900.0,215368.0,76764.0,1043600.0,119429.0,
2000-08-29,435625.0,2500.0,4600.0,483944.0,68516.0,719200.0,43473.0,
2000-08-30,295380.0,10000.0,8800.0,144391.0,90086.0,584400.0,113079.0,
2000-08-31,158590.0,9900.0,65.0,180641.0,506259.0,2077600.0,102821.0,
2000-09-01,493225.0,1000.0,100.0,55441.0,35527.0,852800.0,37367.0,
2000-09-04,74350.0,0.0,0.0,0.0,,,,
2000-09-05,889925.0,30000.0,11900.0,27111.0,233463.0,1212400.0,110392.0,
2000-09-06,1375170.0,60000.0,82900.0,79201.0,310861.0,1402800.0,68140.0,
2000-09-07,399055.0,40000.0,23600.0,124489.0,123076.0,762000.0,47625.0,
2000-09-08,1740060.0,10000.0,32000.0,52395.0,222678.0,933200.0,78642.0,
2000-09-11,553550.0,30000.0,9300.0,99205.0,29817.0,998800.0,31994.0,
2000-09-12,456880.0,60000.0,173900.0,58386.0,163043.0,1870200.0,60081.0,
2000-09-13,35450.0,30000.0,164000.0,45693.0,72957.0,2172200.0,763219.0,
2000-09-14,1291450.0,20000.0,158600.0,242378.0,211259.0,1240000.0,28086.0,
2000-09-15,247325.0,10000.0,6100.0,297921.0,127516.0,2215200.0,63744.0,
2000-09-18,934095.0,0.0,0.0,0.0,93893.0,561600.0,51044.0,
2000-09-19,3066205.0,0.0,0.0,0.0,250592.0,579800.0,59592.0,
2000-09-20,1197160.0,5100.0,35700.0,287157.0,121807.0,839800.0,90609.0,
2000-09-21,745785.0,20000.0,34600.0,79709.0,109119.0,761200.0,79863.0,
2000-09-22,436295.0,900.0,23900.0,21018.0,53290.0,667600.0,92319.0,
2000-09-25,1864000.0,0.0,22600.0,203285.0,127516.0,495200.0,84015.0,
2000-09-26,59015.0,0.0,59200.0,115249.0,25376.0,262800.0,91342.0,
2000-09-27,2381980.0,0.0,48900.0,126012.0,144646.0,832400.0,56906.0,
2000-09-28,294250.0,1000.0,46300.0,1901964.0,114194.0,773200.0,68629.0,
2000-09-29,25120.0,500.0,36900.0,114335.0,656615.0,801600.0,73757.0,
2000-10-02,52790.0,3900.0,25000.0,388495.0,188420.0,434400.0,53731.0,
2000-10-03,6510.0,3000.0,50300.0,10661.0,225216.0,969400.0,93784.0,
2000-10-04,1785760.0,2500.0,72000.0,730384.0,333065.0,1279600.0,95250.0,
2000-10-05,243920.0,0.0,0.0,0.0,178269.0,388000.0,82061.0,
2000-10-06,81695.0,1000.0,284100.0,51176.0,193495.0,639400.0,49579.0,
2000-10-09,35885.0,0.0,0.0,0.0,244248.0,323600.0,49823.0,
2000-10-10,121685.0,500.0,29800.0,130581.0,69785.0,821200.0,72048.0,
2000-10-11,788670.0,90000.0,20300.0,145508.0,167484.0,1048200.0,159971.0,
2000-10-12,11180.0,1400.0,335500.0,285533.0,38699.0,1925800.0,67896.0,
2000-10-13,100.0,3000.0,16100.0,80420.0,111656.0,515000.0,112102.0,
2000-10-16,79300.0,0.0,10300.0,122255.0,112925.0,867400.0,79131.0,
2000-10-17,305000.0,500.0,16300.0,21018.0,55828.0,1455000.0,42008.0,
2000-10-18,832265.0,10000.0,97200.0,19292.0,1099433.0,1203600.0,102088.0,
2000-10-19,1600000.0,20000.0,11900.0,288681.0,288657.0,621600.0,346074.0,
2000-10-20,255000.0,0.0,10000.0,53613.0,14591.0,680000.0,148248.0,
2000-10-23,65350.0,300.0,9000.0,30157.0,89452.0,626600.0,133838.0,
2000-10-24,1193550.0,0.0,0.0,0.0,645195.0,1075800.0,74979.0,
2000-10-25,2792820.0,500.0,1200.0,55441.0,554475.0,549800.0,114300.0,
2000-10-26,170425.0,0.0,7500.0,63463.0,620453.0,1257600.0,37611.0,
2000-10-27,825250.0,0.0,6100.0,623258.0,105947.0,518600.0,58127.0,
2000-10-30,3179000.0,0.0,6600.0,0.0,675013.0,1211000.0,67408.0,
2000-10-31,1293820.0,20000.0,93900.0,204198.0,301345.0,871400.0,44450.0,
2000-11-01,2573210.0,0.0,0.0,0.0,16495.0,1079400.0,51288.0,
2000-11-02,1016200.0,40000.0,78400.0,816085.0,191592.0,1042000.0,58859.0,
2000-11-03,122750.0,6100.0,45000.0,641637.0,134495.0,338200.0,94517.0,
2000-11-06,6430.0,0.0,5000.0,104790.0,103409.0,791800.0,56906.0,
2000-11-07,30500.0,10000.0,70300.0,115655.0,81205.0,631200.0,56661.0,
2000-11-08,99165.0,10000.0,42800.0,219937.0,462485.0,752800.0,24667.0,
2000-11-09,28750.0,10000.0,29300.0,560506.0,221409.0,528600.0,23690.0,
2000-11-10,1260680.0,30000.0,2500.0,1510422.0,65344.0,678600.0,38100.0,
2000-11-13,365595.0,20000.0,6300.0,484959.0,189689.0,741800.0,64721.0,
2000-11-14,76250.0,0.0,0.0,0.0,87549.0,1203800.0,52509.0,
2000-11-15,50000.0,500.0,2400.0,63767.0,328625.0,575600.0,27842.0,
2000-11-16,2307625.0,20000.0,800.0,211916.0,601421.0,1378800.0,38100.0,
2000-11-17,245000.0,4500.0,88600.0,302592.0,94527.0,1729600.0,61058.0,
2000-11-20,506700.0,760000.0,100.0,76764.0,7613.0,710800.0,30285.0,
2000-11-21,585550.0,0.0,600.0,73312.0,42505.0,1221400.0,60081.0,
2000-11-22,276475.0,5000.0,1400.0,108750.0,68516.0,804800.0,22713.0,
2000-11-23,230345.0,0.0,13.0,487092.0,,,,
2000-11-24,230345.0,0.0,800.0,269388.0,62172.0,524800.0,14654.0,
2000-11-27,1494250.0,20000.0,72700.0,155560.0,103409.0,916000.0,184394.0,
2000-11-28,571720.0,10000.0,102500.0,267560.0,172560.0,745600.0,131640.0,
2000-11-29,367500.0,0.0,200.0,80115.0,85011.0,604000.0,11967.0,
2000-11-30,489925.0,10000.0,3300.0,292336.0,124979.0,1129200.0,48846.0,
2000-12-01,1084400.0,30000.0,4500.0,220851.0,10785.0,947600.0,22469.0,
2000-12-04,424570.0,50000.0,100.0,43154.0,148452.0,1671400.0,48602.0,
2000-12-05,1402190.0,3100.0,1400.0,764603.0,146549.0,1769200.0,77421.0,
2000-12-06,627400.0,8400.0,29600.0,569340.0,262011.0,719200.0,64233.0,
2000-12-07,2823175.0,0.0,49300.0,916102.0,41237.0,697200.0,80107.0,
2000-12-08,904610.0,0.0,0.0,0.0,262646.0,657400.0,79863.0,
2000-12-11,314960.0,20000.0,22600.0,1192192.0,508163.0,1010400.0,169007.0,
2000-12-12,458810.0,0.0,0.0,0.0,299442.0,625600.0,44450.0,
2000-12-13,340850.0,2800.0,43300.0,605488.0,156065.0,734200.0,108438.0,
2000-12-14,622750.0,50000.0,3500.0,1852412.0,74860.0,609600.0,14165.0,
2000-12-15,447250.0,20000.0,1500.0,2068796.0,267721.0,2425400.0,25400.0,
2000-12-18,2849950.0,2500.0,6900.0,1088824.0,100871.0,1074400.0,92563.0,
2000-12-19,677500.0,0.0,1700.0,730790.0,97699.0,1045800.0,100867.0,
2000-12-20,1575600.0,0.0,1000.0,709466.0,68516.0,1217000.0,48358.0,
2000-12-21,1975285.0,80000.0,3500.0,1359532.0,16495.0,1256200.0,109415.0,
2000-12-22,21000.0,5000.0,14400.0,245932.0,76764.0,715800.0,53486.0,
2000-12-25,0.0,0.0,0.0,0.0,,,,
2000-12-26,0.0,5900.0,30400.0,381591.0,74226.0,603000.0,26377.0,
2000-12-27,7250.0,6700.0,3900.0,45287.0,185248.0,1596400.0,83527.0,
2000-12-28,50000.0,7500.0,32300.0,678801.0,705464.0,2058400.0,53975.0,
2000-12-29,800.0,60000.0,7600.0,356307.0,290560.0,813200.0,40054.0,
2001-01-01,0.0,0.0,0.0,0.0,,,,
2001-01-02,3179380.0,20000.0,10800.0,339045.0,38699.0,775600.0,85481.0,
2001-01-03,937605.0,50000.0,59100.0,530754.0,133861.0,808600.0,153621.0,
2001-01-04,826010.0,7500.0,0.0,507908.0,77398.0,1151200.0,41031.0,
2001-01-05,1219235.0,7700.0,45600.0,1528496.0,71054.0,836200.0,173159.0,
2001-01-08,1475000.0,5500.0,17100.0,418856.0,97065.0,568200.0,136769.0,
2001-01-09,1990510.0,20000.0,2900.0,1457722.0,46946.0,1269400.0,25156.0,
2001-01-10,262500.0,10000.0,53800.0,303810.0,75495.0,1779800.0,23935.0,
2001-01-11,252275.0,60000.0,25900.0,738710.0,41871.0,773800.0,35658.0,
2001-01-12,50000.0,20000.0,44200.0,903004.0,160506.0,496400.0,36390.0,
2001-01-15,346050.0,0.0,100.0,28431.0,,,,
2001-01-16,1633695.0,0.0,72100.0,79709.0,43140.0,1362200.0,35902.0,
2001-01-17,1439750.0,1000.0,142600.0,788364.0,42505.0,705000.0,73269.0,
2001-01-18,2249725.0,0.0,4200.0,294671.0,306420.0,7964800.0,45671.0,
2001-01-19,1366120.0,0.0,500.0,223593.0,62172.0,3307000.0,44450.0,
2001-01-22,392500.0,0.0,17300.0,64275.0,60269.0,5267800.0,69361.0,
2001-01-23,1642455.0,1400.0,18500.0,273551.0,67882.0,2168400.0,294297.0,
2001-01-24,40050.0,50000.0,409700.0,196583.0,90721.0,1389200.0,61302.0,
2001-01-25,19650.0,0.0,3000.0,260452.0,84377.0,1922800.0,40054.0,
2001-01-26,912500.0,50000.0,2200.0,29751.0,12054.0,1904600.0,38100.0,
2001-01-29,2120250.0,10000.0,1300.0,7920.0,52656.0,749400.0,62523.0,
2001-01-30,1016170.0,30000.0,8200.0,236692.0,413001.0,1065400.0,444255.0,
2001-01-31,216080.0,200000.0,140500.0,63463.0,247420.0,1120600.0,88656.0,
2001-02-01,974380.0,0.0,11800.0,9646.0,47581.0,1720800.0,62767.0,
2001-02-02,510465.0,0.0,0.0,8529.0,88183.0,1479000.0,150202.0,
2001-02-05,517150.0,3100.0,600.0,23659.0,98334.0,1688800.0,119429.0,
2001-02-06,2867560.0,4500.0,600.0,26400.0,67882.0,740200.0,54463.0,
2001-02-07,1085800.0,10000.0,87.0,442211.0,17763.0,1107000.0,41519.0,
2001-02-08,402515.0,0.0,2400.0,240246.0,80570.0,987000.0,211015.0,
2001-02-09,204795.0,0.0,0.0,57269.0,214431.0,482400.0,88900.0,
2001-02-12,189120.0,8000.0,0.0,109461.0,222678.0,709600.0,59592.0,
2001-02-13,698845.0,0.0,12200.0,68743.0,180173.0,1282400.0,34192.0,
2001-02-14,489500.0,4300.0,2600.0,42850.0,114828.0,1079800.0,92563.0,
2001-02-15,578800.0,1000.0,0.0,235067.0,288022.0,1380000.0,34192.0,
2001-02-16,1051870.0,0.0,0.0,2640.0,104678.0,1148800.0,68140.0,
2001-02-19,643700.0,0.0,11300.0,21018.0,,,,
2001-02-20,1270015.0,3800.0,16300.0,47724.0,64075.0,1169000.0,52754.0,
2001-02-21,298345.0,0.0,0.0,77678.0,144011.0,1807800.0,100379.0,
2001-02-22,3166990.0,7500.0,7800.0,89051.0,43774.0,2648000.0,42008.0,
2001-02-23,1005790.0,0.0,77400.0,88848.0,358442.0,2615600.0,70582.0,
2001-02-26,2011720.0,0.0,16000.0,2538.0,167484.0,2290600.0,78642.0,
2001-02-27,749070.0,40000.0,11500.0,124793.0,156699.0,2134000.0,196361.0,
2001-02-28,1680515.0,30000.0,1600.0,114132.0,748604.0,1849800.0,234949.0,
2001-03-01,1250340.0,80000.0,2000.0,237605.0,294366.0,1532600.0,43961.0,
2001-03-02,269250.0,0.0,400.0,1245298.0,179538.0,1344600.0,51044.0,
2001-03-05,505335.0,50000.0,18200.0,490239.0,249323.0,1225200.0,79619.0,
2001-03-06,7091905.0,0.0,35600.0,338842.0,40602.0,1154600.0,77421.0,
2001-03-07,2897290.0,20000.0,1400.0,311223.0,371130.0,1235600.0,85725.0,
2001-03-08,3122710.0,10000.0,32000.0,142258.0,32989.0,1840200.0,47625.0,
2001-03-09,644760.0,10000.0,21800.0,138501.0,104678.0,2249600.0,94273.0,
2001-03-12,1121190.0,10000.0,12100.0,149163.0,118000.0,1784000.0,30773.0,
2001-03-13,586655.0,9000.0,29000.0,54933.0,114828.0,1560000.0,36635.0,
2001-03-14,876015.0,9000.0,29000.0,54933.0,214431.0,975800.0,56906.0,
2001-03-15,1051905.0,20000.0,4000.0,90269.0,60903.0,1065600.0,47381.0,
2001-03-16,787215.0,0.0,23600.0,87832.0,689604.0,2467600.0,50556.0,
2001-03-19,2220465.0,30000.0,28500.0,99408.0,121172.0,934200.0,748077.0,
2001-03-20,668650.0,50000.0,28500.0,43459.0,301345.0,864800.0,163878.0,
2001-03-21,1163855.0,0.0,15500.0,13708.0,270893.0,1510800.0,236170.0,
2001-03-22,1049240.0,0.0,100.0,185820.0,67882.0,1202200.0,869948.0,
2001-03-23,586505.0,0.0,4800.0,214251.0,170022.0,951800.0,194407.0,
2001-03-26,1716245.0,0.0,8500.0,66204.0,85011.0,891200.0,175357.0,
2001-03-27,513480.0,0.0,24700.0,204706.0,42505.0,867600.0,201978.0,
2001-03-28,4572855.0,0.0,18200.0,62955.0,36796.0,576800.0,107217.0,
2001-03-29,2640105.0,0.0,7300.0,36250.0,58366.0,1173000.0,38588.0,
2001-03-30,311625.0,3000.0,13100.0,57370.0,60269.0,1526000.0,131884.0,
2001-04-02,1050230.0,0.0,0.0,60112.0,168753.0,1052200.0,359018.0,
2001-04-03,664905.0,0.0,100.0,137791.0,81839.0,1298000.0,171938.0,
2001-04-04,4200.0,0.0,6000.0,88645.0,236635.0,2386800.0,64965.0,
2001-04-05,56050.0,20000.0,8600.0,22135.0,157968.0,956800.0,240567.0,
2001-04-06,102340.0,0.0,23500.0,152514.0,168753.0,805600.0,132128.0,
2001-04-09,2946980.0,80000.0,17500.0,52090.0,177635.0,689000.0,307974.0,
2001-04-10,896255.0,0.0,3600.0,62549.0,99602.0,1008000.0,266211.0,
2001-04-11,441250.0,0.0,7500.0,69961.0,104043.0,1162200.0,116742.0,
2001-04-12,63750.0,0.0,200.0,17871.0,34258.0,604000.0,281597.0,
2001-04-13,0.0,0.0,0.0,0.0,,,,
2001-04-16,0.0,3500.0,9300.0,27416.0,192861.0,1628600.0,54463.0,
2001-04-17,1633150.0,2000.0,11600.0,83872.0,394603.0,621200.0,53975.0,
2001-04-18,932820.0,0.0,5700.0,300256.0,97699.0,4051800.0,166565.0,
2001-04-19,1356810.0,2000.0,37900.0,285127.0,873583.0,2497400.0,202955.0,
2001-04-20,1482300.0,0.0,13100.0,1320540.0,96430.0,1090600.0,675785.0,
2001-04-23,382450.0,0.0,4400.0,604168.0,64710.0,958600.0,35658.0,
2001-04-24,403120.0,0.0,9600.0,52496.0,193495.0,919600.0,234461.0,
2001-04-25,512805.0,7400.0,14600.0,304623.0,91990.0,1741400.0,398828.0,
2001-04-26,848445.0,40000.0,45000.0,120630.0,34258.0,1590600.0,3513738.0,
2001-04-27,969370.0,0.0,6100.0,739320.0,154796.0,982000.0,626939.0,
2001-04-30,1965500.0,10000.0,18400.0,209377.0,133226.0,785200.0,232019.0,
2001-05-01,769625.0,0.0,0.0,0.0,475173.0,957200.0,287215.0,
2001-05-02,304725.0,0.0,0.0,0.0,438378.0,1160200.0,194651.0,
2001-05-03,917385.0,0.0,16200.0,193029.0,330528.0,1506200.0,499206.0,
2001-05-04,917730.0,50000.0,94600.0,1786309.0,311495.0,533400.0,128221.0,
2001-05-07,0.0,0.0,36800.0,2391392.0,294366.0,1328200.0,132373.0,
2001-05-08,1180070.0,3100.0,41000.0,406976.0,35527.0,1362400.0,95494.0,
2001-05-09,106055.0,0.0,0.0,0.0,114194.0,2838400.0,335572.0,
2001-05-10,206090.0,1000.0,48700.0,140837.0,97065.0,3595600.0,227378.0,
2001-05-11,532965.0,2500.0,185000.0,282487.0,102140.0,1456800.0,74734.0,
2001-05-14,122845.0,9000.0,42600.0,45591.0,131957.0,868200.0,105752.0,
2001-05-15,523590.0,10000.0,77700.0,157185.0,14591.0,1962400.0,458664.0,
2001-05-16,617310.0,0.0,24200.0,213337.0,218237.0,3027200.0,254976.0,
2001-05-17,719590.0,20000.0,4300.0,252837.0,378743.0,1440600.0,260593.0,
2001-05-18,409845.0,0.0,6600.0,185616.0,116732.0,2312400.0,299182.0,
2001-05-21,712130.0,0.0,0.0,0.0,145280.0,2708400.0,483087.0,
2001-05-22,453070.0,10000.0,24400.0,69250.0,95162.0,2784200.0,135548.0,
2001-05-23,111790.0,40000.0,66200.0,57878.0,95162.0,1581400.0,69361.0,
2001-05-24,724130.0,10000.0,7600.0,195161.0,295001.0,2097200.0,149225.0,
2001-05-25,237395.0,10000.0,27800.0,225421.0,65344.0,1118200.0,47381.0,
2001-05-28,0.0,5000.0,8300.0,110375.0,,,,
2001-05-29,287020.0,40000.0,82000.0,204706.0,83742.0,1203000.0,236659.0,
2001-05-30,1072930.0,0.0,0.0,0.0,124344.0,1826600.0,132128.0,
2001-05-31,966930.0,50000.0,69100.0,642551.0,79301.0,1214200.0,239101.0,
2001-06-01,189070.0,50000.0,15900.0,251517.0,93258.0,784400.0,142875.0,
2001-06-04,24855.0,80000.0,193900.0,41327.0,25376.0,696600.0,192453.0,
2001-06-05,1003975.0,70000.0,102200.0,43662.0,172560.0,807000.0,113079.0,
2001-06-06,324155.0,250000.0,13600.0,219023.0,74860.0,705800.0,445720.0,
2001-06-07,2065845.0,0.0,211200.0,149468.0,671841.0,830400.0,85725.0,
2001-06-08,1432090.0,700.0,48200.0,276191.0,70420.0,722400.0,99646.0,
2001-06-11,789920.0,0.0,0.0,0.0,167484.0,1003800.0,221761.0,
2001-06-12,111550.0,0.0,129000.0,263803.0,477077.0,1635600.0,103309.0,
2001-06-13,1687665.0,40000.0,234100.0,78897.0,116097.0,1707200.0,323605.0,
2001-06-14,634850.0,0.0,26300.0,102759.0,97065.0,1474600.0,201001.0,
2001-06-15,467210.0,400.0,10000.0,66407.0,147818.0,2546800.0,46159.0,
2001-06-18,2259355.0,2400.0,18500.0,286447.0,28548.0,916000.0,60325.0,
2001-06-19,625940.0,0.0,6000.0,36250.0,75495.0,642200.0,61546.0,
2001-06-20,1329870.0,10000.0,5900.0,60518.0,183979.0,1024400.0,431310.0,
2001-06-21,1372460.0,1400.0,2300.0,82045.0,187785.0,1441200.0,153376.0,
2001-06-22,1089530.0,2900.0,15800.0,76764.0,414270.0,1106000.0,195140.0,
2001-06-25,1035920.0,0.0,16600.0,70367.0,373033.0,1200400.0,70338.0,
2001-06-26,1001110.0,1100.0,2200.0,16652.0,157334.0,1616800.0,351691.0,
2001-06-27,369000.0,0.0,37100.0,173635.0,174463.0,1186800.0,337526.0,
2001-06-28,49320.0,0.0,31900.0,32493.0,355904.0,1436400.0,258884.0,
2001-06-29,145275.0,20000.0,1500.0,6194.0,959863.0,5043400.0,91831.0,
2001-07-02,873330.0,0.0,0.0,0.0,331797.0,2967600.0,513127.0,
2001-07-03,1437175.0,0.0,48400.0,133018.0,184613.0,1293200.0,124802.0,
2001-07-04,2027725.0,0.0,0.0,0.0,,,,
2001-07-05,363655.0,5000.0,78900.0,539284.0,160506.0,1388800.0,516791.0,
2001-07-06,280000.0,10000.0,52400.0,60721.0,102140.0,1021600.0,142875.0,
2001-07-09,89165.0,0.0,43900.0,50465.0,228388.0,2691800.0,89144.0,
2001-07-10,2427300.0,7300.0,42400.0,214556.0,97699.0,3536200.0,154842.0,
2001-07-11,429000.0,10000.0,5100.0,115350.0,92624.0,2251600.0,134082.0,
2001-07-12,57700.0,8600.0,9000.0,35336.0,234732.0,1727000.0,154109.0,
2001-07-13,5405.0,100000.0,28300.0,53004.0,129420.0,1094200.0,123706.0,
2001-07-16,34830.0,10000.0,4700.0,1523.0,249958.0,876800.0,93430.0,
2001-07-17,284230.0,10000.0,129000.0,302896.0,511335.0,1910200.0,43285.0,
2001-07-18,586095.0,0.0,26300.0,126113.0,687701.0,1396000.0,50854.0,
2001-07-19,2299625.0,0.0,60500.0,58589.0,275969.0,1342400.0,185204.0,
2001-07-20,307155.0,0.0,72900.0,312137.0,84377.0,1034000.0,85624.0,
2001-07-23,336550.0,10000.0,57000.0,108039.0,182076.0,945400.0,93311.0,
2001-07-24,126955.0,40000.0,106400.0,61026.0,65979.0,691400.0,72378.0,
2001-07-25,206000.0,1800.0,98600.0,48841.0,204280.0,977600.0,237359.0,
2001-07-26,2255000.0,20000.0,73500.0,127840.0,343216.0,800400.0,396781.0,
2001-07-27,43835.0,4600.0,31500.0,57472.0,25376.0,1589800.0,110342.0,
2001-07-30,700000.0,10000.0,35200.0,8834.0,74860.0,6146600.0,114481.0,
2001-07-31,826030.0,7500.0,36200.0,97682.0,250592.0,13884000.0,195020.0,
2001-08-01,721545.0,0.0,177500.0,162364.0,182710.0,12417200.0,347464.0,
2001-08-02,456365.0,10000.0,10100.0,36960.0,272796.0,14969400.0,111643.0,
2001-08-03,800650.0,0.0,10900.0,22846.0,92624.0,5231800.0,47070.0,
2001-08-06,10160.0,0.0,31400.0,100424.0,46946.0,3181600.0,31340.0,
2001-08-07,8500.0,0.0,32600.0,67017.0,147183.0,3610400.0,102300.0,
2001-08-08,441755.0,0.0,11700.0,33305.0,65979.0,4172200.0,32641.0,
2001-08-09,191230.0,0.0,18000.0,239535.0,127516.0,4132800.0,56531.0,
2001-08-10,389555.0,0.0,25700.0,97174.0,52022.0,2142800.0,80894.0,
2001-08-13,218500.0,0.0,19100.0,146015.0,221409.0,1855400.0,79238.0,
2001-08-14,3555275.0,900.0,16500.0,431853.0,228388.0,1411400.0,80184.0,
2001-08-15,1697000.0,0.0,0.0,0.0,99602.0,2239600.0,34179.0,
2001-08-16,424105.0,1500.0,77500.0,256391.0,213796.0,1508200.0,96859.0,
2001-08-17,6372940.0,0.0,7600.0,267560.0,130054.0,6028600.0,78765.0,
2001-08-20,5555000.0,20000.0,22500.0,971442.0,71688.0,2396600.0,101472.0,
2001-08-21,4618015.0,2300.0,18600.0,527505.0,148452.0,1628800.0,123351.0,
2001-08-22,3796020.0,0.0,36700.0,295484.0,97699.0,2685000.0,78883.0,
2001-08-23,2477250.0,2100.0,41100.0,21831.0,366055.0,1685800.0,138371.0,
2001-08-24,424385.0,7600.0,7600.0,38077.0,119269.0,1841800.0,84560.0,
2001-08-27,0.0,10000.0,3700.0,126012.0,57731.0,1686400.0,48252.0,
2001-08-28,58020.0,7000.0,527000.0,1418426.0,439012.0,1565200.0,110460.0,
2001-08-29,3238300.0,30000.0,60200.0,1453254.0,132592.0,1864000.0,59014.0,
2001-08-30,864750.0,4800.0,12100.0,309293.0,93893.0,1305600.0,29566.0,
2001-08-31,3830025.0,40000.0,78500.0,221359.0,48850.0,849600.0,65401.0,
2001-09-03,324645.0,0.0,0.0,0.0,,,,
2001-09-04,6140645.0,0.0,38300.0,51887.0,31721.0,2442000.0,82313.0,
2001-09-05,939265.0,2500.0,48200.0,74328.0,123076.0,1490200.0,64455.0,
2001-09-06,806795.0,0.0,4100.0,1015.0,69785.0,1531800.0,40920.0,
2001-09-07,3283305.0,2500.0,109000.0,114842.0,93893.0,1425800.0,56649.0,
2001-09-10,2885710.0,2000.0,27100.0,174041.0,189054.0,1035200.0,65046.0,
2001-09-11,1145235.0,10000.0,8500.0,0.0,,,,
2001-09-12,176135.0,0.0,3200.0,145406.0,,,,
2001-09-13,993640.0,9200.0,27100.0,91386.0,,,,
2001-09-14,1087000.0,0.0,126200.0,313152.0,,,,
2001-09-17,1416750.0,0.0,3300.0,139618.0,322280.0,1690800.0,68476.0,
2001-09-18,1220800.0,0.0,0.0,0.0,24108.0,2504600.0,118266.0,
2001-09-19,3138955.0,0.0,0.0,0.0,43140.0,3495000.0,256163.0,
2001-09-20,2647100.0,0.0,7400.0,262686.0,435206.0,2136800.0,177162.0,
2001-09-21,6224325.0,0.0,29100.0,314574.0,227753.0,4609600.0,202234.0,
2001-09-24,3189705.0,0.0,0.0,0.0,199839.0,2838600.0,218909.0,
2001-09-25,1375610.0,0.0,67700.0,108242.0,147183.0,3532200.0,94494.0,
2001-09-26,3457760.0,0.0,39500.0,272840.0,81839.0,2301000.0,129028.0,
2001-09-27,2171705.0,0.0,39500.0,272840.0,69151.0,1000800.0,72615.0,
2001-09-28,1516840.0,7000.0,21000.0,41022.0,207452.0,1208200.0,109987.0,
2001-10-01,1271335.0,20000.0,14100.0,196075.0,13323.0,1685600.0,161787.0,
2001-10-02,1573715.0,6900.0,50600.0,93417.0,128151.0,1347000.0,71787.0,
2001-10-03,473640.0,0.0,16100.0,184296.0,226485.0,1301000.0,29685.0,
2001-10-04,1769255.0,0.0,108300.0,85903.0,82473.0,1558800.0,137306.0,
2001-10-05,356120.0,20000.0,10100.0,21323.0,124344.0,1338000.0,222694.0,
2001-10-08,430560.0,0.0,71800.0,25385.0,9516.0,2480000.0,57714.0,
2001-10-09,3024000.0,0.0,61900.0,102251.0,20936.0,1629600.0,77819.0,
2001-10-10,88500.0,2000.0,35300.0,32290.0,81839.0,1345200.0,177162.0,
2001-10-11,853000.0,0.0,129100.0,92097.0,131957.0,2051600.0,113417.0,
2001-10-12,1216500.0,0.0,0.0,0.0,49484.0,2187600.0,114244.0,
2001-10-15,304245.0,0.0,0.0,0.0,128151.0,1077800.0,149961.0,
2001-10-16,3942015.0,0.0,202700.0,85497.0,67247.0,1738400.0,227543.0,
2001-10-17,517420.0,4000.0,132900.0,62650.0,50118.0,2269600.0,103128.0,
2001-10-18,423470.0,5000.0,20900.0,359455.0,249323.0,900000.0,61735.0,
2001-10-19,2516305.0,5800.0,17400.0,61736.0,65344.0,1779800.0,153154.0,
2001-10-22,392425.0,400.0,75100.0,651182.0,41871.0,1578600.0,166991.0,
2001-10-23,3436030.0,7000.0,65500.0,824208.0,69785.0,2676200.0,71669.0,
2001-10-24,2050220.0,0.0,3000.0,1134923.0,108484.0,1312600.0,98752.0,
2001-10-25,2252660.0,4500.0,5000.0,516742.0,67247.0,1314600.0,50854.0,
2001-10-26,4989380.0,0.0,10500.0,652197.0,125613.0,698200.0,41984.0,
2001-10-29,38835.0,0.0,35900.0,441601.0,88817.0,1162400.0,46833.0,
2001-10-30,2251970.0,0.0,57500.0,128855.0,144646.0,1775400.0,35480.0,
2001-10-31,413485.0,5400.0,800.0,217297.0,92624.0,1866600.0,41629.0,
2001-11-01,2980470.0,0.0,0.0,0.0,78667.0,2017800.0,63509.0,
2001-11-02,1120905.0,0.0,16100.0,179727.0,86280.0,908400.0,64573.0,
2001-11-05,1256440.0,0.0,3800.0,1025157.0,105312.0,849600.0,47898.0,
2001-11-06,1298935.0,0.0,25500.0,686315.0,189689.0,959200.0,110815.0,
2001-11-07,345000.0,30000.0,53200.0,463636.0,41237.0,1176600.0,69658.0,
2001-11-08,452495.0,2800.0,141200.0,549032.0,747970.0,1826400.0,70368.0,
2001-11-09,679195.0,0.0,164200.0,297413.0,89452.0,3620800.0,409790.0,
2001-11-12,1093340.0,0.0,2100.0,635951.0,114828.0,2203400.0,124415.0,
2001-11-13,434320.0,0.0,203700.0,257101.0,279141.0,1788200.0,212287.0,
2001-11-14,1136620.0,0.0,127700.0,200238.0,357173.0,3372600.0,318726.0,
2001-11-15,4078360.0,0.0,130000.0,364735.0,107215.0,1374000.0,259948.0,
2001-11-16,4301455.0,0.0,116000.0,594217.0,87549.0,1807600.0,99580.0,
2001-11-19,616175.0,5000.0,128400.0,189577.0,108484.0,1104000.0,452366.0,
2001-11-20,3151920.0,5000.0,95100.0,214149.0,613475.0,1083600.0,111879.0,
2001-11-21,636015.0,50000.0,0.0,466377.0,111656.0,717200.0,83141.0,
2001-11-22,3400000.0,3000.0,51400.0,7107.0,,,,
2001-11-23,257325.0,0.0,297200.0,135455.0,50753.0,136800.0,61262.0,
2001-11-26,155000.0,0.0,209000.0,154139.0,71688.0,1202400.0,127608.0,
2001-11-27,2731800.0,0.0,26900.0,324321.0,204280.0,4237400.0,144166.0,
2001-11-28,2725485.0,1600.0,0.0,94636.0,111022.0,3063600.0,50972.0,
2001-11-29,2173955.0,0.0,11000.0,17465.0,206183.0,1557800.0,46715.0,
2001-11-30,115000.0,10000.0,374000.0,42647.0,175097.0,3160800.0,44823.0,
2001-12-03,438965.0,20000.0,11800.0,2030.0,419345.0,2580000.0,73561.0,
2001-12-04,947800.0,20000.0,7200.0,54527.0,111022.0,2933400.0,37017.0,
2001-12-05,2317890.0,50000.0,81000.0,158200.0,1463585.0,2716600.0,57595.0,
2001-12-06,2169435.0,20000.0,2600.0,195263.0,640120.0,2386400.0,347464.0,
2001-12-07,4196975.0,0.0,9000.0,274262.0,127516.0,1319800.0,753115.0,
2001-12-10,4737395.0,30000.0,0.0,45084.0,166216.0,2375200.0,216781.0,
2001-12-11,3376835.0,60000.0,37500.0,151194.0,41871.0,1468400.0,54520.0,
2001-12-12,1843510.0,20000.0,100.0,518569.0,281044.0,1352200.0,164271.0,
2001-12-13,3093855.0,0.0,7800.0,80725.0,39333.0,1551800.0,154691.0,
2001-12-14,728920.0,30000.0,0.0,214251.0,147818.0,1267400.0,109159.0,
2001-12-17,434410.0,0.0,13800.0,58995.0,149721.0,1507400.0,74744.0,
2001-12-18,1161105.0,0.0,3400.0,64173.0,243614.0,1573800.0,86334.0,
2001-12-19,878540.0,0.0,0.0,97276.0,177635.0,2465000.0,154218.0,
2001-12-20,159870.0,50000.0,0.0,142157.0,62172.0,2315000.0,39382.0,
2001-12-21,170000.0,60000.0,0.0,37570.0,326087.0,2416800.0,57714.0,
2001-12-24,49910.0,0.0,0.0,6295.0,27280.0,425400.0,39028.0,
2001-12-25,0.0,0.0,0.0,0.0,,,,
2001-12-26,0.0,0.0,1800.0,121036.0,212527.0,628000.0,48252.0,
2001-12-27,156175.0,40000.0,47000.0,58995.0,355270.0,1423200.0,35243.0,
2001-12-28,930545.0,0.0,47200.0,162059.0,79301.0,737000.0,142037.0,
2001-12-31,290000.0,0.0,0.0,0.0,60903.0,1270400.0,55585.0,
2002-01-01,0.0,0.0,0.0,0.0,,,,
2002-01-02,108240.0,2000.0,100.0,146219.0,317840.0,980800.0,68357.0,
2002-01-03,1497705.0,20000.0,1500.0,375701.0,62807.0,1362000.0,220920.0,
2002-01-04,559190.0,270000.0,25400.0,511462.0,144646.0,1357600.0,318607.0,
2002-01-07,2129775.0,0.0,11900.0,87629.0,198570.0,1730200.0,566019.0,
2002-01-08,194575.0,7000.0,4900.0,90980.0,164312.0,1181400.0,134823.0,
2002-01-09,2101940.0,4700.0,10900.0,19089.0,65979.0,2355000.0,658502.0,
2002-01-10,284305.0,1000.0,3600.0,346254.0,98968.0,1553000.0,97569.0,
2002-01-11,1761135.0,0.0,30000.0,163074.0,124979.0,830000.0,159540.0,
2002-01-14,945520.0,40000.0,5600.0,87.0,86914.0,1676000.0,248949.0,
2002-01-15,722295.0,20000.0,600.0,45185.0,654711.0,2048000.0,152326.0,
2002-01-16,2100495.0,1500.0,4100.0,0.0,154796.0,2827800.0,161314.0,
2002-01-17,192585.0,4000.0,14600.0,83162.0,62807.0,1962200.0,130565.0,
2002-01-18,185535.0,6800.0,0.0,13098.0,479614.0,1735600.0,169001.0,
2002-01-21,863225.0,30000.0,5500.0,4772.0,,,,
2002-01-22,315985.0,0.0,700.0,25182.0,71688.0,1485000.0,201051.0,
2002-01-23,4952355.0,0.0,9900.0,32493.0,32355.0,2447600.0,489737.0,
2002-01-24,219990.0,10000.0,3000.0,182773.0,36796.0,2524600.0,360473.0,
2002-01-25,666855.0,10000.0,3700.0,41327.0,6529351.0,1342600.0,573115.0,
2002-01-28,945780.0,2000.0,4000.0,72398.0,155431.0,1499400.0,369225.0,
2002-01-29,316920.0,10000.0,53000.0,144391.0,763196.0,3213400.0,204363.0,
2002-01-30,2967820.0,6500.0,280400.0,47825.0,97065.0,2591200.0,526518.0,
2002-01-31,960805.0,1500.0,27200.0,55238.0,399679.0,3274400.0,160841.0,
2002-02-01,2001485.0,10000.0,1000.0,74734.0,388259.0,1641400.0,226478.0,
2002-02-04,143400.0,1000.0,195200.0,24572.0,85011.0,3411200.0,138489.0,
2002-02-05,372760.0,10000.0,27000.0,41530.0,34893.0,3471200.0,91064.0,
2002-02-06,462050.0,9000.0,13400.0,53105.0,152258.0,3224800.0,139908.0,
2002-02-07,620265.0,10000.0,3800.0,9951.0,277237.0,2876000.0,86689.0,
2002-02-08,970925.0,10000.0,26700.0,507.0,112291.0,2496600.0,588726.0,
2002-02-11,400505.0,30000.0,35400.0,81.0,161140.0,1817400.0,271183.0,
2002-02-12,1886960.0,50000.0,9100.0,5280.0,48850.0,1895800.0,145940.0,
2002-02-13,773530.0,0.0,28800.0,149265.0,332431.0,1994400.0,270828.0,
2002-02-14,1250000.0,2500.0,3500.0,98393.0,216968.0,8021800.0,90710.0,
2002-02-15,1969050.0,110000.0,56100.0,32391.0,177000.0,3593800.0,82076.0,
2002-02-18,949215.0,0.0,66300.0,3452.0,,,,
2002-02-19,2051905.0,0.0,6700.0,74328.0,157334.0,2677400.0,176807.0,
2002-02-20,2542595.0,10000.0,4400.0,7920.0,75495.0,2683600.0,77582.0,
2002-02-21,3313445.0,4000.0,230900.0,124996.0,267087.0,3412400.0,390040.0,
2002-02-22,822210.0,20000.0,604500.0,80420.0,6921417.0,1935800.0,289514.0,
2002-02-25,350575.0,0.0,18100.0,11677.0,777787.0,2710600.0,115782.0,
2002-02-26,288935.0,5000.0,12800.0,2843.0,322280.0,4725200.0,118147.0,
2002-02-27,2534375.0,20000.0,1700.0,82146.0,32989.0,1901200.0,159540.0,
2002-02-28,234255.0,0.0,0.0,0.0,236635.0,4248200.0,100762.0,
2002-03-01,274095.0,30000.0,553300.0,105094.0,458044.0,3061000.0,57832.0,
2002-03-04,931770.0,0.0,52000.0,169573.0,272796.0,8872000.0,332917.0,
2002-03-05,1456335.0,1000.0,78500.0,93316.0,128151.0,2326200.0,119566.0,
2002-03-06,1142825.0,50000.0,1193000.0,28533.0,1641854.0,5815200.0,120276.0,
2002-03-07,531375.0,20000.0,195500.0,662555.0,5896844.0,3128400.0,86689.0,
2002-03-08,335700.0,50000.0,115800.0,566395.0,499281.0,1665200.0,109987.0,
2002-03-11,212350.0,0.0,66400.0,1929.0,160506.0,3126200.0,183075.0,
2002-03-12,2343975.0,0.0,31100.0,15028.0,59635.0,2820800.0,125007.0,
2002-03-13,2636755.0,10000.0,7700.0,0.0,197302.0,5173000.0,110578.0,
2002-03-14,2713440.0,10000.0,36500.0,9240.0,83108.0,2233800.0,184612.0,
2002-03-15,952665.0,10000.0,3700.0,1514687.0,244248.0,2137800.0,313167.0,
2002-03-18,229375.0,200.0,80300.0,41834.0,528464.0,2786800.0,181538.0,
2002-03-19,308490.0,110000.0,0.0,21729.0,321012.0,3773000.0,77227.0,
2002-03-20,351930.0,10000.0,1000.0,13403.0,150355.0,2240800.0,59961.0,
2002-03-21,356510.0,20000.0,118500.0,109461.0,78032.0,2457000.0,96978.0,
2002-03-22,3729610.0,110000.0,166000.0,33000.0,106581.0,1163600.0,97569.0,
2002-03-25,1168315.0,5600.0,94600.0,67423.0,27280.0,2248800.0,289514.0,
2002-03-26,814170.0,1400.0,37400.0,142157.0,161775.0,2481600.0,135887.0,
2002-03-27,340775.0,70000.0,4200.0,75648.0,214431.0,5591600.0,100644.0,
2002-03-28,3008285.0,3700.0,10500.0,219836.0,149721.0,2027200.0,388502.0,
2002-03-29,0.0,0.0,0.0,0.0,,,,
2002-04-01,0.0,50000.0,122700.0,9037.0,69151.0,3555000.0,85033.0,
2002-04-02,354950.0,0.0,6800.0,88442.0,145914.0,1659600.0,135769.0,
2002-04-03,432730.0,1500.0,67300.0,75546.0,117366.0,1801600.0,154573.0,
2002-04-04,489460.0,150000.0,42400.0,83872.0,55194.0,2466600.0,67293.0,
2002-04-05,368815.0,20000.0,1100.0,189170.0,100871.0,1357800.0,63982.0,
2002-04-08,690050.0,0.0,20900.0,181352.0,32355.0,1906000.0,58305.0,
2002-04-09,359275.0,120000.0,2400.0,11981.0,20936.0,1693000.0,219737.0,
2002-04-10,15995.0,120000.0,3700.0,362501.0,347657.0,1663000.0,71787.0,
2002-04-11,351825.0,0.0,2300.0,36148.0,184613.0,1013800.0,86570.0,
2002-04-12,832985.0,0.0,0.0,57269.0,276603.0,1898200.0,83259.0,
2002-04-15,123010.0,0.0,10000.0,4873.0,78667.0,1071800.0,104783.0,
2002-04-16,306205.0,0.0,5900.0,2843.0,381281.0,1681400.0,103482.0,
2002-04-17,1057455.0,30000.0,1400.0,3452.0,67247.0,3662000.0,122760.0,
2002-04-18,770230.0,90000.0,13600.0,3452.0,109753.0,9248600.0,349829.0,
2002-04-19,869435.0,20000.0,800.0,159419.0,91990.0,2509600.0,221275.0,
2002-04-22,205645.0,0.0,0.0,2436.0,376205.0,2240200.0,186505.0,
2002-04-23,505220.0,10000.0,30900.0,46810.0,119269.0,1919600.0,69540.0,
2002-04-24,994235.0,0.0,0.0,0.0,341313.0,2865400.0,128791.0,
2002-04-25,1435245.0,2100.0,47000.0,26299.0,130689.0,2666600.0,67411.0,
2002-04-26,435345.0,0.0,3900.0,817201.0,138936.0,2029000.0,99461.0,
2002-04-29,577500.0,0.0,1700.0,27517.0,153527.0,2226200.0,82195.0,
2002-04-30,114900.0,60000.0,700.0,114132.0,189689.0,2350600.0,95559.0,
2002-05-01,373255.0,0.0,0.0,0.0,183345.0,2156800.0,83141.0,
2002-05-02,668165.0,150000.0,6000.0,320057.0,133861.0,1813200.0,98042.0,
2002-05-03,258775.0,8400.0,16500.0,105094.0,78032.0,1316400.0,76991.0,
2002-05-06,0.0,10000.0,9000.0,211509.0,99602.0,5606400.0,107622.0,
2002-05-07,237940.0,0.0,13400.0,580814.0,64075.0,2270600.0,92365.0,
2002-05-08,1003755.0,10000.0,24400.0,127129.0,104678.0,1240200.0,129619.0,
2002-05-09,1273800.0,10000.0,4200.0,392659.0,354001.0,1370400.0,46242.0,
2002-05-10,203830.0,50000.0,2500.0,88645.0,66613.0,2573800.0,44586.0,
2002-05-13,102075.0,40000.0,2100.0,341076.0,67247.0,2525800.0,33587.0,
2002-05-14,216835.0,0.0,693400.0,670678.0,58366.0,3871000.0,153745.0,
2002-05-15,252800.0,40000.0,0.0,215876.0,12054.0,3810400.0,100880.0,
2002-05-16,1757965.0,10000.0,15000.0,543548.0,139570.0,1058400.0,182720.0,
2002-05-17,230000.0,500.0,93400.0,207346.0,177635.0,1935400.0,119330.0,
2002-05-20,191740.0,1000.0,0.0,64986.0,85011.0,3069000.0,46005.0,
2002-05-21,1517880.0,0.0,0.0,0.0,146549.0,3882000.0,172431.0,
2002-05-22,302880.0,7000.0,19100.0,149671.0,146549.0,8130000.0,160250.0,
2002-05-23,488515.0,0.0,16400.0,247455.0,140839.0,3360000.0,95913.0,
2002-05-24,50415.0,40000.0,14600.0,103064.0,415539.0,2570600.0,130329.0,
2002-05-27,39640.0,0.0,0.0,0.0,,,,
2002-05-28,435230.0,10000.0,5000.0,127535.0,102140.0,4581000.0,186386.0,
2002-05-29,331085.0,50000.0,76000.0,82248.0,207452.0,5652200.0,127017.0,
2002-05-30,270205.0,700000.0,128100.0,94636.0,198570.0,7892400.0,105138.0,
2002-05-31,1414875.0,1220000.0,158000.0,41022.0,392700.0,2619800.0,351249.0,
2002-06-03,0.0,0.0,25000.0,269692.0,270893.0,3324600.0,115309.0,
2002-06-04,0.0,1000000.0,8000.0,312847.0,180807.0,3183800.0,456150.0,
2002-06-05,246810.0,37800.0,80400.0,32493.0,73592.0,2933000.0,88817.0,
2002-06-06,351220.0,0.0,1000.0,644176.0,112291.0,3290200.0,138371.0,
2002-06-07,346285.0,60200.0,3600.0,98596.0,307055.0,3787600.0,123706.0,
2002-06-10,1081500.0,38500.0,31400.0,40007.0,235366.0,2764400.0,186623.0,
2002-06-11,2392850.0,0.0,70400.0,35539.0,105947.0,3951800.0,127727.0,
2002-06-12,3722975.0,0.0,15700.0,85294.0,187785.0,3519600.0,210158.0,
2002-06-13,406270.0,0.0,59200.0,63158.0,223312.0,1830600.0,307963.0,
2002-06-14,504990.0,0.0,2200.0,503846.0,535442.0,3487800.0,111879.0,
2002-06-17,997485.0,29000.0,0.0,87020.0,269624.0,2517000.0,218909.0,
2002-06-18,327105.0,300.0,1100.0,139517.0,55828.0,5593800.0,192181.0,
2002-06-19,404590.0,0.0,32300.0,13301.0,202377.0,4238200.0,210394.0,
2002-06-20,162580.0,5000.0,1500.0,30462.0,100871.0,4057000.0,61971.0,
2002-06-21,122295.0,634600.0,300.0,351738.0,213796.0,2907800.0,157766.0,
2002-06-24,1109945.0,0.0,0.0,20105.0,90086.0,3740600.0,102300.0,
2002-06-25,190665.0,5000.0,42200.0,185109.0,239807.0,2442200.0,193837.0,
2002-06-26,646600.0,0.0,13700.0,194146.0,98334.0,1905400.0,131511.0,
2002-06-27,827500.0,23000.0,5000.0,93823.0,143377.0,4621800.0,152326.0,
2002-06-28,1396295.0,14500.0,0.0,29649.0,1050584.0,2683600.0,117201.0,
2002-07-01,226125.0,0.0,11000.0,346559.0,85645.0,2272200.0,185322.0,
2002-07-02,200340.0,5800.0,23600.0,172416.0,103409.0,3324200.0,126899.0,
2002-07-03,285780.0,27400.0,9300.0,74226.0,92624.0,3140000.0,139790.0,
2002-07-04,36125.0,0.0,25700.0,0.0,,,,
2002-07-05,333020.0,8100.0,51900.0,39499.0,20936.0,582000.0,169948.0,
2002-07-08,338850.0,0.0,1000.0,13200.0,93258.0,2102800.0,145348.0,
2002-07-09,136630.0,0.0,5500.0,8021.0,96430.0,2294600.0,167937.0,
2002-07-10,2017400.0,15000.0,0.0,106516.0,50753.0,3105800.0,195138.0,
2002-07-11,778030.0,5000.0,0.0,169979.0,44409.0,3036200.0,323101.0,
2002-07-12,107360.0,15400.0,0.0,92808.0,85011.0,2841000.0,87753.0,
2002-07-15,286935.0,0.0,0.0,133729.0,225850.0,2007800.0,109041.0,
2002-07-16,491800.0,0.0,22000.0,250501.0,375571.0,1566200.0,108923.0,
2002-07-17,412285.0,5000.0,0.0,72906.0,130054.0,1799400.0,368161.0,
2002-07-18,213315.0,0.0,0.0,511665.0,125613.0,3069800.0,209212.0,
2002-07-19,2948960.0,6000.0,102500.0,178813.0,127516.0,3192600.0,163561.0,
2002-07-22,28885.0,25000.0,5700.0,5990.0,154162.0,1922800.0,259356.0,
2002-07-23,662000.0,18500.0,43500.0,117482.0,500550.0,4738600.0,360000.0,
2002-07-24,640570.0,2300.0,1400.0,229482.0,362248.0,6770000.0,257701.0,
2002-07-25,898310.0,15500.0,50700.0,473079.0,166216.0,6365600.0,117319.0,
2002-07-26,2932615.0,2200.0,10100.0,80826.0,88183.0,3509600.0,95795.0,
2002-07-29,254540.0,24100.0,86600.0,97377.0,107850.0,2276000.0,200460.0,
2002-07-30,298885.0,5900.0,28900.0,311730.0,241710.0,3452600.0,60197.0,
2002-07-31,300750.0,3700.0,35100.0,213236.0,168119.0,1385200.0,123469.0,
2002-08-01,1520480.0,4500.0,24400.0,7412.0,88183.0,1891600.0,158476.0,
2002-08-02,539370.0,17600.0,706200.0,421090.0,117366.0,2293800.0,251196.0,
2002-08-05,509200.0,78800.0,26000.0,36960.0,126248.0,2312400.0,206846.0,
2002-08-06,1314770.0,0.0,3600.0,108953.0,154162.0,2951000.0,261958.0,
2002-08-07,2304970.0,86300.0,22900.0,210697.0,39968.0,1686000.0,221511.0,
2002-08-08,1126105.0,140000.0,138700.0,106719.0,124979.0,1247200.0,278397.0,
2002-08-09,805040.0,5000.0,32600.0,27314.0,156699.0,1619200.0,303824.0,
2002-08-12,125.0,100.0,31200.0,1624.0,53290.0,1810200.0,192300.0,
2002-08-13,99470.0,2000.0,20100.0,164293.0,48215.0,1681200.0,159895.0,
2002-08-14,922295.0,0.0,400.0,374584.0,260743.0,3625400.0,319908.0,
2002-08-15,2087565.0,0.0,0.0,0.0,175097.0,1604200.0,35243.0,
2002-08-16,338475.0,4000.0,900.0,371233.0,166850.0,1195400.0,582694.0,
2002-08-19,15100.0,236300.0,0.0,574925.0,79301.0,1617000.0,132576.0,
2002-08-20,170900.0,0.0,80200.0,69250.0,43140.0,3116600.0,126781.0,
2002-08-21,11000.0,8100.0,40000.0,30259.0,246151.0,2638400.0,265388.0,
2002-08-22,500000.0,1400.0,9900.0,57979.0,38699.0,2302400.0,149724.0,
2002-08-23,854770.0,0.0,28700.0,70570.0,146549.0,1277200.0,175388.0,
2002-08-26,0.0,0.0,200.0,354276.0,91990.0,1364000.0,151025.0,
2002-08-27,1041885.0,0.0,30800.0,585383.0,253130.0,2380600.0,184258.0,
2002-08-28,393750.0,0.0,758300.0,761862.0,81839.0,1536000.0,137661.0,
2002-08-29,364010.0,0.0,8000.0,170791.0,74226.0,3055800.0,130092.0,
2002-08-30,14635.0,0.0,10000.0,181555.0,64710.0,1147200.0,168647.0,
2002-09-02,21390.0,1400.0,10000.0,0.0,,,,
2002-09-03,585425.0,0.0,0.0,110375.0,192226.0,6789000.0,52865.0,
2002-09-04,201000.0,0.0,612600.0,35336.0,70420.0,3587800.0,116610.0,
2002-09-05,616270.0,0.0,600.0,151499.0,51387.0,2770400.0,125598.0,
2002-09-06,2142860.0,0.0,4000.0,8021.0,118000.0,2558400.0,174205.0,
2002-09-09,870660.0,0.0,0.0,1726.0,167484.0,2738800.0,77582.0,
2002-09-10,71745.0,2000.0,15600.0,221968.0,54559.0,3417000.0,103482.0,
2002-09-11,314120.0,0.0,8200.0,92300.0,112925.0,3021000.0,108213.0,
2002-09-12,71995.0,0.0,26500.0,101541.0,98968.0,2952200.0,84796.0,
2002-09-13,67110.0,0.0,28000.0,0.0,77398.0,2227400.0,232273.0,
2002-09-16,109600.0,0.0,0.0,2030.0,103409.0,1843800.0,203180.0,
2002-09-17,4380.0,1250000.0,10000.0,3147.0,92624.0,2399400.0,87280.0,
2002-09-18,53000.0,0.0,0.0,0.0,95796.0,3415600.0,146886.0,
2002-09-19,357915.0,0.0,0.0,0.0,36161.0,1544200.0,150079.0,
2002-09-20,145000.0,0.0,0.0,33305.0,206183.0,2460800.0,204481.0,
2002-09-23,190155.0,200000.0,200.0,21729.0,76764.0,2485000.0,222103.0,
2002-09-24,133180.0,16300.0,600.0,17465.0,175097.0,4505600.0,131511.0,
2002-09-25,64395.0,16300.0,0.0,20511.0,112925.0,4871200.0,138844.0,
2002-09-26,1218855.0,6500.0,1000.0,21628.0,138301.0,5142000.0,150907.0,
2002-09-27,53100.0,5200.0,9000.0,6498.0,137667.0,3617800.0,400684.0,
2002-09-30,152500.0,0.0,0.0,12184.0,551937.0,4762200.0,218082.0,
2002-10-01,983555.0,1800.0,2800.0,110070.0,228388.0,1808600.0,204718.0,
2002-10-02,1019110.0,0.0,300.0,14520.0,141474.0,1913200.0,235467.0,
2002-10-03,1382290.0,20000.0,9900.0,63158.0,57731.0,2620800.0,80657.0,
2002-10-04,2225585.0,8000.0,48200.0,25791.0,140205.0,2352400.0,78410.0,
2002-10-07,1388005.0,5000.0,200.0,54629.0,82473.0,3938800.0,125834.0,
2002-10-08,1453115.0,6800.0,0.0,0.0,112925.0,2901600.0,219974.0,
2002-10-09,1148715.0,0.0,200.0,76968.0,201108.0,4156000.0,190881.0,
2002-10-10,1229430.0,10000.0,10000.0,1523.0,23473.0,6373600.0,265270.0,
2002-10-11,1176660.0,5000.0,0.0,55339.0,44409.0,3535200.0,228725.0,
2002-10-14,1406965.0,0.0,114900.0,5990.0,104043.0,14821600.0,118029.0,
2002-10-15,1525950.0,5000.0,29200.0,144695.0,62807.0,7693400.0,191235.0,
2002-10-16,581410.0,0.0,1400.0,99002.0,76764.0,3716200.0,164034.0,
2002-10-17,1062125.0,0.0,136700.0,108648.0,115463.0,2079400.0,237832.0,
2002-10-18,224825.0,0.0,47300.0,254360.0,75495.0,3136400.0,147004.0,
2002-10-21,674965.0,0.0,6800.0,11169.0,111656.0,2265800.0,145585.0,
2002-10-22,92520.0,0.0,174600.0,460589.0,45678.0,1705200.0,417122.0,
2002-10-23,1063655.0,0.0,0.0,165917.0,166216.0,1789200.0,333390.0,
2002-10-24,63235.0,10000.0,0.0,111999.0,225216.0,2802200.0,187569.0,
2002-10-25,276350.0,0.0,31400.0,34828.0,178269.0,1589600.0,223285.0,
2002-10-28,31165.0,5000.0,33500.0,30563.0,81839.0,1611600.0,214770.0,
2002-10-29,55310.0,0.0,119900.0,44779.0,61538.0,1385200.0,210986.0,
2002-10-30,88755.0,5000.0,15100.0,338537.0,50753.0,2024800.0,258528.0,
2002-10-31,479300.0,0.0,45300.0,189272.0,106581.0,1596000.0,197622.0,
2002-11-01,707095.0,0.0,0.0,0.0,144646.0,3949000.0,297556.0,
2002-11-04,77500.0,0.0,149100.0,226030.0,184613.0,2348000.0,119330.0,
2002-11-05,109755.0,18000.0,26600.0,249080.0,267087.0,2959800.0,199041.0,
2002-11-06,315860.0,31500.0,730600.0,264006.0,110387.0,3133400.0,243390.0,
2002-11-07,173495.0,0.0,35500.0,75038.0,65979.0,1864600.0,278160.0,
2002-11-08,130970.0,0.0,54700.0,177087.0,135764.0,2734600.0,227898.0,
2002-11-11,1000.0,7700.0,32400.0,189272.0,464388.0,2356200.0,459107.0,
2002-11-12,46100.0,0.0,10000.0,174244.0,78032.0,2229800.0,345099.0,
2002-11-13,60000.0,0.0,24600.0,476531.0,196033.0,1120000.0,93666.0,
2002-11-14,3562805.0,0.0,27800.0,67220.0,91355.0,1223200.0,295191.0,
2002-11-15,59100.0,0.0,0.0,34523.0,128785.0,1105000.0,117319.0,
2002-11-18,214315.0,14100.0,40900.0,1218.0,124979.0,1695600.0,225532.0,
2002-11-19,801605.0,14100.0,71100.0,271419.0,56463.0,1667400.0,309737.0,
2002-11-20,658000.0,0.0,100700.0,37874.0,135764.0,2167200.0,119685.0,
2002-11-21,734925.0,0.0,69000.0,36047.0,135129.0,3348600.0,253916.0,
2002-11-22,1410750.0,0.0,46800.0,306349.0,52022.0,2082400.0,265270.0,
2002-11-25,531660.0,0.0,57200.0,474298.0,93258.0,2535200.0,126071.0,
2002-11-26,1711735.0,17000.0,20300.0,147335.0,145914.0,1991400.0,122760.0,
2002-11-27,164345.0,0.0,93600.0,23354.0,278506.0,2051200.0,316005.0,
2002-11-28,136820.0,24000.0,85000.0,0.0,,,,
2002-11-29,63000.0,0.0,46000.0,123067.0,116732.0,785200.0,196676.0,
2002-12-02,907930.0,0.0,700.0,129261.0,67882.0,2538000.0,282300.0,
2002-12-03,34150.0,0.0,3600.0,106618.0,123076.0,2117400.0,261130.0,
2002-12-04,17000.0,0.0,8300.0,353362.0,144646.0,2874400.0,83732.0,
2002-12-05,104615.0,0.0,7100.0,216790.0,46312.0,3116000.0,331853.0,
2002-12-06,56375.0,0.0,40000.0,10661.0,344485.0,2884600.0,214534.0,
2002-12-09,64140.0,16900.0,77300.0,101.0,64075.0,1733400.0,251787.0,
2002-12-10,2950160.0,0.0,12500.0,37773.0,201108.0,2127200.0,90000.0,
2002-12-11,209005.0,0.0,56300.0,134135.0,56463.0,1469600.0,234402.0,
2002-12-12,344255.0,0.0,6000.0,113116.0,51387.0,4728800.0,89527.0,
2002-12-13,1103960.0,0.0,33600.0,56253.0,78032.0,2665400.0,90946.0,
2002-12-16,614500.0,0.0,3100.0,26603.0,165581.0,3136600.0,453903.0,
2002-12-17,141750.0,13000.0,11900.0,196278.0,47581.0,4141400.0,321800.0,
2002-12-18,2787825.0,0.0,322200.0,904527.0,206818.0,5578200.0,122878.0,
2002-12-19,626195.0,10000.0,4600.0,551266.0,138301.0,3307200.0,171722.0,
2002-12-20,1983625.0,0.0,34700.0,389612.0,165581.0,2273600.0,105611.0,
2002-12-23,397200.0,0.0,31300.0,553093.0,162409.0,1320200.0,144520.0,
2002-12-24,401495.0,0.0,18200.0,15941.0,205549.0,576800.0,51091.0,
2002-12-25,0.0,0.0,0.0,0.0,,,,
2002-12-26,0.0,47000.0,38800.0,39600.0,111022.0,1465200.0,141564.0,
2002-12-27,133300.0,3000.0,32200.0,252837.0,78032.0,1681000.0,126899.0,
2002-12-30,1029200.0,0.0,22400.0,925038.0,96430.0,2304000.0,178226.0,
2002-12-31,282000.0,0.0,0.0,0.0,141474.0,1759800.0,182720.0,
2003-01-01,0.0,0.0,0.0,0.0,,,,
2003-01-02,607570.0,0.0,11700.0,228467.0,236001.0,1782800.0,206728.0,
2003-01-03,663025.0,0.0,18500.0,37671.0,368592.0,2226600.0,162615.0,
2003-01-06,87780.0,0.0,0.0,86005.0,49484.0,4200200.0,270473.0,
2003-01-07,102900.0,0.0,9800.0,120427.0,170656.0,2234200.0,308791.0,
2003-01-08,248250.0,0.0,198300.0,36148.0,165581.0,5140000.0,210276.0,
2003-01-09,981550.0,0.0,52400.0,221054.0,102140.0,2618400.0,212641.0,
2003-01-10,740300.0,0.0,6800.0,215673.0,189689.0,3710800.0,136715.0,
2003-01-13,493750.0,0.0,9800.0,834057.0,545593.0,2565600.0,386610.0,
2003-01-14,1477115.0,11700.0,31600.0,268982.0,155431.0,1665800.0,302996.0,
2003-01-15,714830.0,0.0,16500.0,253344.0,154162.0,2248200.0,458870.0,
2003-01-16,269790.0,0.0,197900.0,66509.0,188420.0,9925000.0,121104.0,
2003-01-17,1214405.0,0.0,47900.0,58690.0,310861.0,4908600.0,180828.0,
2003-01-20,434380.0,0.0,311800.0,38077.0,,,,
2003-01-21,1798505.0,0.0,365500.0,42139.0,121807.0,3387000.0,152562.0,
2003-01-22,569970.0,0.0,179400.0,405554.0,245517.0,3719800.0,253679.0,
2003-01-23,230275.0,0.0,99100.0,22237.0,104043.0,2784400.0,207083.0,
2003-01-24,433375.0,4000.0,85000.0,12184.0,161140.0,5253600.0,239133.0,
2003-01-27,463195.0,0.0,2100.0,102454.0,104678.0,4712600.0,335283.0,
2003-01-28,828480.0,0.0,4100.0,502221.0,163678.0,4017400.0,265506.0,
2003-01-29,370235.0,0.0,0.0,257711.0,81839.0,6226200.0,196557.0,
2003-01-30,639010.0,0.0,49800.0,33305.0,157968.0,3029400.0,348647.0,
2003-01-31,305160.0,0.0,16200.0,126012.0,464388.0,2122600.0,297911.0,
2003-02-03,358730.0,0.0,3900.0,32797.0,253130.0,3514400.0,585178.0,
2003-02-04,476860.0,0.0,50000.0,285330.0,47581.0,3724600.0,185440.0,
2003-02-05,399455.0,7000.0,74000.0,112608.0,203011.0,3065000.0,1131210.0,
2003-02-06,1353700.0,4000.0,6000.0,57167.0,107850.0,26925400.0,452129.0,
2003-02-07,627205.0,0.0,7900.0,1827.0,135129.0,8015800.0,150197.0,
2003-02-10,1089155.0,6000.0,0.0,6295.0,104043.0,5711400.0,172549.0,
2003-02-11,1589780.0,4000.0,43200.0,32391.0,159237.0,5584600.0,268581.0,
2003-02-12,156645.0,0.0,10000.0,3757.0,132592.0,4612800.0,271065.0,
2003-02-13,1658175.0,4000.0,7900.0,3350.0,221409.0,4999600.0,309383.0,
2003-02-14,3277745.0,0.0,0.0,133526.0,65979.0,2818400.0,71905.0,
2003-02-17,518750.0,0.0,4000.0,156576.0,,,,
2003-02-18,314380.0,0.0,11600.0,36047.0,175732.0,2782800.0,151143.0,
2003-02-19,169355.0,0.0,59000.0,115045.0,130054.0,3654200.0,236413.0,
2003-02-20,834010.0,0.0,16600.0,9849.0,52022.0,3347000.0,119803.0,
2003-02-21,5000.0,0.0,34600.0,17363.0,376205.0,2870800.0,240552.0,
2003-02-24,90925.0,0.0,109100.0,189678.0,79301.0,2433200.0,181183.0,
2003-02-25,142900.0,5000.0,700000.0,48739.0,890078.0,3536000.0,211814.0,
2003-02-26,33975.0,4900.0,125400.0,36960.0,107215.0,2938200.0,242089.0,
2003-02-27,190250.0,0.0,14300.0,346864.0,97065.0,5732800.0,90473.0,
2003-02-28,242165.0,0.0,131300.0,73515.0,128151.0,2119600.0,123469.0,
2003-03-03,753075.0,0.0,59600.0,87934.0,138936.0,2075000.0,305125.0,
2003-03-04,128620.0,0.0,1900.0,14012.0,149086.0,5239800.0,269172.0,
2003-03-05,334755.0,20000.0,40100.0,199528.0,67247.0,2059800.0,131156.0,
2003-03-06,54560.0,5000.0,14100.0,132511.0,94527.0,4011600.0,95677.0,
2003-03-07,488795.0,5000.0,25000.0,581931.0,39333.0,3037600.0,127135.0,
2003-03-10,473960.0,10000.0,0.0,297312.0,185248.0,7101400.0,170539.0,
2003-03-11,1469700.0,0.0,6500.0,97783.0,64710.0,3371200.0,391459.0,
2003-03-12,1799700.0,0.0,59300.0,236387.0,87549.0,2424200.0,421262.0,
2003-03-13,955375.0,3600.0,27000.0,363110.0,116732.0,3563200.0,355624.0,
2003-03-14,460005.0,0.0,400.0,432564.0,123710.0,1809000.0,254507.0,
2003-03-17,56105.0,0.0,0.0,84279.0,134495.0,1728800.0,219383.0,
2003-03-18,979860.0,18900.0,5600.0,12388.0,74860.0,2017400.0,583640.0,
2003-03-19,725745.0,0.0,0.0,70774.0,178904.0,3242200.0,249422.0,
2003-03-20,620335.0,12000.0,8000.0,350824.0,300076.0,1743400.0,133049.0,
2003-03-21,264805.0,1000.0,41800.0,66204.0,163678.0,3455200.0,266570.0,
2003-03-24,895260.0,0.0,7100.0,3757.0,72323.0,1677600.0,183430.0,
2003-03-25,659615.0,0.0,11100.0,972356.0,130689.0,2133000.0,93785.0,
2003-03-26,290755.0,0.0,101500.0,275785.0,544324.0,2411600.0,104428.0,
2003-03-27,904465.0,6900.0,53000.0,255274.0,173194.0,3391600.0,158594.0,
2003-03-28,336640.0,0.0,240400.0,449623.0,93893.0,2131200.0,286676.0,
2003-03-31,423985.0,0.0,299100.0,27314.0,201742.0,2377400.0,156702.0,
2003-04-01,276085.0,0.0,13800.0,73414.0,69785.0,2168600.0,56649.0,
2003-04-02,115560.0,20000.0,270300.0,156880.0,237904.0,1985400.0,130447.0,
2003-04-03,454165.0,17100.0,397500.0,126520.0,288022.0,2349200.0,188279.0,
2003-04-04,656970.0,0.0,640800.0,17972.0,169388.0,4094000.0,81721.0,
2003-04-07,1157745.0,0.0,500800.0,76866.0,167484.0,2413600.0,111524.0,
2003-04-08,625760.0,0.0,331500.0,39499.0,140839.0,3492000.0,134941.0,
2003-04-09,361805.0,0.0,432700.0,538776.0,104678.0,4172800.0,122523.0,
2003-04-10,293610.0,9300.0,69200.0,639099.0,90721.0,2963200.0,70013.0,
2003-04-11,69250.0,0.0,467600.0,165613.0,72957.0,5277600.0,286676.0,
2003-04-14,240905.0,16300.0,180200.0,192826.0,118000.0,2211400.0,103482.0,
2003-04-15,84385.0,0.0,572500.0,321681.0,126882.0,2696800.0,165453.0,
2003-04-16,581800.0,0.0,85500.0,321478.0,95796.0,2014600.0,506176.0,
2003-04-17,39435.0,0.0,214600.0,166121.0,140839.0,4275800.0,53929.0,
2003-04-18,0.0,0.0,0.0,0.0,,,,
2003-04-21,0.0,0.0,52000.0,115147.0,37430.0,5276600.0,79120.0,
2003-04-22,547745.0,0.0,29400.0,124895.0,215065.0,4216800.0,258055.0,
2003-04-23,1097930.0,0.0,285300.0,985353.0,82473.0,7201400.0,244691.0,
2003-04-24,765790.0,0.0,759500.0,208463.0,98968.0,2950000.0,535743.0,
2003-04-25,386710.0,1000.0,480500.0,82552.0,78032.0,3533800.0,134823.0,
2003-04-28,656770.0,0.0,857200.0,592897.0,154162.0,3587800.0,218436.0,
2003-04-29,1325690.0,0.0,927300.0,396720.0,91355.0,1829200.0,239606.0,
2003-04-30,714665.0,0.0,711200.0,211306.0,92624.0,1949000.0,116137.0,
2003-05-01,266020.0,0.0,0.0,0.0,32355.0,4282400.0,268344.0,
2003-05-02,734335.0,0.0,711400.0,930826.0,495474.0,2262600.0,86334.0,
2003-05-05,0.0,0.0,489100.0,4167953.0,79301.0,1643800.0,120749.0,
2003-05-06,2082635.0,0.0,192700.0,182570.0,92624.0,2375800.0,167227.0,
2003-05-07,436385.0,5000.0,2015700.0,842282.0,24742.0,1743800.0,262786.0,
2003-05-08,328650.0,15200.0,419700.0,598584.0,417442.0,3147400.0,155874.0,
2003-05-09,94000.0,17000.0,1225500.0,474704.0,113559.0,3247200.0,133403.0,
2003-05-12,309725.0,13900.0,783900.0,394791.0,110387.0,4394000.0,104547.0,
2003-05-13,958050.0,0.0,593100.0,365750.0,97065.0,5590000.0,215125.0,
2003-05-14,834105.0,5000.0,351000.0,455817.0,67882.0,3557400.0,105256.0,
2003-05-15,1530.0,3000.0,307300.0,564060.0,358442.0,3009600.0,200342.0,
2003-05-16,8975.0,0.0,387800.0,109461.0,251227.0,3463400.0,1033286.0,
2003-05-19,96500.0,5594200.0,204700.0,109258.0,88183.0,2982400.0,96032.0,
2003-05-20,77460.0,19000.0,291300.0,182266.0,53290.0,6303800.0,80421.0,
2003-05-21,1332955.0,0.0,0.0,0.0,130689.0,5832000.0,131630.0,
2003-05-22,807265.0,2100.0,1007900.0,346457.0,215065.0,3685800.0,135414.0,
2003-05-23,140995.0,0.0,164200.0,572691.0,146549.0,3603400.0,69304.0,
2003-05-26,0.0,0.0,467100.0,111390.0,,,,
2003-05-27,133070.0,0.0,67900.0,478867.0,175097.0,12410000.0,280881.0,
2003-05-28,763805.0,0.0,302400.0,204503.0,54559.0,5727400.0,183430.0,
2003-05-29,381730.0,10000.0,296900.0,829793.0,142742.0,4023000.0,93075.0,
2003-05-30,1604895.0,0.0,306800.0,202168.0,110387.0,2473200.0,155283.0,
2003-06-02,1071285.0,0.0,206100.0,100627.0,220140.0,4703200.0,130683.0,
2003-06-03,437365.0,0.0,287100.0,156373.0,262011.0,3124600.0,75217.0,
2003-06-04,2516495.0,20000.0,435400.0,41327.0,231560.0,3781200.0,204836.0,
2003-06-05,1667445.0,0.0,228800.0,159317.0,120538.0,2909400.0,315532.0,
2003-06-06,1313430.0,0.0,232300.0,868784.0,229022.0,3644600.0,311984.0,
2003-06-09,2445440.0,0.0,129600.0,706928.0,102774.0,3081400.0,211459.0,
2003-06-10,228325.0,0.0,130200.0,416419.0,136398.0,5092400.0,990355.0,
2003-06-11,203990.0,0.0,637600.0,153733.0,123076.0,6265400.0,495651.0,
2003-06-12,1573650.0,4500.0,366400.0,396416.0,137667.0,3863400.0,178226.0,
2003-06-13,1508815.0,0.0,1081400.0,84786.0,241076.0,2657800.0,124770.0,
2003-06-16,192920.0,0.0,0.0,0.0,305786.0,2641400.0,104783.0,
2003-06-17,1013905.0,0.0,784700.0,218922.0,183345.0,5239600.0,479094.0,
2003-06-18,125730.0,0.0,352600.0,334679.0,162409.0,10397400.0,225769.0,
2003-06-19,215745.0,0.0,148400.0,502729.0,260108.0,6976000.0,378568.0,
2003-06-20,2415000.0,1000.0,433300.0,495824.0,219506.0,5515600.0,119330.0,
2003-06-23,1193320.0,0.0,280700.0,345137.0,426958.0,4490200.0,187569.0,
2003-06-24,12590.0,0.0,15100.0,4061.0,583023.0,4245600.0,105729.0,
2003-06-25,329115.0,0.0,192300.0,44068.0,568432.0,3798400.0,167227.0,
2003-06-26,225830.0,4000.0,156200.0,480085.0,458044.0,3569400.0,119921.0,
2003-06-27,258290.0,0.0,164100.0,601630.0,383184.0,2165800.0,100526.0,
2003-06-30,109365.0,0.0,85000.0,54019.0,1652005.0,3468800.0,192891.0,
2003-07-01,160810.0,0.0,169600.0,151397.0,246151.0,3630000.0,250486.0,
2003-07-02,55870.0,0.0,214700.0,100627.0,477711.0,4231400.0,209330.0,
2003-07-03,4093665.0,0.0,147200.0,207042.0,168753.0,1182600.0,129382.0,
2003-07-04,2063910.0,0.0,1641800.0,45794.0,,,,
2003-07-07,1612840.0,0.0,329900.0,438454.0,367958.0,2693400.0,342497.0,
2003-07-08,414520.0,0.0,86000.0,485873.0,450431.0,2710800.0,312931.0,
2003-07-09,426290.0,0.0,199400.0,179930.0,218237.0,2063600.0,484415.0,
2003-07-10,139280.0,5000.0,59600.0,136775.0,59000.0,2357400.0,446807.0,
2003-07-11,198185.0,25000.0,434700.0,341888.0,51387.0,1641800.0,184849.0,
2003-07-14,104440.0,5000.0,108700.0,121239.0,35527.0,2361600.0,199159.0,
2003-07-15,242410.0,0.0,24100.0,80522.0,378109.0,2967800.0,1139961.0,
2003-07-16,328045.0,0.0,73100.0,338943.0,99602.0,2661800.0,430132.0,
2003-07-17,930870.0,0.0,11000.0,582337.0,236635.0,2987600.0,201761.0,
2003-07-18,402835.0,22400.0,32300.0,462417.0,253764.0,5322400.0,102418.0,
2003-07-21,1000075.0,0.0,15400.0,534511.0,350195.0,2397200.0,146649.0,
2003-07-22,1797140.0,0.0,165300.0,595131.0,142742.0,10891000.0,163916.0,
2003-07-23,165005.0,0.0,163100.0,732313.0,221409.0,3258400.0,214652.0,
2003-07-24,2134145.0,0.0,47300.0,411748.0,223947.0,6916200.0,328542.0,
2003-07-25,2707070.0,0.0,307400.0,761557.0,305786.0,4239400.0,469278.0,
2003-07-28,8690.0,5000.0,66200.0,546493.0,92624.0,3616000.0,308082.0,
2003-07-29,1179095.0,60000.0,65100.0,79100.0,110387.0,3219400.0,135769.0,
2003-07-30,238845.0,0.0,16600.0,330617.0,213796.0,2313800.0,180710.0,
2003-07-31,600085.0,0.0,31100.0,196786.0,755583.0,3028200.0,495887.0,
2003-08-01,412105.0,9500.0,216200.0,208362.0,648367.0,2253200.0,262668.0,
2003-08-04,311840.0,0.0,645700.0,920469.0,302614.0,1714200.0,219737.0,
2003-08-05,1853965.0,0.0,560700.0,472064.0,408560.0,5243400.0,338949.0,
2003-08-06,810860.0,0.0,622000.0,199020.0,216968.0,2644000.0,244455.0,
2003-08-07,5510905.0,0.0,1091700.0,235981.0,110387.0,2792600.0,201879.0,
2003-08-08,4265905.0,1000.0,159500.0,187343.0,337506.0,6574200.0,174205.0,
2003-08-11,127835.0,1000.0,168300.0,257203.0,167484.0,3549400.0,338358.0,
2003-08-12,82870.0,9300.0,279600.0,1076131.0,243614.0,9053200.0,168647.0,
2003-08-13,550120.0,0.0,88800.0,180844.0,236635.0,3867600.0,152089.0,
2003-08-14,322315.0,219500.0,736600.0,727947.0,329259.0,4360000.0,291406.0,
2003-08-15,246265.0,0.0,0.0,0.0,119269.0,2904800.0,134704.0,
2003-08-18,640810.0,3000.0,529500.0,124083.0,220775.0,3140600.0,148660.0,
2003-08-19,2328270.0,1200.0,134600.0,226030.0,253764.0,2735200.0,398436.0,
2003-08-20,1321490.0,0.0,309100.0,500597.0,179538.0,3591000.0,875756.0,
2003-08-21,870335.0,0.0,144400.0,645597.0,192861.0,3047800.0,478147.0,
2003-08-22,602395.0,0.0,193700.0,417130.0,168119.0,5923800.0,619356.0,
2003-08-25,0.0,0.0,103200.0,171807.0,162409.0,3513200.0,415821.0,
2003-08-26,163655.0,2600.0,166700.0,382809.0,104043.0,5369000.0,262549.0,
2003-08-27,570155.0,5000.0,250100.0,430127.0,124344.0,8307800.0,228371.0,
2003-08-28,124635.0,0.0,139600.0,626101.0,102140.0,3426600.0,384245.0,
2003-08-29,1970095.0,19500.0,183700.0,252126.0,115463.0,3131600.0,196321.0,
2003-09-01,343980.0,0.0,49000.0,79709.0,,,,
2003-09-02,4636900.0,3000.0,198600.0,298835.0,303883.0,2369800.0,624560.0,
2003-09-03,2329660.0,3500.0,61700.0,91691.0,608400.0,4205200.0,883680.0,
2003-09-04,347320.0,0.0,16100.0,327774.0,249323.0,2475000.0,1025007.0,
2003-09-05,854095.0,0.0,44200.0,203082.0,260743.0,2974600.0,654954.0,
2003-09-08,2050475.0,3000.0,76600.0,670576.0,196667.0,1972400.0,177043.0,
2003-09-09,4419180.0,0.0,35900.0,79912.0,426958.0,6138400.0,236886.0,
2003-09-10,1949145.0,0.0,55000.0,4061.0,123076.0,4321200.0,289750.0,
2003-09-11,667785.0,0.0,89900.0,102353.0,54559.0,4854800.0,493640.0,
2003-09-12,1568435.0,0.0,126000.0,138603.0,331797.0,4090200.0,516820.0,
2003-09-15,681880.0,0.0,27600.0,85395.0,567797.0,4155200.0,409908.0,
2003-09-16,848595.0,0.0,101200.0,78795.0,720690.0,3153000.0,291170.0,
2003-09-17,229430.0,2300.0,600.0,2741.0,890712.0,1586800.0,341314.0,
2003-09-18,567895.0,0.0,0.0,0.0,200474.0,7231000.0,649041.0,
2003-09-19,1340540.0,0.0,0.0,0.0,379377.0,5865000.0,935953.0,
2003-09-22,1647790.0,0.0,66000.0,67829.0,324184.0,4924600.0,525927.0,
2003-09-23,3645060.0,6700.0,337300.0,230396.0,590636.0,3637600.0,675178.0,
2003-09-24,1582365.0,0.0,158800.0,253852.0,1300541.0,2753800.0,216781.0,
2003-09-25,555840.0,0.0,223400.0,398243.0,559550.0,4936800.0,232037.0,
2003-09-26,1103205.0,700.0,132500.0,118092.0,350195.0,4621800.0,369698.0,
2003-09-29,68200.0,6000.0,103300.0,225928.0,434571.0,5288000.0,228489.0,
2003-09-30,459705.0,1700.0,132400.0,263803.0,331162.0,4098400.0,201170.0,
2003-10-01,290540.0,0.0,265100.0,857107.0,452335.0,4299200.0,318016.0,
2003-10-02,2210765.0,0.0,349400.0,394283.0,587464.0,5645200.0,178344.0,
2003-10-03,1427390.0,500.0,682500.0,365852.0,425055.0,9810800.0,234757.0,
2003-10-06,517730.0,500.0,320300.0,0.0,260743.0,3700600.0,318252.0,
2003-10-07,864710.0,0.0,104300.0,335186.0,279775.0,4851600.0,531603.0,
2003-10-08,1268645.0,0.0,322300.0,179727.0,260743.0,5428200.0,202944.0,
2003-10-09,1638010.0,0.0,499800.0,293961.0,302614.0,14803400.0,451419.0,
2003-10-10,781520.0,0.0,934900.0,1167213.0,439012.0,4434400.0,183075.0,
2003-10-13,1009765.0,0.0,631000.0,171807.0,1010616.0,4484800.0,361774.0,
2003-10-14,1064450.0,0.0,430500.0,280557.0,223312.0,5723000.0,283246.0,
2003-10-15,1318380.0,33200.0,403100.0,485670.0,603959.0,11332200.0,665362.0,
2003-10-16,507320.0,0.0,187000.0,237098.0,423786.0,4618400.0,500618.0,
2003-10-17,849515.0,0.0,762000.0,254258.0,194764.0,3680000.0,401630.0,
2003-10-20,128645.0,156800.0,663800.0,188257.0,174463.0,4783600.0,382825.0,
2003-10-21,439600.0,1500.0,333800.0,167034.0,452969.0,5269200.0,583759.0,
2003-10-22,395510.0,500.0,281800.0,144492.0,563991.0,5717000.0,465493.0,
2003-10-23,1893915.0,0.0,262400.0,274465.0,867873.0,4029800.0,490092.0,
2003-10-24,2105300.0,0.0,90600.0,183179.0,341313.0,4425800.0,375138.0,
2003-10-27,2921620.0,0.0,179600.0,107531.0,248689.0,2309600.0,357280.0,
2003-10-28,1043235.0,0.0,212200.0,94636.0,827906.0,2623600.0,555848.0,
2003-10-29,814025.0,0.0,110400.0,432970.0,989046.0,6440400.0,720473.0,
2003-10-30,10820735.0,0.0,82600.0,207752.0,919261.0,4827400.0,520960.0,
2003-10-31,3873635.0,0.0,71300.0,246338.0,802529.0,3022600.0,291288.0,
2003-11-03,1028570.0,0.0,164900.0,74632.0,541786.0,3823800.0,338358.0,
2003-11-04,1395850.0,500.0,255400.0,319244.0,1176831.0,7556600.0,703207.0,
2003-11-05,2076965.0,1700.0,233700.0,372757.0,1816951.0,5296000.0,705217.0,
2003-11-06,2310900.0,0.0,107100.0,278323.0,876121.0,3982200.0,446216.0,
2003-11-07,2508360.0,0.0,264600.0,256391.0,1184444.0,4347800.0,222339.0,
2003-11-10,461500.0,3400.0,90300.0,218313.0,884368.0,6440800.0,400920.0,
2003-11-11,5542250.0,8500.0,307700.0,611581.0,581754.0,4643400.0,292352.0,
2003-11-12,2048550.0,175000.0,175900.0,249790.0,916723.0,5493800.0,358344.0,
2003-11-13,2096520.0,0.0,278100.0,269388.0,1145111.0,4564800.0,381998.0,
2003-11-14,3527530.0,0.0,50100.0,206635.0,606496.0,3478400.0,433561.0,
2003-11-17,369375.0,8500.0,185300.0,78795.0,956056.0,5291200.0,411919.0,
2003-11-18,2019715.0,0.0,32600.0,78389.0,789206.0,5772600.0,319435.0,
2003-11-19,250545.0,6000.0,97400.0,32391.0,701658.0,4424400.0,231919.0,
2003-11-20,1143620.0,0.0,74600.0,22440.0,689604.0,4098000.0,406597.0,
2003-11-21,1094270.0,0.0,18600.0,15738.0,1494671.0,2658000.0,338831.0,
2003-11-24,1814545.0,0.0,36100.0,26400.0,1273262.0,3664600.0,513982.0,
2003-11-25,767335.0,1400.0,20500.0,22440.0,706099.0,3737600.0,515874.0,
2003-11-26,7975235.0,9800.0,72500.0,59503.0,409829.0,4285600.0,498489.0,
2003-11-27,1465245.0,21100.0,110600.0,21222.0,,,,
2003-11-28,450515.0,1500.0,78000.0,62650.0,268990.0,1283600.0,252615.0,
2003-12-01,947565.0,0.0,141000.0,193740.0,2464050.0,5930000.0,836728.0,
2003-12-02,3424795.0,0.0,88700.0,58893.0,1234563.0,4046200.0,462063.0,
2003-12-03,495725.0,5000.0,90100.0,4569.0,994121.0,4577400.0,674586.0,
2003-12-04,5050755.0,0.0,40600.0,76358.0,878024.0,3362800.0,314350.0,
2003-12-05,1193335.0,0.0,185000.0,116975.0,777153.0,4580000.0,356689.0,
2003-12-08,601815.0,0.0,0.0,0.0,735916.0,4882800.0,785165.0,
2003-12-09,1351425.0,0.0,153200.0,123676.0,1082304.0,6413400.0,1080474.0,
2003-12-10,1436200.0,0.0,0.0,106008.0,894519.0,7391400.0,662878.0,
2003-12-11,715915.0,0.0,30200.0,89762.0,751776.0,5976200.0,897162.0,
2003-12-12,1042265.0,0.0,136100.0,90980.0,1089283.0,3321200.0,445979.0,
2003-12-15,676480.0,78300.0,107100.0,154240.0,883099.0,3462800.0,390631.0,
2003-12-16,1308030.0,0.0,42100.0,211611.0,964304.0,3248400.0,376321.0,
2003-12-17,1586795.0,25000.0,118200.0,31579.0,645830.0,4473600.0,629646.0,
2003-12-18,1725305.0,2000.0,68500.0,9037.0,1219971.0,6989800.0,547214.0,
2003-12-19,2354870.0,8500.0,13700.0,85700.0,1306885.0,14468000.0,1528936.0,
2003-12-22,1779820.0,0.0,69400.0,753028.0,2472932.0,14298200.0,578910.0,
2003-12-23,671665.0,1000.0,43000.0,111898.0,1233294.0,8202000.0,426820.0,
2003-12-24,747400.0,1000.0,77500.0,340974.0,400947.0,3053200.0,353259.0,
2003-12-25,0.0,0.0,0.0,0.0,,,,
2003-12-26,0.0,5600.0,55600.0,132409.0,332431.0,2777200.0,324284.0,
2003-12-29,720130.0,0.0,191600.0,74937.0,1261842.0,5663800.0,642418.0,
2003-12-30,628715.0,5600.0,45200.0,29751.0,1096261.0,3735000.0,403167.0,
2003-12-31,120675.0,0.0,0.0,0.0,685798.0,3884800.0,380460.0,
2004-01-01,0.0,0.0,0.0,0.0,,,,
2004-01-02,456540.0,0.0,10800.0,1726.0,746067.0,3974400.0,428476.0,
2004-01-05,1178135.0,0.0,69000.0,8935.0,1037261.0,5563800.0,946479.0,
2004-01-06,1398515.0,0.0,260800.0,114538.0,1018863.0,5269000.0,727215.0,
2004-01-07,1775455.0,0.0,208600.0,126621.0,989046.0,8302000.0,951919.0,
2004-01-08,747310.0,0.0,115200.0,42444.0,831712.0,4538400.0,620421.0,
2004-01-09,670430.0,0.0,51200.0,75343.0,609034.0,4400600.0,2039370.0,
2004-01-12,226100.0,0.0,135000.0,133120.0,860895.0,4685800.0,826321.0,
2004-01-13,314215.0,0.0,201400.0,165308.0,1756048.0,7916800.0,667254.0,
2004-01-14,1045635.0,0.0,271500.0,90269.0,1225681.0,10970200.0,877175.0,
2004-01-15,1156365.0,0.0,216200.0,175564.0,1491499.0,22601200.0,902129.0,
2004-01-16,725745.0,5200.0,12300.0,42241.0,1311326.0,10494600.0,1737438.0,
2004-01-19,5810990.0,4800.0,78200.0,406.0,,,,
2004-01-20,324320.0,10000.0,1426100.0,27212.0,1494036.0,14326000.0,768726.0,
2004-01-21,2148890.0,7000.0,208600.0,92503.0,678819.0,7829000.0,346873.0,
2004-01-22,4722500.0,0.0,119100.0,84177.0,466292.0,10379000.0,518594.0,
2004-01-23,1843180.0,0.0,55900.0,26908.0,463120.0,6645200.0,286557.0,
2004-01-26,2794090.0,1300.0,220100.0,61229.0,932583.0,7867800.0,514455.0,
2004-01-27,955265.0,136600.0,14400.0,44982.0,965573.0,7720800.0,300631.0,
2004-01-28,2928820.0,0.0,48500.0,118701.0,906572.0,8416800.0,1256926.0,
2004-01-29,825065.0,0.0,273100.0,34727.0,1455337.0,8537800.0,2009094.0,
2004-01-30,3298005.0,0.0,67900.0,138705.0,985874.0,6493000.0,1499252.0,
2004-02-02,1691450.0,0.0,7300.0,5990.0,1558112.0,8667800.0,607648.0,
2004-02-03,2261900.0,0.0,17600.0,812.0,1256133.0,4570600.0,461590.0,
2004-02-04,2850955.0,52500.0,31100.0,4163.0,4763787.0,7339800.0,435099.0,
2004-02-05,617305.0,0.0,20100.0,94026.0,1108949.0,5701200.0,923535.0,
2004-02-06,1035905.0,5000.0,23600.0,667936.0,1511800.0,7356800.0,198095.0,
2004-02-09,1509015.0,3800.0,65600.0,5787.0,1497843.0,5128600.0,708647.0,
2004-02-10,2822425.0,0.0,278300.0,81740.0,924336.0,3781600.0,576781.0,
2004-02-11,7025570.0,0.0,101500.0,396212.0,1915919.0,8770400.0,824074.0,
2004-02-12,10026475.0,10000.0,38400.0,868987.0,1962866.0,8243400.0,595703.0,
2004-02-13,3074345.0,1000.0,7300.0,245932.0,1129885.0,5520400.0,557504.0,
2004-02-16,1031070.0,8900.0,203800.0,151803.0,,,,
2004-02-17,3542125.0,0.0,232200.0,511868.0,1909575.0,6051600.0,611551.0,
2004-02-18,6802440.0,0.0,447600.0,872338.0,1653908.0,5413400.0,465966.0,
2004-02-19,4587805.0,0.0,817400.0,330312.0,980798.0,8321800.0,2629042.0,
2004-02-20,4649355.0,0.0,196600.0,50364.0,1327821.0,6921600.0,3518044.0,
2004-02-23,1240330.0,176000.0,417000.0,339146.0,414904.0,4400200.0,2649384.0,
2004-02-24,1416015.0,63400.0,346800.0,26908.0,1109584.0,4465400.0,2662038.0,
2004-02-25,1073720.0,5800.0,119100.0,42139.0,1625994.0,4159800.0,2082892.0,
2004-02-26,1312490.0,500.0,42700.0,173533.0,1275799.0,5535000.0,1266860.0,
2004-02-27,2698415.0,20000.0,117000.0,583759.0,2150651.0,4971000.0,1151906.0,
2004-03-01,1589375.0,0.0,385500.0,428299.0,1645660.0,6711000.0,2440172.0,
2004-03-02,4585035.0,0.0,373700.0,1032367.0,1610768.0,5904600.0,3025113.0,
2004-03-03,2469160.0,0.0,428600.0,502627.0,817755.0,6764600.0,1955638.0,
2004-03-04,5874190.0,15000.0,431000.0,222577.0,676281.0,5117200.0,1675113.0,
2004-03-05,4319605.0,12000.0,571500.0,346762.0,716884.0,4145400.0,936071.0,
2004-03-08,3156060.0,0.0,518200.0,84786.0,489765.0,3032200.0,1018976.0,
2004-03-09,3724695.0,10000.0,604800.0,400680.0,1652639.0,3698000.0,633430.0,
2004-03-10,2114620.0,0.0,519700.0,199426.0,591905.0,6529200.0,1340303.0,
2004-03-11,12975700.0,15000.0,300800.0,89254.0,1171122.0,5430600.0,1385126.0,
2004-03-12,3622710.0,0.0,297700.0,129566.0,896422.0,4674400.0,1499133.0,
2004-03-15,1337995.0,300.0,275700.0,73718.0,514507.0,5132400.0,848791.0,
2004-03-16,2480325.0,1000.0,495000.0,300459.0,1389359.0,6020400.0,784810.0,
2004-03-17,2031840.0,0.0,705200.0,81740.0,1845500.0,4938600.0,1070894.0,
2004-03-18,717440.0,0.0,234200.0,293656.0,943368.0,7168200.0,714087.0,
2004-03-19,3550505.0,0.0,84000.0,86208.0,1052487.0,4260200.0,448699.0,
2004-03-22,1880105.0,0.0,161400.0,166831.0,732744.0,7413000.0,566019.0,
2004-03-23,1503215.0,0.0,173300.0,105399.0,950347.0,14534200.0,472589.0,
2004-03-24,2802060.0,0.0,176700.0,75038.0,635045.0,16849000.0,999817.0,
2004-03-25,3366245.0,0.0,212100.0,184195.0,947809.0,14672200.0,1185020.0,
2004-03-26,1476445.0,40500.0,117900.0,88340.0,1322746.0,10043200.0,894205.0,
2004-03-29,2352150.0,300.0,258900.0,185515.0,1447724.0,4458000.0,612024.0,
2004-03-30,3194755.0,0.0,86600.0,150889.0,1051218.0,7446600.0,552891.0,
2004-03-31,1442695.0,0.0,187000.0,97783.0,1123541.0,9892600.0,717399.0,
2004-04-01,2692775.0,2600.0,244300.0,870917.0,1018229.0,6282000.0,646439.0,
2004-04-02,4611350.0,0.0,526900.0,141345.0,1303079.0,7473200.0,704744.0,
2004-04-05,3155460.0,0.0,274000.0,245526.0,1120369.0,5791800.0,499317.0,
2004-04-06,2989415.0,0.0,234400.0,10560.0,514507.0,4452200.0,432970.0,
2004-04-07,2269925.0,0.0,181700.0,59604.0,568432.0,3088400.0,312221.0,
2004-04-08,1573295.0,0.0,396800.0,11981.0,668034.0,4093200.0,612734.0,
2004-04-09,0.0,0.0,0.0,0.0,,,,
2004-04-12,0.0,700.0,165300.0,7920.0,614744.0,4923200.0,1046531.0,
2004-04-13,902570.0,4700.0,155500.0,34828.0,955422.0,12677600.0,925428.0,
2004-04-14,1973075.0,9100.0,149100.0,19495.0,1131788.0,9393200.0,1303522.0,
2004-04-15,2310075.0,9100.0,268600.0,138603.0,426324.0,6182200.0,491984.0,
2004-04-16,6041840.0,0.0,78700.0,31477.0,555109.0,5907000.0,335874.0,
2004-04-19,1205810.0,300.0,159100.0,32290.0,608400.0,5408000.0,470224.0,
2004-04-20,6183340.0,163800.0,151900.0,41022.0,1226315.0,9923800.0,718226.0,
2004-04-21,4184685.0,0.0,2194200.0,88036.0,2418372.0,15272600.0,1411854.0,
2004-04-22,6012185.0,0.0,85400.0,515219.0,1319574.0,7297600.0,1054100.0,
2004-04-23,2191990.0,0.0,0.0,0.0,736550.0,6530800.0,828805.0,
2004-04-26,1795395.0,0.0,134500.0,156068.0,2609330.0,5175800.0,623259.0,
2004-04-27,2746860.0,0.0,27500.0,74835.0,1829639.0,5502400.0,314113.0,
2004-04-28,3900800.0,0.0,288200.0,100627.0,3019793.0,15074800.0,1415402.0,
2004-04-29,7603195.0,0.0,678100.0,68946.0,1099433.0,11632800.0,2219725.0,
2004-04-30,1708960.0,0.0,497700.0,67930.0,1344950.0,7597800.0,1053864.0,
2004-05-03,0.0,0.0,692500.0,287665.0,1280875.0,5742600.0,913483.0,
2004-05-04,4196715.0,0.0,325000.0,64783.0,2199501.0,9054200.0,1375428.0,
2004-05-05,5807050.0,0.0,174300.0,3439092.0,890712.0,4338800.0,638634.0,
2004-05-06,1984805.0,0.0,98900.0,64478.0,1528295.0,6903600.0,779961.0,
2004-05-07,1071895.0,0.0,145800.0,30665.0,1265649.0,9199400.0,979002.0,
2004-05-10,5268485.0,0.0,100700.0,830503.0,1308789.0,13206000.0,1433141.0,
2004-05-11,3423995.0,102500.0,125200.0,450943.0,1343681.0,5938400.0,826558.0,
2004-05-12,6401865.0,0.0,470500.0,283502.0,1131154.0,8440600.0,605165.0,
2004-05-13,2019705.0,2500.0,120700.0,75241.0,762561.0,8815200.0,419133.0,
2004-05-14,1297885.0,200.0,191900.0,63564.0,868508.0,6838000.0,1036242.0,
2004-05-17,1876080.0,1000.0,71200.0,285431.0,830443.0,5973800.0,854823.0,
2004-05-18,5142690.0,0.0,167100.0,186327.0,882465.0,6229400.0,712195.0,
2004-05-19,9129300.0,0.0,17000.0,265935.0,1882930.0,11889000.0,881433.0,
2004-05-20,3198645.0,0.0,47300.0,71484.0,1070250.0,6317600.0,317661.0,
2004-05-21,2580425.0,0.0,0.0,0.0,1778252.0,9234400.0,1028319.0,
2004-05-24,4935155.0,125000.0,32800.0,46404.0,1126713.0,6465600.0,488082.0,
2004-05-25,3265775.0,0.0,101800.0,72094.0,1204745.0,5216600.0,630592.0,
2004-05-26,3249890.0,0.0,58800.0,80217.0,1098799.0,6786400.0,410381.0,
2004-05-27,3531155.0,0.0,82300.0,236082.0,1529563.0,6415400.0,402457.0,
2004-05-28,2054780.0,700.0,52000.0,167238.0,600787.0,8592200.0,253206.0,
2004-05-31,0.0,500.0,195500.0,30766.0,,,,
2004-06-01,2094490.0,0.0,88300.0,198309.0,687701.0,5114400.0,432733.0,
2004-06-02,1889185.0,0.0,76700.0,161551.0,1132423.0,5583600.0,584586.0,
2004-06-03,1947930.0,500.0,43000.0,29954.0,860260.0,6952800.0,558213.0,
2004-06-04,1767500.0,0.0,88000.0,31274.0,1074691.0,6961600.0,269409.0,
2004-06-07,4234360.0,0.0,0.0,0.0,728938.0,4638800.0,792734.0,
2004-06-08,3348970.0,0.0,16200.0,55136.0,572873.0,3272400.0,835901.0,
2004-06-09,1920920.0,500.0,262700.0,90168.0,1393800.0,6098600.0,1282589.0,
2004-06-10,2393030.0,0.0,132400.0,177290.0,1683725.0,4931200.0,503574.0,
2004-06-11,3687895.0,10300.0,53500.0,339654.0,,,,
2004-06-14,1432325.0,0.0,46600.0,127230.0,1155261.0,3964000.0,634376.0,
2004-06-15,552495.0,0.0,97800.0,574214.0,1288487.0,5063200.0,1102826.0,
2004-06-16,765730.0,0.0,230900.0,461402.0,1516875.0,3413200.0,624324.0,
2004-06-17,1607815.0,0.0,43800.0,502526.0,1890543.0,3797600.0,1592800.0,
2004-06-18,1869735.0,1000.0,125500.0,1020690.0,3011546.0,4936600.0,877767.0,
2004-06-21,454255.0,0.0,37500.0,1244181.0,2103705.0,3579000.0,727096.0,
2004-06-22,872920.0,0.0,65600.0,104485.0,1348122.0,2263000.0,649159.0,
2004-06-23,1683970.0,500.0,154300.0,2499431.0,1999027.0,4298000.0,704389.0,
2004-06-24,1903840.0,1100.0,144100.0,489122.0,1851209.0,6143600.0,710657.0,
2004-06-25,1189075.0,75000.0,89600.0,154240.0,1698951.0,4764400.0,1017793.0,
2004-06-28,3153010.0,0.0,0.0,0.0,1917188.0,5082600.0,526163.0,
2004-06-29,1885375.0,0.0,165900.0,881883.0,853282.0,5449000.0,1065690.0,
2004-06-30,1666225.0,1000.0,91200.0,207549.0,1442015.0,4026200.0,433443.0,
2004-07-01,2876520.0,0.0,122300.0,81537.0,1254229.0,2771800.0,293535.0,
2004-07-02,3029135.0,1000.0,95300.0,72297.0,485958.0,1749200.0,441249.0,
2004-07-05,591300.0,0.0,24400.0,141954.0,,,,
2004-07-06,968615.0,0.0,82900.0,139517.0,1575241.0,4518000.0,871380.0,
2004-07-07,2885960.0,16800.0,496000.0,180742.0,1506725.0,8591600.0,912182.0,
2004-07-08,2774020.0,0.0,62400.0,36351.0,2410125.0,6032000.0,732655.0,
2004-07-09,1306165.0,0.0,84400.0,23963.0,1770639.0,6473600.0,766479.0,
2004-07-12,2036825.0,0.0,25000.0,232528.0,1173659.0,3385600.0,1000763.0,
2004-07-13,2349790.0,0.0,138200.0,438758.0,865970.0,4115600.0,963864.0,
2004-07-14,3517455.0,0.0,111300.0,87325.0,1287853.0,4438800.0,670211.0,
2004-07-15,2032325.0,0.0,31100.0,229381.0,817121.0,3251200.0,752878.0,
2004-07-16,3139565.0,1200.0,113300.0,75749.0,751142.0,4712400.0,501327.0,
2004-07-19,3996980.0,12000.0,154800.0,25182.0,852013.0,3864800.0,1026071.0,
2004-07-20,767950.0,0.0,1323900.0,76155.0,619185.0,7316600.0,512563.0,
2004-07-21,1369665.0,3500.0,76400.0,386363.0,680088.0,5255800.0,642418.0,
2004-07-22,1948440.0,200.0,15500.0,33203.0,1169853.0,4314800.0,1084376.0,
2004-07-23,2694120.0,1300.0,31400.0,27923.0,1181272.0,4569000.0,724494.0,
2004-07-26,2176910.0,10300.0,67000.0,58284.0,1123541.0,4991800.0,449882.0,
2004-07-27,3472220.0,500.0,70400.0,222070.0,731475.0,6431600.0,1040382.0,
2004-07-28,1300820.0,0.0,184300.0,46201.0,971282.0,5744600.0,667372.0,
2004-07-29,3139430.0,353300.0,202800.0,72906.0,740357.0,3296200.0,1059541.0,
2004-07-30,3178570.0,1100.0,596600.0,224304.0,1008712.0,3371600.0,763049.0,
2004-08-02,733680.0,0.0,112600.0,44271.0,479614.0,2559000.0,436281.0,
2004-08-03,1376650.0,0.0,290200.0,252430.0,475173.0,3022800.0,774166.0,
2004-08-04,2718580.0,0.0,110100.0,56558.0,702292.0,3473600.0,652116.0,
2004-08-05,376540.0,1000.0,263300.0,121544.0,930680.0,3580200.0,824665.0,
2004-08-06,1459655.0,0.0,190900.0,350824.0,531001.0,5170000.0,712313.0,
2004-08-09,1024945.0,800.0,246000.0,56659.0,591905.0,3642200.0,567556.0,
2004-08-10,1380855.0,3000.0,503700.0,121747.0,772712.0,5606000.0,910644.0,
2004-08-11,1124920.0,0.0,161900.0,32086.0,445356.0,4338400.0,376321.0,
2004-08-12,3334690.0,2400.0,390200.0,215774.0,332431.0,2974600.0,233929.0,
2004-08-13,2572095.0,9400.0,102900.0,476430.0,652808.0,4135200.0,368161.0,
2004-08-16,2646940.0,0.0,39700.0,323001.0,842497.0,3574400.0,783272.0,
2004-08-17,1819125.0,0.0,322900.0,638286.0,1177466.0,4192000.0,1093365.0,
2004-08-18,2505360.0,6200.0,694200.0,1104969.0,1452800.0,5026800.0,826321.0,
2004-08-19,2105110.0,0.0,236500.0,769579.0,923067.0,7249200.0,982786.0,
2004-08-20,3880055.0,2000.0,92900.0,1003021.0,1093089.0,6380400.0,1461880.0,
2004-08-23,2751970.0,100.0,227200.0,1364203.0,549399.0,5403000.0,1027018.0,
2004-08-24,807755.0,0.0,136600.0,1009317.0,4442141.0,3375400.0,619356.0,
2004-08-25,1906065.0,0.0,216900.0,963319.0,1385552.0,3351000.0,818634.0,
2004-08-26,1688910.0,400.0,92800.0,438047.0,1519413.0,3699400.0,512563.0,
2004-08-27,1729655.0,40400.0,64800.0,392049.0,911648.0,3777800.0,335756.0,
2004-08-30,0.0,31200.0,202200.0,112101.0,1311326.0,4963200.0,681682.0,
2004-08-31,31910.0,0.0,399200.0,81435.0,1249788.0,3999200.0,569448.0,
2004-09-01,1940240.0,0.0,225300.0,93519.0,1607596.0,3893800.0,883325.0,
2004-09-02,2408105.0,0.0,351900.0,407382.0,1045508.0,2843400.0,650815.0,
2004-09-03,3777210.0,0.0,563100.0,203995.0,675013.0,3866200.0,502510.0,
2004-09-06,4173895.0,0.0,765400.0,247150.0,,,,
2004-09-07,6060250.0,277800.0,157600.0,330211.0,1482617.0,3296000.0,681091.0,
2004-09-08,2940100.0,3800.0,468900.0,189780.0,1238369.0,2532600.0,733956.0,
2004-09-09,3052095.0,1600.0,521400.0,242987.0,1041702.0,2838400.0,944941.0,
2004-09-10,2146515.0,10200.0,459900.0,162465.0,929411.0,2723800.0,507714.0,
2004-09-13,2531315.0,141900.0,235500.0,240956.0,989680.0,3229800.0,739041.0,
2004-09-14,1576425.0,12000.0,145000.0,108547.0,872314.0,4937200.0,495178.0,
2004-09-15,53350.0,21100.0,150100.0,70672.0,1152724.0,3234000.0,404586.0,
2004-09-16,1844025.0,19600.0,146300.0,186632.0,1573972.0,2044800.0,884508.0,
2004-09-17,5558825.0,0.0,0.0,0.0,2653739.0,3205400.0,1103062.0,
2004-09-20,3185855.0,0.0,366300.0,407484.0,2458340.0,3278800.0,805270.0,
2004-09-21,1581410.0,1500.0,289000.0,149468.0,1750973.0,4654200.0,1784863.0,
2004-09-22,2974565.0,0.0,335100.0,156677.0,2302275.0,4425000.0,1221801.0,
2004-09-23,2225700.0,0.0,199100.0,281065.0,1498477.0,4673600.0,1170710.0,
2004-09-24,2871925.0,8500.0,293100.0,179422.0,1954618.0,6098200.0,1579081.0,
2004-09-27,1648595.0,4000.0,187300.0,112304.0,2286415.0,5262600.0,1250185.0,
2004-09-28,2931680.0,1400.0,253400.0,72094.0,2447555.0,6217400.0,3759779.0,
2004-09-29,2483745.0,4800.0,603300.0,152920.0,2158898.0,7907800.0,1637622.0,
2004-09-30,1435595.0,2900.0,681900.0,162770.0,5054982.0,8436400.0,1083549.0,
2004-10-01,1364820.0,8800.0,452300.0,71078.0,2494502.0,4634000.0,1688122.0,
2004-10-04,3127775.0,1900.0,364000.0,639809.0,2420910.0,5207200.0,2365192.0,
2004-10-05,1124675.0,9300.0,191700.0,581931.0,1937489.0,2990000.0,2257334.0,
2004-10-06,1267070.0,800.0,116000.0,305739.0,1995221.0,7323200.0,3506454.0,
2004-10-07,2922015.0,1300.0,102100.0,182164.0,1375402.0,8315600.0,1992419.0,
2004-10-08,4056160.0,2000.0,49200.0,421801.0,3175858.0,8170600.0,2133391.0,
2004-10-11,822660.0,0.0,0.0,0.0,4942057.0,4221800.0,1010342.0,
2004-10-12,2175725.0,1700.0,247600.0,249993.0,2453899.0,4421600.0,1495349.0,
2004-10-13,4904760.0,0.0,128100.0,207448.0,6127135.0,17180800.0,2366020.0,
2004-10-14,9685775.0,2800.0,430600.0,287970.0,3348418.0,6064400.0,995796.0,
2004-10-15,3700445.0,5500.0,93600.0,216891.0,2489426.0,5926200.0,825493.0,
2004-10-18,1798455.0,4300.0,288100.0,38991.0,2707663.0,4053000.0,755007.0,
2004-10-19,4656825.0,400.0,597700.0,206534.0,2753975.0,8909600.0,2113523.0,
2004-10-20,4137970.0,100.0,436200.0,186023.0,3954280.0,6402200.0,1606400.0,
2004-10-21,6628710.0,3100.0,163400.0,441804.0,3159364.0,5473800.0,1117846.0,
2004-10-22,1934580.0,3700.0,262500.0,225014.0,6094146.0,2890200.0,968121.0,
2004-10-25,3547910.0,0.0,75100.0,165816.0,4453561.0,6181600.0,901420.0,
2004-10-26,1810390.0,2600.0,64300.0,256391.0,3821054.0,3816600.0,1386308.0,
2004-10-27,2603755.0,400.0,213200.0,331429.0,1587929.0,4077400.0,828805.0,
2004-10-28,8486365.0,25800.0,411300.0,121747.0,5083530.0,8981400.0,2899752.0,
2004-10-29,2460955.0,2400.0,567900.0,230802.0,3180299.0,6310400.0,1076098.0,
2004-11-01,2041965.0,0.0,0.0,0.0,4241033.0,3210000.0,741406.0,
2004-11-02,2048540.0,4300.0,202100.0,560912.0,2134156.0,5074600.0,480986.0,
2004-11-03,2303120.0,0.0,237800.0,137384.0,1394434.0,4904600.0,1065099.0,
2004-11-04,2564105.0,1000.0,160500.0,189069.0,3571730.0,6697200.0,1296899.0,
2004-11-05,8991020.0,36200.0,246600.0,114436.0,2235028.0,4198600.0,1057294.0,
2004-11-08,2328810.0,47200.0,45000.0,73007.0,2460243.0,3263600.0,817688.0,
2004-11-09,1135970.0,0.0,53900.0,71484.0,2033285.0,5178600.0,580565.0,
2004-11-10,3198565.0,5200.0,139900.0,397837.0,1225046.0,3763400.0,1381814.0,
2004-11-11,2126080.0,0.0,131600.0,211712.0,1702757.0,3202800.0,497543.0,
2004-11-12,1374185.0,0.0,44800.0,319143.0,3257063.0,4989600.0,1267097.0,
2004-11-15,3625450.0,8500.0,77500.0,206331.0,2549061.0,2629000.0,916321.0,
2004-11-16,4957320.0,0.0,96800.0,118295.0,1825199.0,2737200.0,776531.0,
2004-11-17,3817515.0,300.0,69200.0,173330.0,2108780.0,6722800.0,1224639.0,
2004-11-18,2667295.0,2500.0,146200.0,387988.0,1494671.0,6526800.0,913483.0,
2004-11-19,3727180.0,0.0,0.0,0.0,1154627.0,6589400.0,1117609.0,
2004-11-22,1771900.0,800.0,75000.0,144086.0,1545424.0,4481400.0,877885.0,
2004-11-23,2690085.0,9500.0,84100.0,392151.0,3852140.0,4303000.0,1309436.0,
2004-11-24,2167940.0,27000.0,51300.0,142563.0,2203942.0,3654400.0,772865.0,
2004-11-25,1835720.0,300.0,184900.0,30970.0,,,,
2004-11-26,3455360.0,100.0,310400.0,283604.0,992852.0,3563200.0,888883.0,
2004-11-29,3305480.0,4300.0,259600.0,325134.0,2102436.0,6436400.0,1221091.0,
2004-11-30,1305125.0,200.0,341600.0,348082.0,1928608.0,4398400.0,1536032.0,
2004-12-01,2238405.0,8300.0,349500.0,123270.0,1865166.0,4601000.0,1189869.0,
2004-12-02,3571510.0,200.0,264900.0,193435.0,3606623.0,6915000.0,1871078.0,
2004-12-03,8707430.0,800.0,131500.0,191607.0,1459778.0,4438800.0,1190461.0,
2004-12-06,2252110.0,4300.0,62900.0,194755.0,1379843.0,3065400.0,861564.0,
2004-12-07,3416115.0,4300.0,72200.0,93519.0,2201404.0,3051600.0,1508476.0,
2004-12-08,3766675.0,0.0,0.0,0.0,2177296.0,9841000.0,1704797.0,
2004-12-09,1887095.0,14700.0,240700.0,345239.0,1569531.0,6011800.0,2203878.0,
2004-12-10,1512150.0,700.0,77500.0,365344.0,1327186.0,4615600.0,792261.0,
2004-12-13,1200370.0,22000.0,80100.0,632092.0,2922729.0,3137600.0,1541473.0,
2004-12-14,1909270.0,5000.0,55200.0,153529.0,3142235.0,2459000.0,959843.0,
2004-12-15,1439940.0,1100.0,109900.0,105399.0,1650736.0,3060200.0,1624495.0,
2004-12-16,1972790.0,1900.0,189900.0,57167.0,1593004.0,3590800.0,1815967.0,
2004-12-17,2192740.0,10900.0,77300.0,127738.0,1742725.0,3251400.0,833180.0,
2004-12-20,1057605.0,2000.0,27700.0,141852.0,1954618.0,3410400.0,924600.0,
2004-12-21,1066525.0,0.0,111900.0,2805476.0,2465953.0,5504000.0,859199.0,
2004-12-22,5912480.0,2600.0,179500.0,137384.0,1691338.0,3361400.0,931223.0,
2004-12-23,2307355.0,0.0,84100.0,118904.0,1244079.0,1935800.0,373364.0,
2004-12-24,87760.0,0.0,6600.0,26400.0,,,,
2004-12-27,0.0,3700.0,109500.0,88239.0,832346.0,1999400.0,524389.0,
2004-12-28,0.0,11400.0,93500.0,161856.0,1051852.0,1544000.0,565782.0,
2004-12-29,570050.0,0.0,82600.0,75851.0,637582.0,2017400.0,568857.0,
2004-12-30,221765.0,1000.0,36000.0,67017.0,2948739.0,2332400.0,435808.0,
2004-12-31,14490.0,0.0,0.0,0.0,589367.0,1245800.0,364021.0,
2005-01-03,0.0,0.0,19200.0,92605.0,1442015.0,6001200.0,966820.0,
2005-01-04,3534100.0,0.0,187500.0,91793.0,2320039.0,8562000.0,2272945.0,
2005-01-05,5779825.0,900.0,113900.0,300155.0,3897183.0,6103400.0,1546794.0,
2005-01-06,1789710.0,400.0,253100.0,207955.0,2701954.0,4166400.0,1317832.0,
2005-01-07,1554275.0,152600.0,305900.0,34828.0,2235662.0,5658400.0,2707570.0,
2005-01-10,1567545.0,0.0,69400.0,67423.0,2099264.0,5625400.0,892077.0,
2005-01-11,2126800.0,5000.0,105400.0,223999.0,1751607.0,3883600.0,879895.0,
2005-01-12,3332505.0,0.0,162100.0,113116.0,1923532.0,4659400.0,992248.0,
2005-01-13,2030440.0,0.0,92300.0,1658164.0,2045973.0,5332800.0,778778.0,
2005-01-14,5013355.0,0.0,182600.0,7514.0,1218702.0,4413800.0,1446269.0,
2005-01-17,5392480.0,300.0,54400.0,16246.0,,,,
2005-01-18,1163700.0,2000.0,786200.0,220851.0,1386187.0,8690000.0,2271762.0,
2005-01-19,7205035.0,1500.0,141900.0,154240.0,1520047.0,6085800.0,1094547.0,
2005-01-20,2035350.0,0.0,87400.0,203894.0,1437574.0,3653000.0,867714.0,
2005-01-21,2178505.0,4000.0,63700.0,183789.0,2285146.0,4979600.0,2173365.0,
2005-01-24,5762225.0,4000.0,65400.0,82654.0,876121.0,3804600.0,3453826.0,
2005-01-25,12210795.0,400.0,29100.0,72500.0,2530029.0,3043400.0,1924180.0,
2005-01-26,1978265.0,500.0,113400.0,98393.0,1330993.0,3156400.0,1575296.0,
2005-01-27,13403805.0,500.0,80200.0,226944.0,1292294.0,4172800.0,1530947.0,
2005-01-28,7177325.0,0.0,174600.0,160840.0,1210455.0,4003200.0,1275493.0,
2005-01-31,6895570.0,0.0,54500.0,157287.0,1969844.0,2633400.0,1222274.0,
2005-02-01,8457160.0,1700.0,73700.0,313761.0,1598080.0,3201600.0,1932931.0,
2005-02-02,6693260.0,2400.0,46100.0,145305.0,2476104.0,4799800.0,1823891.0,
2005-02-03,6731510.0,0.0,40900.0,24572.0,2047242.0,2896800.0,2601368.0,
2005-02-04,11774120.0,168800.0,14600.0,187343.0,2481179.0,4286200.0,1932103.0,
2005-02-07,8899115.0,900.0,35000.0,497347.0,1317670.0,3375000.0,1105191.0,
2005-02-08,9321895.0,0.0,36500.0,1285712.0,1358273.0,4577800.0,745427.0,
2005-02-09,6156780.0,0.0,30500.0,468510.0,1017594.0,3023800.0,1048069.0,
2005-02-10,8380830.0,2000.0,76900.0,689768.0,1370961.0,3417800.0,891012.0,
2005-02-11,7643185.0,1900.0,88000.0,273754.0,1546058.0,5347800.0,822300.0,
2005-02-14,4812950.0,1000.0,32600.0,163176.0,3290052.0,4713400.0,893259.0,
2005-02-15,3057295.0,0.0,68800.0,143375.0,1978726.0,3642400.0,1395888.0,
2005-02-16,4934550.0,0.0,41100.0,125200.0,2604889.0,6155200.0,2549331.0,
2005-02-17,5188730.0,0.0,72600.0,279237.0,3364913.0,11858600.0,1615862.0,
2005-02-18,4084010.0,0.0,51700.0,98596.0,2536373.0,8691600.0,2033694.0,
2005-02-21,362115.0,0.0,57000.0,189069.0,,,,
2005-02-22,3371580.0,12000.0,213500.0,356815.0,4033581.0,8763800.0,3110501.0,
2005-02-23,2081605.0,0.0,412700.0,151905.0,2946836.0,5732000.0,2682025.0,
2005-02-24,2385345.0,3500.0,376400.0,230498.0,5256090.0,6114200.0,2322261.0,
2005-02-25,3015105.0,0.0,71000.0,170081.0,3827398.0,7763600.0,3734706.0,
2005-02-28,2681980.0,10700.0,131500.0,144492.0,5007401.0,7459600.0,3128122.0,
2005-03-01,2801760.0,11200.0,169100.0,120123.0,6096049.0,6486400.0,2891355.0,
2005-03-02,3419085.0,1400.0,295200.0,131089.0,6608653.0,5064200.0,2281460.0,
2005-03-03,5557530.0,2400.0,319800.0,422715.0,4175055.0,3332000.0,1856532.0,
2005-03-04,3329415.0,1000.0,147900.0,236488.0,5098122.0,7355800.0,2504272.0,
2005-03-07,3114115.0,0.0,237700.0,109664.0,2903696.0,4327400.0,2624311.0,
2005-03-08,4937265.0,10100.0,510600.0,282893.0,2871976.0,6440000.0,1649449.0,
2005-03-09,5528420.0,4100.0,407100.0,239535.0,4104635.0,6106000.0,2093536.0,
2005-03-10,2302105.0,0.0,470500.0,223999.0,3377601.0,9191400.0,2460159.0,
2005-03-11,3156485.0,2000.0,202000.0,192623.0,1532735.0,5204800.0,1342550.0,
2005-03-14,2107010.0,200.0,152800.0,297312.0,1293563.0,3743600.0,1644837.0,
2005-03-15,5691365.0,0.0,105000.0,261264.0,2287684.0,3558000.0,1615034.0,
2005-03-16,8356110.0,0.0,186000.0,289798.0,4390754.0,2781600.0,1629226.0,
2005-03-17,5594445.0,7100.0,351600.0,275277.0,4183936.0,3975000.0,2782314.0,
2005-03-18,3475915.0,13000.0,534600.0,249689.0,1745263.0,5847800.0,2406939.0,
2005-03-21,1935095.0,2600.0,309200.0,490950.0,2565556.0,3587000.0,1940973.0,
2005-03-22,5353540.0,700.0,265200.0,407077.0,2011081.0,6605400.0,2402564.0,
2005-03-23,4325220.0,0.0,315800.0,1551952.0,2636609.0,5843600.0,3662564.0,
2005-03-24,3996520.0,700.0,189900.0,234762.0,1134960.0,5417800.0,2094009.0,
2005-03-25,0.0,0.0,0.0,0.0,,,,
2005-03-28,0.0,0.0,498600.0,588430.0,2617577.0,3935600.0,1678779.0,
2005-03-29,98340.0,700.0,375900.0,675856.0,3133353.0,9390800.0,3358977.0,
2005-03-30,2104110.0,19500.0,317300.0,336405.0,3279267.0,5677600.0,2214876.0,
2005-03-31,4230260.0,3800.0,176700.0,448608.0,1846134.0,4357600.0,1865757.0,
2005-04-01,3448475.0,91.0,76500.0,307161.0,1808070.0,4912600.0,1378621.0,
2005-04-04,4110715.0,0.0,122400.0,190897.0,1316402.0,3996400.0,1058121.0,
2005-04-05,4703965.0,3500.0,324800.0,427995.0,1073422.0,3075600.0,1218963.0,
2005-04-06,2713425.0,0.0,334600.0,402203.0,1378574.0,5456400.0,2831040.0,
2005-04-07,4931650.0,0.0,181100.0,278323.0,1875317.0,3284400.0,1512971.0,
2005-04-08,4271820.0,4600.0,381400.0,136064.0,1822661.0,2868000.0,1139133.0,
2005-04-11,1421075.0,13100.0,186700.0,319651.0,1152724.0,4032800.0,1249238.0,
2005-04-12,1434220.0,5000.0,423100.0,264311.0,1502284.0,4417800.0,2355139.0,
2005-04-13,3658325.0,0.0,466100.0,504151.0,2271824.0,8637800.0,4617440.0,
2005-04-14,7274945.0,2000.0,1686900.0,386668.0,3420106.0,12329800.0,6381606.0,
2005-04-15,18450050.0,3600.0,450600.0,689057.0,3813441.0,6315800.0,4463458.0,
2005-04-18,6849560.0,0.0,148800.0,436626.0,2578244.0,6801000.0,3311671.0,
2005-04-19,7406630.0,2800.0,158600.0,255172.0,3434063.0,6612400.0,4401605.0,
2005-04-20,13732960.0,17300.0,229200.0,191100.0,1995221.0,7444800.0,2616742.0,
2005-04-21,2934795.0,0.0,238200.0,220547.0,2331458.0,4864000.0,1903601.0,
2005-04-22,2237655.0,0.0,110100.0,498566.0,3161267.0,5470800.0,1451118.0,
2005-04-25,1978245.0,0.0,234500.0,129058.0,2028210.0,7090200.0,1319725.0,
2005-04-26,3930070.0,0.0,150100.0,833448.0,10015436.0,3719600.0,1221210.0,
2005-04-27,3866715.0,0.0,80300.0,348387.0,5213584.0,8486400.0,1619883.0,
2005-04-28,11722885.0,800.0,332200.0,642551.0,2090382.0,7621400.0,3098793.0,
2005-04-29,4852345.0,0.0,249500.0,174955.0,2752072.0,4787000.0,2095310.0,
2005-05-02,0.0,0.0,102300.0,422715.0,2606158.0,4905800.0,1047714.0,
2005-05-03,5857030.0,8000.0,47900.0,270708.0,1470563.0,4565200.0,1052208.0,
2005-05-04,4817810.0,0.0,124800.0,357322.0,2212823.0,5879800.0,843588.0,
2005-05-05,3223800.0,1200.0,86200.0,3743308.0,1371595.0,3777200.0,1218489.0,
2005-05-06,5836985.0,10000.0,72400.0,467088.0,1362713.0,2244800.0,942458.0,
2005-05-09,4058415.0,4400.0,265200.0,196075.0,918626.0,3018200.0,977701.0,
2005-05-10,7521255.0,0.0,100700.0,280862.0,1408391.0,3085200.0,1336637.0,
2005-05-11,8634760.0,0.0,494300.0,144391.0,2728599.0,3190400.0,1043811.0,
2005-05-12,4319360.0,0.0,477400.0,524154.0,5360768.0,8411200.0,1688240.0,
2005-05-13,10008115.0,0.0,1178600.0,398243.0,4007570.0,7562400.0,3462459.0,
2005-05-16,5811145.0,0.0,1073600.0,606199.0,3130181.0,7346800.0,2131144.0,
2005-05-17,4237075.0,27400.0,1112700.0,221257.0,2329555.0,7172400.0,1644837.0,
2005-05-18,11526760.0,0.0,971900.0,1125886.0,2641685.0,6046000.0,2308188.0,
2005-05-19,5718875.0,0.0,107900.0,954383.0,2548426.0,3278000.0,663824.0,
2005-05-20,5553330.0,27400.0,151200.0,801666.0,2166511.0,4220800.0,950027.0,
2005-05-23,2457445.0,0.0,0.0,0.0,3144138.0,5343600.0,1170237.0,
2005-05-24,3258850.0,10100.0,88100.0,1130862.0,2983632.0,5088600.0,1166453.0,
2005-05-25,3094520.0,600.0,317500.0,760237.0,2257232.0,7731200.0,926610.0,
2005-05-26,3717205.0,0.0,342300.0,433681.0,2028844.0,3848600.0,879659.0,
2005-05-27,1521630.0,0.0,228800.0,343005.0,1807435.0,2633600.0,1027254.0,
2005-05-30,0.0,0.0,371700.0,1217781.0,,,,
2005-05-31,7322315.0,0.0,95100.0,544259.0,2734943.0,3582600.0,825493.0,
2005-06-01,2373945.0,0.0,169300.0,122255.0,2328286.0,3887400.0,1235520.0,
2005-06-02,2706210.0,700.0,194100.0,833651.0,3086406.0,5417600.0,1087570.0,
2005-06-03,6139345.0,1000.0,59000.0,1306426.0,3026137.0,3936000.0,1339712.0,
2005-06-06,4146530.0,2000.0,170100.0,497855.0,3741752.0,3089800.0,1894140.0,
2005-06-07,3188680.0,0.0,427600.0,427182.0,4784089.0,4749400.0,2142261.0,
2005-06-08,3513355.0,0.0,358300.0,438454.0,5190746.0,3843200.0,868897.0,
2005-06-09,1440995.0,500.0,105700.0,150179.0,10293308.0,3775800.0,2413562.0,
2005-06-10,3799190.0,0.0,104900.0,668139.0,45206179.0,3353200.0,991183.0,
2005-06-13,2179330.0,0.0,383100.0,1061408.0,9940576.0,6962800.0,1083312.0,
2005-06-14,2486465.0,0.0,308600.0,1106289.0,5565682.0,3862000.0,653653.0,
2005-06-15,5982525.0,0.0,574900.0,691595.0,13573844.0,4410000.0,1412681.0,
2005-06-16,4261290.0,0.0,790400.0,1331608.0,15533538.0,7133600.0,3035166.0,
2005-06-17,6429725.0,700.0,412800.0,318737.0,11393376.0,7110000.0,1791131.0,
2005-06-20,8630130.0,0.0,264100.0,143680.0,6831965.0,4301400.0,1435388.0,
2005-06-21,4226285.0,0.0,236900.0,207143.0,4838013.0,4267800.0,1424744.0,
2005-06-22,1612305.0,900.0,421500.0,341482.0,7065428.0,3343400.0,946479.0,
2005-06-23,2664700.0,0.0,210400.0,369609.0,14198104.0,4668000.0,1113351.0,
2005-06-24,6467010.0,900.0,120500.0,497550.0,8086829.0,3699400.0,1507530.0,
2005-06-27,2589325.0,0.0,0.0,0.0,4449754.0,2080600.0,1053509.0,
2005-06-28,3580040.0,0.0,629200.0,158810.0,5051810.0,2307400.0,1126242.0,
2005-06-29,1904240.0,3000.0,148100.0,635951.0,4917949.0,4845400.0,553483.0,
2005-06-30,3492090.0,200.0,135600.0,361892.0,4648959.0,5113400.0,816623.0,
2005-07-01,3290300.0,0.0,87200.0,220343.0,4138259.0,3858200.0,740224.0,
2005-07-04,1879115.0,0.0,143900.0,228467.0,,,,
2005-07-05,3281225.0,0.0,186400.0,61330.0,3756978.0,3502400.0,1340894.0,
2005-07-06,3082240.0,1400.0,75100.0,98494.0,5927930.0,3252000.0,2305941.0,
2005-07-07,4131820.0,0.0,139000.0,159927.0,4508120.0,2804800.0,1346926.0,
2005-07-08,6626810.0,70.0,82000.0,400071.0,6397394.0,3318000.0,794744.0,
2005-07-11,1674230.0,0.0,93100.0,345036.0,6000253.0,4279800.0,876820.0,
2005-07-12,3017685.0,500.0,192400.0,183179.0,5068304.0,2673400.0,1023115.0,
2005-07-13,3498410.0,3400.0,208600.0,388089.0,2775545.0,3207400.0,678134.0,
2005-07-14,3434010.0,0.0,645000.0,383621.0,7059719.0,4454600.0,1368805.0,
2005-07-15,3030350.0,4000.0,1003700.0,139009.0,3000127.0,2691600.0,1123404.0,
2005-07-18,1875965.0,200.0,63300.0,150077.0,3278633.0,5025800.0,1237412.0,
2005-07-19,9056635.0,0.0,146800.0,496840.0,11105988.0,8304800.0,1298673.0,
2005-07-20,2996955.0,400.0,295100.0,251517.0,8120453.0,5109400.0,1285428.0,
2005-07-21,6608785.0,300.0,629700.0,272028.0,4734605.0,9843800.0,1695927.0,
2005-07-22,7240520.0,38.0,125800.0,670576.0,5070208.0,5092600.0,1232800.0,
2005-07-25,1179310.0,0.0,199100.0,1050340.0,5230713.0,4932800.0,1417649.0,
2005-07-26,2225395.0,2800.0,105200.0,247861.0,3883226.0,4655000.0,762339.0,
2005-07-27,5474490.0,1400.0,84900.0,278120.0,4369184.0,3700800.0,686058.0,
2005-07-28,3378490.0,6000.0,112900.0,383215.0,5306843.0,4442400.0,1008568.0,
2005-07-29,5456410.0,20500.0,218100.0,217805.0,3400440.0,4555400.0,1461052.0,
2005-08-01,3435745.0,4900.0,61600.0,458863.0,4647690.0,3682800.0,822182.0,
2005-08-02,3490135.0,10400.0,269200.0,375701.0,6575663.0,5449000.0,1689777.0,
2005-08-03,5667160.0,41700.0,288700.0,496332.0,7564709.0,4528800.0,2127596.0,
2005-08-04,4245295.0,1300.0,119400.0,1413653.0,5936812.0,4453200.0,1146229.0,
2005-08-05,2163380.0,0.0,503300.0,809078.0,4417399.0,3270400.0,1485888.0,
2005-08-08,1062340.0,0.0,340200.0,424542.0,3965699.0,3835800.0,2297189.0,
2005-08-09,6234565.0,0.0,183300.0,373975.0,3487988.0,4870200.0,1994902.0,
2005-08-10,6146165.0,400.0,101900.0,413678.0,8462400.0,6635200.0,1399081.0,
2005-08-11,2917795.0,0.0,119300.0,355901.0,5656403.0,7434600.0,2053444.0,
2005-08-12,1512750.0,20000.0,136700.0,431955.0,5653865.0,4078000.0,2588950.0,
2005-08-15,4568175.0,0.0,0.0,0.0,3467687.0,3194000.0,975572.0,
2005-08-16,4972360.0,900.0,83100.0,1039373.0,4343808.0,4452000.0,1307898.0,
2005-08-17,4439510.0,1400.0,87700.0,201965.0,5783919.0,8020400.0,1823299.0,
2005-08-18,2241060.0,0.0,159100.0,338943.0,4985831.0,5209400.0,1037307.0,
2005-08-19,5151460.0,0.0,100600.0,578580.0,1865166.0,3157600.0,1056466.0,
2005-08-22,5812385.0,5000.0,96000.0,292945.0,4474496.0,3784600.0,1641052.0,
2005-08-23,7016290.0,0.0,259400.0,965045.0,5591693.0,4740000.0,1102589.0,
2005-08-24,5941435.0,0.0,225700.0,496738.0,6516029.0,5342400.0,2622774.0,
2005-08-25,4740025.0,2900.0,49700.0,391034.0,2456437.0,3432400.0,1446505.0,
2005-08-26,2819030.0,0.0,15300.0,440383.0,3410590.0,3127000.0,975099.0,
2005-08-29,0.0,0.0,124900.0,197395.0,2967137.0,4465800.0,1351775.0,
2005-08-30,5810380.0,0.0,106200.0,274465.0,4017721.0,5138600.0,1084258.0,
2005-08-31,3199940.0,0.0,213400.0,273856.0,3613601.0,4868600.0,1638332.0,
2005-09-01,2780180.0,0.0,247500.0,164699.0,3876882.0,5185400.0,1838437.0,
2005-09-02,3194660.0,0.0,37900.0,70672.0,2797750.0,4165600.0,1305651.0,
2005-09-05,1909755.0,1000.0,118800.0,71789.0,,,,
2005-09-06,7393635.0,0.0,142300.0,937731.0,3233590.0,4592400.0,1616926.0,
2005-09-07,2549070.0,300.0,343000.0,744803.0,3660548.0,3989000.0,1097859.0,
2005-09-08,3106070.0,0.0,596400.0,129566.0,2431061.0,5037600.0,1489081.0,
2005-09-09,2900240.0,200.0,152100.0,114944.0,3354128.0,3899600.0,1010106.0,
2005-09-12,2998960.0,0.0,429600.0,406468.0,4025968.0,3846200.0,1179462.0,
2005-09-13,5119930.0,400.0,465100.0,238316.0,3400440.0,6546600.0,1214468.0,
2005-09-14,7349000.0,33800.0,320900.0,409514.0,4034216.0,4025600.0,2109029.0,
2005-09-15,2515295.0,213400.0,102300.0,337928.0,2320673.0,3873200.0,2356677.0,
2005-09-16,7199990.0,213400.0,1095800.0,106516.0,4398367.0,4453000.0,3500304.0,
2005-09-19,6523510.0,0.0,0.0,0.0,5979952.0,5192400.0,1636440.0,
2005-09-20,6749800.0,5000.0,662300.0,387988.0,5348714.0,8299200.0,1649331.0,
2005-09-21,4329360.0,44500.0,500500.0,316198.0,2934782.0,5237000.0,2228950.0,
2005-09-22,3868515.0,1300.0,250800.0,153631.0,2175393.0,6359800.0,1787228.0,
2005-09-23,4014755.0,400.0,180000.0,199832.0,4879250.0,5389800.0,1231499.0,
2005-09-26,4360040.0,0.0,144300.0,553296.0,7402935.0,10292000.0,2150540.0,
2005-09-27,4076225.0,0.0,106900.0,139314.0,4428184.0,8915800.0,1615152.0,
2005-09-28,5998090.0,0.0,204800.0,178102.0,7579301.0,7441800.0,2116834.0,
2005-09-29,5128620.0,0.0,444100.0,76866.0,5944425.0,9189600.0,1197556.0,
2005-09-30,2650020.0,25900.0,208800.0,43154.0,3822957.0,4909200.0,1146939.0,
2005-10-03,2536560.0,0.0,169200.0,1209556.0,3608526.0,4997000.0,1443076.0,
2005-10-04,9103745.0,0.0,168600.0,524865.0,18166341.0,9318400.0,1591144.0,
2005-10-05,6764295.0,2900.0,271700.0,197192.0,10451276.0,8198000.0,2601368.0,
2005-10-06,9895975.0,0.0,307600.0,262585.0,7347741.0,6195200.0,2935941.0,
2005-10-07,9932150.0,900.0,112100.0,232122.0,4985831.0,3948200.0,2316466.0,
2005-10-10,8993405.0,0.0,0.0,0.0,3713838.0,3056000.0,1396834.0,
2005-10-11,10314975.0,0.0,118200.0,490950.0,4649594.0,5110600.0,2497058.0,
2005-10-12,4428460.0,0.0,148100.0,185616.0,8373582.0,7029400.0,2076151.0,
2005-10-13,5678905.0,1200.0,170400.0,561826.0,7039417.0,6276000.0,3038122.0,
2005-10-14,3959090.0,700.0,188300.0,413271.0,4291786.0,4286200.0,1482931.0,
2005-10-17,2561225.0,700.0,146800.0,371538.0,4534131.0,4781000.0,1314403.0,
2005-10-18,2676440.0,0.0,493800.0,213540.0,3975850.0,5864000.0,1907859.0,
2005-10-19,9553435.0,0.0,78100.0,712208.0,5204703.0,7185800.0,2603497.0,
2005-10-20,5574155.0,0.0,92500.0,287056.0,5049907.0,8652400.0,2472813.0,
2005-10-21,5056390.0,0.0,244800.0,541924.0,5075917.0,10029600.0,2640277.0,
2005-10-24,4839970.0,0.0,144300.0,366359.0,4577905.0,5857400.0,1847780.0,
2005-10-25,6233080.0,0.0,66400.0,203183.0,3353493.0,7248400.0,1772800.0,
2005-10-26,8316770.0,0.0,57300.0,392963.0,7538698.0,7279600.0,2487360.0,
2005-10-27,5674460.0,300.0,252800.0,134541.0,7533623.0,6201200.0,1598003.0,
2005-10-28,4025195.0,0.0,234000.0,234559.0,5373456.0,5807600.0,990237.0,
2005-10-31,3508865.0,200.0,152700.0,151499.0,5226273.0,6187000.0,940447.0,
2005-11-01,3812520.0,0.0,0.0,0.0,6079555.0,7037400.0,1358752.0,
2005-11-02,4137260.0,400.0,229300.0,400274.0,5462273.0,4276000.0,2067991.0,
2005-11-03,7499585.0,0.0,134500.0,136471.0,6779944.0,4059800.0,1923825.0,
2005-11-04,4396605.0,2400.0,714700.0,297312.0,6138555.0,3860000.0,1704915.0,
2005-11-07,2676230.0,4200.0,692900.0,863200.0,5200262.0,4396000.0,1572813.0,
2005-11-08,4372580.0,0.0,450200.0,297108.0,5297961.0,2887800.0,799238.0,
2005-11-09,7591415.0,600.0,477100.0,842282.0,3680849.0,4678800.0,1328713.0,
2005-11-10,6844385.0,0.0,190000.0,542736.0,4474496.0,3881400.0,1820816.0,
2005-11-11,6899020.0,0.0,158400.0,473282.0,6184232.0,4138600.0,1449344.0,
2005-11-14,8065150.0,900.0,121600.0,533597.0,4744755.0,3233400.0,866058.0,
2005-11-15,3951695.0,0.0,0.0,0.0,6280028.0,5344400.0,1533430.0,
2005-11-16,11160555.0,0.0,256900.0,1391517.0,4682583.0,5895000.0,1805914.0,
2005-11-17,6285370.0,0.0,249600.0,1424417.0,6293351.0,4004600.0,2044101.0,
2005-11-18,7794025.0,105000.0,301100.0,404133.0,5827694.0,3865600.0,1442130.0,
2005-11-21,2467085.0,0.0,118900.0,356713.0,4544281.0,4520000.0,1586886.0,
2005-11-22,3916075.0,0.0,224300.0,501206.0,4114786.0,5003000.0,1604272.0,
2005-11-23,7148940.0,0.0,384900.0,271622.0,3336364.0,2979400.0,1096203.0,
2005-11-24,4566410.0,2600.0,110600.0,134541.0,,,,
2005-11-25,1701875.0,0.0,153900.0,161551.0,1849941.0,1575800.0,895152.0,
2005-11-28,5967820.0,0.0,98200.0,22135.0,4215022.0,3781600.0,1551762.0,
2005-11-29,8695220.0,0.0,314200.0,93519.0,4131280.0,7150200.0,967648.0,
2005-11-30,7178705.0,0.0,301400.0,305536.0,3824860.0,5193000.0,1015664.0,
2005-12-01,8393615.0,0.0,280500.0,346864.0,7333149.0,6128200.0,2387662.0,
2005-12-02,5863145.0,0.0,292400.0,432666.0,7143461.0,4315000.0,1887636.0,
2005-12-05,3884865.0,0.0,684900.0,133526.0,9507908.0,3854600.0,2224929.0,
2005-12-06,4974300.0,700.0,95600.0,227350.0,8548045.0,5620000.0,2157872.0,
2005-12-07,4363160.0,700.0,140100.0,195364.0,6874471.0,4653000.0,2203641.0,
2005-12-08,3627215.0,0.0,0.0,0.0,5915242.0,5187600.0,1642708.0,
2005-12-09,3249350.0,0.0,14500.0,39397.0,4410421.0,4722200.0,1355677.0,
2005-12-12,2982715.0,300.0,163200.0,136166.0,3618042.0,5299400.0,1492984.0,
2005-12-13,2000350.0,0.0,252600.0,682863.0,4064667.0,5592400.0,1813838.0,
2005-12-14,1940015.0,3600.0,218600.0,487599.0,8659702.0,5223200.0,1462353.0,
2005-12-15,2720315.0,0.0,236900.0,929912.0,4798046.0,5253400.0,1093010.0,
2005-12-16,2754910.0,0.0,245100.0,404539.0,4746658.0,5130400.0,1238595.0,
2005-12-19,782410.0,0.0,90500.0,200238.0,6483674.0,3832000.0,821827.0,
2005-12-20,1986015.0,0.0,74800.0,391135.0,8033538.0,4036600.0,1700303.0,
2005-12-21,1647240.0,0.0,185500.0,308481.0,5120960.0,4939200.0,1076689.0,
2005-12-22,3403340.0,0.0,257200.0,399563.0,5617704.0,4092000.0,983378.0,
2005-12-23,752170.0,0.0,4000.0,235778.0,3723989.0,1676600.0,584823.0,
2005-12-26,0.0,600.0,24500.0,57979.0,,,,
2005-12-27,0.0,0.0,164800.0,361587.0,3579343.0,3509800.0,857898.0,
2005-12-28,3164140.0,0.0,316100.0,171096.0,1898790.0,3194000.0,1094784.0,
2005-12-29,1786475.0,454000.0,263300.0,810906.0,3996151.0,2422200.0,906505.0,
2005-12-30,946190.0,5000.0,55900.0,1265708.0,2691803.0,1928600.0,710539.0,
2006-01-02,,0.0,425700.0,1187623.0,,,,
2006-01-03,5070985.0,2500.0,105800.0,311426.0,4101463.0,9978400.0,2008266.0,
2006-01-04,4631685.0,300.0,555600.0,296905.0,10937235.0,11055000.0,1988989.0,
2006-01-05,5255045.0,4100.0,595200.0,318940.0,16273895.0,5569400.0,1283654.0,
2006-01-06,5375110.0,0.0,514100.0,254055.0,8005624.0,6107600.0,1558858.0,
2006-01-09,5981325.0,2500.0,231400.0,148656.0,6994374.0,5815600.0,1433733.0,
2006-01-10,12113730.0,3900.0,238600.0,371843.0,15890076.0,10777000.0,5244247.0,
2006-01-11,7539315.0,2400.0,55900.0,115553.0,6526814.0,5010800.0,1766532.0,
2006-01-12,6228990.0,0.0,74700.0,191506.0,5710962.0,5013400.0,2570855.0,
2006-01-13,5209375.0,2400.0,109500.0,62549.0,5315724.0,4246000.0,1366794.0,
2006-01-16,3020415.0,4000.0,31900.0,55441.0,,,,
2006-01-17,2999060.0,3000.0,74200.0,124996.0,6717137.0,11308000.0,4061119.0,
2006-01-18,5047365.0,4200.0,193300.0,45794.0,5166638.0,8473000.0,3258215.0,
2006-01-19,5510460.0,0.0,428500.0,243596.0,5736339.0,6634800.0,3025113.0,
2006-01-20,6173570.0,4500.0,182900.0,176275.0,5091143.0,7154800.0,2624785.0,
2006-01-23,2614650.0,1700.0,35800.0,90168.0,4503679.0,9169800.0,2525323.0,
2006-01-24,11819045.0,0.0,78800.0,119818.0,5147606.0,7357200.0,2542590.0,
2006-01-25,9688670.0,3000.0,57600.0,154139.0,6890331.0,8095400.0,3635481.0,
2006-01-26,10051990.0,0.0,193700.0,114335.0,5007401.0,6614600.0,3839371.0,
2006-01-27,10829860.0,0.0,479900.0,156271.0,10240652.0,6341400.0,2266913.0,
2006-01-30,4978340.0,6000.0,606400.0,235981.0,8256217.0,5917600.0,1865875.0,
2006-01-31,10560725.0,2500.0,219200.0,196380.0,10672686.0,8451000.0,3060711.0,
2006-02-01,2863315.0,2500.0,246100.0,169979.0,8568981.0,6852400.0,1998569.0,
2006-02-02,7701690.0,8400.0,101600.0,159520.0,11960539.0,7403200.0,3475705.0,
2006-02-03,7090290.0,700.0,324700.0,165511.0,7291913.0,4871000.0,2717741.0,
2006-02-06,7093545.0,541400.0,54100.0,199731.0,6914439.0,5621000.0,2510895.0,
2006-02-07,9527905.0,2800.0,54600.0,70469.0,13393037.0,8695600.0,3773734.0,
2006-02-08,11454070.0,32800.0,30600.0,620821.0,15958593.0,9185800.0,4271632.0,
2006-02-09,6061275.0,297600.0,233900.0,127230.0,8245432.0,5597600.0,5243892.0,
2006-02-10,11283205.0,0.0,258500.0,148046.0,14735450.0,18545800.0,3531408.0,
2006-02-13,4875475.0,3200.0,165500.0,273246.0,12251733.0,11265000.0,2701066.0,
2006-02-14,3485990.0,14500.0,184600.0,125707.0,8452249.0,8275600.0,3216822.0,
2006-02-15,7188450.0,0.0,239500.0,245932.0,9875232.0,10608400.0,3099857.0,
2006-02-16,9615570.0,0.0,105400.0,257101.0,10732320.0,7862800.0,4714063.0,
2006-02-17,10782490.0,0.0,106500.0,58081.0,9193875.0,7339200.0,3349515.0,
2006-02-20,4180090.0,2500.0,93400.0,32696.0,,,,
2006-02-21,3606630.0,0.0,253600.0,215977.0,6377093.0,5399000.0,2487123.0,
2006-02-22,2344785.0,0.0,117700.0,207955.0,5467349.0,7761400.0,3554588.0,
2006-02-23,5010675.0,75700.0,73200.0,195669.0,5129208.0,10711800.0,3151421.0,
2006-02-24,4884235.0,2300.0,104300.0,1037038.0,3773473.0,9238800.0,3091342.0,
2006-02-27,6152300.0,0.0,314400.0,620110.0,6477964.0,7649800.0,2564469.0,
2006-02-28,5003105.0,0.0,290300.0,156170.0,14667568.0,8731800.0,3821513.0,
2006-03-01,5688025.0,1800.0,578500.0,164293.0,11291236.0,6143200.0,2453063.0,
2006-03-02,6912135.0,0.0,754100.0,292133.0,10765310.0,5919400.0,2271289.0,
2006-03-03,2928720.0,0.0,31300.0,106313.0,8350744.0,4021600.0,1791722.0,
2006-03-06,3847655.0,0.0,96000.0,447592.0,11411139.0,5775600.0,2713720.0,
2006-03-07,7379845.0,0.0,47800.0,578682.0,14271696.0,6650000.0,2873733.0,
2006-03-08,12163750.0,1900.0,256800.0,444648.0,15017762.0,15926200.0,3891053.0,
2006-03-09,8360560.0,0.0,67300.0,775468.0,7481601.0,7689600.0,3713182.0,
2006-03-10,7523900.0,0.0,59500.0,48231.0,9580231.0,6788600.0,1706689.0,
2006-03-13,7914320.0,0.0,100400.0,271520.0,5245939.0,5149800.0,2184127.0,
2006-03-14,6989405.0,0.0,231300.0,380778.0,6030705.0,6748400.0,2903891.0,
2006-03-15,7773750.0,2000.0,317500.0,698398.0,5395026.0,5798200.0,3882538.0,
2006-03-16,5938720.0,0.0,194200.0,251212.0,5340466.0,5484200.0,2623838.0,
2006-03-17,8895180.0,5100.0,248500.0,136268.0,6866223.0,7236800.0,2450934.0,
2006-03-20,7203680.0,0.0,60500.0,1007388.0,5869565.0,3991800.0,1706453.0,
2006-03-21,3713645.0,2000.0,164300.0,183687.0,8324098.0,5887200.0,2060067.0,
2006-03-22,2712535.0,0.0,63000.0,227248.0,7069235.0,5014600.0,1538161.0,
2006-03-23,7767090.0,0.0,217500.0,449420.0,15745431.0,4283200.0,2299673.0,
2006-03-24,3332230.0,2500.0,337300.0,909502.0,12596218.0,4298400.0,2662393.0,
2006-03-27,3045210.0,400.0,61000.0,391339.0,8833530.0,9334400.0,1966164.0,
2006-03-28,3113330.0,0.0,172000.0,618486.0,7797538.0,9463200.0,1982839.0,
2006-03-29,4253325.0,3500.0,524700.0,677684.0,7242429.0,9346600.0,2157754.0,
2006-03-30,9251160.0,0.0,172500.0,1128932.0,11424462.0,9859600.0,4111027.0,
2006-03-31,4294300.0,400.0,297100.0,640622.0,7430214.0,7313400.0,3602249.0,
2006-04-03,4486205.0,0.0,273600.0,319041.0,10476018.0,7353800.0,4208123.0,
2006-04-04,8299710.0,0.0,61500.0,1018557.0,8376754.0,5065600.0,3033747.0,
2006-04-05,6992580.0,0.0,148200.0,200949.0,16021399.0,9601000.0,3310251.0,
2006-04-06,9043095.0,2400.0,82100.0,303607.0,11457451.0,9826800.0,3078214.0,
2006-04-07,4637450.0,149400.0,221300.0,226334.0,11295042.0,9622800.0,3068517.0,
2006-04-10,7000080.0,0.0,184800.0,419059.0,8660970.0,7156200.0,2563405.0,
2006-04-11,7222590.0,12500.0,70900.0,435407.0,13377811.0,8951400.0,3645534.0,
2006-04-12,3956370.0,0.0,884200.0,315995.0,8514422.0,7357600.0,3645652.0,
2006-04-13,3027505.0,12500.0,889100.0,164394.0,8237819.0,4811000.0,3018490.0,
2006-04-14,,0.0,0.0,0.0,,,,
2006-04-17,,1800.0,45100.0,136572.0,8907756.0,7331400.0,2169817.0,
2006-04-18,4121435.0,4200.0,174100.0,346356.0,16958424.0,16597200.0,4617795.0,
2006-04-19,4815885.0,1000.0,132500.0,246744.0,8426238.0,10379800.0,2677294.0,
2006-04-20,8651655.0,107800.0,247300.0,263295.0,13927211.0,12528000.0,4276954.0,
2006-04-21,5617930.0,50000.0,133800.0,299139.0,12142614.0,12977200.0,3154023.0,
2006-04-24,4123920.0,252500.0,174000.0,268779.0,6728556.0,10239200.0,2063378.0,
2006-04-25,5246995.0,223300.0,158700.0,451654.0,10190534.0,8998600.0,2319660.0,
2006-04-26,5554385.0,94700.0,135800.0,945955.0,15362881.0,10319600.0,4479188.0,
2006-04-27,11844260.0,134200.0,126100.0,157997.0,13846006.0,12068800.0,4833866.0,
2006-04-28,5199910.0,9800.0,430000.0,223897.0,15285483.0,10229200.0,2840619.0,
2006-05-01,,0.0,0.0,0.0,7336321.0,6580800.0,2105954.0,
2006-05-02,3683475.0,7500.0,213300.0,155966.0,9818769.0,8921800.0,2753103.0,
2006-05-03,5228810.0,200.0,101600.0,334780.0,14051555.0,8242600.0,2725428.0,
2006-05-04,7223590.0,43700.0,106500.0,2068390.0,15419978.0,11432600.0,3994890.0,
2006-05-05,4787050.0,90000.0,126000.0,7993916.0,7591989.0,6330800.0,3499121.0,
2006-05-08,9923345.0,111600.0,69500.0,140228.0,9850490.0,6176200.0,3260580.0,
2006-05-09,6943105.0,18900.0,260300.0,852335.0,8723143.0,8222800.0,3422722.0,
2006-05-10,6556215.0,55200.0,82000.0,184195.0,7846387.0,9323400.0,3271579.0,
2006-05-11,6352540.0,69100.0,218000.0,71992.0,11971958.0,10957600.0,4637427.0,
2006-05-12,4653520.0,33900.0,78600.0,151296.0,16849305.0,10753200.0,4224680.0,
2006-05-15,9980140.0,2100.0,233800.0,169065.0,14669471.0,14580000.0,8071147.0,
2006-05-16,8149765.0,5800.0,132400.0,207042.0,11030493.0,12227400.0,4667111.0,
2006-05-17,8745590.0,900.0,823100.0,152514.0,19608990.0,19088200.0,7974997.0,
2006-05-18,7907585.0,0.0,546600.0,283299.0,15874851.0,14002600.0,5378360.0,
2006-05-19,10522490.0,0.0,288300.0,539690.0,29568598.0,22372800.0,8015917.0,
2006-05-22,15785830.0,500.0,170100.0,295890.0,19591861.0,17464400.0,7627297.0,
2006-05-23,8969840.0,24200.0,338600.0,198715.0,21314285.0,18587200.0,6184458.0,
2006-05-24,9900010.0,600.0,199500.0,98190.0,14726568.0,15689000.0,6030358.0,
2006-05-25,5408350.0,700.0,266800.0,121950.0,9217983.0,13000600.0,3019436.0,
2006-05-26,8300475.0,700.0,185100.0,18683.0,7818473.0,7186600.0,2593681.0,
2006-05-29,,0.0,22700.0,194958.0,,,,
2006-05-30,7879485.0,100.0,826100.0,189678.0,9389908.0,10451200.0,3268031.0,
2006-05-31,4457600.0,0.0,152100.0,593100.0,8587379.0,8399000.0,2996138.0,
2006-06-01,8074905.0,5400.0,833000.0,386058.0,11058407.0,10831400.0,4667821.0,
2006-06-02,5320745.0,100.0,188300.0,453989.0,7385171.0,7084600.0,3553287.0,
2006-06-05,3533460.0,600.0,62900.0,537253.0,8844949.0,15320400.0,3667413.0,
2006-06-06,6076715.0,0.0,723800.0,1008708.0,12774487.0,14265000.0,4014759.0,
2006-06-07,8710330.0,2200.0,67800.0,199020.0,15707366.0,13104000.0,5260095.0,
2006-06-08,11151800.0,200.0,106600.0,694235.0,28790811.0,24398800.0,9922121.0,
2006-06-09,5333380.0,3100.0,79900.0,204706.0,14739256.0,11690000.0,5073235.0,
2006-06-12,7827175.0,0.0,0.0,0.0,13943705.0,12229600.0,3616441.0,
2006-06-13,10267350.0,0.0,270500.0,675247.0,19400269.0,20373400.0,7127980.0,
2006-06-14,10675090.0,1100.0,185500.0,347473.0,10737395.0,16818600.0,5295456.0,
2006-06-15,8797230.0,2400.0,181400.0,409616.0,14995558.0,15587000.0,6039228.0,
2006-06-16,8453545.0,200.0,166700.0,453075.0,10922009.0,13137200.0,3535784.0,
2006-06-19,4005680.0,52200.0,39800.0,335796.0,13481220.0,11407600.0,2997203.0,
2006-06-20,3779473.0,200.0,132500.0,124489.0,11075536.0,8245400.0,3137111.0,
2006-06-21,4474310.0,3900.0,179600.0,357525.0,8870960.0,9171400.0,2243733.0,
2006-06-22,5054233.0,1600.0,28700.0,276394.0,6424674.0,8402000.0,2460750.0,
2006-06-23,3591142.0,0.0,53800.0,65595.0,10255244.0,6971200.0,2893957.0,
2006-06-26,3717327.0,0.0,0.0,0.0,20903187.0,10387800.0,2953799.0,
2006-06-27,2681296.0,0.0,143600.0,52192.0,14321814.0,10076600.0,3751263.0,
2006-06-28,5176998.0,10000.0,90600.0,193841.0,12061410.0,7381400.0,2970593.0,
2006-06-29,4640312.0,200.0,69300.0,388394.0,16098163.0,14853200.0,4436612.0,
2006-06-30,6645177.0,10400.0,34100.0,397533.0,13756554.0,12415200.0,4348031.0,
2006-07-03,4923541.0,2700.0,39300.0,379458.0,5017552.0,8220000.0,2032038.0,
2006-07-04,2017726.0,500.0,12400.0,17972.0,,,,
2006-07-05,5278896.0,76.0,55200.0,106110.0,9024487.0,11943400.0,4037939.0,
2006-07-06,9339480.0,17400.0,33900.0,93316.0,8936304.0,11261200.0,2985731.0,
2006-07-07,8729863.0,0.0,90500.0,232021.0,10476653.0,9580200.0,3226519.0,
2006-07-10,1922479.0,1700.0,18000.0,207549.0,9416553.0,9344400.0,2439344.0,
2006-07-11,3576485.0,2000.0,27100.0,385348.0,7803248.0,9948400.0,3092170.0,
2006-07-12,6636720.0,400.0,13800.0,163582.0,11117407.0,10419800.0,2649502.0,
2006-07-13,5368878.0,3000.0,39300.0,197395.0,11915496.0,10439200.0,3311316.0,
2006-07-14,8207966.0,900.0,8600.0,269794.0,8137582.0,8063800.0,3209489.0,
2006-07-17,4253016.0,0.0,18100.0,213033.0,7260192.0,10717200.0,3691539.0,
2006-07-18,6166275.0,1600.0,16600.0,348590.0,7495558.0,13000800.0,3569608.0,
2006-07-19,5086396.0,1600.0,17000.0,221054.0,8740906.0,10235400.0,5000857.0,
2006-07-20,4623809.0,0.0,1312100.0,477344.0,10055404.0,10842000.0,4558544.0,
2006-07-21,7261477.0,2100.0,21400.0,234356.0,10168964.0,8857000.0,4391080.0,
2006-07-24,5457919.0,2800.0,34200.0,102353.0,10951192.0,13397000.0,3571500.0,
2006-07-25,3485694.0,0.0,142700.0,218922.0,7760108.0,8286600.0,2563878.0,
2006-07-26,3901038.0,0.0,53500.0,292844.0,7775333.0,9098200.0,2793431.0,
2006-07-27,4362908.0,2400.0,17600.0,217399.0,13914523.0,8362800.0,2531591.0,
2006-07-28,3630456.0,0.0,43900.0,302490.0,14694213.0,5291800.0,2862616.0,
2006-07-31,3392099.0,400.0,18700.0,315081.0,10500760.0,9607400.0,2779003.0,
2006-08-01,5926229.0,0.0,35300.0,184499.0,6122060.0,8452400.0,3494272.0,
2006-08-02,2794090.0,400.0,30700.0,135963.0,9003552.0,11439800.0,2531355.0,
2006-08-03,7700510.0,83.0,39400.0,84075.0,8440830.0,8919600.0,2473168.0,
2006-08-04,5857063.0,800.0,140900.0,371741.0,10110598.0,8018800.0,3481145.0,
2006-08-07,3003482.0,0.0,66100.0,234762.0,7149170.0,5917800.0,2404456.0,
2006-08-08,4116628.0,1800.0,173000.0,387277.0,7429580.0,6255200.0,1973615.0,
2006-08-09,7057563.0,0.0,3494700.0,420481.0,7223396.0,7982600.0,3221316.0,
2006-08-10,3311600.0,300.0,58000.0,163379.0,8673024.0,7192200.0,2833287.0,
2006-08-11,3437733.0,4300.0,53900.0,53410.0,6555362.0,4467000.0,3141013.0,
2006-08-14,3191801.0,4300.0,13100.0,64884.0,4499873.0,4563800.0,1437872.0,
2006-08-15,3264459.0,0.0,0.0,0.0,6437996.0,5042800.0,2288437.0,
2006-08-16,4708275.0,500.0,71000.0,514711.0,5235789.0,5946400.0,4091986.0,
2006-08-17,5264813.0,1700.0,53500.0,219430.0,7159321.0,6303000.0,4142249.0,
2006-08-18,4508098.0,0.0,391900.0,257000.0,4488453.0,4896600.0,2250001.0,
2006-08-21,1843712.0,529400.0,87300.0,83162.0,6225469.0,11495800.0,2020448.0,
2006-08-22,5324232.0,500.0,34200.0,866855.0,4864024.0,6098200.0,2687820.0,
2006-08-23,4026883.0,20300.0,62500.0,437540.0,6542674.0,4546400.0,3262354.0,
2006-08-24,2800313.0,3100.0,67500.0,369710.0,3947301.0,3991600.0,3608990.0,
2006-08-25,2073464.0,0.0,50300.0,306044.0,4029140.0,4251800.0,1930329.0,
2006-08-28,,15700.0,47700.0,202980.0,3044535.0,3698400.0,1550461.0,
2006-08-29,8382284.0,40500.0,182200.0,118193.0,4612798.0,4341400.0,2491144.0,
2006-08-30,5586453.0,22900.0,197300.0,498769.0,7529817.0,4617200.0,2737373.0,
2006-08-31,10604856.0,900.0,89400.0,505166.0,6125232.0,4973600.0,2521775.0,
2006-09-01,8440611.0,2800.0,80500.0,213439.0,4041828.0,5145400.0,2738438.0,
2006-09-04,3460031.0,8000.0,57000.0,66001.0,,,,
2006-09-05,10733976.0,2500.0,98800.0,166831.0,10242555.0,8313400.0,2508175.0,
2006-09-06,3483318.0,0.0,30200.0,68844.0,9132972.0,5947200.0,2588240.0,
2006-09-07,4536140.0,1500.0,83800.0,202168.0,7454322.0,5881000.0,3355074.0,
2006-09-08,3318160.0,1000.0,28600.0,484959.0,8627347.0,5202200.0,3843156.0,
2006-09-11,5376737.0,5400.0,34300.0,509634.0,16336701.0,13145000.0,6229990.0,
2006-09-12,4695697.0,0.0,73600.0,226537.0,8084291.0,11496400.0,6138334.0,
2006-09-13,5187367.0,5800.0,123200.0,99408.0,7708086.0,6675200.0,2917965.0,
2006-09-14,4477611.0,10000.0,106500.0,299850.0,8393249.0,11207800.0,3325862.0,
2006-09-15,6296716.0,10000.0,5400.0,127535.0,8080485.0,9674000.0,2564706.0,
2006-09-18,3172526.0,0.0,0.0,0.0,9511080.0,8646600.0,2818267.0,
2006-09-19,2386295.0,0.0,0.0,0.0,7242429.0,8591400.0,3412669.0,
2006-09-20,7752970.0,9500.0,33100.0,160028.0,10750718.0,7802400.0,5464339.0,
2006-09-21,5064484.0,10200.0,38300.0,271520.0,8104592.0,7247800.0,4821684.0,
2006-09-22,4947281.0,1500.0,89100.0,452974.0,5787091.0,6450600.0,2947058.0,
2006-09-25,5635556.0,3900.0,16000.0,173635.0,10398620.0,9731200.0,7293315.0,
2006-09-26,3223710.0,16300.0,124700.0,421090.0,11187192.0,11749000.0,4201027.0,
2006-09-27,4724402.0,13600.0,113000.0,861880.0,11009557.0,9534800.0,6038873.0,
2006-09-28,2784420.0,222600.0,53600.0,184601.0,6738073.0,4691800.0,3079515.0,
2006-09-29,6371070.0,110200.0,66500.0,333054.0,4348249.0,5392000.0,1998687.0,
2006-10-02,2654048.0,0.0,78100.0,383114.0,5806758.0,6573200.0,2460514.0,
2006-10-03,5233721.0,8900.0,40700.0,495215.0,10760234.0,14812800.0,6055194.0,
2006-10-04,6200374.0,28200.0,105600.0,269185.0,13837759.0,14147800.0,8115615.0,
2006-10-05,4985022.0,40000.0,48400.0,735664.0,7865737.0,10716800.0,3948530.0,
2006-10-06,3467204.0,3800.0,27700.0,314777.0,4811051.0,9114000.0,2637202.0,
2006-10-09,5940072.0,0.0,0.0,0.0,6159807.0,8175400.0,2462879.0,
2006-10-10,2675358.0,8400.0,78300.0,791105.0,4577271.0,7500000.0,2123930.0,
2006-10-11,4079990.0,7200.0,56000.0,714950.0,7278590.0,9744800.0,3391500.0,
2006-10-12,2916742.0,2900.0,73100.0,389714.0,4351103.0,7022600.0,3026651.0,
2006-10-13,5006909.0,18600.0,18100.0,627828.0,6759642.0,7579000.0,2638740.0,
2006-10-16,2619255.0,33900.0,167600.0,4026405.0,6473523.0,7684000.0,3335205.0,
2006-10-17,4529547.0,52300.0,38900.0,5133303.0,6486529.0,10069800.0,2178924.0,
2006-10-18,2808822.0,21100.0,165100.0,460589.0,6192797.0,7126000.0,2295297.0,
2006-10-19,2767499.0,13800.0,276100.0,237809.0,9024805.0,6331000.0,2718924.0,
2006-10-20,4116684.0,9500.0,131000.0,325032.0,4724454.0,5871200.0,1977754.0,
2006-10-23,1902497.0,300.0,81200.0,208869.0,5358864.0,8589400.0,1976926.0,
2006-10-24,3977548.0,700.0,101200.0,147640.0,5603747.0,9963000.0,2510185.0,
2006-10-25,2600174.0,1300.0,63600.0,320158.0,4941740.0,8316600.0,2120382.0,
2006-10-26,4842847.0,26900.0,41700.0,446171.0,4224539.0,4945200.0,1765940.0,
2006-10-27,2049770.0,1100.0,3800.0,253040.0,5203117.0,7792600.0,1982130.0,
2006-10-30,3468594.0,0.0,110600.0,304623.0,7210708.0,5259800.0,2565179.0,
2006-10-31,8641569.0,26400.0,58500.0,433275.0,4971557.0,7186600.0,2112340.0,
2006-11-01,5063121.0,0.0,0.0,0.0,9716946.0,9163000.0,4657768.0,
2006-11-02,5551370.0,12600.0,22400.0,277206.0,5677973.0,5223400.0,3205586.0,
2006-11-03,2898607.0,523700.0,70400.0,189069.0,8756132.0,8265200.0,2705087.0,
2006-11-06,6339755.0,1100.0,108200.0,372350.0,12087421.0,8455400.0,2972958.0,
2006-11-07,5095943.0,6000.0,60400.0,293758.0,9974517.0,7024000.0,2151604.0,
2006-11-08,3712483.0,500.0,49500.0,2386924.0,6528083.0,8602600.0,2421131.0,
2006-11-09,4863848.0,5000.0,42800.0,698500.0,10216545.0,8508000.0,3959292.0,
2006-11-10,10089572.0,25400.0,26400.0,358541.0,15430763.0,9619000.0,3814772.0,
2006-11-13,14585737.0,11000.0,63800.0,206635.0,16035991.0,10136600.0,5089674.0,
2006-11-14,8381716.0,1700.0,121900.0,281065.0,13606516.0,7814600.0,3522420.0,
2006-11-15,5470563.0,40800.0,170500.0,423222.0,9898705.0,8563400.0,3354246.0,
2006-11-16,4350025.0,41900.0,83200.0,876704.0,5432456.0,7210400.0,3355902.0,
2006-11-17,6394396.0,28700.0,49500.0,875384.0,6795169.0,11893200.0,3786507.0,
2006-11-20,7886673.0,21000.0,171500.0,595436.0,11107574.0,45927000.0,4456244.0,
2006-11-21,4842545.0,17700.0,144200.0,2270558.0,6232130.0,34888600.0,4555705.0,
2006-11-22,4926705.0,2200.0,113900.0,1141828.0,4699395.0,32381000.0,2361999.0,
2006-11-23,2694145.0,6000.0,65900.0,864520.0,,,,
2006-11-24,4849772.0,33500.0,178700.0,1203565.0,2091968.0,8190000.0,1137478.0,
2006-11-27,4382472.0,17600.0,89300.0,1202143.0,3157460.0,16561400.0,2317412.0,
2006-11-28,3030335.0,8100.0,75900.0,1703350.0,5552042.0,21696000.0,3667650.0,
2006-11-29,4885254.0,4500.0,37400.0,677989.0,4155705.0,16648600.0,3545481.0,
2006-11-30,4867897.0,0.0,189100.0,2165361.0,3397585.0,18961400.0,2664640.0,
2006-12-01,6995722.0,13500.0,134000.0,222273.0,4111296.0,15407000.0,2865100.0,
2006-12-04,6602405.0,25800.0,80100.0,351027.0,5253552.0,9076200.0,2669725.0,
2006-12-05,10380284.0,0.0,199300.0,779124.0,5008035.0,13459200.0,3874733.0,
2006-12-06,7438343.0,5000.0,225700.0,189475.0,3321138.0,13938800.0,3626138.0,
2006-12-07,7868884.0,25000.0,76500.0,589343.0,5534279.0,9145600.0,3923221.0,
2006-12-08,10640870.0,0.0,0.0,0.0,4563948.0,8847600.0,3653813.0,
2006-12-11,3824868.0,0.0,85000.0,226030.0,6363770.0,10616000.0,2375244.0,
2006-12-12,4106042.0,33700.0,137700.0,409819.0,4975363.0,14274400.0,3567361.0,
2006-12-13,4702106.0,45400.0,62500.0,617876.0,4637223.0,9981400.0,2776519.0,
2006-12-14,3618651.0,0.0,19800.0,850202.0,5519370.0,7207800.0,4400423.0,
2006-12-15,3158678.0,8700.0,59600.0,842688.0,5552994.0,14302000.0,2785153.0,
2006-12-18,4637477.0,34300.0,90400.0,1978221.0,5327461.0,8278000.0,3671789.0,
2006-12-19,2806675.0,5000.0,131700.0,1933848.0,5966312.0,7836800.0,2699292.0,
2006-12-20,4587798.0,61200.0,143300.0,2691039.0,8365018.0,8877600.0,3326217.0,
2006-12-21,10094680.0,12000.0,872400.0,4914076.0,12718659.0,19631200.0,4807374.0,
2006-12-22,2805106.0,12000.0,98400.0,733329.0,5519053.0,9775800.0,2606926.0,
2006-12-26,,10500.0,655400.0,2923568.0,3503531.0,5267800.0,2174666.0,
2006-12-27,2613970.0,1600.0,494900.0,1293936.0,5205971.0,8405000.0,2030382.0,
2006-12-28,2629971.0,15300.0,381100.0,1021400.0,5032143.0,8102000.0,2224929.0,
2006-12-29,611927.0,11100.0,204800.0,313355.0,3375063.0,5342000.0,966111.0,
2007-01-02,2958246.0,6600.0,162700.0,77475.0,,,,
2007-01-03,10078978.0,4200.0,74000.0,417028.0,14817289.0,28464600.0,7433460.0,
2007-01-04,12381699.0,1500.0,104100.0,513492.0,14815068.0,22003400.0,6056376.0,
2007-01-05,9838838.0,257100.0,101700.0,236793.0,7655430.0,15240400.0,5218465.0,
2007-01-08,6685157.0,4700.0,138900.0,120935.0,8425921.0,15164600.0,5528203.0,
2007-01-09,8498391.0,0.0,126400.0,334679.0,8538529.0,13737600.0,9853408.0,
2007-01-10,8287926.0,0.0,111800.0,191810.0,10636207.0,12428200.0,5494970.0,
2007-01-11,8405711.0,15700.0,122400.0,260046.0,10517889.0,10709600.0,7440674.0,
2007-01-12,6080118.0,11200.0,43800.0,344630.0,5996447.0,10880000.0,4468780.0,
2007-01-15,4239309.0,14700.0,63600.0,113827.0,,,,
2007-01-16,8405422.0,6800.0,60600.0,320463.0,4239764.0,18183400.0,4087610.0,
2007-01-17,5975193.0,0.0,666200.0,488615.0,6012307.0,15846800.0,3477597.0,
2007-01-18,3404408.0,15400.0,99400.0,425152.0,6371066.0,14200000.0,3849069.0,
2007-01-19,4656519.0,1700.0,43100.0,382200.0,8446857.0,12140800.0,4264063.0,
2007-01-22,4910316.0,2700.0,45100.0,509329.0,6212464.0,12046200.0,2513615.0,
2007-01-23,7960468.0,14200.0,23500.0,205214.0,9510446.0,16740600.0,4074838.0,
2007-01-24,10051897.0,3700.0,34200.0,151194.0,7819425.0,17032200.0,5277716.0,
2007-01-25,8753892.0,17800.0,59100.0,293148.0,11643968.0,27373000.0,4681658.0,
2007-01-26,4590591.0,0.0,13700.0,79201.0,8332980.0,13011200.0,1710001.0,
2007-01-29,6839139.0,5600.0,100500.0,356205.0,10799568.0,20710800.0,2727084.0,
2007-01-30,7754640.0,0.0,85900.0,281471.0,8240356.0,17590800.0,2751329.0,
2007-01-31,5034118.0,38.0,107300.0,271520.0,6301915.0,11152400.0,4031671.0,
2007-02-01,6147843.0,5100.0,390000.0,189881.0,10359604.0,14710000.0,4408820.0,
2007-02-02,8593740.0,1000.0,127600.0,213439.0,14689138.0,16884400.0,5264825.0,
2007-02-05,4741171.0,18000.0,44500.0,85497.0,7651306.0,11303400.0,3231013.0,
2007-02-06,3522843.0,25800.0,47000.0,116569.0,7188504.0,10537200.0,3604969.0,
2007-02-07,5006831.0,31200.0,358800.0,409210.0,6828159.0,8177800.0,6437782.0,
2007-02-08,3203177.0,20900.0,248300.0,21729.0,5785823.0,16145400.0,4542460.0,
2007-02-09,4376712.0,10000.0,70300.0,47216.0,6429749.0,16154000.0,2431302.0,
2007-02-12,1567590.0,4000.0,64400.0,75952.0,5223418.0,6465600.0,3247571.0,
2007-02-13,4670171.0,0.0,51300.0,157591.0,10497588.0,17715000.0,3057163.0,
2007-02-14,12934242.0,9400.0,130700.0,360165.0,7287155.0,18643000.0,4818846.0,
2007-02-15,7436165.0,1000.0,61500.0,404742.0,5455612.0,17631800.0,3079515.0,
2007-02-16,5489566.0,5000.0,348300.0,68844.0,3218047.0,7601600.0,1874272.0,
2007-02-19,2934153.0,4500.0,141700.0,48739.0,,,,
2007-02-20,3840214.0,10600.0,116600.0,222984.0,4053882.0,7207600.0,2625376.0,
2007-02-21,4638085.0,500.0,219100.0,529028.0,5936178.0,12540400.0,4361750.0,
2007-02-22,4498703.0,7100.0,84600.0,318635.0,9496172.0,14293400.0,3341592.0,
2007-02-23,3041598.0,4300.0,83900.0,393065.0,8246066.0,10163800.0,3287426.0,
2007-02-26,3669168.0,3000.0,102500.0,181352.0,9601801.0,21867400.0,2969528.0,
2007-02-27,14323126.0,0.0,79000.0,414490.0,16537492.0,29186000.0,7687612.0,
2007-02-28,8117292.0,5400.0,113600.0,6741205.0,11303289.0,22113000.0,4896546.0,
2007-03-01,6520541.0,1200.0,54400.0,77374.0,7742344.0,15155000.0,5007125.0,
2007-03-02,7471221.0,9600.0,136700.0,301475.0,5277025.0,16601000.0,4814115.0,
2007-03-05,6187140.0,1000.0,187300.0,262178.0,12475045.0,19783600.0,5318636.0,
2007-03-06,4726450.0,4100.0,171800.0,411951.0,8147415.0,11348000.0,4510055.0,
2007-03-07,3010610.0,4000.0,109700.0,87223.0,5724602.0,10921200.0,2774390.0,
2007-03-08,4731845.0,8900.0,229100.0,342193.0,5511123.0,21505200.0,2931565.0,
2007-03-09,9372324.0,16000.0,138600.0,64783.0,5165369.0,17758400.0,2620409.0,
2007-03-12,3537522.0,8300.0,119500.0,80420.0,6917611.0,18897400.0,2558319.0,
2007-03-13,5240656.0,4300.0,467400.0,142766.0,13844420.0,13800200.0,3808149.0,
2007-03-14,6304357.0,0.0,176000.0,278628.0,13200811.0,27740800.0,3645179.0,
2007-03-15,6272600.0,0.0,129100.0,714137.0,8680637.0,36365600.0,4300725.0,
2007-03-16,6309507.0,0.0,391600.0,375193.0,5970436.0,24904800.0,2418293.0,
2007-03-19,9935282.0,2900.0,223600.0,269692.0,7213880.0,40353200.0,2606926.0,
2007-03-20,6500486.0,14300.0,105800.0,304115.0,8676831.0,25441000.0,3584864.0,
2007-03-21,8457767.0,10800.0,120500.0,192420.0,7696349.0,25621200.0,3758478.0,
2007-03-22,10240547.0,13000.0,169600.0,139212.0,8585793.0,32919400.0,2702367.0,
2007-03-23,6344430.0,3800.0,45200.0,67727.0,9897753.0,93676200.0,3802591.0,
2007-03-26,7992359.0,2600.0,44000.0,398345.0,10233039.0,57039400.0,6146849.0,
2007-03-27,9138683.0,112300.0,21100.0,89762.0,8335518.0,43360400.0,4574273.0,
2007-03-28,5221866.0,1100.0,25200.0,300459.0,6876691.0,22881600.0,3213510.0,
2007-03-29,5628597.0,10600.0,13400.0,292844.0,5470203.0,33799000.0,4145797.0,
2007-03-30,6406610.0,5300.0,42300.0,554921.0,4770132.0,27500000.0,3217531.0,
2007-04-02,4749529.0,8500.0,55500.0,471353.0,5549505.0,23596600.0,2835179.0,
2007-04-03,11393382.0,204100.0,99700.0,114436.0,8484287.0,22987600.0,2896795.0,
2007-04-04,10045308.0,34800.0,143200.0,352042.0,6406593.0,25306600.0,2965507.0,
2007-04-05,11200413.0,4400.0,52000.0,136268.0,3043584.0,20708200.0,1667070.0,
2007-04-09,,18100.0,53000.0,287462.0,6738073.0,17842600.0,2229186.0,
2007-04-10,10375217.0,23700.0,61300.0,196075.0,6502389.0,39401400.0,3163366.0,
2007-04-11,7645092.0,36300.0,134100.0,134744.0,8947724.0,38743200.0,3092406.0,
2007-04-12,5254306.0,19400.0,44000.0,196989.0,5116202.0,24199200.0,2906256.0,
2007-04-13,3537271.0,73500.0,84000.0,588227.0,6480502.0,22220600.0,1978582.0,
2007-04-16,11981638.0,19800.0,155700.0,549235.0,8493803.0,23732800.0,3353655.0,
2007-04-17,7603344.0,900.0,176600.0,225421.0,8419894.0,20062600.0,4183642.0,
2007-04-18,4512425.0,2100.0,540100.0,118193.0,5472741.0,26060600.0,3521947.0,
2007-04-19,27443928.0,208800.0,257800.0,236793.0,5149192.0,21487800.0,2883549.0,
2007-04-20,22561490.0,22700.0,65900.0,95143.0,6260679.0,17063600.0,2300974.0,
2007-04-23,9536062.0,233900.0,46700.0,160840.0,6089388.0,17981200.0,2606453.0,
2007-04-24,11319825.0,9600.0,193100.0,472774.0,7891113.0,26099400.0,2371815.0,
2007-04-25,7374001.0,4700.0,54100.0,552484.0,5423574.0,24347400.0,2724837.0,
2007-04-26,18011372.0,3400.0,51800.0,107938.0,4988052.0,25278200.0,3020737.0,
2007-04-27,30534701.0,6300.0,203100.0,40413.0,5041976.0,14081800.0,1801302.0,
2007-04-30,7116678.0,17600.0,87200.0,77881.0,5535865.0,17784400.0,2667005.0,
2007-05-01,6621902.0,,,,9733124.0,15812200.0,3228175.0,
2007-05-02,6314407.0,0.0,26100.0,67017.0,6022140.0,16022000.0,2054035.0,
2007-05-03,9925481.0,69300.0,52200.0,1410302.0,5194869.0,16759200.0,3364653.0,
2007-05-04,10526820.0,43700.0,49800.0,664788.0,5446096.0,18373800.0,6477638.0,
2007-05-07,,34300.0,52700.0,76460.0,4286711.0,15298800.0,4209187.0,
2007-05-08,10690772.0,30100.0,90300.0,45490.0,4082114.0,14563600.0,3657715.0,
2007-05-09,15551614.0,30800.0,80400.0,88340.0,4994396.0,16733600.0,7182382.0,
2007-05-10,6602649.0,0.0,47900.0,78085.0,9710285.0,18418600.0,4614247.0,
2007-05-11,16399502.0,54400.0,96400.0,73921.0,5930785.0,16928000.0,2442656.0,
2007-05-14,6879000.0,5500.0,84400.0,200340.0,7107617.0,20679200.0,3777400.0,
2007-05-15,12512230.0,2900.0,106300.0,205620.0,8250190.0,14844600.0,3520646.0,
2007-05-16,9225326.0,100.0,117900.0,142969.0,5723016.0,18343800.0,4467361.0,
2007-05-17,20351646.0,5400.0,34100.0,127129.0,12518503.0,24487400.0,4989621.0,
2007-05-18,8949855.0,2300.0,152900.0,108953.0,5904774.0,18095000.0,3404982.0,
2007-05-21,3291234.0,0.0,0.0,0.0,7089219.0,20383400.0,3928425.0,
2007-05-22,4566231.0,0.0,135400.0,902801.0,4397098.0,14069800.0,2944338.0,
2007-05-23,3449487.0,6000.0,128100.0,341380.0,5834038.0,34868000.0,3238346.0,
2007-05-24,5855762.0,3400.0,40800.0,44271.0,6284786.0,22152000.0,5452631.0,
2007-05-25,7993332.0,5400.0,102200.0,199121.0,3922242.0,14421800.0,3040961.0,
2007-05-28,,200.0,131400.0,64580.0,,,,
2007-05-29,8396029.0,36600.0,71400.0,249587.0,3943495.0,20480800.0,2802301.0,
2007-05-30,7345476.0,11600.0,118500.0,293047.0,4458002.0,22578600.0,2247872.0,
2007-05-31,5497166.0,9500.0,317000.0,375498.0,5754102.0,17333800.0,2596756.0,
2007-06-01,4720063.0,1432900.0,371100.0,85497.0,13144348.0,17933600.0,2566716.0,
2007-06-04,5031960.0,,,,9779753.0,13825800.0,2100868.0,
2007-06-05,6760129.0,74800.0,158700.0,117584.0,6153146.0,16549000.0,3535902.0,
2007-06-06,6306923.0,900.0,289700.0,62143.0,6394222.0,16963800.0,3559910.0,
2007-06-07,4869508.0,11500.0,236700.0,297819.0,7316655.0,19782000.0,6834918.0,
2007-06-08,6797184.0,5200.0,183700.0,149366.0,10514083.0,23838200.0,4287834.0,
2007-06-11,4941308.0,0.0,187700.0,202472.0,7272246.0,20921000.0,2893247.0,
2007-06-12,3715328.0,3800.0,181700.0,168354.0,6572174.0,32164200.0,2919857.0,
2007-06-13,10199449.0,0.0,285000.0,298428.0,5644032.0,32917000.0,5645167.0,
2007-06-14,9002784.0,15000.0,144400.0,634326.0,5458150.0,22318400.0,3007610.0,
2007-06-15,6764546.0,60900.0,83600.0,376310.0,7894603.0,21554800.0,2478254.0,
2007-06-18,6299776.0,4800.0,92000.0,99916.0,5227859.0,13618200.0,2949660.0,
2007-06-19,6570156.0,300.0,285000.0,143782.0,4923659.0,17004200.0,2491263.0,
2007-06-20,6799210.0,20600.0,390900.0,179219.0,5050224.0,13751800.0,5443524.0,
2007-06-21,9628539.0,3500.0,264600.0,175158.0,4844675.0,16952000.0,5129648.0,
2007-06-22,3075288.0,2700.0,257200.0,145914.0,9068262.0,14439000.0,2865337.0,
2007-06-25,5677497.0,6700.0,579200.0,188663.0,5924441.0,12024800.0,2541880.0,
2007-06-26,4518709.0,56700.0,374800.0,222882.0,7127600.0,23322200.0,5493078.0,
2007-06-27,8932796.0,229600.0,572500.0,114842.0,9515521.0,31313400.0,4064904.0,
2007-06-28,3568171.0,33800.0,313500.0,55035.0,4823422.0,17266000.0,2145336.0,
2007-06-29,3628984.0,18100.0,175200.0,87223.0,3392509.0,13704800.0,3348569.0,
2007-07-02,3986357.0,0.0,0.0,0.0,7782946.0,11759200.0,2524968.0,
2007-07-03,5808989.0,7800.0,78800.0,119209.0,4680045.0,7043600.0,2095901.0,
2007-07-04,4588186.0,12600.0,981700.0,26603.0,,,,
2007-07-05,4815104.0,17300.0,356700.0,95143.0,4540475.0,13492600.0,3461868.0,
2007-07-06,7171056.0,5900.0,54200.0,54730.0,6811347.0,16635400.0,3443064.0,
2007-07-09,5269637.0,5700.0,37300.0,88543.0,5862903.0,20186400.0,3270159.0,
2007-07-10,6324290.0,85300.0,41400.0,66712.0,4982659.0,14612000.0,4446546.0,
2007-07-11,5817062.0,28700.0,80300.0,88645.0,5048955.0,23820800.0,2620645.0,
2007-07-12,8255721.0,3000.0,130700.0,289899.0,7777237.0,25007600.0,4721987.0,
2007-07-13,5540914.0,251700.0,207000.0,244612.0,5626586.0,13970400.0,2863208.0,
2007-07-16,3260800.0,0.0,0.0,0.0,5236106.0,13815200.0,3848832.0,
2007-07-17,5301499.0,37500.0,251800.0,196075.0,6700008.0,15731400.0,3670725.0,
2007-07-18,5716428.0,1431000.0,42900.0,64681.0,5165369.0,15029200.0,3821631.0,
2007-07-19,7950767.0,3400.0,29000.0,340771.0,4787578.0,24228800.0,2700711.0,
2007-07-20,6826565.0,5200.0,206400.0,160739.0,4682583.0,23192400.0,2727321.0,
2007-07-23,5318189.0,5400.0,725000.0,414084.0,5696371.0,16892600.0,2611775.0,
2007-07-24,7623589.0,3400.0,875900.0,1511742.0,5775989.0,21499800.0,3074666.0,
2007-07-25,7403516.0,6600.0,1351300.0,153022.0,6578836.0,35372400.0,5807073.0,
2007-07-26,6750065.0,100.0,266600.0,2738256.0,10183555.0,31960000.0,6352395.0,
2007-07-27,7679882.0,8500.0,108900.0,1205596.0,7967243.0,26496000.0,6382316.0,
2007-07-30,7823092.0,7000.0,150700.0,392455.0,6775186.0,23554800.0,4729674.0,
2007-07-31,5982825.0,0.0,94000.0,334983.0,6079237.0,19764600.0,5257020.0,
2007-08-01,7495582.0,17800.0,68900.0,144594.0,10919788.0,33262800.0,5030187.0,
2007-08-02,4118080.0,2300.0,70800.0,158099.0,6998815.0,18911200.0,3033510.0,
2007-08-03,4653539.0,5000.0,234900.0,273856.0,7932667.0,18883400.0,4047992.0,
2007-08-06,4377460.0,1300.0,146700.0,71484.0,16385868.0,31651600.0,8099531.0,
2007-08-07,7182085.0,2100.0,120300.0,341990.0,9337886.0,19112600.0,5047098.0,
2007-08-08,10357941.0,4500.0,97400.0,241261.0,8452249.0,20056000.0,4221014.0,
2007-08-09,10393761.0,2000.0,371400.0,148249.0,10690766.0,29324000.0,6937336.0,
2007-08-10,16188867.0,8500.0,137700.0,354987.0,12353239.0,22027200.0,9242922.0,
2007-08-13,9681839.0,4700.0,214900.0,242682.0,7375972.0,14780400.0,3610646.0,
2007-08-14,7353040.0,16800.0,194000.0,149976.0,6622927.0,19553400.0,3771369.0,
2007-08-15,6627349.0,,,,11004482.0,29782800.0,6565391.0,
2007-08-16,15373056.0,5200.0,875400.0,818522.0,35848944.0,64186600.0,13602070.0,
2007-08-17,15859036.0,2600.0,321900.0,227045.0,15494204.0,44244600.0,9975104.0,
2007-08-20,6467542.0,27200.0,196700.0,115756.0,9978006.0,27307200.0,6101908.0,
2007-08-21,6113511.0,15500.0,438400.0,141954.0,7282714.0,23344800.0,5537546.0,
2007-08-22,7067017.0,10500.0,257300.0,237504.0,7782629.0,24330400.0,5342171.0,
2007-08-23,6247359.0,17100.0,205700.0,300155.0,9575156.0,22229800.0,5717782.0,
2007-08-24,6099987.0,7500.0,157600.0,316300.0,9183090.0,15353000.0,3178858.0,
2007-08-27,,9600.0,75400.0,203082.0,6104297.0,12627600.0,1896742.0,
2007-08-28,4495396.0,700.0,120100.0,149468.0,8641621.0,16227600.0,3390081.0,
2007-08-29,6894181.0,14300.0,197500.0,135658.0,5809296.0,13982800.0,4417216.0,
2007-08-30,4101236.0,10100.0,297500.0,299749.0,5432139.0,12348400.0,3119962.0,
2007-08-31,7847773.0,2000.0,493500.0,689463.0,5493359.0,16622800.0,3305402.0,
2007-09-03,1981557.0,3400.0,102900.0,97479.0,,,,
2007-09-04,4246243.0,8000.0,68000.0,483538.0,7083509.0,18636000.0,3785560.0,
2007-09-05,5075134.0,29500.0,98700.0,105501.0,6267657.0,15920200.0,3485284.0,
2007-09-06,3510296.0,0.0,43300.0,26806.0,4656255.0,19684000.0,5073590.0,
2007-09-07,6260560.0,300.0,127000.0,27822.0,10561029.0,24154800.0,3749016.0,
2007-09-10,5095316.0,0.0,122900.0,183179.0,5587252.0,17583400.0,2894785.0,
2007-09-11,4939134.0,12500.0,23100.0,88746.0,5898430.0,21228000.0,3867045.0,
2007-09-12,4362311.0,2000.0,43800.0,89051.0,4563948.0,16833400.0,3928070.0,
2007-09-13,6198312.0,0.0,72200.0,130378.0,5046100.0,24179600.0,3462459.0,
2007-09-14,3863654.0,1300.0,73100.0,87223.0,3933344.0,20436200.0,2548622.0,
2007-09-17,4756776.0,0.0,0.0,0.0,4804073.0,16391400.0,1887517.0,
2007-09-18,6574310.0,,,,7758522.0,26956600.0,6144248.0,
2007-09-19,10085668.0,,,,7574860.0,40792000.0,6447244.0,
2007-09-20,5624043.0,100.0,235100.0,296804.0,5534279.0,20141000.0,3645298.0,
2007-09-21,6953659.0,7900.0,352200.0,316604.0,5287810.0,20704000.0,3893182.0,
2007-09-24,8608564.0,400.0,391800.0,164801.0,7070504.0,17420800.0,10112410.0,
2007-09-25,8009410.0,21000.0,778900.0,174345.0,4621680.0,20685000.0,5699806.0,
2007-09-26,4661570.0,6200.0,438300.0,378747.0,4870051.0,20957200.0,5562618.0,
2007-09-27,2896292.0,1000.0,546600.0,549336.0,6439900.0,22191000.0,5733511.0,
2007-09-28,9843815.0,12400.0,969300.0,524865.0,4598206.0,15903400.0,3865153.0,
2007-10-01,4250111.0,3000.0,631100.0,447998.0,5441021.0,27036800.0,5452276.0,
2007-10-02,5381325.0,9200.0,439900.0,679816.0,4168711.0,18839000.0,6055903.0,
2007-10-03,4047820.0,20200.0,398300.0,365750.0,5058788.0,16075800.0,4630449.0,
2007-10-04,3826253.0,2100.0,168400.0,438758.0,6359330.0,18725200.0,3915534.0,
2007-10-05,3707555.0,0.0,412500.0,408499.0,4590593.0,18076800.0,4793774.0,
2007-10-08,3304134.0,5100.0,1061900.0,202168.0,3824543.0,12280600.0,3609108.0,
2007-10-09,4411362.0,18300.0,928900.0,458660.0,5310332.0,17821200.0,4640147.0,
2007-10-10,3505119.0,9300.0,194200.0,550555.0,8712040.0,27926600.0,4791763.0,
2007-10-11,6071745.0,5100.0,150700.0,1723658.0,12838563.0,32284600.0,11526392.0,
2007-10-12,4761939.0,6100.0,35300.0,326251.0,6188356.0,16018800.0,5812868.0,
2007-10-15,3552262.0,,,,6501120.0,20881400.0,5749596.0,
2007-10-16,3692451.0,8400.0,63800.0,292336.0,6529669.0,17734800.0,5166901.0,
2007-10-17,5908052.0,14800.0,76200.0,299139.0,5085116.0,22083600.0,5403314.0,
2007-10-18,6868029.0,1381400.0,42600.0,215571.0,5298913.0,15430600.0,3736362.0,
2007-10-19,3541631.0,2500.0,70600.0,88137.0,6455443.0,21346000.0,7192789.0,
2007-10-22,7623903.0,5700.0,73400.0,255172.0,9977372.0,21825800.0,8816456.0,
2007-10-23,6901226.0,6600.0,24700.0,280354.0,5313504.0,24042800.0,5811448.0,
2007-10-24,6568135.0,8400.0,192700.0,249993.0,6956627.0,21528000.0,8345878.0,
2007-10-25,5629304.0,900.0,433400.0,334577.0,4426281.0,17136600.0,4961829.0,
2007-10-26,4572248.0,7800.0,144000.0,460082.0,6493825.0,20351400.0,4560436.0,
2007-10-29,5424912.0,600.0,108200.0,249384.0,5829280.0,16788400.0,4570370.0,
2007-10-30,4622629.0,8000.0,164800.0,230193.0,4707642.0,15628000.0,5328334.0,
2007-10-31,6939948.0,12200.0,97000.0,594827.0,5964409.0,19646000.0,6263814.0,
2007-11-01,5050052.0,,,,6225152.0,22960000.0,7681462.0,
2007-11-02,5819628.0,300.0,56100.0,485569.0,8087463.0,21333600.0,7396206.0,
2007-11-05,5178256.0,12200.0,139100.0,383520.0,11093300.0,21564800.0,8673119.0,
2007-11-06,4264049.0,6000.0,474800.0,389206.0,8356771.0,16166800.0,6038400.0,
2007-11-07,2826327.0,3000.0,272100.0,538065.0,7769941.0,24607800.0,6403722.0,
2007-11-08,12680975.0,800.0,358300.0,129363.0,14685331.0,30814200.0,19047250.0,
2007-11-09,7577069.0,100.0,363800.0,234153.0,9014020.0,25489800.0,8899715.0,
2007-11-12,9717397.0,1300.0,108800.0,344427.0,12046184.0,35006400.0,8489098.0,
2007-11-13,10260374.0,4000.0,162100.0,358236.0,9312827.0,37248200.0,9770031.0,
2007-11-14,16788976.0,200.0,253300.0,76866.0,8087781.0,31824800.0,6885417.0,
2007-11-15,7457140.0,400.0,283200.0,157490.0,9556123.0,31340400.0,9367219.0,
2007-11-16,5766304.0,10000.0,49300.0,165917.0,6157587.0,24323600.0,5132486.0,
2007-11-19,8247562.0,3500.0,38300.0,238215.0,8312045.0,40085400.0,7151042.0,
2007-11-20,7631532.0,2800.0,103700.0,52699.0,8730121.0,38608000.0,9177048.0,
2007-11-21,8086619.0,0.0,169300.0,312441.0,10491244.0,35770200.0,9036667.0,
2007-11-22,4649181.0,1100.0,48600.0,44982.0,,,,
2007-11-23,5371740.0,2000.0,125800.0,225928.0,2865632.0,10490800.0,2750146.0,
2007-11-26,7809403.0,0.0,50200.0,474805.0,6358061.0,21601200.0,4756047.0,
2007-11-27,7274700.0,0.0,382600.0,232731.0,8550900.0,37755800.0,7397034.0,
2007-11-28,7037793.0,0.0,565300.0,312441.0,7711892.0,35663000.0,5636534.0,
2007-11-29,9038089.0,200.0,151500.0,58893.0,7288423.0,27856800.0,4293866.0,
2007-11-30,11294241.0,9600.0,203200.0,265326.0,6006915.0,28351800.0,3988149.0,
2007-12-03,7564448.0,2000.0,104900.0,58284.0,5625317.0,15474400.0,3914352.0,
2007-12-04,7354717.0,0.0,51400.0,129363.0,4969336.0,18791000.0,4072236.0,
2007-12-05,6427250.0,500.0,129900.0,257000.0,4153167.0,22456000.0,3814890.0,
2007-12-06,5644027.0,0.0,98000.0,339045.0,3828667.0,21009800.0,3845521.0,
2007-12-07,7039459.0,0.0,81000.0,116670.0,8955337.0,27111600.0,3307295.0,
2007-12-10,6890719.0,200.0,57800.0,96362.0,5046100.0,11379800.0,2311263.0,
2007-12-11,3605383.0,7000.0,111400.0,104993.0,7126014.0,26572200.0,3879345.0,
2007-12-12,6541618.0,1000.0,188600.0,236996.0,6203899.0,21276600.0,2898214.0,
2007-12-13,5820516.0,2100.0,202000.0,297616.0,4733336.0,18643600.0,4156204.0,
2007-12-14,8491833.0,4000.0,95500.0,209377.0,4791701.0,14434600.0,5537782.0,
2007-12-17,5543777.0,200.0,30600.0,341177.0,10721535.0,28428800.0,5621869.0,
2007-12-18,5953505.0,100.0,55200.0,691697.0,8232743.0,27818000.0,3673090.0,
2007-12-19,3117499.0,1500.0,133100.0,80217.0,7665580.0,18086000.0,4456481.0,
2007-12-20,2730745.0,9900.0,152300.0,271520.0,4549674.0,17855600.0,3881474.0,
2007-12-21,6276519.0,200.0,185300.0,358947.0,8217517.0,22118800.0,4135153.0,
2007-12-24,682269.0,0.0,19400.0,11372.0,2772373.0,4946600.0,837320.0,
2007-12-26,,1000.0,47000.0,183687.0,3723037.0,10563400.0,2231315.0,
2007-12-27,2176941.0,7200.0,117400.0,233544.0,2917336.0,15259400.0,1631827.0,
2007-12-28,1165596.0,5000.0,971900.0,445561.0,2473249.0,8779800.0,1276794.0,
2007-12-31,636847.0,0.0,0.0,0.0,3644370.0,7579800.0,1319606.0,
2008-01-01,,0.0,0.0,0.0,,,,
2008-01-02,1957087.0,1000.0,1828849.0,572080.0,4884008.0,16639200.0,3303628.0,
2008-01-03,4952024.0,122916.0,72586.0,386123.0,4639126.0,16279200.0,4162118.0,
2008-01-04,5350099.0,2504.0,195270.0,546634.0,5132063.0,20337400.0,4232013.0,
2008-01-07,6001855.0,0.0,154398.0,164390.0,6794535.0,25281200.0,5972999.0,
2008-01-08,6373125.0,2194.0,302898.0,482621.0,7126014.0,26225400.0,4377597.0,
2008-01-09,6764291.0,2000.0,301896.0,454800.0,9196730.0,27743000.0,5685969.0,
2008-01-10,4130589.0,2288.0,1487012.0,514657.0,6465593.0,22914600.0,5305036.0,
2008-01-11,4387894.0,4030.0,327132.0,214052.0,6885256.0,25796600.0,4327926.0,
2008-01-14,5468878.0,500.0,675505.0,193262.0,5781064.0,25468800.0,4493734.0,
2008-01-15,3221451.0,0.0,58301.0,104162.0,6420550.0,20363800.0,6101081.0,
2008-01-16,8910425.0,3771.0,380401.0,398678.0,12666955.0,44757200.0,9636746.0,
2008-01-17,6926690.0,3339.0,176464.0,728252.0,10816380.0,49925400.0,13633292.0,
2008-01-18,8139867.0,10070.0,275553.0,43900.0,8420529.0,39495600.0,7947205.0,
2008-01-21,10451831.0,287901.0,620291.0,497680.0,,,,
2008-01-22,12659513.0,314.0,353667.0,281816.0,10734858.0,37193600.0,10603803.0,
2008-01-23,8970720.0,4600.0,176553.0,198995.0,10993063.0,73666800.0,9302409.0,
2008-01-24,7719327.0,3959.0,204019.0,363423.0,11026369.0,41414000.0,6242290.0,
2008-01-25,9936853.0,1500.0,257431.0,173517.0,8182308.0,27605200.0,5560252.0,
2008-01-28,6716298.0,2840.0,122167.0,102250.0,7994839.0,19114200.0,4094825.0,
2008-01-29,6236204.0,35222.0,287204.0,212098.0,5660209.0,18063200.0,5867388.0,
2008-01-30,4265858.0,4197.0,198944.0,183418.0,10849052.0,26867200.0,5553984.0,
2008-01-31,7914845.0,15000.0,205764.0,61171.0,9386419.0,30663600.0,5346310.0,
2008-02-01,9673175.0,5500.0,172093.0,188619.0,7316655.0,33890200.0,9118743.0,
2008-02-04,5620181.0,2300.0,275836.0,55164.0,6942670.0,15042400.0,5503012.0,
2008-02-05,4414631.0,2600.0,264932.0,76268.0,9031466.0,22198200.0,5864550.0,
2008-02-06,10922989.0,35877.0,159297.0,69747.0,5389950.0,19140400.0,8202067.0,
2008-02-07,8240493.0,0.0,113187.0,196927.0,8557879.0,25753200.0,6006468.0,
2008-02-08,8109758.0,1643.0,149058.0,25482.0,8406889.0,21429600.0,4803708.0,
2008-02-11,6234633.0,0.0,335687.0,52323.0,8098883.0,19456600.0,4607624.0,
2008-02-12,4529642.0,4062.0,425514.0,429300.0,10575304.0,27155200.0,4956625.0,
2008-02-13,5658424.0,2510.0,257089.0,178254.0,6740610.0,21856200.0,5198360.0,
2008-02-14,7006353.0,3750.0,454981.0,381819.0,6162028.0,16824800.0,4530160.0,
2008-02-15,4159612.0,15000.0,385135.0,75575.0,3701467.0,21957800.0,4453051.0,
2008-02-18,2916665.0,1639.0,818591.0,93922.0,,,,
2008-02-19,7619542.0,3617.0,571802.0,392322.0,9899657.0,26712000.0,5654983.0,
2008-02-20,6265108.0,83502.0,219837.0,87116.0,9244628.0,18051200.0,4875022.0,
2008-02-21,4189438.0,18889.0,129065.0,107838.0,12004630.0,31210800.0,4836349.0,
2008-02-22,5827229.0,3828.0,85970.0,3610.0,7405155.0,19193000.0,4634234.0,
2008-02-25,5058589.0,2187.0,123356.0,316577.0,7384537.0,20248600.0,4490659.0,
2008-02-26,4138769.0,240.0,612422.0,226134.0,10007824.0,19497200.0,4594496.0,
2008-02-27,3669623.0,764.0,147384.0,493336.0,8263195.0,26579400.0,4496927.0,
2008-02-28,4874070.0,685.0,156776.0,220195.0,6845605.0,21847800.0,5205338.0,
2008-02-29,4063482.0,11140.0,135447.0,468769.0,6230544.0,25688000.0,4264772.0,
2008-03-03,3141258.0,0.0,105689.0,146338.0,7360112.0,19075600.0,3479016.0,
2008-03-04,4001416.0,13105.0,104479.0,237255.0,12777025.0,27849600.0,7527008.0,
2008-03-05,6567058.0,1265.0,109724.0,129246.0,7064159.0,26834600.0,5285995.0,
2008-03-06,4234533.0,1690.0,209075.0,159369.0,6858610.0,31118400.0,8652541.0,
2008-03-07,5536465.0,1400.0,201972.0,165675.0,6904288.0,34009000.0,6474090.0,
2008-03-10,6394726.0,4056.0,171528.0,490426.0,6409131.0,27409000.0,7961752.0,
2008-03-11,5855679.0,6226.0,131681.0,696997.0,7022923.0,27821600.0,5092631.0,
2008-03-12,6131842.0,1440.0,284456.0,438185.0,4897014.0,21497400.0,4561027.0,
2008-03-13,4184841.0,5598.0,223428.0,429479.0,4996933.0,24970800.0,5867861.0,
2008-03-14,4066379.0,95410.0,305493.0,396388.0,5606284.0,23621800.0,6746929.0,
2008-03-17,6124261.0,1000.0,249856.0,328123.0,7277956.0,40322800.0,6299648.0,
2008-03-18,3670355.0,2500.0,161640.0,380847.0,5212316.0,26599600.0,4331356.0,
2008-03-19,7447571.0,4427.0,160099.0,403650.0,9096176.0,44028000.0,6823446.0,
2008-03-20,8949090.0,632.0,33084.0,97579.0,8767234.0,42783600.0,7406377.0,
2008-03-21,,0.0,0.0,0.0,,,,
2008-03-24,,1200.0,296933.0,671584.0,4317163.0,19055800.0,4175837.0,
2008-03-25,7065424.0,1400.0,168879.0,428482.0,7119353.0,26241600.0,4638018.0,
2008-03-26,5103861.0,5795.0,38734.0,182244.0,5388047.0,32547600.0,4162709.0,
2008-03-27,6009501.0,35129.0,100718.0,219329.0,5044831.0,38016200.0,4131724.0,
2008-03-28,4860083.0,101770.0,61307.0,142258.0,4207092.0,14258600.0,2660146.0,
2008-03-31,7402743.0,669.0,85835.0,214431.0,4413593.0,29958600.0,3623537.0,
2008-04-01,6815905.0,2268.0,67777.0,658203.0,5561241.0,22506000.0,5386166.0,
2008-04-02,4384206.0,2840.0,104951.0,519557.0,5576150.0,19262800.0,5419753.0,
2008-04-03,5044788.0,5903.0,107542.0,1317583.0,6809761.0,34307800.0,9582580.0,
2008-04-04,5291666.0,9017.0,84874.0,797539.0,6515394.0,27671000.0,5883236.0,
2008-04-07,4195852.0,1992.0,165366.0,715655.0,6544577.0,28251000.0,6229517.0,
2008-04-08,4194293.0,259.0,200726.0,520748.0,5691613.0,20443400.0,15179377.0,
2008-04-09,3054935.0,234.0,291118.0,364353.0,6591207.0,22082600.0,5448019.0,
2008-04-10,4604808.0,1559.0,307086.0,527875.0,4380286.0,18717200.0,3492144.0,
2008-04-11,4440389.0,13889.0,110517.0,661525.0,4269899.0,16454600.0,2496821.0,
2008-04-14,3043574.0,9940.0,87947.0,356899.0,4026285.0,15814800.0,2169462.0,
2008-04-15,3664313.0,5543.0,103977.0,721782.0,4006301.0,23119800.0,5551619.0,
2008-04-16,3646763.0,2947.0,115252.0,224292.0,8084609.0,26716000.0,9523211.0,
2008-04-17,4268580.0,364200.0,1898025.0,325841.0,5434042.0,18961800.0,4960765.0,
2008-04-18,6135871.0,0.0,702420.0,400537.0,4603916.0,20377000.0,5757165.0,
2008-04-21,2768486.0,1553.0,81154.0,208955.0,4751416.0,15570200.0,5718728.0,
2008-04-22,3955315.0,9349.0,112252.0,192708.0,7949796.0,29556200.0,5114510.0,
2008-04-23,5157122.0,7100.0,133817.0,219246.0,6650524.0,33182600.0,5889267.0,
2008-04-24,7030702.0,3724.0,82789.0,426863.0,6082727.0,20611800.0,4927059.0,
2008-04-25,6189842.0,8294.0,41025.0,257425.0,4217877.0,19302200.0,3275718.0,
2008-04-28,3001591.0,4896.0,41481.0,322356.0,8008479.0,19075400.0,3902407.0,
2008-04-29,2204114.0,6525.0,59599.0,211563.0,5009939.0,16896200.0,4800042.0,
2008-04-30,4961520.0,65979.0,73989.0,349620.0,6113495.0,19108600.0,5036455.0,
2008-05-01,4459018.0,0.0,0.0,0.0,7135531.0,31099000.0,6505667.0,
2008-05-02,5067930.0,632.0,56766.0,60107.0,6386292.0,24560200.0,5086126.0,
2008-05-05,,0.0,148330.0,287260.0,6833868.0,18504800.0,5740489.0,
2008-05-06,3990458.0,3231.0,161452.0,3621425.0,5687489.0,18697000.0,5613354.0,
2008-05-07,5346413.0,0.0,168740.0,411368.0,6280028.0,17717000.0,4567532.0,
2008-05-08,5210251.0,392383.0,112135.0,310689.0,5032143.0,20303200.0,8463434.0,
2008-05-09,3251187.0,0.0,97525.0,146341.0,8362480.0,15516800.0,5074300.0,
2008-05-12,2898770.0,100.0,68407.0,808622.0,5017234.0,15110000.0,4551448.0,
2008-05-13,4722991.0,3049.0,42595.0,111146.0,3539375.0,17550600.0,7166771.0,
2008-05-14,3867435.0,3021.0,117758.0,264602.0,4637223.0,16609000.0,7439373.0,
2008-05-15,3865877.0,8602.0,70704.0,354249.0,6489701.0,20727400.0,8240740.0,
2008-05-16,5719678.0,0.0,181986.0,410789.0,5625317.0,24267800.0,5109779.0,
2008-05-19,4913736.0,4813.0,103714.0,583570.0,6978197.0,25745800.0,4418872.0,
2008-05-20,5119270.0,843.0,183458.0,537284.0,7489214.0,20465000.0,8306259.0,
2008-05-21,3515922.0,0.0,0.0,0.0,5900016.0,22417200.0,4429753.0,
2008-05-22,4494535.0,2985.0,37551.0,1472614.0,8270808.0,21428600.0,6129346.0,
2008-05-23,4975977.0,3183.0,47092.0,446745.0,6092877.0,16386400.0,5100200.0,
2008-05-26,,1185.0,61898.0,21795.0,,,,
2008-05-27,5717803.0,700.0,103418.0,495102.0,6204533.0,16605800.0,4503787.0,
2008-05-28,5759191.0,1135.0,51971.0,327972.0,6059253.0,16469400.0,5492013.0,
2008-05-29,5675499.0,0.0,160553.0,697826.0,7882232.0,25681200.0,5055614.0,
2008-05-30,10542226.0,3832.0,93286.0,803682.0,4774572.0,14974600.0,4784431.0,
2008-06-02,3584254.0,500.0,49771.0,725753.0,7656064.0,13551600.0,3952315.0,
2008-06-03,2544021.0,1150.0,81482.0,655474.0,4808831.0,14371200.0,4907663.0,
2008-06-04,2416767.0,7200.0,196862.0,768126.0,4284808.0,18500200.0,6202907.0,
2008-06-05,3682282.0,0.0,656140.0,680253.0,4921756.0,16676600.0,6417323.0,
2008-06-06,3887715.0,1170.0,681698.0,414356.0,4284173.0,16356600.0,5569950.0,
2008-06-09,3342645.0,0.0,351397.0,513248.0,4482744.0,14268800.0,4362933.0,
2008-06-10,4653888.0,3470.0,144426.0,472822.0,5134283.0,34725600.0,6152171.0,
2008-06-11,7890178.0,0.0,495335.0,548634.0,5072111.0,17994200.0,6480713.0,
2008-06-12,3697795.0,264.0,624689.0,742948.0,7778823.0,17766400.0,5311777.0,
2008-06-13,3754903.0,835.0,277761.0,455284.0,4699395.0,17772600.0,5332710.0,
2008-06-16,4790860.0,4400.0,238418.0,533379.0,5039122.0,16994000.0,3627439.0,
2008-06-17,4938491.0,808.0,279925.0,1185644.0,5080041.0,16392800.0,4810331.0,
2008-06-18,3964865.0,543.0,476662.0,736415.0,5050858.0,17151600.0,5394917.0,
2008-06-19,6560298.0,365.0,663932.0,1102707.0,4868782.0,16854400.0,4322959.0,
2008-06-20,7872977.0,1120.0,356737.0,544533.0,8385636.0,16450400.0,3444719.0,
2008-06-23,3106670.0,1700.0,250277.0,317698.0,6032925.0,11901000.0,4364352.0,
2008-06-24,5350732.0,4041.0,823912.0,344636.0,4861169.0,20770400.0,5986836.0,
2008-06-25,3696038.0,30.0,610171.0,637275.0,5601209.0,18882200.0,6069031.0,
2008-06-26,3486694.0,10016.0,390339.0,414576.0,4699712.0,19216600.0,5935745.0,
2008-06-27,3608927.0,0.0,278469.0,584117.0,4419620.0,21304600.0,5924037.0,
2008-06-30,4591237.0,0.0,219999.0,511100.0,5343639.0,14505200.0,6710148.0,
2008-07-01,4426585.0,1737.0,244415.0,606191.0,5132697.0,19897800.0,4669004.0,
2008-07-02,8503891.0,744.0,226052.0,525655.0,8283496.0,32210400.0,8177350.0,
2008-07-03,0.0,3738.0,345340.0,1406071.0,5736339.0,16473400.0,4520699.0,
2008-07-04,2587226.0,100.0,96525.0,70233.0,,,,
2008-07-07,3867669.0,6797.0,169127.0,408488.0,6640691.0,22030200.0,5508570.0,
2008-07-08,4252440.0,7603.0,85406.0,696205.0,8785632.0,28078000.0,8261200.0,
2008-07-09,3959403.0,2488.0,254511.0,1187249.0,9127579.0,22355600.0,5381553.0,
2008-07-10,6016236.0,1304.0,143163.0,496128.0,4004292.0,21043800.0,4806192.0,
2008-07-11,3378778.0,4660.0,254054.0,794647.0,4329534.0,17735600.0,3463287.0,
2008-07-14,3344297.0,4260.0,378982.0,574109.0,2752601.0,13170400.0,5289306.0,
2008-07-15,3844237.0,7223.0,1466227.0,433276.0,4336618.0,19883800.0,4988202.0,
2008-07-16,5566543.0,0.0,0.0,0.0,3668795.0,25258000.0,8475379.0,
2008-07-17,4055123.0,500.0,122192.0,714534.0,3051302.0,20735400.0,6965247.0,
2008-07-18,5584563.0,8710.0,163295.0,316643.0,4455887.0,35561600.0,3994536.0,
2008-07-21,2873485.0,5122.0,69472.0,554996.0,3707071.0,13966600.0,4929897.0,
2008-07-22,3496533.0,342216.0,96183.0,259332.0,5306737.0,29223400.0,5249569.0,
2008-07-23,3179041.0,22261.0,74700.0,447058.0,3869480.0,27408800.0,4550147.0,
2008-07-24,3695830.0,0.0,40261.0,499791.0,6550710.0,23539800.0,6896298.0,
2008-07-25,3464574.0,0.0,88724.0,185628.0,4315259.0,13921600.0,4868281.0,
2008-07-28,4467177.0,2380.0,92661.0,107468.0,4010531.0,12418200.0,3093471.0,
2008-07-29,6787717.0,700.0,370400.0,321580.0,3905219.0,13045200.0,4357019.0,
2008-07-30,4541848.0,400.0,205300.0,625391.0,5198781.0,20332800.0,5717191.0,
2008-07-31,5799567.0,1400.0,193600.0,629858.0,7037091.0,16166800.0,5154720.0,
2008-08-01,3833596.0,0.0,124900.0,168659.0,7207113.0,21485000.0,4344601.0,
2008-08-04,5804921.0,3700.0,155500.0,765416.0,9478937.0,55236200.0,8765602.0,
2008-08-05,7701722.0,1200.0,252900.0,856701.0,9695482.0,60709200.0,6700095.0,
2008-08-06,8562186.0,0.0,69300.0,429721.0,8518862.0,57063600.0,4967151.0,
2008-08-07,6407304.0,800.0,182000.0,501917.0,5532376.0,31470600.0,4219595.0,
2008-08-08,4430682.0,2700.0,136500.0,489122.0,4664291.0,26795400.0,4027413.0,
2008-08-11,3999846.0,0.0,114900.0,743483.0,6397183.0,30485800.0,3819503.0,
2008-08-12,4033290.0,0.0,124300.0,662351.0,4887392.0,25031000.0,5444352.0,
2008-08-13,3881591.0,500.0,357600.0,1581297.0,6673786.0,28691200.0,7429439.0,
2008-08-14,4088344.0,0.0,151400.0,400782.0,4539629.0,20113600.0,5443879.0,
2008-08-15,3374391.0,0.0,0.0,0.0,3426979.0,19649000.0,4440751.0,
2008-08-18,2184556.0,1244.0,155809.0,135559.0,4391811.0,16754200.0,4180567.0,
2008-08-19,3030433.0,30000.0,249938.0,418847.0,6153886.0,22632200.0,6572723.0,
2008-08-20,3614967.0,0.0,100341.0,816893.0,5640860.0,31595200.0,4809503.0,
2008-08-21,3879318.0,5000.0,189176.0,824226.0,8154182.0,23283400.0,4713117.0,
2008-08-22,2929496.0,0.0,128248.0,780832.0,3856158.0,11882000.0,4067032.0,
2008-08-25,,6430.0,33339.0,285802.0,3079639.0,13934800.0,2522367.0,
2008-08-26,3212479.0,12231.0,135195.0,86760.0,2910040.0,13275400.0,2469620.0,
2008-08-27,3972741.0,1000.0,131986.0,298815.0,3594992.0,10890600.0,2067991.0,
2008-08-28,3568417.0,1683.0,191474.0,213820.0,3706437.0,14508600.0,2226585.0,
2008-08-29,4500428.0,0.0,179754.0,169918.0,3093491.0,8244600.0,1349882.0,
2008-09-01,2643121.0,260.0,35133.0,32142.0,,,,
2008-09-02,4088330.0,500.0,100029.0,182367.0,5157756.0,22373200.0,5855680.0,
2008-09-03,4947992.0,0.0,314581.0,277803.0,5655345.0,30609800.0,9524039.0,
2008-09-04,4611899.0,300.0,252836.0,422813.0,6324754.0,48247600.0,6378531.0,
2008-09-05,9074355.0,1135.0,372710.0,613478.0,9104000.0,64556800.0,9563421.0,
2008-09-08,1254676.0,513.0,157828.0,333044.0,6005857.0,31740400.0,8416483.0,
2008-09-09,4733075.0,72.0,503561.0,680773.0,6734795.0,50552600.0,10756247.0,
2008-09-10,6243443.0,555.0,412559.0,577305.0,7499788.0,38185400.0,7200595.0,
2008-09-11,4775740.0,0.0,356914.0,334168.0,6001839.0,50397600.0,10095261.0,
2008-09-12,3993879.0,55.0,349328.0,643858.0,7189455.0,32010800.0,8418493.0,
2008-09-15,5158009.0,0.0,391933.0,822164.0,5638534.0,30904000.0,8065471.0,
2008-09-16,7124470.0,5000.0,155381.0,732221.0,6114341.0,53650400.0,14382386.0,
2008-09-17,6283399.0,1506.0,191849.0,394953.0,7309993.0,51547000.0,14019547.0,
2008-09-18,8278742.0,0.0,0.0,0.0,6543203.0,48025800.0,12614908.0,
2008-09-19,9479546.0,0.0,0.0,0.0,9624640.0,36748600.0,8566088.0,
2008-09-22,4564548.0,0.0,485839.0,917956.0,7597064.0,34440800.0,9077587.0,
2008-09-23,3795160.0,0.0,188981.0,447491.0,5834778.0,30861200.0,4491605.0,
2008-09-24,3396528.0,0.0,155854.0,233534.0,3239722.0,22047600.0,4472210.0,
2008-09-25,3301884.0,1225.0,127973.0,461551.0,3867471.0,25906800.0,2946585.0,
2008-09-26,3098711.0,0.0,130052.0,351260.0,4034533.0,32617600.0,3437978.0,
2008-09-29,4989659.0,0.0,193060.0,395527.0,8805299.0,51453400.0,8801555.0,
2008-09-30,8658628.0,380.0,418632.0,627620.0,7450621.0,37664200.0,4492906.0,
2008-10-01,5047191.0,20420.0,174600.0,334865.0,6102711.0,36514600.0,5779398.0,
2008-10-02,6947290.0,14631.0,195398.0,1920076.0,9180870.0,46935000.0,7087533.0,
2008-10-03,8178205.0,2991.0,416395.0,2038354.0,8114532.0,42213600.0,6590345.0,
2008-10-06,12815724.0,7275.0,472343.0,1185554.0,9685226.0,67262800.0,11598534.0,
2008-10-07,6223441.0,6000.0,356340.0,603634.0,7620220.0,57618000.0,7771699.0,
2008-10-08,7466027.0,0.0,893584.0,1287560.0,13842094.0,67262000.0,11474355.0,
2008-10-09,5848599.0,681.0,872319.0,1102669.0,9558238.0,60774000.0,6388229.0,
2008-10-10,10672964.0,0.0,481572.0,1811469.0,12059824.0,69572000.0,13974606.0,
2008-10-13,7759560.0,390.0,852277.0,1266314.0,9433048.0,57050400.0,6045614.0,
2008-10-14,7311520.0,2225.0,714781.0,1459348.0,7891642.0,47769800.0,6153354.0,
2008-10-15,10445846.0,3825.0,212831.0,739233.0,8980819.0,58864600.0,8878428.0,
2008-10-16,17838140.0,38806.0,179871.0,1017560.0,11220605.0,72187000.0,10859020.0,
2008-10-17,7828820.0,4079.0,304750.0,938946.0,8673341.0,53698800.0,10058126.0,
2008-10-20,7534812.0,21199.0,288515.0,987341.0,6882718.0,38726800.0,7632501.0,
2008-10-21,5667760.0,14075.0,166350.0,606463.0,5787726.0,53079200.0,7598322.0,
2008-10-22,6906094.0,300.0,147265.0,805454.0,9468998.0,82040800.0,12062490.0,
2008-10-23,8572049.0,17759.0,148983.0,1238866.0,8882485.0,67726800.0,18642191.0,
2008-10-24,8335691.0,347304.0,299238.0,657050.0,10424314.0,63036000.0,9031345.0,
2008-10-27,6672888.0,0.0,255992.0,520361.0,5852753.0,54564800.0,8022777.0,
2008-10-28,7325465.0,7000.0,488265.0,960314.0,8635488.0,58900400.0,7592645.0,
2008-10-29,6846882.0,0.0,1194135.0,1330258.0,10116942.0,67643600.0,8804039.0,
2008-10-30,7712197.0,1874.0,476559.0,1760205.0,10443135.0,54190600.0,8323408.0,
2008-10-31,6429929.0,0.0,0.0,0.0,7385594.0,39271200.0,8519019.0,
2008-11-03,7164237.0,500.0,913468.0,1335747.0,5463119.0,32976600.0,5759175.0,
2008-11-04,9544270.0,0.0,422159.0,1431092.0,7347847.0,44012000.0,5117585.0,
2008-11-05,9048676.0,2476.0,522020.0,908359.0,10213372.0,45009600.0,6876311.0,
2008-11-06,8004590.0,2500.0,650385.0,1206965.0,9596514.0,41722000.0,8456811.0,
2008-11-07,8883902.0,1401.0,250816.0,1053593.0,7475997.0,35519800.0,5413130.0,
2008-11-10,6709968.0,3175.0,803221.0,1209989.0,5579216.0,41379600.0,5992749.0,
2008-11-11,4005188.0,2728.0,387582.0,955029.0,7261250.0,42915200.0,5820437.0,
2008-11-12,6050738.0,3878.0,281639.0,696983.0,5538825.0,45869000.0,8607127.0,
2008-11-13,5342002.0,0.0,201579.0,2323543.0,7460666.0,58101200.0,9866181.0,
2008-11-14,3694358.0,0.0,87695.0,1585283.0,5585455.0,40085200.0,8500451.0,
2008-11-17,5618978.0,0.0,55280.0,521064.0,6416744.0,40238400.0,5494852.0,
2008-11-18,5471956.0,2727.0,173390.0,1010612.0,10046205.0,50578000.0,5369490.0,
2008-11-19,5631136.0,147.0,73188.0,924730.0,9700663.0,61916800.0,7721791.0,
2008-11-20,5290015.0,3800.0,208705.0,1394370.0,10669619.0,66972400.0,9862278.0,
2008-11-21,4510465.0,0.0,245929.0,876408.0,12024085.0,52813400.0,8843658.0,
2008-11-24,6080508.0,0.0,150649.0,1644493.0,7974538.0,49578000.0,10824959.0,
2008-11-25,8542861.0,3128.0,281379.0,1385463.0,7361909.0,40813400.0,22855281.0,
2008-11-26,6928627.0,4000.0,298942.0,1568616.0,5744163.0,35929800.0,12016721.0,
2008-11-27,4649928.0,750.0,251255.0,409460.0,,,,
2008-11-28,4658248.0,0.0,220313.0,1047696.0,2558894.0,12079200.0,4091040.0,
2008-12-01,3645245.0,397.0,205347.0,344796.0,7845119.0,34840000.0,5803643.0,
2008-12-02,5265220.0,0.0,360153.0,918778.0,7916595.0,34656000.0,8639413.0,
2008-12-03,4802685.0,0.0,591100.0,468011.0,7970838.0,102382200.0,8350609.0,
2008-12-04,6153526.0,0.0,240587.0,522580.0,6742831.0,57747800.0,9040451.0,
2008-12-05,4975875.0,600.0,214605.0,651804.0,9031572.0,82114000.0,7870569.0,
2008-12-08,6069882.0,0.0,0.0,0.0,6549653.0,73226800.0,6605246.0,
2008-12-09,5016981.0,1900.0,365076.0,2281358.0,5555637.0,51251200.0,7785536.0,
2008-12-10,6758013.0,14410.0,209287.0,745743.0,6258035.0,77415200.0,9844184.0,
2008-12-11,6656212.0,892.0,115518.0,1403036.0,4314731.0,60401200.0,7113788.0,
2008-12-12,3573102.0,120.0,345307.0,1666356.0,3749365.0,39900000.0,7535405.0,
2008-12-15,4172852.0,0.0,320846.0,711425.0,4266727.0,37405000.0,6320818.0,
2008-12-16,3979061.0,3050.0,367679.0,1231743.0,7434444.0,44663400.0,5812395.0,
2008-12-17,2975933.0,0.0,820717.0,1037313.0,6628425.0,51343600.0,8434695.0,
2008-12-18,2669264.0,0.0,722891.0,873117.0,7365927.0,48360600.0,6182920.0,
2008-12-19,6117304.0,0.0,329377.0,819957.0,6295043.0,36130400.0,5098189.0,
2008-12-22,3552922.0,202.0,85337.0,546402.0,4543753.0,32672200.0,5098426.0,
2008-12-23,3029536.0,1500.0,151382.0,680709.0,2796692.0,21366600.0,4059582.0,
2008-12-24,714967.0,500.0,120231.0,96032.0,932583.0,7099200.0,947661.0,
2008-12-25,,0.0,0.0,0.0,,,,
2008-12-26,,852627.0,211848.0,212775.0,1399509.0,12893400.0,1070421.0,
2008-12-29,1151674.0,6608.0,134790.0,552174.0,2165983.0,20700600.0,3588767.0,
2008-12-30,1010789.0,11500.0,275601.0,669864.0,2046819.0,18313200.0,3481027.0,
2008-12-31,518348.0,0.0,0.0,0.0,2754927.0,22568600.0,3854154.0,
2009-01-02,2720464.0,0.0,242713.0,1012308.0,7218110.0,32276400.0,4511237.0,
2009-01-05,3801470.0,0.0,360548.0,687864.0,6368317.0,51357800.0,6095995.0,
2009-01-06,4659043.0,200.0,558410.0,1067581.0,7611021.0,70888800.0,10169769.0,
2009-01-07,6992026.0,0.0,196202.0,546885.0,4637540.0,50379400.0,5593130.0,
2009-01-08,5496264.0,13736.0,116120.0,417553.0,6149022.0,40728000.0,4854681.0,
2009-01-09,6098641.0,13250.0,158255.0,357224.0,4793288.0,32749000.0,3766401.0,
2009-01-12,3972849.0,709085.0,92073.0,746668.0,6165834.0,40571600.0,4795311.0,
2009-01-13,4675199.0,15462.0,624583.0,625419.0,9417187.0,41937000.0,3529752.0,
2009-01-14,4072405.0,0.0,738674.0,629032.0,7846705.0,66520600.0,7630372.0,
2009-01-15,5524983.0,0.0,108172.0,820694.0,6499006.0,50341600.0,7110240.0,
2009-01-16,5886888.0,0.0,83230.0,665353.0,7540813.0,56075600.0,5127401.0,
2009-01-19,4313267.0,0.0,110455.0,82487.0,,,,
2009-01-20,3821684.0,0.0,135491.0,500622.0,6512222.0,46132800.0,7642435.0,
2009-01-21,4349945.0,0.0,152898.0,555069.0,7593258.0,51484800.0,4998728.0,
2009-01-22,3878333.0,134.0,244372.0,508353.0,7235767.0,41537200.0,3820567.0,
2009-01-23,4188568.0,14405.0,111956.0,540033.0,6149128.0,54217800.0,5453814.0,
2009-01-26,4217982.0,0.0,170848.0,454311.0,6524699.0,69604800.0,8401345.0,
2009-01-27,4203060.0,0.0,238800.0,311209.0,4821836.0,42764600.0,6838111.0,
2009-01-28,6069726.0,0.0,305166.0,397126.0,4935607.0,59038800.0,9491634.0,
2009-01-29,6537574.0,0.0,752250.0,253022.0,4259325.0,42584600.0,6508624.0,
2009-01-30,5538763.0,0.0,303904.0,890317.0,7467010.0,40132200.0,6000791.0,
2009-02-02,4790983.0,60.0,675336.0,181365.0,4030303.0,38380800.0,6874537.0,
2009-02-03,3762023.0,76.0,473556.0,528555.0,6002262.0,39131800.0,6347073.0,
2009-02-04,7426904.0,3750.0,418413.0,493582.0,7529817.0,72825200.0,13944330.0,
2009-02-05,5517517.0,579.0,543569.0,541043.0,5991477.0,62373600.0,7253933.0,
2009-02-06,3391373.0,0.0,483535.0,934196.0,7210920.0,62454400.0,12098797.0,
2009-02-09,4414068.0,117.0,507334.0,561070.0,6232553.0,58126800.0,9460294.0,
2009-02-10,2589013.0,0.0,320372.0,604041.0,7915538.0,46920000.0,10272660.0,
2009-02-11,3796034.0,0.0,214162.0,335393.0,4883902.0,51687400.0,7743907.0,
2009-02-12,3569500.0,1000.0,254093.0,483956.0,6433450.0,51104800.0,8009531.0,
2009-02-13,3140568.0,0.0,319033.0,176245.0,6734795.0,49038400.0,6551199.0,
2009-02-16,1256413.0,3526.0,242719.0,67958.0,,,,
2009-02-17,2352260.0,0.0,10211740.0,790985.0,7509410.0,49857000.0,6567875.0,
2009-02-18,4013439.0,0.0,450282.0,414700.0,7301640.0,71531000.0,5858636.0,
2009-02-19,3706151.0,355.0,187820.0,362511.0,5116308.0,48044200.0,5394563.0,
2009-02-20,4994802.0,0.0,221309.0,303561.0,6638047.0,45834600.0,7116272.0,
2009-02-23,3217209.0,0.0,227742.0,637863.0,7982151.0,46210200.0,6196521.0,
2009-02-24,3496300.0,119.0,481959.0,495213.0,7060141.0,42699200.0,6394734.0,
2009-02-25,4927624.0,1065.0,209577.0,805031.0,5577313.0,56739800.0,6520095.0,
2009-02-26,5773356.0,60453.0,134791.0,757932.0,5838796.0,51328000.0,5832027.0,
2009-02-27,4476452.0,200.0,597105.0,450588.0,6419598.0,47881400.0,5679937.0,
2009-03-02,4572615.0,6939.0,594260.0,561541.0,9443198.0,61594400.0,7130345.0,
2009-03-03,5533584.0,0.0,106059.0,439027.0,7665580.0,55129800.0,6058150.0,
2009-03-04,7621533.0,185.0,516204.0,1504222.0,8423384.0,90730800.0,11763396.0,
2009-03-05,7403546.0,8030.0,201852.0,724734.0,7953814.0,56796600.0,8500096.0,
2009-03-06,3942264.0,0.0,270076.0,657215.0,5555426.0,65312800.0,11965157.0,
2009-03-09,3643887.0,0.0,43542.0,637990.0,4908856.0,54320400.0,5790634.0,
2009-03-10,6882475.0,20000.0,308876.0,920115.0,7333995.0,60171200.0,9421621.0,
2009-03-11,5614013.0,9000.0,177572.0,613389.0,6382803.0,57747400.0,11702844.0,
2009-03-12,5406335.0,0.0,94128.0,719612.0,5155959.0,51854400.0,9478743.0,
2009-03-13,6122061.0,0.0,92379.0,418186.0,5752939.0,49113800.0,6359964.0,
2009-03-16,3722201.0,3203.0,77569.0,529003.0,3769772.0,44771800.0,5998426.0,
2009-03-17,5563891.0,0.0,152189.0,326046.0,3755181.0,43141400.0,7323118.0,
2009-03-18,2507703.0,0.0,87805.0,462816.0,6561812.0,67963400.0,7591936.0,
2009-03-19,5965581.0,3704.0,405376.0,528404.0,7117133.0,71975600.0,11550045.0,
2009-03-20,6010919.0,3943.0,414077.0,436695.0,5045466.0,41884200.0,6371199.0,
2009-03-23,5611028.0,4506.0,558579.0,649716.0,5365103.0,39773800.0,6739833.0,
2009-03-24,5919055.0,6720.0,345038.0,357482.0,4899234.0,35161800.0,8168953.0,
2009-03-25,5368701.0,80598.0,119445.0,730267.0,5856348.0,42744000.0,7153171.0,
2009-03-26,5902084.0,0.0,148804.0,545344.0,5800097.0,46627200.0,8145536.0,
2009-03-27,4635649.0,90486.0,225985.0,237480.0,5056779.0,30680800.0,5750542.0,
2009-03-30,4391139.0,2563.0,62341.0,619514.0,4753002.0,43989400.0,5831080.0,
2009-03-31,4905598.0,4070.0,120211.0,382413.0,4446371.0,55384400.0,5963420.0,
2009-04-01,4189352.0,22995.0,96236.0,454033.0,4665983.0,39319800.0,5549017.0,
2009-04-02,6044387.0,0.0,404397.0,652607.0,10366371.0,43347400.0,8576378.0,
2009-04-03,3794311.0,0.0,254448.0,390047.0,8711617.0,40148600.0,6149688.0,
2009-04-06,6315554.0,14812.0,237836.0,398856.0,4629292.0,31817000.0,6954011.0,
2009-04-07,3783177.0,21103.0,231544.0,350539.0,3342602.0,35730600.0,5735049.0,
2009-04-08,3841692.0,3480.0,168392.0,825336.0,3537155.0,32057800.0,5734221.0,
2009-04-09,9735745.0,8933.0,671975.0,605108.0,7609964.0,39514400.0,6938282.0,
2009-04-13,,13925.0,464436.0,919501.0,7745516.0,35877000.0,6242526.0,
2009-04-14,5202762.0,9815.0,359736.0,997905.0,8908179.0,34891800.0,5056323.0,
2009-04-15,5021703.0,3247.0,625129.0,449085.0,5851167.0,33033400.0,5777624.0,
2009-04-16,2857363.0,9639.0,721690.0,798896.0,5788254.0,34969600.0,5162407.0,
2009-04-17,3858990.0,730.0,298956.0,322565.0,3639401.0,29151200.0,4063248.0,
2009-04-20,2585150.0,140.0,116866.0,744426.0,6434824.0,36351000.0,5590410.0,
2009-04-21,4833948.0,530.0,142445.0,703661.0,7220119.0,32364600.0,5913275.0,
2009-04-22,4475649.0,4513.0,99856.0,997712.0,8538423.0,45896800.0,7623512.0,
2009-04-23,3917726.0,11355.0,76540.0,590629.0,5585349.0,32625800.0,5788623.0,
2009-04-24,4799965.0,100.0,180936.0,619194.0,6621130.0,31079800.0,4432236.0,
2009-04-27,2698416.0,5420.0,105109.0,379231.0,5800203.0,26128600.0,4692657.0,
2009-04-28,3981431.0,285.0,113168.0,349716.0,5611254.0,31514400.0,4717847.0,
2009-04-29,4106896.0,0.0,211075.0,590571.0,5214113.0,34560200.0,7512106.0,
2009-04-30,5612562.0,1689.0,390144.0,957361.0,5091672.0,36331200.0,6597323.0,
2009-05-01,2569950.0,,,,4498921.0,34032200.0,5666928.0,
2009-05-04,,409.0,334926.0,1229694.0,5722276.0,43291400.0,7561778.0,
2009-05-05,7170956.0,2549.0,336832.0,1222410.0,5312975.0,39912200.0,4255666.0,
2009-05-06,6232287.0,5166.0,678200.0,534846.0,5009516.0,44251200.0,8816811.0,
2009-05-07,4828851.0,803.0,398823.0,914271.0,6233082.0,36815400.0,7255707.0,
2009-05-08,5647731.0,1289.0,647141.0,746278.0,4413593.0,33112400.0,5868925.0,
2009-05-11,5329489.0,2385.0,1181365.0,404319.0,4099877.0,24620000.0,4920318.0,
2009-05-12,6299218.0,12283.0,381752.0,939702.0,3359097.0,35138200.0,7323000.0,
2009-05-13,5092442.0,2737.0,247138.0,1213213.0,5500867.0,34555200.0,11142739.0,
2009-05-14,4877210.0,500.0,479705.0,1063044.0,3394518.0,33127800.0,6286048.0,
2009-05-15,4489730.0,0.0,734171.0,798352.0,3838923.0,30690400.0,4473156.0,
2009-05-18,3160722.0,26623.0,1100399.0,504826.0,3663614.0,29428600.0,5115929.0,
2009-05-19,3185099.0,705.0,748723.0,666382.0,3968448.0,24060600.0,6076836.0,
2009-05-20,2980510.0,6043.0,787884.0,607627.0,6002156.0,26656200.0,6815286.0,
2009-05-21,3384052.0,,,,3869692.0,29161600.0,5014102.0,
2009-05-22,4890039.0,314.0,341282.0,967488.0,3309613.0,23376800.0,4260160.0,
2009-05-25,,11720.0,729620.0,185737.0,,,,
2009-05-26,2763377.0,10221.0,664826.0,572299.0,3555659.0,23966800.0,6992448.0,
2009-05-27,2786149.0,18590.0,611764.0,467597.0,4005244.0,30144000.0,5700397.0,
2009-05-28,2930353.0,4537.0,1468727.0,400395.0,3350110.0,34880800.0,5975837.0,
2009-05-29,6501698.0,789.0,549652.0,843135.0,4871003.0,33287000.0,4795784.0,
2009-06-01,4614299.0,78873.0,544560.0,650540.0,7307456.0,39193600.0,7878493.0,
2009-06-02,3575988.0,2546.0,1017298.0,382633.0,7092814.0,34692000.0,7805996.0,
2009-06-03,2828248.0,7024.0,343371.0,511079.0,7005054.0,41557000.0,7726640.0,
2009-06-04,3330788.0,12043.0,166189.0,437880.0,4443304.0,30366000.0,9340254.0,
2009-06-05,3941299.0,6855.0,1018056.0,273241.0,5866710.0,34909600.0,8036496.0,
2009-06-08,2948354.0,1117.0,217387.0,482350.0,3968131.0,23274800.0,6458361.0,
2009-06-09,2618359.0,12234.0,500558.0,948743.0,4678565.0,34170000.0,7253578.0,
2009-06-10,4994409.0,5092.0,607958.0,708533.0,4311664.0,41304600.0,8813736.0,
2009-06-11,3952345.0,14007.0,706491.0,430142.0,5391748.0,36691600.0,8375681.0,
2009-06-12,3289538.0,4656.0,473430.0,391425.0,3368613.0,34346200.0,8354630.0,
2009-06-15,4947419.0,1033.0,533622.0,692623.0,5294683.0,33386200.0,5621277.0,
2009-06-16,3573913.0,1180.0,732956.0,762062.0,3623012.0,47104200.0,11293054.0,
2009-06-17,6202625.0,6224.0,837064.0,1618003.0,6855967.0,56453800.0,12769599.0,
2009-06-18,3564104.0,7723.0,387315.0,766451.0,3284765.0,34321200.0,6580884.0,
2009-06-19,6422666.0,0.0,411554.0,667368.0,3293541.0,31581200.0,4307348.0,
2009-06-22,4670771.0,3330.0,289904.0,548790.0,5082473.0,50517000.0,6595076.0,
2009-06-23,5078159.0,0.0,308164.0,623640.0,4219992.0,46498200.0,6055903.0,
2009-06-24,3290782.0,0.0,216747.0,556889.0,4036859.0,44259400.0,5313078.0,
2009-06-25,3240010.0,4534.0,224472.0,647138.0,4534871.0,35324800.0,6308282.0,
2009-06-26,3170694.0,2206.0,236062.0,330868.0,5276920.0,27620000.0,4384457.0,
2009-06-29,3895637.0,,,,2527808.0,27871000.0,3782367.0,
2009-06-30,2811269.0,50.0,186873.0,263385.0,3526053.0,33517000.0,4293274.0,
2009-07-01,2755255.0,0.0,124375.0,118858.0,4084334.0,38249400.0,5181685.0,
2009-07-02,3590800.0,0.0,174806.0,490915.0,2851357.0,25247200.0,5414904.0,
2009-07-03,2584483.0,200.0,98753.0,157385.0,,,,
2009-07-06,2607264.0,0.0,735626.0,449619.0,5824945.0,53929800.0,8168007.0,
2009-07-07,2618728.0,0.0,1077226.0,310635.0,6837569.0,48179200.0,7582593.0,
2009-07-08,2989994.0,1273.0,181314.0,329343.0,6972487.0,59170400.0,6883998.0,
2009-07-09,2757158.0,43000.0,153773.0,509503.0,4048913.0,42448600.0,4172998.0,
2009-07-10,2055120.0,0.0,77752.0,943081.0,3374852.0,29424800.0,2899397.0,
2009-07-13,2368140.0,0.0,117181.0,750383.0,3558831.0,34483000.0,4165547.0,
2009-07-14,4749608.0,0.0,538866.0,589364.0,4667674.0,35587600.0,5188426.0,
2009-07-15,2510436.0,3856.0,2463458.0,1642835.0,5544852.0,51883000.0,4588820.0,
2009-07-16,3036265.0,,,,3580401.0,41237200.0,3974549.0,
2009-07-17,3435399.0,5300.0,354004.0,616295.0,4401116.0,43577600.0,3100330.0,
2009-07-20,2817790.0,7117.0,231095.0,362255.0,5185670.0,43512400.0,3747479.0,
2009-07-21,2648993.0,0.0,782214.0,457037.0,6092454.0,54500400.0,7896587.0,
2009-07-22,5856104.0,1035.0,145144.0,337543.0,3860281.0,40820200.0,6018886.0,
2009-07-23,3038330.0,13526.0,428642.0,1355392.0,10563673.0,40575600.0,6451620.0,
2009-07-24,6291250.0,6230.0,113813.0,396071.0,3814287.0,29735600.0,3859476.0,
2009-07-27,4133584.0,482.0,108099.0,287790.0,4288720.0,27162800.0,3585219.0,
2009-07-28,3683310.0,3470.0,183886.0,314452.0,4138259.0,31620400.0,6999425.0,
2009-07-29,2610347.0,0.0,142417.0,204788.0,4386419.0,41014600.0,8043828.0,
2009-07-30,2566763.0,19240.0,245527.0,470244.0,4436749.0,37177800.0,5629320.0,
2009-07-31,2488946.0,0.0,116210.0,210957.0,3638026.0,35527800.0,4000331.0,
2009-08-03,2878290.0,7369.0,308870.0,564497.0,5545064.0,46604600.0,6706009.0,
2009-08-04,3734321.0,1242.0,853195.0,366296.0,3948570.0,34443600.0,5400594.0,
2009-08-05,2409685.0,0.0,845415.0,362484.0,3739320.0,35430200.0,6341396.0,
2009-08-06,3178848.0,646.0,706182.0,280192.0,3717433.0,37441800.0,8273263.0,
2009-08-07,3294611.0,460.0,664080.0,259236.0,3578392.0,30820800.0,4406809.0,
2009-08-10,1736337.0,7831.0,330113.0,159320.0,3133776.0,23647600.0,3745114.0,
2009-08-11,2193286.0,1646.0,594797.0,172334.0,4926831.0,26047400.0,4146152.0,
2009-08-12,2918856.0,3334.0,812066.0,453940.0,3687616.0,27029200.0,7022605.0,
2009-08-13,2647946.0,3130.0,369966.0,461084.0,5245728.0,35413000.0,4368846.0,
2009-08-14,3263934.0,1645.0,219042.0,246844.0,4095225.0,28725400.0,4711934.0,
2009-08-17,1630543.0,0.0,204386.0,311430.0,4542590.0,32574600.0,4864615.0,
2009-08-18,2523180.0,2010.0,212691.0,262432.0,3800541.0,26353000.0,3994299.0,
2009-08-19,4965018.0,2920.0,137966.0,394497.0,5201108.0,39626600.0,4457190.0,
2009-08-20,3456217.0,151751.0,160548.0,342211.0,2678481.0,30337400.0,3223799.0,
2009-08-21,3859362.0,0.0,257779.0,432043.0,3748414.0,32016400.0,5317690.0,
2009-08-24,2738742.0,7230.0,227969.0,341384.0,3598058.0,29300000.0,3468964.0,
2009-08-25,2800017.0,291.0,279253.0,266468.0,5192543.0,31413000.0,4238517.0,
2009-08-26,5679085.0,0.0,162097.0,198436.0,5313293.0,35615000.0,3495928.0,
2009-08-27,3032004.0,880.0,210452.0,200348.0,4393080.0,28866800.0,4428806.0,
2009-08-28,3694192.0,1619.0,153948.0,238035.0,3609161.0,25445400.0,3247334.0,
2009-08-31,,0.0,178154.0,254512.0,4119649.0,27534400.0,3445429.0,
2009-09-01,4755180.0,550.0,429483.0,784040.0,5838161.0,37407800.0,6026928.0,
2009-09-02,4270221.0,0.0,327987.0,404262.0,3478789.0,27974600.0,4479897.0,
2009-09-03,3524534.0,0.0,198051.0,315733.0,3163910.0,27664000.0,4987493.0,
2009-09-04,4659468.0,3000.0,154236.0,260912.0,2248033.0,21524200.0,4574746.0,
2009-09-07,1447011.0,355.0,46475.0,74187.0,,,,
2009-09-08,2361810.0,3000.0,192753.0,635873.0,4694848.0,26522000.0,5041540.0,
2009-09-09,3000644.0,2500.0,307791.0,383630.0,4485810.0,25101600.0,6293853.0,
2009-09-10,4796513.0,1298.0,257128.0,226504.0,3677465.0,26181200.0,4128294.0,
2009-09-11,3898173.0,315.0,311781.0,1017701.0,3854149.0,32263000.0,5241172.0,
2009-09-14,2205405.0,0.0,132748.0,439597.0,4690407.0,24043600.0,3547492.0,
2009-09-15,2407176.0,55.0,102509.0,835139.0,4111085.0,25911600.0,3332604.0,
2009-09-16,3970385.0,100.0,252581.0,532615.0,4196307.0,27136200.0,5780345.0,
2009-09-17,5378849.0,1520.0,300720.0,559411.0,4426175.0,26878600.0,4483918.0,
2009-09-18,4652869.0,,,,5143482.0,27685000.0,3310843.0,
2009-09-21,4152261.0,0.0,256356.0,1044268.0,5424314.0,23260000.0,4542105.0,
2009-09-22,2051937.0,0.0,310146.0,848845.0,6335010.0,25087400.0,3003944.0,
2009-09-23,3477920.0,64111.0,509848.0,585325.0,5794493.0,30749200.0,4964786.0,
2009-09-24,4101119.0,472.0,174977.0,362090.0,6138555.0,36152600.0,4868872.0,
2009-09-25,3523171.0,1690.0,116008.0,170916.0,3550583.0,31228800.0,4238162.0,
2009-09-28,3214775.0,0.0,238301.0,638349.0,2857067.0,23979000.0,3397531.0,
2009-09-29,2419468.0,1288.0,310802.0,466712.0,2922411.0,26024200.0,3469555.0,
2009-09-30,3402506.0,1000.0,224488.0,731940.0,4432519.0,27783200.0,5729727.0,
2009-10-01,4728737.0,2537.0,144470.0,657091.0,4694954.0,33318000.0,5512237.0,
2009-10-02,3857477.0,0.0,279727.0,735996.0,4598841.0,34285000.0,3587466.0,
2009-10-05,3666204.0,47.0,263906.0,609558.0,3310459.0,22881000.0,3682788.0,
2009-10-06,5710956.0,3435.0,290512.0,390203.0,3897394.0,26518400.0,3542170.0,
2009-10-07,4158213.0,80828.0,165537.0,412935.0,3589177.0,32181200.0,3329056.0,
2009-10-08,3418805.0,398.0,354525.0,655105.0,4874492.0,39423000.0,4993997.0,
2009-10-09,2280467.0,0.0,176549.0,419106.0,3107976.0,21296800.0,3842446.0,
2009-10-12,1492743.0,,,,2165454.0,19929800.0,3261762.0,
2009-10-13,2626745.0,0.0,268845.0,220159.0,3220267.0,22864400.0,4089976.0,
2009-10-14,4379206.0,6473.0,398989.0,629679.0,4558979.0,23639000.0,5217756.0,
2009-10-15,2560930.0,7320.0,206670.0,1827251.0,3353493.0,20199200.0,7922251.0,
2009-10-16,2263533.0,2250.0,157852.0,1071348.0,2729974.0,19215200.0,4154904.0,
2009-10-19,1220498.0,25817.0,184128.0,938769.0,2666744.0,24969400.0,5385693.0,
2009-10-20,1857216.0,735.0,125520.0,806770.0,3247229.0,27295200.0,5053840.0,
2009-10-21,3593359.0,14353.0,241352.0,767097.0,4346134.0,46183200.0,7195746.0,
2009-10-22,2330195.0,0.0,563943.0,393900.0,2967137.0,35567800.0,6248203.0,
2009-10-23,3289976.0,1772.0,1587332.0,343320.0,3472868.0,33948200.0,5093695.0,
2009-10-26,2216139.0,0.0,127694.0,266461.0,3445060.0,33089400.0,6455877.0,
2009-10-27,1824910.0,1579.0,90565.0,996753.0,4720965.0,34607800.0,5875430.0,
2009-10-28,3100503.0,2334.0,140296.0,953831.0,5373139.0,35459400.0,10120570.0,
2009-10-29,2746817.0,0.0,98094.0,752567.0,4117852.0,33267600.0,7933250.0,
2009-10-30,4783755.0,344.0,92113.0,759176.0,4390966.0,41426400.0,10927969.0,
2009-11-02,3688856.0,0.0,93438.0,482589.0,3460180.0,38108400.0,5833209.0,
2009-11-03,3513344.0,1683.0,213150.0,490396.0,2982046.0,34998000.0,7699557.0,
2009-11-04,2541931.0,2124.0,147810.0,433216.0,3681378.0,37821000.0,6727651.0,
2009-11-05,2211377.0,615.0,102763.0,178910.0,2057921.0,30609200.0,4445600.0,
2009-11-06,3429973.0,11700.0,108549.0,282991.0,2447027.0,26852400.0,4685206.0,
2009-11-09,2289854.0,2000.0,137235.0,309890.0,2290116.0,28730200.0,5447782.0,
2009-11-10,2504447.0,3160.0,216481.0,371185.0,2023981.0,30883800.0,4098964.0,
2009-11-11,2296094.0,1279.0,90295.0,227265.0,2095457.0,28591600.0,4766928.0,
2009-11-12,1390913.0,2378.0,56282.0,49409.0,2286626.0,31957000.0,5935391.0,
2009-11-13,3253826.0,0.0,35963.0,300350.0,2309042.0,22608000.0,4219831.0,
2009-11-16,4306905.0,6155.0,117486.0,268521.0,2674991.0,28356400.0,3677584.0,
2009-11-17,2729822.0,0.0,109596.0,357649.0,3048130.0,24128600.0,4971290.0,
2009-11-18,2572771.0,29.0,178927.0,823500.0,2856010.0,24217400.0,3926769.0,
2009-11-19,3251387.0,139370.0,56607.0,281414.0,2967983.0,28894800.0,4611172.0,
2009-11-20,2077608.0,134091.0,99669.0,353940.0,1775503.0,22835600.0,3177676.0,
2009-11-23,2594749.0,300.0,124911.0,365619.0,2370580.0,23377600.0,4515022.0,
2009-11-24,1695878.0,3352.0,296142.0,206876.0,2015945.0,19186200.0,5263997.0,
2009-11-25,2251279.0,47.0,96105.0,564825.0,2064160.0,16664000.0,3756822.0,
2009-11-26,2312896.0,5521.0,90006.0,214257.0,,,,
2009-11-27,2407017.0,1117.0,138678.0,270205.0,1595965.0,21099000.0,3138175.0,
2009-11-30,2552775.0,869.0,66613.0,127174.0,2427994.0,28273200.0,4506034.0,
2009-12-01,2456336.0,0.0,168673.0,356835.0,2604255.0,24551400.0,4014404.0,
2009-12-02,1559753.0,2824.0,224911.0,468057.0,3520660.0,22558400.0,3908557.0,
2009-12-03,2813677.0,17799.0,129774.0,289003.0,3779077.0,22019400.0,4674089.0,
2009-12-04,2619837.0,2250.0,122058.0,177860.0,6552825.0,44461400.0,8143644.0,
2009-12-07,2720460.0,0.0,53598.0,271419.0,3498139.0,26857600.0,6917940.0,
2009-12-08,3358997.0,,,,4867725.0,30444600.0,5545942.0,
2009-12-09,2815065.0,314.0,202230.0,523286.0,3078159.0,26598400.0,6886245.0,
2009-12-10,3045420.0,80036.0,69177.0,1550204.0,2864574.0,19469400.0,4486757.0,
2009-12-11,2640027.0,0.0,189361.0,217513.0,1981581.0,25000600.0,4107952.0,
2009-12-14,1848221.0,0.0,76568.0,188758.0,2176662.0,17318600.0,3067807.0,
2009-12-15,2834496.0,0.0,344953.0,182963.0,2187341.0,20708400.0,2747071.0,
2009-12-16,2305446.0,562.0,172006.0,361073.0,2251840.0,18341800.0,3238582.0,
2009-12-17,2248713.0,2627.0,164408.0,265176.0,3477309.0,24489800.0,3471329.0,
2009-12-18,3897049.0,992.0,137433.0,470376.0,2840678.0,24276600.0,4922210.0,
2009-12-21,3644350.0,0.0,136299.0,225014.0,2643694.0,19120200.0,3922748.0,
2009-12-22,1520121.0,9750.0,67085.0,318836.0,1920466.0,15131400.0,2333733.0,
2009-12-23,1038288.0,12938.0,236892.0,275187.0,1564879.0,19674800.0,3579305.0,
2009-12-24,291083.0,146.0,70848.0,232775.0,524023.0,7534600.0,1029974.0,
2009-12-28,,1495.0,130538.0,89084.0,1645343.0,15738600.0,2014180.0,
2009-12-29,1730488.0,106.0,1066175.0,541718.0,1651582.0,16424000.0,2596637.0,
2009-12-30,1524858.0,0.0,395229.0,360912.0,1158116.0,11430600.0,1677833.0,
2009-12-31,436806.0,,,,1336597.0,8927000.0,1171893.0,
2010-01-04,2132988.0,1500.0,1039662.0,653143.0,2960370.0,18082400.0,3564286.0,
2010-01-05,2200296.0,2430.0,386968.0,464505.0,2399763.0,17313000.0,4902696.0,
2010-01-06,1616624.0,189.0,108984.0,551249.0,3210645.0,30691200.0,4111382.0,
2010-01-07,1796301.0,9282.0,273288.0,878481.0,2349222.0,19499200.0,3583563.0,
2010-01-08,2402254.0,0.0,292376.0,1048486.0,2253426.0,21313200.0,2645718.0,
2010-01-11,2282696.0,3000.0,325447.0,691623.0,2760848.0,30931200.0,4244312.0,
2010-01-12,2235986.0,3000.0,346637.0,346223.0,3419683.0,34166200.0,4512657.0,
2010-01-13,2260836.0,13650.0,404613.0,629664.0,3858484.0,24544200.0,4177611.0,
2010-01-14,2278272.0,1224.0,479602.0,448538.0,3590445.0,18682000.0,3986612.0,
2010-01-15,3923218.0,1800.0,231134.0,217595.0,4367810.0,25934600.0,3427807.0,
2010-01-18,1219356.0,8280.0,731090.0,69307.0,,,,
2010-01-19,1504669.0,90.0,1603991.0,352223.0,3788910.0,22939000.0,4433182.0,
2010-01-20,4548928.0,3939.0,216691.0,1048307.0,5032566.0,34635200.0,5473564.0,
2010-01-21,4086036.0,3061.0,337823.0,569067.0,6626628.0,68719000.0,8355576.0,
2010-01-22,4613120.0,1004.0,181483.0,308221.0,8463034.0,60624000.0,6552618.0,
2010-01-25,2861001.0,3004.0,163119.0,100405.0,2874725.0,32659400.0,3648136.0,
2010-01-26,3561545.0,6600.0,112841.0,393362.0,4516156.0,43102200.0,4720567.0,
2010-01-27,2740428.0,949.0,60876.0,183817.0,5058365.0,48933000.0,6332408.0,
2010-01-28,3866094.0,0.0,62307.0,706602.0,10032460.0,63485400.0,7809544.0,
2010-01-29,4890893.0,0.0,176613.0,461128.0,6630328.0,51175800.0,7103381.0,
2010-02-01,4074442.0,2215.0,64294.0,554139.0,5511757.0,48838400.0,6358899.0,
2010-02-02,2867516.0,50.0,164109.0,343546.0,5546121.0,51272800.0,10196615.0,
2010-02-03,5095307.0,0.0,281977.0,331238.0,8370939.0,46245000.0,4560436.0,
2010-02-04,10003362.0,1790.0,176273.0,406002.0,7989024.0,53760000.0,9184380.0,
2010-02-05,12959225.0,665.0,344303.0,762846.0,7203518.0,74929200.0,7774064.0,
2010-02-08,4338061.0,0.0,153999.0,859198.0,6094146.0,47861200.0,4078031.0,
2010-02-09,5881485.0,1000.0,162981.0,769218.0,5492513.0,50452200.0,6452566.0,
2010-02-10,4417831.0,0.0,592229.0,470666.0,4043097.0,38632600.0,5814878.0,
2010-02-11,4327229.0,5285.0,820685.0,496151.0,5370601.0,45849600.0,6321054.0,
2010-02-12,3812593.0,0.0,181642.0,259841.0,5750190.0,43061200.0,5141238.0,
2010-02-15,1490751.0,0.0,95851.0,59542.0,,,,
2010-02-16,3047654.0,1100.0,367454.0,264833.0,6035357.0,34512000.0,4674207.0,
2010-02-17,3276249.0,8032.0,294661.0,330644.0,1786817.0,32796400.0,5800686.0,
2010-02-18,2506464.0,6230.0,230205.0,148953.0,1760277.0,37814200.0,6000910.0,
2010-02-19,3083740.0,31309.0,228819.0,73703.0,1593639.0,30220200.0,6632802.0,
2010-02-22,2346462.0,7480.0,96448.0,209289.0,2376290.0,24424000.0,5107177.0,
2010-02-23,2951097.0,3405.0,190262.0,525871.0,2294028.0,35785800.0,10528941.0,
2010-02-24,2292246.0,500.0,70390.0,617036.0,2768778.0,34098200.0,8114314.0,
2010-02-25,3087574.0,35.0,186033.0,535977.0,3224285.0,42673600.0,6916758.0,
2010-02-26,2188876.0,59200.0,91100.0,314066.0,2456120.0,26165600.0,5351277.0,
2010-03-01,2726606.0,35.0,169195.0,204640.0,3117070.0,30067200.0,5093695.0,
2010-03-02,2012659.0,2768.0,574679.0,286358.0,3379610.0,36969600.0,5273104.0,
2010-03-03,2470794.0,4000.0,594352.0,305222.0,2578984.0,34036600.0,5631921.0,
2010-03-04,1545471.0,4000.0,748623.0,289890.0,1785125.0,26113400.0,4867453.0,
2010-03-05,2757789.0,2135.0,357993.0,477112.0,2272775.0,30796000.0,6378295.0,
2010-03-08,2766846.0,1545.0,159605.0,273117.0,1959271.0,22415600.0,4328399.0,
2010-03-09,3499630.0,520.0,197160.0,318371.0,2006323.0,25750000.0,3948649.0,
2010-03-10,2608247.0,5679.0,260485.0,422233.0,3023283.0,30947800.0,5387230.0,
2010-03-11,4749237.0,1000.0,334800.0,168862.0,1922052.0,25444800.0,3113812.0,
2010-03-12,3181879.0,2430.0,216044.0,850510.0,3267954.0,20679000.0,2558911.0,
2010-03-15,2928024.0,2793.0,67947.0,182847.0,2001882.0,23122600.0,2701066.0,
2010-03-16,1983248.0,2429.0,167138.0,439125.0,2391516.0,25932800.0,4114338.0,
2010-03-17,1881533.0,8183.0,176637.0,421065.0,2239363.0,23936800.0,4796967.0,
2010-03-18,2042598.0,1203.0,154967.0,136814.0,1653591.0,23412200.0,4180212.0,
2010-03-19,3465443.0,5500.0,269700.0,522631.0,2163762.0,31220800.0,3560383.0,
2010-03-22,2765133.0,275.0,100098.0,398638.0,2314963.0,28113600.0,3562748.0,
2010-03-23,2052051.0,140.0,290385.0,176476.0,2988919.0,25375600.0,4641684.0,
2010-03-24,2800960.0,65.0,99332.0,411357.0,2458023.0,21712000.0,3736244.0,
2010-03-25,1685002.0,6570.0,81414.0,469679.0,2359372.0,26994800.0,5063656.0,
2010-03-26,1610843.0,3516.0,162279.0,172030.0,1916659.0,23495000.0,3938714.0,
2010-03-29,2143186.0,2664.0,94108.0,307301.0,2157524.0,34633000.0,5557532.0,
2010-03-30,2084455.0,1957.0,334814.0,289935.0,1698845.0,27978800.0,4066323.0,
2010-03-31,2147374.0,5564.0,334059.0,281358.0,1865378.0,16508200.0,4610344.0,
2010-04-01,2151654.0,0.0,239278.0,153703.0,3039566.0,27572000.0,4015705.0,
2010-04-05,,1500.0,243800.0,166831.0,3008057.0,21963200.0,2801946.0,
2010-04-06,1846559.0,1500.0,243801.0,166834.0,3697449.0,21875400.0,3975968.0,
2010-04-07,2743617.0,11584.0,507637.0,282571.0,2405261.0,26689400.0,6811975.0,
2010-04-08,2566005.0,839.0,223554.0,235044.0,1940979.0,21001000.0,3110383.0,
2010-04-09,1503944.0,290.0,85694.0,133088.0,2212823.0,19509600.0,3038477.0,
2010-04-12,2818986.0,2273.0,73320.0,82078.0,2414037.0,20818600.0,2531236.0,
2010-04-13,2846143.0,2273.0,73320.0,82078.0,1991837.0,20826000.0,3288845.0,
2010-04-14,2018867.0,6100.0,121909.0,283262.0,2651518.0,16482800.0,2640396.0,
2010-04-15,1891671.0,151.0,132768.0,965284.0,2184381.0,13877400.0,3624956.0,
2010-04-16,3913357.0,767.0,73269.0,680154.0,2807372.0,29730000.0,5139700.0,
2010-04-19,3837787.0,0.0,980459.0,512635.0,3831310.0,27287000.0,4404444.0,
2010-04-20,1955062.0,151900.0,980459.0,512635.0,3388492.0,19248400.0,4966914.0,
2010-04-21,1890872.0,12778.0,71052.0,741908.0,3751586.0,50810200.0,4736533.0,
2010-04-22,3466141.0,151983.0,1262126.0,487709.0,3276941.0,32155400.0,4361986.0,
2010-04-23,2808171.0,1501.0,56691.0,1562605.0,3123731.0,26852400.0,4736297.0,
2010-04-26,6165030.0,56.0,44945.0,250640.0,2900101.0,19466800.0,3217886.0,
2010-04-27,4793291.0,56.0,59866.0,109754.0,3327271.0,38098800.0,7007822.0,
2010-04-28,3791186.0,120.0,54762.0,422631.0,3464832.0,26550800.0,7237967.0,
2010-04-29,2679290.0,120.0,54762.0,422631.0,2685353.0,27931600.0,4628439.0,
2010-04-30,2863466.0,7250.0,65359.0,374600.0,2598862.0,24533200.0,8427008.0,
2010-05-03,,0.0,54758.0,269457.0,4353007.0,35163400.0,9959019.0,
2010-05-04,6531589.0,40.0,54758.0,269457.0,5772817.0,43716600.0,11625262.0,
2010-05-05,8807496.0,40.0,101080.0,545029.0,4687447.0,45503000.0,8140096.0,
2010-05-06,4445520.0,77.0,134001.0,1081575.0,6525651.0,54964800.0,13386827.0,
2010-05-07,6841464.0,0.0,144604.0,2028232.0,5673532.0,63805800.0,8880911.0,
2010-05-10,4790466.0,9323.0,159088.0,692860.0,4772035.0,39485200.0,9203776.0,
2010-05-11,4623992.0,7614.0,251623.0,771609.0,4725511.0,37039400.0,6990910.0,
2010-05-12,2305648.0,0.0,198500.0,579900.0,2547369.0,55750800.0,7699794.0,
2010-05-13,2250008.0,2350.0,198527.0,579980.0,2047031.0,29487600.0,5318873.0,
2010-05-14,2842456.0,0.0,138672.0,197007.0,3839029.0,30749800.0,8214485.0,
2010-05-17,2461750.0,500.0,138672.0,197007.0,3373900.0,39625600.0,7225667.0,
2010-05-18,2455629.0,553.0,174164.0,288986.0,3382253.0,38001600.0,7680753.0,
2010-05-19,3822614.0,1795.0,263779.0,242799.0,5771866.0,41645800.0,8813855.0,
2010-05-20,6290925.0,3805.0,158919.0,529655.0,6403315.0,56704000.0,12577418.0,
2010-05-21,4636791.0,,,,5741520.0,53901000.0,9974394.0,
2010-05-24,1988214.0,3196.0,141846.0,365881.0,3297136.0,31852000.0,5940949.0,
2010-05-25,3964932.0,3196.0,141846.0,365881.0,4230883.0,44195200.0,7614169.0,
2010-05-26,3614603.0,3600.0,371057.0,479064.0,4217983.0,36043200.0,10688599.0,
2010-05-27,2402929.0,3805.0,158633.0,376544.0,3300731.0,30256600.0,7704643.0,
2010-05-28,3237238.0,1315.0,158462.0,357700.0,2774699.0,23558000.0,4451277.0,
2010-05-31,,720.0,285691.0,92907.0,,,,
2010-06-01,2797055.0,2372.0,364675.0,335681.0,2711787.0,26207000.0,4478714.0,
2010-06-02,2304469.0,5040.0,229506.0,250665.0,3143821.0,23713600.0,4590948.0,
2010-06-03,1997141.0,0.0,322327.0,237623.0,2831373.0,33401800.0,6733091.0,
2010-06-04,2422039.0,2500.0,322327.0,237623.0,3586850.0,29964200.0,10176746.0,
2010-06-07,1891555.0,5333.0,73953.0,204094.0,4432308.0,44684800.0,5493314.0,
2010-06-08,3073580.0,5333.0,257028.0,301649.0,4574839.0,44871000.0,6906469.0,
2010-06-09,2578051.0,2536.0,120748.0,220050.0,4025651.0,32151400.0,8363973.0,
2010-06-10,2614175.0,675.0,106584.0,351856.0,4094907.0,27765600.0,6896534.0,
2010-06-11,3642652.0,0.0,134473.0,279269.0,2930024.0,22096800.0,3790054.0,
2010-06-14,1937985.0,724.0,100402.0,192749.0,2996426.0,23427000.0,5037282.0,
2010-06-15,2014091.0,233800.0,229440.0,285840.0,2335053.0,19932400.0,3890344.0,
2010-06-16,2240124.0,8240.0,127499.0,276317.0,2583213.0,18941600.0,4191093.0,
2010-06-17,2128303.0,992.0,229294.0,210932.0,2312637.0,22525800.0,4875495.0,
2010-06-18,3426170.0,2900.0,227339.0,437666.0,1838098.0,19768000.0,3951014.0,
2010-06-21,2135444.0,9000.0,156900.0,1276268.0,3811537.0,39983800.0,6104510.0,
2010-06-22,2237407.0,10050.0,123888.0,666569.0,2122737.0,26925800.0,5498518.0,
2010-06-23,2018530.0,0.0,102526.0,282859.0,2615674.0,29363800.0,7233236.0,
2010-06-24,1868005.0,0.0,95809.0,209069.0,2974644.0,24658000.0,5470725.0,
2010-06-25,2399056.0,0.0,101000.0,249080.0,3099306.0,34024600.0,7124905.0,
2010-06-28,1691266.0,,,,2079809.0,28057000.0,3773616.0,
2010-06-29,2441360.0,0.0,52735.0,496230.0,2904013.0,28802400.0,7151633.0,
2010-06-30,2582053.0,0.0,263997.0,400444.0,2108040.0,27159400.0,8408204.0,
2010-07-01,4204397.0,0.0,163045.0,715944.0,3165708.0,36089600.0,6689925.0,
2010-07-02,3231657.0,0.0,164000.0,368390.0,2050732.0,20193400.0,3778819.0,
2010-07-05,840509.0,0.0,54694.0,109664.0,,,,
2010-07-06,3155703.0,3600.0,82772.0,361022.0,2840572.0,25534000.0,5294155.0,
2010-07-07,2553356.0,1222.0,815439.0,549133.0,3175012.0,28123000.0,4428806.0,
2010-07-08,3197167.0,0.0,1004508.0,414965.0,3439139.0,25789000.0,3918846.0,
2010-07-09,3085360.0,16360.0,96547.0,827136.0,1865589.0,23761000.0,3349161.0,
2010-07-12,3958971.0,112.0,116905.0,221283.0,2269074.0,33955800.0,4751790.0,
2010-07-13,3629136.0,0.0,292150.0,398705.0,3016093.0,23331800.0,4640856.0,
2010-07-14,3086570.0,56.0,190680.0,225082.0,2105925.0,21064200.0,2770015.0,
2010-07-15,2350787.0,0.0,126901.0,263764.0,2709249.0,22153800.0,4949175.0,
2010-07-16,3260552.0,,,,2716017.0,27888200.0,4525548.0,
2010-07-19,2704727.0,0.0,100100.0,105602.0,1832812.0,17759200.0,3325626.0,
2010-07-20,2497228.0,512.0,435478.0,909223.0,3397056.0,33648000.0,5410410.0,
2010-07-21,5409789.0,0.0,287696.0,344254.0,4600004.0,45624000.0,6082395.0,
2010-07-22,3489926.0,25220.0,609526.0,629490.0,4296756.0,37867600.0,5725942.0,
2010-07-23,2235561.0,8496.0,276533.0,456411.0,7846599.0,29995800.0,5580831.0,
2010-07-26,2433521.0,6936.0,361942.0,640224.0,3957769.0,19800400.0,3478188.0,
2010-07-27,2869938.0,88761.0,392738.0,695662.0,3198697.0,26535800.0,5734576.0,
2010-07-28,2871330.0,13322.0,262403.0,267758.0,2501586.0,23496600.0,5438676.0,
2010-07-29,2621518.0,2680.0,313488.0,410109.0,2843322.0,23594600.0,4251881.0,
2010-07-30,2387111.0,0.0,198400.0,496230.0,2760108.0,22311200.0,4295994.0,
2010-08-02,1876519.0,5541.0,250632.0,388094.0,2578244.0,26051200.0,5327743.0,
2010-08-03,1477238.0,37000.0,121614.0,368320.0,2652047.0,18131600.0,3288490.0,
2010-08-04,2766916.0,12000.0,243724.0,400999.0,2584799.0,20303400.0,2665704.0,
2010-08-05,3051623.0,0.0,153011.0,1054468.0,1926916.0,19302000.0,3368911.0,
2010-08-06,3161929.0,2702.0,380300.0,772293.0,3644370.0,23549600.0,4208005.0,
2010-08-09,1746948.0,1888.0,209246.0,487922.0,1952504.0,10716400.0,2817794.0,
2010-08-10,2061892.0,633.0,209290.0,445423.0,2187976.0,20412600.0,4564102.0,
2010-08-11,4878642.0,509.0,203288.0,751581.0,2707558.0,23780200.0,4678701.0,
2010-08-12,3035016.0,320.0,252643.0,359147.0,1719992.0,18910400.0,2646664.0,
2010-08-13,2219691.0,0.0,186723.0,146565.0,1716292.0,12844600.0,2396414.0,
2010-08-16,1708060.0,0.0,18242.0,9099.0,1641854.0,12696200.0,2592025.0,
2010-08-17,2400501.0,52748.0,268295.0,1314821.0,1861254.0,19482600.0,9488323.0,
2010-08-18,1396922.0,10680.0,156128.0,934397.0,1892763.0,13784800.0,6717007.0,
2010-08-19,3350341.0,5629.0,158279.0,616054.0,1590044.0,19734200.0,4309595.0,
2010-08-20,1380090.0,25000.0,108526.0,389751.0,1370749.0,19826800.0,3221670.0,
2010-08-23,1588458.0,26400.0,148438.0,533039.0,1474898.0,12743000.0,3964023.0,
2010-08-24,4043730.0,82691.0,156694.0,215704.0,3567395.0,30520800.0,5891278.0,
2010-08-25,3772202.0,1091.0,145063.0,349968.0,3929644.0,26784400.0,5058570.0,
2010-08-26,3573644.0,1535.0,146008.0,255758.0,1963923.0,24091800.0,4270331.0,
2010-08-27,2235026.0,3635.0,218155.0,287491.0,3706648.0,27349200.0,5650489.0,
2010-08-30,,9085.0,87215.0,179315.0,1476907.0,16481200.0,2628451.0,
2010-08-31,3325950.0,22066.0,267762.0,316867.0,2451573.0,24595000.0,4344838.0,
2010-09-01,2655684.0,7831.0,685802.0,531415.0,2613454.0,30597000.0,5295101.0,
2010-09-02,3856034.0,7699.0,404760.0,984154.0,1531995.0,19169800.0,2767413.0,
2010-09-03,1972669.0,6715.0,537153.0,932974.0,2172644.0,21550800.0,3231368.0,
2010-09-06,1530691.0,4300.0,212772.0,295484.0,,,,
2010-09-07,2145506.0,0.0,176800.0,585282.0,1718723.0,19601200.0,4656586.0,
2010-09-08,1806879.0,4595.0,326572.0,507964.0,2535421.0,20212200.0,2416637.0,
2010-09-09,2067564.0,253.0,647482.0,567626.0,1986973.0,19120800.0,3463169.0,
2010-09-10,1088934.0,842.0,299901.0,270897.0,1524594.0,14899800.0,2589305.0,
2010-09-13,2717164.0,907.0,315836.0,568418.0,1908624.0,20102000.0,5036928.0,
2010-09-14,1645676.0,2124.0,293064.0,867241.0,1541194.0,18028000.0,4337860.0,
2010-09-15,1997405.0,0.0,230128.0,584449.0,1297369.0,19964400.0,4481553.0,
2010-09-16,1365850.0,500.0,177088.0,167719.0,1027428.0,15415800.0,3120317.0,
2010-09-17,4292037.0,,,,1688483.0,14111200.0,3377071.0,
2010-09-20,2201186.0,,,,1471832.0,21590800.0,3635600.0,
2010-09-21,1770185.0,52.0,163997.0,265599.0,2028739.0,22772400.0,3584509.0,
2010-09-22,2121672.0,10620.0,224629.0,424566.0,1736170.0,21400000.0,4270685.0,
2010-09-23,2490015.0,2650.0,282855.0,933496.0,1981264.0,23050400.0,2588595.0,
2010-09-24,4194558.0,9780.0,301527.0,222860.0,2147373.0,19509600.0,2783024.0,
2010-09-27,2048937.0,500.0,167198.0,145669.0,1474898.0,13933000.0,1559094.0,
2010-09-28,2979956.0,51790.0,163437.0,299748.0,2278802.0,21403200.0,3796441.0,
2010-09-29,2803540.0,32198.0,244888.0,770644.0,1251480.0,19218400.0,2962196.0,
2010-09-30,3087967.0,16670.0,181894.0,835331.0,2077588.0,21657400.0,4952604.0,
2010-10-01,3035451.0,3600.0,82509.0,467506.0,2281974.0,31267400.0,4306283.0,
2010-10-04,1909279.0,1800.0,178200.0,545275.0,2219590.0,23296000.0,3992288.0,
2010-10-05,4960749.0,59.0,635790.0,249410.0,2758628.0,26483600.0,4517387.0,
2010-10-06,4191599.0,9423.0,1290027.0,198359.0,3207367.0,27311600.0,4514312.0,
2010-10-07,4393140.0,57584.0,192350.0,190234.0,3581141.0,26884000.0,4665101.0,
2010-10-08,2768467.0,2515.0,168077.0,760619.0,2895026.0,27166200.0,3750909.0,
2010-10-11,2436710.0,,,,1066761.0,15010200.0,2195126.0,
2010-10-12,2086916.0,34577.0,100090.0,738990.0,1442755.0,21155000.0,3735771.0,
2010-10-13,2124451.0,32132.0,384852.0,598603.0,3513259.0,30389200.0,4101921.0,
2010-10-14,1422985.0,2000.0,164799.0,733455.0,4609626.0,30962600.0,5178373.0,
2010-10-15,1701060.0,6200.0,88900.0,320361.0,3996151.0,25348200.0,5060699.0,
2010-10-18,1723045.0,3952.0,87933.0,286601.0,2028210.0,19346600.0,3045928.0,
2010-10-19,2410000.0,10274.0,135374.0,808511.0,2747103.0,29124200.0,6067257.0,
2010-10-20,3230575.0,100.0,129774.0,442853.0,3214134.0,21106000.0,4818610.0,
2010-10-21,2036507.0,0.0,145159.0,391020.0,2834017.0,35780400.0,3799161.0,
2010-10-22,1629587.0,3884.0,67562.0,165435.0,1756154.0,21000800.0,2749673.0,
2010-10-25,2417668.0,6632.0,86068.0,272032.0,1212781.0,20121200.0,3738136.0,
2010-10-26,1722598.0,5806.0,156153.0,549142.0,1482406.0,21036200.0,3332604.0,
2010-10-27,8547231.0,8478.0,152393.0,403919.0,1681928.0,23445600.0,4006126.0,
2010-10-28,2533016.0,29388.0,331892.0,405680.0,1537388.0,19997200.0,4403852.0,
2010-10-29,2072307.0,3725.0,257835.0,244721.0,1850681.0,16744400.0,2528398.0,
2010-11-01,2356646.0,,,,1992366.0,17677200.0,2178924.0,
2010-11-02,2215591.0,360.0,232595.0,364690.0,2177508.0,21242600.0,2334561.0,
2010-11-03,3597396.0,46162.0,225191.0,233497.0,1878172.0,23248600.0,4110791.0,
2010-11-04,2851993.0,4022.0,116595.0,553515.0,3720394.0,34467000.0,8252330.0,
2010-11-05,2217384.0,1350.0,155338.0,159515.0,2762328.0,27409800.0,5137572.0,
2010-11-08,1459411.0,26.0,117490.0,258964.0,2006640.0,14835600.0,3605797.0,
2010-11-09,1477368.0,271.0,175964.0,230397.0,2829576.0,39251600.0,4255193.0,
2010-11-10,3337703.0,2682.0,179622.0,149533.0,2098418.0,28535800.0,3858175.0,
2010-11-11,3136914.0,400.0,148687.0,199040.0,2948739.0,27264200.0,3455954.0,
2010-11-12,3385223.0,162039.0,189993.0,274640.0,3769984.0,32590800.0,3431355.0,
2010-11-15,2229148.0,442.0,116425.0,319218.0,2293288.0,19377200.0,4917243.0,
2010-11-16,4668282.0,31864.0,283429.0,364569.0,4540898.0,44192400.0,5315561.0,
2010-11-17,3417175.0,1122.0,215482.0,322712.0,2122314.0,22587200.0,3172117.0,
2010-11-18,3272908.0,1161.0,134770.0,421740.0,2235028.0,22936800.0,2764220.0,
2010-11-19,2401338.0,1773.0,157537.0,241380.0,1676535.0,22304200.0,3054916.0,
2010-11-22,1896221.0,14486.0,230289.0,209329.0,2143567.0,19816600.0,2908267.0,
2010-11-23,3468505.0,378.0,197135.0,274954.0,3406255.0,22066000.0,4638136.0,
2010-11-24,2598226.0,0.0,236369.0,497124.0,2337379.0,15920400.0,3229831.0,
2010-11-25,1689326.0,4219.0,143143.0,61400.0,,,,
2010-11-26,2175953.0,0.0,91441.0,337324.0,819658.0,9738200.0,2311854.0,
2010-11-29,2539058.0,800.0,125378.0,295989.0,2186178.0,26020600.0,4390134.0,
2010-11-30,3633791.0,2067.0,275442.0,408777.0,2287578.0,25585800.0,4253182.0,
2010-12-01,2079490.0,0.0,258325.0,328802.0,2248985.0,21414000.0,4980042.0,
2010-12-02,3368493.0,3712.0,107670.0,918099.0,2102013.0,22373400.0,3889752.0,
2010-12-03,1927873.0,100.0,125770.0,223938.0,1427529.0,17262600.0,2458267.0,
2010-12-06,2230168.0,1539.0,86954.0,215758.0,1951869.0,22987200.0,2085967.0,
2010-12-07,4585406.0,200.0,93823.0,451481.0,3267848.0,25401200.0,4103576.0,
2010-12-08,4052003.0,,,,2177191.0,27089800.0,4895837.0,
2010-12-09,1845808.0,5000.0,54700.0,1732594.0,1572280.0,19798800.0,3912223.0,
2010-12-10,3013237.0,2223.0,82761.0,251846.0,1374027.0,17366200.0,2315757.0,
2010-12-13,1854738.0,246.0,67261.0,203340.0,2365822.0,20016200.0,3408885.0,
2010-12-14,1195311.0,330.0,260298.0,344844.0,1794958.0,17135600.0,2198910.0,
2010-12-15,1323115.0,1541.0,149295.0,488113.0,1508522.0,19755000.0,2621591.0,
2010-12-16,2102056.0,3636.0,153941.0,312899.0,1667442.0,16599600.0,3212091.0,
2010-12-17,2310016.0,6004.0,73078.0,551040.0,1774234.0,20282000.0,2908858.0,
2010-12-20,874324.0,2464.0,160878.0,320222.0,1033666.0,13788800.0,1680198.0,
2010-12-21,1454864.0,27877.0,184734.0,259661.0,2244332.0,11555200.0,2583273.0,
2010-12-22,1508191.0,13092.0,111917.0,210311.0,1146168.0,11500400.0,1347872.0,
2010-12-23,720380.0,5421.0,85624.0,110760.0,1274319.0,11411200.0,2242432.0,
2010-12-24,84735.0,12850.0,8046.0,75834.0,,,,
2010-12-27,,4157.0,69828.0,150804.0,767319.0,11185200.0,1843168.0,
2010-12-28,,16182.0,90256.0,102354.0,935650.0,8346000.0,1290868.0,
2010-12-29,757978.0,497.0,236516.0,685793.0,862375.0,7734600.0,1393877.0,
2010-12-30,679470.0,20000.0,135409.0,506257.0,882359.0,8232600.0,1252786.0,
2010-12-31,450836.0,,,,1226104.0,6976800.0,976400.0,
2011-01-03,,0.0,1241400.0,2238674.0,1694827.0,16915200.0,1322800.0,
2011-01-04,2138885.0,932.0,128731.0,668098.0,2464579.0,29234800.0,3721342.0,
2011-01-05,1811377.0,14124.0,155738.0,583809.0,1920572.0,20456600.0,3554824.0,
2011-01-06,1861424.0,2157.0,135106.0,633678.0,1726759.0,19211200.0,3124220.0,
2011-01-07,2770851.0,0.0,94400.0,347270.0,2466165.0,20664600.0,3161000.0,
2011-01-10,2482008.0,2800.0,75500.0,206534.0,2581839.0,16834000.0,1818569.0,
2011-01-11,2213866.0,0.0,115125.0,288260.0,2367725.0,17182600.0,3673445.0,
2011-01-12,1759048.0,1315.0,181557.0,177536.0,1499535.0,17112200.0,3564049.0,
2011-01-13,1491634.0,478.0,115055.0,320148.0,1491710.0,17084400.0,2836835.0,
2011-01-14,1946658.0,1877.0,87297.0,112916.0,2177402.0,18427800.0,2020566.0,
2011-01-17,994607.0,0.0,27079.0,65309.0,,,,
2011-01-18,1843998.0,8256.0,96087.0,71339.0,1665644.0,12330200.0,2211092.0,
2011-01-19,1490812.0,1000.0,43774.0,248328.0,1753510.0,18815600.0,3729384.0,
2011-01-20,2772580.0,21540.0,31432.0,1018855.0,2746468.0,35536200.0,4967861.0,
2011-01-21,3542713.0,0.0,98224.0,378970.0,1767784.0,25499400.0,3096900.0,
2011-01-24,2509372.0,1490.0,90558.0,507694.0,1438737.0,20703600.0,3415389.0,
2011-01-25,2466420.0,21131.0,86181.0,798432.0,2086047.0,31685400.0,3914233.0,
2011-01-26,2117209.0,6543.0,68454.0,216857.0,1876480.0,26181200.0,3071119.0,
2011-01-27,1718512.0,870.0,67992.0,401886.0,1468237.0,27221200.0,2175494.0,
2011-01-28,2620736.0,2504.0,186237.0,542423.0,1860726.0,21895800.0,4405508.0,
2011-01-31,2602484.0,0.0,147474.0,442089.0,1650101.0,21833200.0,3296178.0,
2011-02-01,2437949.0,0.0,130952.0,147423.0,2803565.0,48860200.0,3875087.0,
2011-02-02,2592370.0,0.0,60683.0,377549.0,2245813.0,16916600.0,4812341.0,
2011-02-03,1643358.0,27027.0,62612.0,153063.0,2105397.0,14760500.0,3813589.0,
2011-02-04,2892553.0,723.0,153299.0,180532.0,1556103.0,12884800.0,3628149.0,
2011-02-07,2531881.0,4573.0,123078.0,120677.0,1722530.0,17369600.0,4944089.0,
2011-02-08,3994029.0,25479.0,72281.0,243004.0,1804686.0,15319500.0,3783077.0,
2011-02-09,1938949.0,160.0,140548.0,3150388.0,1729403.0,18149200.0,3038595.0,
2011-02-10,3754951.0,38.0,159859.0,189013.0,1994058.0,14835700.0,2631999.0,
2011-02-11,1723903.0,91.0,179658.0,96380.0,1313547.0,12345900.0,2059475.0,
2011-02-14,70780.0,2183.0,60755.0,152522.0,1741456.0,18232700.0,3099620.0,
2011-02-15,2298603.0,300.0,157400.0,109968.0,1792526.0,14092300.0,2909568.0,
2011-02-16,1805548.0,1837.0,68727.0,109851.0,1529458.0,14346600.0,3868346.0,
2011-02-17,1807042.0,1869.0,28885.0,111969.0,2426091.0,12767100.0,3134272.0,
2011-02-18,2221240.0,822.0,95595.0,105291.0,1599349.0,19540100.0,5519924.0,
2011-02-21,1433400.0,0.0,19975.0,69167.0,,,,
2011-02-22,1713661.0,800.0,62316.0,237109.0,3179242.0,27564100.0,6337612.0,
2011-02-23,3107668.0,4200.0,155883.0,536535.0,2581310.0,23349800.0,9182133.0,
2011-02-24,3006211.0,9403.0,386574.0,295331.0,2084778.0,21900800.0,5675088.0,
2011-02-25,1853711.0,0.0,121353.0,221064.0,1580951.0,15065500.0,4078268.0,
2011-02-28,2012911.0,2753.0,215401.0,188570.0,2051366.0,12966500.0,5581895.0,
2011-03-01,2394051.0,2300.0,184900.0,408296.0,2451362.0,15307100.0,4611172.0,
2011-03-02,3001304.0,1000.0,189800.0,134440.0,1468554.0,11864600.0,4408701.0,
2011-03-03,2526028.0,4800.0,375900.0,400071.0,1665962.0,14694400.0,3995955.0,
2011-03-04,1731863.0,1200.0,232100.0,307263.0,1254758.0,16102200.0,2913589.0,
2011-03-07,1823210.0,14365.0,47164.0,182359.0,1987502.0,18786200.0,4245850.0,
2011-03-08,3410596.0,0.0,80948.0,232911.0,1909575.0,21294000.0,4499647.0,
2011-03-09,2309717.0,195.0,37357.0,185022.0,2427783.0,29047600.0,3869174.0,
2011-03-10,3197732.0,2774.0,299169.0,271485.0,3392827.0,35904500.0,6511462.0,
2011-03-11,2217484.0,7970.0,259480.0,338836.0,2564710.0,22207900.0,3543944.0,
2011-03-14,3320596.0,6954.0,259720.0,191807.0,1542463.0,20545700.0,4061710.0,
2011-03-15,4596782.0,6333.0,283527.0,359227.0,3556716.0,44575400.0,5922145.0,
2011-03-16,4051847.0,0.0,120521.0,319408.0,2703646.0,31736900.0,9237245.0,
2011-03-17,3014226.0,0.0,130391.0,143909.0,2238517.0,22456500.0,4667230.0,
2011-03-18,2970414.0,151.0,152888.0,155826.0,2199924.0,20574100.0,4504733.0,
2011-03-21,1722115.0,1700.0,88608.0,125563.0,2399446.0,16321100.0,3663983.0,
2011-03-22,971120.0,0.0,142844.0,126454.0,1811770.0,15952500.0,4137282.0,
2011-03-23,1679467.0,0.0,122948.0,181162.0,3931124.0,27179400.0,5065666.0,
2011-03-24,1715660.0,1500.0,112354.0,120059.0,2194320.0,21327900.0,4634352.0,
2011-03-25,907843.0,1833.0,83086.0,212149.0,2509727.0,14653400.0,4294339.0,
2011-03-28,1378066.0,2500.0,27719.0,90237.0,2334419.0,17715700.0,3542052.0,
2011-03-29,1749255.0,0.0,64664.0,211897.0,1827631.0,17503100.0,3177557.0,
2011-03-30,1981239.0,3343.0,99818.0,252015.0,3961153.0,18449500.0,3790173.0,
2011-03-31,3212819.0,66000.0,153485.0,196647.0,3000127.0,15964400.0,4133261.0,
2011-04-01,2456410.0,271.0,125967.0,193465.0,2140501.0,15255100.0,3945219.0,
2011-04-04,2166539.0,976857.0,93973.0,102786.0,2945567.0,13291600.0,2697163.0,
2011-04-05,2161968.0,0.0,74093.0,259112.0,4174632.0,17431100.0,3195061.0,
2011-04-06,2297794.0,4501.0,195250.0,235690.0,3060607.0,18797700.0,5272513.0,
2011-04-07,1873462.0,0.0,95663.0,102608.0,4828815.0,17407900.0,4932617.0,
2011-04-08,1103769.0,158.0,145411.0,144360.0,2486254.0,16917200.0,4303208.0,
2011-04-11,1153242.0,0.0,61638.0,123080.0,2919874.0,18339800.0,7634156.0,
2011-04-12,2140062.0,0.0,175976.0,228508.0,3809846.0,20264600.0,8198401.0,
2011-04-13,1533495.0,0.0,89409.0,143904.0,3935776.0,21403700.0,8781332.0,
2011-04-14,3394238.0,0.0,28504.0,101002.0,5461216.0,19114100.0,6642855.0,
2011-04-15,2534641.0,0.0,77421.0,67410.0,4947872.0,23185800.0,5492723.0,
2011-04-18,2875447.0,0.0,67777.0,149041.0,3596684.0,22052000.0,6517139.0,
2011-04-19,3064523.0,0.0,129143.0,209314.0,6320419.0,21864200.0,5621632.0,
2011-04-20,2540068.0,0.0,75671.0,115646.0,3666152.0,29024600.0,4226454.0,
2011-04-21,1657597.0,2080.0,37722.0,45055.0,1814414.0,16066800.0,2993773.0,
2011-04-25,,0.0,51726.0,107526.0,1691761.0,15220200.0,1591499.0,
2011-04-26,1928528.0,3100.0,93547.0,348026.0,3277787.0,16700000.0,3074903.0,
2011-04-27,1749571.0,5309.0,57817.0,161232.0,2679326.0,21256000.0,4823813.0,
2011-04-28,1750786.0,5263.0,99099.0,106963.0,3172898.0,18222200.0,2701657.0,
2011-04-29,0.0,1188.0,195872.0,149654.0,4347191.0,12927300.0,4021027.0,
2011-05-02,,0.0,111630.0,386686.0,3039354.0,16638800.0,3505153.0,
2011-05-03,3094507.0,743.0,52555.0,274174.0,4233420.0,24202400.0,3730685.0,
2011-05-04,6705164.0,220.0,240236.0,461664.0,3858272.0,29908900.0,4319174.0,
2011-05-05,4504213.0,2282.0,113953.0,94864.0,3661817.0,26306100.0,8732133.0,
2011-05-06,3016869.0,0.0,386186.0,259398.0,3980185.0,18842200.0,5352697.0,
2011-05-09,2731115.0,14087.0,236878.0,107794.0,2707135.0,16249100.0,3574575.0,
2011-05-10,1877662.0,0.0,254798.0,175608.0,2010975.0,15408500.0,3328701.0,
2011-05-11,2213859.0,154.0,175117.0,290466.0,2555828.0,30283700.0,7507021.0,
2011-05-12,5362086.0,0.0,84661.0,568211.0,3730016.0,26876600.0,8484958.0,
2011-05-13,3617448.0,272232.0,147504.0,243461.0,2467222.0,20209000.0,5553275.0,
2011-05-16,3974282.0,500.0,66603.0,236616.0,2049886.0,24495400.0,5657822.0,
2011-05-17,3027928.0,2757.0,148060.0,287780.0,3397056.0,34615200.0,4740791.0,
2011-05-18,3592139.0,1406.0,234283.0,324874.0,3658222.0,28788700.0,4534654.0,
2011-05-19,2495144.0,571.0,317771.0,316044.0,2286203.0,20672800.0,8291831.0,554948068.0
2011-05-20,2505393.0,169.0,53938.0,323309.0,2278379.0,24753600.0,5331054.0,207140032.0
2011-05-23,2995727.0,4947.0,107766.0,321470.0,2384643.0,20245700.0,5157677.0,94740490.0
2011-05-24,2561292.0,0.0,411580.0,404285.0,2104233.0,22216700.0,2973313.0,127564632.0
2011-05-25,3073089.0,0.0,141860.0,289751.0,2108357.0,24763800.0,4309122.0,35254537.0
2011-05-26,4188847.0,0.0,127923.0,515370.0,1809973.0,20937000.0,3749016.0,24024582.0
2011-05-27,3621565.0,4822.0,62773.0,270447.0,2943876.0,17435100.0,3084956.0,25700260.0
2011-05-30,,2678.0,45346.0,173896.0,,,,
2011-05-31,2508178.0,2504.0,279920.0,599809.0,6949860.0,24328400.0,3005836.0,64817478.0
2011-06-01,3197018.0,1000.0,209532.0,440269.0,8077524.0,25250800.0,3645061.0,20835008.0
2011-06-02,3400491.0,49.0,141869.0,280230.0,6376670.0,20878700.0,3540633.0,14135769.0
2011-06-03,2404697.0,0.0,152033.0,226331.0,4639972.0,18868400.0,3103760.0,16160474.0
2011-06-06,1749872.0,4065.0,146516.0,105794.0,12476526.0,20563500.0,2613313.0,12717271.0
2011-06-07,1801911.0,598.0,1102043.0,200495.0,7277110.0,15027100.0,3307176.0,4487809.0
2011-06-08,4156922.0,0.0,126948.0,62668.0,5939984.0,18163900.0,3877453.0,11826257.0
2011-06-09,2260023.0,0.0,128407.0,179203.0,4826594.0,16477400.0,2903773.0,15543375.0
2011-06-10,2591754.0,702.0,103613.0,138883.0,3239299.0,17504100.0,4046691.0,10524615.0
2011-06-13,2937543.0,0.0,256912.0,233679.0,2926324.0,17501100.0,3638675.0,12358981.0
2011-06-14,3000812.0,0.0,384319.0,248096.0,3917801.0,19834300.0,2950488.0,33105516.0
2011-06-15,2782278.0,0.0,301235.0,374198.0,3474771.0,23592600.0,5111080.0,28388708.0
2011-06-16,2202884.0,1000.0,412600.0,220750.0,3364278.0,22437600.0,4071763.0,24314536.0
2011-06-17,3076508.0,500.0,168279.0,221699.0,2917019.0,17351400.0,3125757.0,13716036.0
2011-06-20,1514888.0,3551.0,142505.0,82337.0,1783010.0,18374600.0,3746415.0,9030054.0
2011-06-21,2390959.0,2462.0,227735.0,166141.0,2841947.0,17224300.0,3776099.0,5173658.0
2011-06-22,2048403.0,0.0,221161.0,153862.0,1836512.0,15309500.0,2434968.0,8438214.0
2011-06-23,2355321.0,0.0,141796.0,101024.0,3482701.0,21665900.0,5745338.0,11705677.0
2011-06-24,3085693.0,1000.0,84368.0,121274.0,2299949.0,17760800.0,3697571.0,7536031.0
2011-06-27,1684201.0,,,,1577673.0,14089500.0,3655468.0,2701912.0
2011-06-28,1878126.0,1038.0,98656.0,185598.0,1860408.0,19061200.0,5010436.0,6654078.0
2011-06-29,2731030.0,2169.0,170789.0,214008.0,2414989.0,24492700.0,4649490.0,13126747.0
2011-06-30,2530787.0,373.0,131254.0,101196.0,2939752.0,24250800.0,3615140.0,9360900.0
2011-07-01,2471075.0,1362.0,161159.0,169988.0,2211237.0,17077900.0,3605442.0,7697710.0
2011-07-04,1473702.0,0.0,34401.0,59972.0,,,,4003960.0
2011-07-05,1987491.0,542.0,160136.0,176673.0,1640479.0,15679500.0,3031736.0,4653748.0
2011-07-06,3223227.0,1546.0,106362.0,107331.0,2537219.0,13638200.0,3269686.0,5939525.0
2011-07-07,2500592.0,281.0,69915.0,139396.0,4782185.0,23570400.0,3475705.0,7384637.0
2011-07-08,3651554.0,3678.0,51480.0,138326.0,6201150.0,17860500.0,4249634.0,8827477.0
2011-07-11,2540203.0,0.0,59713.0,155818.0,4289037.0,19934500.0,2672327.0,7708581.0
2011-07-12,2315678.0,0.0,102195.0,189773.0,3005836.0,18354100.0,3293458.0,8505787.0
2011-07-13,2137915.0,0.0,94905.0,224164.0,4903041.0,17646900.0,3264601.0,5473460.0
2011-07-14,1368771.0,0.0,124931.0,150264.0,3929326.0,16542800.0,5005351.0,3315584.0
2011-07-15,2328350.0,0.0,98062.0,57873.0,3202926.0,13696700.0,3712472.0,3072778.0
2011-07-18,1317603.0,0.0,140144.0,108879.0,4190175.0,14714300.0,3913051.0,5641251.0
2011-07-19,3010240.0,1150.0,124762.0,218045.0,2321096.0,12827500.0,3668359.0,5009119.0
2011-07-20,2241918.0,500.0,67056.0,230186.0,1887159.0,14056600.0,3043090.0,6363028.0
2011-07-21,1548048.0,3704.0,217855.0,175130.0,3632951.0,18476900.0,4395810.0,10137530.0
2011-07-22,1564069.0,89507.0,169668.0,213032.0,1553777.0,11615200.0,2581972.0,4834597.0
2011-07-25,1265578.0,0.0,87654.0,76812.0,1962548.0,9494300.0,2758070.0,2678012.0
2011-07-26,1714811.0,0.0,256091.0,231054.0,2553502.0,15921600.0,2974259.0,2898232.0
2011-07-27,1230100.0,0.0,303133.0,283193.0,2674463.0,13723100.0,4534891.0,4684175.0
2011-07-28,1610240.0,0.0,141238.0,289443.0,2221071.0,11699500.0,3506572.0,5108763.0
2011-07-29,1695641.0,352.0,145953.0,147877.0,3092433.0,15667400.0,3247452.0,5347773.0
2011-08-01,1760941.0,0.0,248178.0,183998.0,3048448.0,12944100.0,5296402.0,4508882.0
2011-08-02,2648855.0,0.0,167979.0,125199.0,4601378.0,14370800.0,5679582.0,9777761.0
2011-08-03,3162934.0,0.0,477956.0,376865.0,3066105.0,19387000.0,6649123.0,15038394.0
2011-08-04,4288913.0,2650.0,294867.0,343738.0,4980544.0,27257000.0,9389808.0,16691019.0
2011-08-05,4048756.0,50.0,230273.0,421344.0,6414312.0,31096600.0,10865643.0,19564232.0
2011-08-08,3406540.0,508.0,329402.0,390189.0,5893672.0,33127600.0,10198389.0,13988315.0
2011-08-09,3893695.0,2291.0,287151.0,547849.0,6321476.0,33417800.0,11906024.0,18646792.0
2011-08-10,3416301.0,645.0,127209.0,400744.0,4544176.0,25770300.0,10153685.0,12955416.0
2011-08-11,3901499.0,2446.0,109901.0,300450.0,4238813.0,19401400.0,8325300.0,17418624.0
2011-08-12,1867803.0,1555.0,144660.0,298421.0,2727647.0,15401100.0,4349687.0,9947444.0
2011-08-15,1197204.0,,,,3587591.0,13993300.0,5228636.0,3599785.0
2011-08-16,2531500.0,243.0,135745.0,269941.0,3645428.0,17513500.0,4489477.0,4871532.0
2011-08-17,2192020.0,4.0,112678.0,150858.0,3405092.0,14401800.0,4619687.0,5750089.0
2011-08-18,2218248.0,0.0,146051.0,209453.0,5220563.0,29773900.0,7023197.0,7245853.0
2011-08-19,2795952.0,0.0,164580.0,184437.0,2340234.0,20168700.0,6285575.0,11521338.0
2011-08-22,2187684.0,0.0,98996.0,146674.0,1914333.0,16110700.0,6161514.0,10321093.0
2011-08-23,2168126.0,0.0,81473.0,114831.0,2269497.0,15530600.0,5702762.0,8521569.0
2011-08-24,2222847.0,0.0,114046.0,179878.0,2237565.0,15995400.0,4218057.0,8545975.0
2011-08-25,2510094.0,399.0,97493.0,220599.0,1703075.0,14756000.0,4764444.0,18335437.0
2011-08-26,1987252.0,51.0,96289.0,485584.0,1917611.0,14704700.0,5513419.0,8904405.0
2011-08-29,,732.0,121142.0,184857.0,2060882.0,10591500.0,2863681.0,
2011-08-30,1729968.0,68.0,149064.0,159050.0,2603937.0,14128600.0,4813406.0,11438215.0
2011-08-31,2262353.0,2400.0,211885.0,553561.0,2866160.0,21414300.0,4286060.0,12125658.0
2011-09-01,1625953.0,0.0,168878.0,522058.0,1721473.0,14527800.0,3217768.0,6871063.0
2011-09-02,1976449.0,345.0,99783.0,207130.0,2347001.0,15232900.0,4535955.0,9349562.0
2011-09-05,2123175.0,0.0,86729.0,71950.0,,,,6492334.0
2011-09-06,2372906.0,0.0,215531.0,446046.0,2276793.0,14869200.0,5655220.0,7780869.0
2011-09-07,2216991.0,244.0,139536.0,246118.0,1932731.0,15874900.0,3489897.0,7328565.0
2011-09-08,2275578.0,0.0,49962.0,148851.0,1898790.0,13767900.0,4219477.0,26579378.0
2011-09-09,2383328.0,0.0,60705.0,178321.0,2377664.0,25657400.0,4692775.0,11619770.0
2011-09-12,2873499.0,5000.0,113566.0,587679.0,2334101.0,19422600.0,4345074.0,10915261.0
2011-09-13,2573309.0,715.0,98477.0,416375.0,1786923.0,12886000.0,4237216.0,7980107.0
2011-09-14,1764497.0,50.0,130152.0,320730.0,2553396.0,16767100.0,3891763.0,7575175.0
2011-09-15,3087266.0,0.0,237146.0,525616.0,1743888.0,12122800.0,3378727.0,11316394.0
2011-09-16,2419652.0,0.0,78851.0,192466.0,3323147.0,15299600.0,2773089.0,13927372.0
2011-09-19,2593114.0,,,,2416046.0,18525900.0,4726954.0,9815351.0
2011-09-20,2521513.0,2282.0,200498.0,228502.0,2939223.0,25602000.0,3648372.0,6271919.0
2011-09-21,3794634.0,715.0,151252.0,368371.0,4004081.0,40981800.0,7152579.0,7803853.0
2011-09-22,7386881.0,728.0,404931.0,439478.0,5717518.0,49671000.0,11779717.0,14424124.0
2011-09-23,5443102.0,1355.0,272650.0,1154071.0,2948845.0,23085700.0,6779570.0,12834031.0
2011-09-26,3637174.0,130.0,179771.0,705521.0,3305172.0,29015600.0,5732565.0,9885573.0
2011-09-27,3554583.0,13279.0,276182.0,416769.0,3454470.0,28418600.0,7010897.0,6830748.0
2011-09-28,3236727.0,0.0,88681.0,435330.0,3741118.0,30046200.0,6008715.0,7194210.0
2011-09-29,1737875.0,0.0,256129.0,368820.0,2715171.0,39708200.0,6850884.0,7863093.0
2011-09-30,2838107.0,1000.0,305319.0,218837.0,3022648.0,24953500.0,4972000.0,9595277.0
2011-10-03,3469052.0,0.0,217102.0,218519.0,3208319.0,32596700.0,4969516.0,8564295.0
2011-10-04,3183788.0,0.0,474170.0,558208.0,4969548.0,39400000.0,10170833.0,16264083.0
2011-10-05,3258070.0,0.0,286667.0,327216.0,5085328.0,38252000.0,8189768.0,8498122.0
2011-10-06,4423806.0,0.0,334140.0,507609.0,3454364.0,52406400.0,7532684.0,7376905.0
2011-10-07,2753553.0,0.0,225191.0,424841.0,2961851.0,49848900.0,6008006.0,6438659.0
2011-10-10,2287046.0,,,,2371426.0,31158900.0,3737190.0,4036529.0
2011-10-11,2663351.0,0.0,121496.0,276691.0,2219379.0,22555600.0,4777217.0,3642526.0
2011-10-12,3281848.0,259.0,187670.0,290195.0,2852098.0,29871600.0,5997717.0,5375267.0
2011-10-13,3490540.0,8337.0,209067.0,338416.0,2246024.0,25340500.0,4374641.0,8101677.0
2011-10-14,2705012.0,0.0,146394.0,304801.0,1825833.0,21090500.0,3794667.0,20445660.0
2011-10-17,1761636.0,0.0,75798.0,194072.0,2277216.0,23547900.0,4039949.0,7551492.0
2011-10-18,1842008.0,2314.0,189126.0,408383.0,2063843.0,27239400.0,6121186.0,4995698.0
2011-10-19,1761644.0,0.0,163737.0,258708.0,1862312.0,28010000.0,6002565.0,4110062.0
2011-10-20,2236307.0,5000.0,282146.0,181231.0,2239680.0,31054500.0,5775259.0,5182252.0
2011-10-21,1413758.0,3022.0,142170.0,594122.0,1804792.0,27919800.0,3708215.0,5187019.0
2011-10-24,3192877.0,100.0,135301.0,368334.0,2817522.0,30743100.0,6617664.0,4274417.0
2011-10-25,1685484.0,0.0,165831.0,392755.0,3106285.0,22847500.0,4388360.0,4857533.0
2011-10-26,1727651.0,525.0,169318.0,161010.0,2722784.0,23479100.0,5345601.0,5703346.0
2011-10-27,3347368.0,257.0,433505.0,613791.0,4970077.0,41707000.0,8357586.0,17385385.0
2011-10-28,2571154.0,535.0,472147.0,146777.0,3097826.0,23505700.0,4848767.0,14737631.0
2011-10-31,2429795.0,,,,3152597.0,21920800.0,6019950.0,5786709.0
2011-11-01,2876633.0,,,,3250613.0,33847800.0,5916468.0,8761859.0
2011-11-02,2765144.0,0.0,200361.0,159594.0,2780092.0,20131700.0,6845680.0,7282206.0
2011-11-03,2715310.0,0.0,231114.0,237411.0,4744967.0,20225100.0,7916101.0,4392073.0
2011-11-04,2319640.0,0.0,99625.0,69123.0,2641896.0,18405800.0,4533353.0,5215534.0
2011-11-07,1915246.0,4.0,192614.0,273684.0,2060142.0,18874300.0,2496940.0,4252708.0
2011-11-08,1576658.0,404.0,222423.0,198507.0,3289523.0,19276500.0,4824641.0,4501797.0
2011-11-09,2047348.0,822.0,239940.0,268971.0,3898240.0,28791800.0,4962420.0,5590333.0
2011-11-10,2526549.0,0.0,171381.0,161474.0,2382845.0,18069300.0,3862669.0,8977810.0
2011-11-11,1112652.0,325.0,71769.0,146401.0,2448084.0,16291700.0,2923760.0,6709022.0
2011-11-14,1270729.0,0.0,127836.0,338151.0,1806061.0,18134100.0,3086611.0,4183634.0
2011-11-15,1746313.0,1058.0,121860.0,510529.0,2235874.0,16244200.0,4237453.0,12836576.0
2011-11-16,1805328.0,447.0,57778.0,204454.0,3262667.0,21109300.0,3989095.0,6064414.0
2011-11-17,3115382.0,0.0,68767.0,122154.0,3137371.0,22554200.0,4984536.0,7619721.0
2011-11-18,2106765.0,242.0,95987.0,105893.0,2003891.0,17322900.0,3255849.0,7852437.0
2011-11-21,1648452.0,3500.0,190397.0,370486.0,2322153.0,18503900.0,4269503.0,11698803.0
2011-11-22,2156989.0,3000.0,93514.0,255283.0,2238728.0,16244800.0,3428753.0,8731974.0
2011-11-23,1926883.0,2912.0,186244.0,172864.0,2965234.0,15463100.0,3983537.0,10589704.0
2011-11-24,1402761.0,1000.0,130064.0,106202.0,,,,9756243.0
2011-11-25,1666499.0,0.0,85438.0,180611.0,1279077.0,7460900.0,2349462.0,7084714.0
2011-11-28,1496507.0,2200.0,193210.0,310717.0,2809275.0,14910000.0,3804128.0,11102652.0
2011-11-29,1335611.0,1473.0,283361.0,138303.0,1858188.0,14935400.0,2467846.0,7253905.0
2011-11-30,4416006.0,17790.0,307797.0,420941.0,4760087.0,24146600.0,6949872.0,14639602.0
2011-12-01,2182503.0,8543.0,126903.0,270924.0,1661626.0,13726500.0,4301080.0,7548902.0
2011-12-02,1774004.0,10339.0,43930.0,131412.0,2373964.0,15037000.0,3913169.0,9698699.0
2011-12-05,1662610.0,115.0,60845.0,79818.0,1844337.0,16201600.0,3079752.0,7511681.0
2011-12-06,2036254.0,0.0,47082.0,232374.0,2570842.0,14803600.0,3911158.0,6684268.0
2011-12-07,2321943.0,2927.0,203588.0,149928.0,1852901.0,13453700.0,3548438.0,8818835.0
2011-12-08,1998985.0,,,,3081225.0,16668700.0,4005889.0,7354407.0
2011-12-09,1558684.0,0.0,106121.0,217613.0,2506978.0,15371200.0,3915534.0,6404629.0
2011-12-12,2063759.0,14708.0,66657.0,191722.0,2869438.0,13056000.0,3287899.0,7946406.0
2011-12-13,1871115.0,1957.0,113558.0,184452.0,4866456.0,18335400.0,4399122.0,9906494.0
2011-12-14,2941217.0,2465.0,79131.0,412223.0,3032059.0,19755500.0,5737414.0,14078251.0
2011-12-15,1716496.0,2172.0,95149.0,482660.0,2248456.0,18749700.0,3415035.0,10889208.0
2011-12-16,2012642.0,4843.0,134100.0,142485.0,3909025.0,18731100.0,4130186.0,56916608.0
2011-12-19,985990.0,2250.0,155120.0,276059.0,2307985.0,13550000.0,2923405.0,4740636.0
2011-12-20,1269179.0,2000.0,142714.0,318997.0,1874154.0,12508700.0,3486822.0,4726880.0
2011-12-21,1695854.0,11834.0,89192.0,217390.0,2302592.0,12045100.0,3144916.0,6918345.0
2011-12-22,1504534.0,462100.0,81833.0,176805.0,1792632.0,12252600.0,3252538.0,8418217.0
2011-12-23,534468.0,0.0,39827.0,97463.0,1410929.0,7191100.0,938555.0,2213982.0
2011-12-26,,0.0,19192.0,140343.0,,,,
2011-12-27,,202.0,416202.0,146756.0,1092878.0,7644500.0,1308726.0,
2011-12-28,780047.0,0.0,97289.0,477949.0,1660463.0,13155000.0,2255560.0,3308328.0
2011-12-29,679011.0,0.0,249037.0,178264.0,1554411.0,9552100.0,1923943.0,2458164.0
2011-12-30,278329.0,4378.0,47754.0,210785.0,1494565.0,8831500.0,1578608.0,1239871.0
2012-01-02,,0.0,43994.0,615150.0,,,,
2012-01-03,1967274.0,0.0,161930.0,170949.0,2662938.0,18651200.0,5551974.0,6625301.0
2012-01-04,1809681.0,0.0,182814.0,142628.0,1980206.0,13634100.0,3095126.0,4544062.0
2012-01-05,2002953.0,0.0,181416.0,688395.0,2065640.0,13023200.0,2227176.0,6533426.0
2012-01-06,1434862.0,0.0,515373.0,115978.0,1658454.0,9554700.0,2276493.0,4790185.0
2012-01-09,2135129.0,0.0,85688.0,102280.0,2570525.0,8245500.0,2692078.0,4655786.0
2012-01-10,2087811.0,0.0,202379.0,113906.0,2790877.0,15895700.0,4148635.0,7179336.0
2012-01-11,1378355.0,500.0,344300.0,247368.0,2953920.0,17221000.0,3926533.0,5116163.0
2012-01-12,1671005.0,1000.0,141549.0,184609.0,3237502.0,17618100.0,5391015.0,5487866.0
2012-01-13,1848413.0,0.0,207015.0,80657.0,2176556.0,14081900.0,5204746.0,6331223.0
2012-01-16,1914569.0,500.0,93039.0,28341.0,,,,4487448.0
2012-01-17,1965812.0,10000.0,275598.0,156543.0,4700346.0,20403000.0,4845692.0,10012469.0
2012-01-18,1633949.0,0.0,282652.0,136228.0,5166955.0,25674300.0,4051776.0,8428015.0
2012-01-19,1846967.0,0.0,182881.0,398077.0,3629145.0,30009000.0,5061172.0,7570211.0
2012-01-20,1846132.0,2465.0,96201.0,283442.0,2708932.0,20546600.0,3114285.0,7208475.0
2012-01-23,1616788.0,0.0,156565.0,132927.0,3327165.0,19142400.0,2972603.0,6956538.0
2012-01-24,1487709.0,60.0,110214.0,66521.0,3912092.0,14899900.0,2725074.0,4618945.0
2012-01-25,1390282.0,0.0,72956.0,112864.0,3984626.0,23757700.0,5079858.0,5120392.0
2012-01-26,2879641.0,33299.0,58180.0,470948.0,4730058.0,30462300.0,4195232.0,8192628.0
2012-01-27,1259914.0,0.0,66340.0,181832.0,2843427.0,15510200.0,3099620.0,4082097.0
2012-01-30,2108184.0,288.0,154775.0,55625.0,5554157.0,14736400.0,2583510.0,5981992.0
2012-01-31,2144088.0,18436.0,136232.0,224382.0,4037599.0,18633800.0,4102275.0,7528489.0
2012-02-01,2460311.0,630.0,99497.0,163160.0,3405092.0,17131100.0,4371329.0,6330263.0
2012-02-02,2391317.0,7000.0,87044.0,47576.0,2436453.0,17256300.0,4120843.0,45484719.0
2012-02-03,1837261.0,46135.0,156142.0,133671.0,3466735.0,16979100.0,3987676.0,15675538.0
2012-02-06,1494404.0,0.0,95366.0,44402.0,2461089.0,12693800.0,2807032.0,11927946.0
2012-02-07,1977724.0,0.0,167046.0,163001.0,2310945.0,15473200.0,3232078.0,36079969.0
2012-02-08,1634987.0,0.0,53362.0,87041.0,2320144.0,16542700.0,3421776.0,11910283.0
2012-02-09,1523308.0,0.0,137839.0,99435.0,2753975.0,14819700.0,3803064.0,7193845.0
2012-02-10,1851280.0,0.0,149647.0,106460.0,3413656.0,16386800.0,4039949.0,4580151.0
2012-02-13,1712415.0,0.0,117199.0,60309.0,2440365.0,12298700.0,2082301.0,8826585.0
2012-02-14,1494234.0,3000.0,81070.0,52666.0,3968448.0,28728500.0,3009857.0,13132003.0
2012-02-15,1586606.0,11000.0,122378.0,129880.0,2823655.0,25396700.0,4012985.0,6666687.0
2012-02-16,2640680.0,0.0,122484.0,102856.0,2603726.0,23704500.0,3450278.0,11904342.0
2012-02-17,2060500.0,2076.0,129968.0,71943.0,2390987.0,17327200.0,3045691.0,8891104.0
2012-02-20,1538256.0,0.0,130810.0,20083.0,,,,5072509.0
2012-02-21,2145012.0,2062.0,159478.0,109449.0,2068072.0,18395100.0,3450869.0,8373241.0
2012-02-22,1459548.0,100.0,166508.0,113663.0,3179876.0,13348600.0,2931683.0,7488217.0
2012-02-23,2512573.0,2000.0,96869.0,41269.0,2476104.0,13372500.0,3169988.0,6728588.0
2012-02-24,2063292.0,518.0,58748.0,32606.0,2149911.0,13327300.0,2745534.0,5196293.0
2012-02-27,1257512.0,16605.0,43549.0,29044.0,2803459.0,14341600.0,3362879.0,7297828.0
2012-02-28,1751380.0,0.0,110748.0,91412.0,2278591.0,14070800.0,3292866.0,10328287.0
2012-02-29,1825429.0,6708.0,227432.0,136606.0,3025926.0,20212500.0,4543287.0,45726405.0
2012-03-01,1755409.0,0.0,261602.0,318522.0,1315979.0,15082400.0,2233326.0,12774261.0
2012-03-02,1615931.0,0.0,209718.0,129387.0,2554665.0,18133000.0,1885743.0,5544921.0
2012-03-05,2395409.0,500.0,124147.0,220784.0,2291173.0,29393200.0,3310961.0,12266366.0
2012-03-06,3046772.0,1000.0,325921.0,206279.0,3355396.0,26602700.0,4109726.0,11543817.0
2012-03-07,3942062.0,619.0,156950.0,424474.0,2382845.0,22605800.0,2919975.0,10303895.0
2012-03-08,2173440.0,3209.0,95402.0,246089.0,1416956.0,16682900.0,3025231.0,8563523.0
2012-03-09,2020127.0,0.0,56779.0,55536.0,3485873.0,27650700.0,2884614.0,5604000.0
2012-03-12,1504117.0,0.0,48253.0,125899.0,1797285.0,19575400.0,3007373.0,5134968.0
2012-03-13,4595591.0,3000.0,191445.0,104932.0,2158053.0,22633400.0,5668820.0,7545523.0
2012-03-14,2805567.0,322.0,210023.0,248682.0,2108992.0,21397800.0,5860056.0,14089137.0
2012-03-15,1616099.0,14400.0,153200.0,178871.0,1918880.0,19077300.0,4176428.0,7579485.0
2012-03-16,2955268.0,2000.0,114244.0,216200.0,1907989.0,22687300.0,3435258.0,14758066.0
2012-03-19,1651581.0,0.0,116771.0,177830.0,1686474.0,16500800.0,2670080.0,6527595.0
2012-03-20,2170271.0,0.0,152551.0,253466.0,3080168.0,20492100.0,4637545.0,14426446.0
2012-03-21,2092761.0,0.0,172433.0,188013.0,1665644.0,23932800.0,2475297.0,11455129.0
2012-03-22,3206852.0,8407.0,84083.0,167920.0,1997758.0,24719400.0,5084707.0,11513256.0
2012-03-23,3350272.0,0.0,70094.0,131237.0,1758797.0,17399600.0,3320895.0,8608825.0
2012-03-26,1859786.0,1813.0,247850.0,188353.0,1914862.0,15395600.0,3556362.0,9499996.0
2012-03-27,1997171.0,0.0,209767.0,248553.0,3548469.0,13853100.0,2406703.0,5342088.0
2012-03-28,2704738.0,0.0,312312.0,197755.0,3747991.0,30542800.0,4314562.0,10327282.0
2012-03-29,2500786.0,0.0,104633.0,182257.0,2192734.0,17773600.0,3924168.0,8592556.0
2012-03-30,2345588.0,420.0,158901.0,147974.0,2494607.0,14766000.0,3696980.0,8999386.0
2012-04-02,2788966.0,0.0,82396.0,196232.0,2561432.0,19636600.0,3431355.0,6726916.0
2012-04-03,2135218.0,0.0,39790.0,160452.0,2168203.0,17645700.0,8445812.0,8936115.0
2012-04-04,1891928.0,0.0,84461.0,102863.0,2122843.0,13707300.0,7429439.0,9264498.0
2012-04-05,1952528.0,0.0,53709.0,59851.0,1499958.0,14104000.0,3091460.0,22849948.0
2012-04-09,,19.0,103747.0,108867.0,2067015.0,12470100.0,1985559.0,
2012-04-10,2843299.0,981.0,108770.0,160522.0,3396527.0,18894700.0,5344536.0,11396731.0
2012-04-11,2947926.0,0.0,30884.0,207221.0,2285463.0,20890200.0,3216703.0,8181150.0
2012-04-12,2132799.0,3000.0,132998.0,91174.0,3109985.0,21390400.0,3724654.0,7301858.0
2012-04-13,1621577.0,200.0,65992.0,86361.0,2730291.0,15366600.0,3298307.0,6614920.0
2012-04-16,1691926.0,2200.0,102032.0,75875.0,1919832.0,14652000.0,2482511.0,6967020.0
2012-04-17,2503462.0,500.0,82864.0,96793.0,2097149.0,17765600.0,2737137.0,6203101.0
2012-04-18,2772567.0,7000.0,112118.0,79068.0,2131090.0,20503700.0,2940435.0,10323070.0
2012-04-19,2303185.0,13500.0,74076.0,112079.0,1802783.0,26128000.0,3436559.0,7634895.0
2012-04-20,2000230.0,2000.0,78478.0,183422.0,1805743.0,16411600.0,2895021.0,7528786.0
2012-04-23,2248296.0,4900.0,145242.0,77057.0,2379673.0,19442800.0,2839082.0,7501986.0
2012-04-24,2895727.0,900.0,94800.0,120096.0,1923004.0,12659800.0,2184482.0,5976496.0
2012-04-25,2226844.0,7061.0,44417.0,37196.0,1575241.0,14880200.0,3269450.0,7591221.0
2012-04-26,1545333.0,4799.0,38697.0,84170.0,1899848.0,13682700.0,2225757.0,7951091.0
2012-04-27,2162346.0,0.0,39404.0,119703.0,3051302.0,13054000.0,5190200.0,7864463.0
2012-04-30,1737010.0,0.0,76814.0,90262.0,2644434.0,12576200.0,2864745.0,7491035.0
2012-05-01,717676.0,,,,2087210.0,17754100.0,4492788.0,2853981.0
2012-05-02,2419368.0,6400.0,83257.0,97243.0,1989828.0,15331300.0,4405272.0,8851407.0
2012-05-03,4005138.0,557.0,56115.0,73464.0,3133353.0,19401400.0,2821105.0,5694278.0
2012-05-04,3199045.0,1966.0,125707.0,172712.0,2657122.0,14300500.0,4275061.0,9701327.0
2012-05-07,,0.0,127974.0,98121.0,2201933.0,13297900.0,2002945.0,
2012-05-08,2486522.0,4000.0,73012.0,181616.0,3857321.0,18501400.0,4121789.0,8820468.0
2012-05-09,3341448.0,3500.0,157728.0,108933.0,1717137.0,16071300.0,3747834.0,9641242.0
2012-05-10,2100022.0,4900.0,134945.0,125905.0,1263111.0,14163300.0,3763445.0,7057517.0
2012-05-11,1827814.0,500.0,224612.0,150914.0,1177148.0,13334500.0,4783839.0,12865689.0
2012-05-14,1708825.0,0.0,113625.0,141022.0,1617006.0,17070600.0,4478005.0,11513845.0
2012-05-15,2407597.0,17126.0,123840.0,131712.0,2868064.0,23465800.0,4130541.0,8719910.0
2012-05-16,2520997.0,3635.0,58126.0,164693.0,2436030.0,22090700.0,4411185.0,15590919.0
2012-05-17,2277888.0,10583.0,113800.0,212165.0,2089431.0,19188400.0,4656822.0,9794344.0
2012-05-18,2747420.0,3308.0,129599.0,123698.0,1968152.0,18688200.0,4760541.0,22049824.0
2012-05-21,1850980.0,,,,1753510.0,16782900.0,3297124.0,7917346.0
2012-05-22,2071897.0,7634.0,120808.0,81482.0,1668076.0,16160000.0,5320765.0,9858054.0
2012-05-23,3372294.0,100.0,119547.0,89325.0,2282503.0,21846500.0,6063945.0,11564713.0
2012-05-24,2257358.0,675.0,113300.0,119808.0,1383015.0,15348300.0,4507453.0,20274816.0
2012-05-25,1770604.0,806.0,61058.0,137592.0,1224518.0,9947700.0,3525495.0,10530248.0
2012-05-28,,55094.0,81231.0,30643.0,,,,
2012-05-29,1717771.0,100.0,282740.0,90092.0,1558006.0,15111600.0,4726008.0,10369727.0
2012-05-30,2037515.0,0.0,109187.0,165881.0,1851632.0,12429400.0,4534654.0,12646855.0
2012-05-31,2294819.0,170.0,383927.0,439797.0,2797010.0,15637300.0,5243774.0,13762625.0
2012-06-01,3080337.0,0.0,192719.0,226063.0,2420910.0,21895100.0,4547190.0,24965236.0
2012-06-04,,0.0,61852.0,188297.0,1866753.0,14951500.0,4491605.0,
2012-06-05,,0.0,127781.0,115761.0,1825516.0,15798900.0,4797913.0,
2012-06-06,2060788.0,0.0,171720.0,218106.0,1917717.0,18349600.0,5723222.0,23927908.0
2012-06-07,3030960.0,0.0,329196.0,311450.0,1407545.0,23891600.0,8961568.0,24089300.0
2012-06-08,2227434.0,3800.0,143160.0,130481.0,1661838.0,14398300.0,3596572.0,16532675.0
2012-06-11,1839838.0,0.0,52691.0,120662.0,1167209.0,12862200.0,2983957.0,24214562.0
2012-06-12,1501756.0,0.0,87288.0,100133.0,1905663.0,13054700.0,2227767.0,27442744.0
2012-06-13,2176169.0,20.0,73316.0,175065.0,2623921.0,11523000.0,2697873.0,32054584.0
2012-06-14,1643321.0,0.0,108441.0,202064.0,1889063.0,13004000.0,2555481.0,31520884.0
2012-06-15,5828615.0,1057.0,112465.0,312758.0,3037451.0,14798400.0,2730514.0,194406560.0
2012-06-18,2105734.0,0.0,32619.0,238621.0,1538974.0,12389500.0,3440580.0,17367400.0
2012-06-19,2039481.0,3900.0,126304.0,120102.0,1767044.0,19197200.0,3594680.0,13990460.0
2012-06-20,1694231.0,0.0,199126.0,465200.0,1735641.0,19734000.0,3870120.0,14052724.0
2012-06-21,1788541.0,3900.0,52653.0,90287.0,2102859.0,22284200.0,5196468.0,14677666.0
2012-06-22,2168322.0,0.0,38380.0,74840.0,2585962.0,32258900.0,3513195.0,12608477.0
2012-06-25,2708355.0,0.0,82816.0,79391.0,1920149.0,17011800.0,4595206.0,14148741.0
2012-06-26,1189175.0,0.0,84353.0,65702.0,1705718.0,14677700.0,2516808.0,20167348.0
2012-06-27,1465821.0,0.0,103536.0,129820.0,1626417.0,12080200.0,3910094.0,38102692.0
2012-06-28,978368.0,6660.0,67707.0,113735.0,1106940.0,13381700.0,3544654.0,15229760.0
2012-06-29,1445675.0,5900.0,257346.0,317951.0,2302592.0,23311200.0,4507098.0,15955175.0
2012-07-02,1380345.0,,,,1460624.0,12286900.0,2384824.0,12345684.0
2012-07-03,1999265.0,0.0,114719.0,149352.0,1956522.0,15699200.0,2914298.0,15937998.0
2012-07-04,821546.0,0.0,35202.0,109808.0,,,,13247196.0
2012-07-05,1604743.0,274.0,154404.0,187145.0,2042590.0,28246700.0,2834114.0,13058676.0
2012-07-06,1187131.0,0.0,30319.0,98937.0,1309529.0,26093000.0,2188858.0,6322468.0
2012-07-09,955312.0,0.0,66199.0,67618.0,897902.0,23960900.0,2635901.0,9094442.0
2012-07-10,1349198.0,1000.0,74990.0,108749.0,1630117.0,19769400.0,3469555.0,8576039.0
2012-07-11,1236282.0,200.0,89368.0,318484.0,1162134.0,23798800.0,2851499.0,7149992.0
2012-07-12,2192102.0,500.0,54846.0,279954.0,1043922.0,17779100.0,4142840.0,5343823.0
2012-07-13,1398971.0,0.0,105041.0,347347.0,1540243.0,14025500.0,2488306.0,7093321.0
2012-07-16,1205726.0,,,,965361.0,10958200.0,2130553.0,3975019.0
2012-07-17,1595111.0,0.0,137837.0,485049.0,1259199.0,13358400.0,3058109.0,9287733.0
2012-07-18,1413480.0,0.0,140695.0,202408.0,1176514.0,16508000.0,4454234.0,6211666.0
2012-07-19,1158874.0,500.0,150603.0,67556.0,1409977.0,25234300.0,3861014.0,12827558.0
2012-07-20,1384514.0,0.0,223109.0,133636.0,1303608.0,17342400.0,3212091.0,13407927.0
2012-07-23,2064679.0,0.0,74863.0,115068.0,1506196.0,19317000.0,5027821.0,10013645.0
2012-07-24,1953317.0,2419.0,37057.0,184689.0,1256027.0,18352000.0,5867033.0,8585948.0
2012-07-25,1568788.0,0.0,219689.0,155840.0,1694193.0,22861500.0,8016036.0,4552229.0
2012-07-26,1428193.0,0.0,219595.0,62316.0,1525228.0,16613200.0,7679925.0,7509668.0
2012-07-27,1249385.0,465.0,195127.0,79726.0,3334567.0,25644800.0,4635416.0,6627719.0
2012-07-30,979850.0,1548.0,60559.0,141706.0,1292611.0,11874000.0,2917373.0,9286454.0
2012-07-31,1383572.0,1750.0,133478.0,80352.0,2759474.0,10288900.0,2925179.0,6481327.0
2012-08-01,1394671.0,871.0,79783.0,75716.0,1904500.0,11980500.0,3071000.0,5216774.0
2012-08-02,3195727.0,0.0,58954.0,195168.0,2157524.0,14297100.0,3542643.0,9736931.0
2012-08-03,2337304.0,0.0,239389.0,64020.0,1773283.0,12759600.0,3690238.0,11042818.0
2012-08-06,1168446.0,331.0,106922.0,23749.0,3094231.0,17916900.0,2360343.0,10573593.0
2012-08-07,1812973.0,0.0,134638.0,28369.0,2169789.0,16070800.0,1958358.0,11651692.0
2012-08-08,1468916.0,3100.0,49505.0,57042.0,1298321.0,13751900.0,2446322.0,9142496.0
2012-08-09,1579026.0,508.0,89323.0,55252.0,1884305.0,13838600.0,1571275.0,14400917.0
2012-08-10,779409.0,0.0,88551.0,104230.0,1642488.0,12973200.0,1737320.0,7624654.0
2012-08-13,1025741.0,0.0,96912.0,78357.0,1004166.0,15196800.0,1448161.0,8657473.0
2012-08-14,968606.0,3592.0,318096.0,148537.0,1298004.0,9707000.0,1658437.0,9889484.0
2012-08-15,1268738.0,,,,1075960.0,12688700.0,2050960.0,10991093.0
2012-08-16,1628894.0,0.0,194625.0,203949.0,1199987.0,12259100.0,2169817.0,10571048.0
2012-08-17,1073539.0,0.0,162628.0,154636.0,819764.0,10833700.0,2177031.0,11495315.0
2012-08-20,1163852.0,500.0,115341.0,124251.0,1140881.0,11224500.0,1465310.0,16020049.0
2012-08-21,1568114.0,3074.0,146584.0,150568.0,1317353.0,25316700.0,1674403.0,17096834.0
2012-08-22,1552091.0,2608.0,151253.0,136340.0,1190683.0,14509400.0,1593273.0,10862913.0
2012-08-23,2237911.0,0.0,292542.0,92191.0,1641431.0,16570400.0,1981420.0,17697456.0
2012-08-24,1531941.0,3709.0,385260.0,86827.0,1121003.0,13438100.0,1932458.0,16347282.0
2012-08-27,,200.0,85642.0,200556.0,1049632.0,9021500.0,1500080.0,
2012-08-28,1475541.0,0.0,241948.0,67482.0,1970479.0,8492800.0,3362998.0,27310856.0
2012-08-29,1863313.0,286.0,245193.0,376366.0,1908412.0,11300800.0,2017018.0,22445777.0
2012-08-30,1787913.0,2827.0,316423.0,141872.0,1413995.0,11325400.0,3699463.0,14626052.0
2012-08-31,2189274.0,0.0,264176.0,219212.0,1560544.0,15413600.0,2707216.0,164004736.0
2012-09-03,1238635.0,0.0,24353.0,33398.0,,,,33140860.0
2012-09-04,2044905.0,250.0,233006.0,213385.0,1540560.0,14422100.0,2159883.0,25191096.0
2012-09-05,1614358.0,0.0,288032.0,178062.0,1385975.0,14331300.0,2263956.0,30630508.0
2012-09-06,4008864.0,0.0,238613.0,229104.0,1568580.0,16990400.0,3502315.0,41162052.0
2012-09-07,3426672.0,820.0,725146.0,327611.0,3660019.0,39537600.0,4821330.0,94664232.0
2012-09-10,2602307.0,1783.0,484948.0,172558.0,1686263.0,23345900.0,2778057.0,27646322.0
2012-09-11,1962358.0,400.0,287200.0,139345.0,1182329.0,17526200.0,3268977.0,14908370.0
2012-09-12,4835404.0,9117.0,65118.0,221442.0,1451002.0,16876000.0,2994837.0,17960083.0
2012-09-13,2071330.0,8041.0,473446.0,209169.0,2537324.0,28796400.0,3720396.0,17811028.0
2012-09-14,5372870.0,7460.0,374836.0,233181.0,4718004.0,33359300.0,7680043.0,35845479.0
2012-09-17,1816602.0,,,,1877115.0,17891200.0,2627978.0,10984895.0
2012-09-18,2052325.0,,,,1548807.0,14863100.0,2662393.0,14571290.0
2012-09-19,1384622.0,,,,2064371.0,12857400.0,2559738.0,15640493.0
2012-09-20,1884929.0,1600.0,314194.0,1230767.0,3296925.0,18160100.0,2340593.0,21830816.0
2012-09-21,1870017.0,1500.0,122990.0,262905.0,6911689.0,17261900.0,2006492.0,36139631.0
2012-09-24,2710873.0,0.0,363980.0,139409.0,2939646.0,11815400.0,1870487.0,15838170.0
2012-09-25,1436202.0,0.0,100710.0,172789.0,2516283.0,17964700.0,2835888.0,16378406.0
2012-09-26,1926329.0,3125.0,95495.0,209365.0,1959905.0,22612000.0,3127768.0,17381805.0
2012-09-27,1588815.0,2000.0,541905.0,272524.0,1419810.0,12040800.0,2901408.0,16524758.0
2012-09-28,1847940.0,0.0,532510.0,291976.0,1311115.0,13282100.0,2378437.0,19441988.0
2012-10-01,1530063.0,304.0,169385.0,167411.0,1568262.0,11764300.0,2282642.0,28201068.0
2012-10-02,2254907.0,0.0,135408.0,268406.0,1781319.0,14302500.0,1946414.0,14509929.0
2012-10-03,1500897.0,0.0,246200.0,233754.0,1818432.0,12414100.0,2477307.0,19587428.0
2012-10-04,1269363.0,0.0,195651.0,82631.0,1984013.0,17487100.0,3254075.0,26253102.0
2012-10-05,1918052.0,0.0,277922.0,76811.0,1551662.0,14359700.0,2735481.0,20256524.0
2012-10-08,1715890.0,0.0,196220.0,173455.0,1749704.0,11299700.0,2505928.0,13019954.0
2012-10-09,1827833.0,0.0,237811.0,84598.0,1772437.0,14075900.0,2541407.0,12938361.0
2012-10-10,1829528.0,400.0,141213.0,170449.0,1842328.0,15809500.0,2329357.0,9269931.0
2012-10-11,2182792.0,0.0,484619.0,348662.0,1815048.0,15433000.0,2500961.0,11652126.0
2012-10-12,2823293.0,0.0,112544.0,123069.0,1213944.0,11989200.0,1467675.0,10980170.0
2012-10-15,1788484.0,,,,1388619.0,11265300.0,1843641.0,14912247.0
2012-10-16,1996738.0,12000.0,325455.0,234208.0,1678544.0,13318800.0,3319831.0,21223502.0
2012-10-17,2166520.0,25604.0,208334.0,221134.0,3074881.0,16280700.0,5843498.0,24080891.0
2012-10-18,1869671.0,0.0,238518.0,167179.0,1861783.0,16643400.0,3319831.0,18419480.0
2012-10-19,1307684.0,3594.0,157919.0,91268.0,3388280.0,15144400.0,4256257.0,12686006.0
2012-10-22,1191629.0,0.0,101838.0,66169.0,1637625.0,20965800.0,2789883.0,16068364.0
2012-10-23,2094441.0,0.0,56645.0,99910.0,1939287.0,18250900.0,4286533.0,13764453.0
2012-10-24,1900422.0,0.0,163794.0,100888.0,2198338.0,12183100.0,2362472.0,9563601.0
2012-10-25,1389023.0,0.0,51697.0,162088.0,2312743.0,16107700.0,2499305.0,16044144.0
2012-10-26,1697999.0,1000.0,67367.0,119634.0,4734182.0,10745100.0,2416164.0,16161564.0
2012-10-29,1555031.0,40.0,86634.0,139079.0,,,,9433189.0
2012-10-30,1420993.0,8820.0,35019.0,98129.0,,,,10097728.0
2012-10-31,1690704.0,7604.0,68398.0,210064.0,3269328.0,8207000.0,1782616.0,11380581.0
2012-11-01,1957960.0,,,,2288001.0,16604200.0,3562866.0,15000316.0
2012-11-02,2056672.0,,,,2559106.0,14428900.0,2490198.0,18979640.0
2012-11-05,1123553.0,2700.0,112674.0,120446.0,3319129.0,8491300.0,3082117.0,9056610.0
2012-11-06,1379178.0,3000.0,544382.0,231420.0,3232427.0,11706900.0,2462288.0,7193382.0
2012-11-07,1373524.0,513.0,255169.0,149615.0,2771210.0,17036800.0,3304220.0,13441295.0
2012-11-08,1436492.0,4555.0,158610.0,138179.0,1887371.0,13015000.0,3358031.0,13112654.0
2012-11-09,1249118.0,36534.0,95450.0,223128.0,1726971.0,13043900.0,2859423.0,9282532.0
2012-11-12,830100.0,0.0,196421.0,46809.0,1053015.0,8374200.0,1532248.0,8331489.0
2012-11-13,1646767.0,0.0,155944.0,151369.0,1676747.0,9910100.0,2092945.0,17308288.0
2012-11-14,1671362.0,0.0,53503.0,187625.0,2283454.0,15099700.0,3130133.0,11835512.0
2012-11-15,1914871.0,0.0,98713.0,166723.0,2016791.0,10944000.0,2710409.0,38916424.0
2012-11-16,3095948.0,0.0,131043.0,132074.0,1977880.0,21354900.0,3501723.0,15024455.0
2012-11-19,2662322.0,16505.0,167126.0,257697.0,1914122.0,15859600.0,3133090.0,13692632.0
2012-11-20,1720311.0,138.0,57230.0,115633.0,1753087.0,13896200.0,3228530.0,55826055.0
2012-11-21,926809.0,4361.0,55123.0,1392941.0,2376290.0,8835200.0,2086676.0,17395646.0
2012-11-22,486018.0,0.0,39629.0,285154.0,,,,26888947.0
2012-11-23,655850.0,0.0,34740.0,474981.0,1257507.0,4973600.0,726623.0,18904366.0
2012-11-26,840070.0,0.0,32749.0,225128.0,2243487.0,12725800.0,1878529.0,9600304.0
2012-11-27,957889.0,0.0,77457.0,377468.0,1550287.0,8231600.0,2146637.0,17128944.0
2012-11-28,877086.0,0.0,117289.0,228092.0,1270830.0,11767000.0,2596637.0,10720280.0
2012-11-29,1662324.0,5994.0,192921.0,252689.0,1415687.0,12437900.0,2284180.0,11029008.0
2012-11-30,1798889.0,4808.0,160726.0,269207.0,2116076.0,8290800.0,2257688.0,13410593.0
2012-12-03,1265006.0,0.0,149650.0,107587.0,1141939.0,10310300.0,1275612.0,5897801.0
2012-12-04,778459.0,110.0,366268.0,143538.0,1518461.0,10069700.0,1796926.0,5975566.0
2012-12-05,1160764.0,0.0,210364.0,123004.0,3548469.0,153828000.0,4387532.0,13427907.0
2012-12-06,2360263.0,0.0,279652.0,123832.0,2249619.0,84815000.0,2041144.0,14301672.0
2012-12-07,2213017.0,24210.0,200593.0,124946.0,2228895.0,63939000.0,1620947.0,18446912.0
2012-12-10,1463504.0,0.0,176960.0,78869.0,1605375.0,32373500.0,3386414.0,8306349.0
2012-12-11,1544583.0,8361.0,623089.0,254248.0,2869967.0,23952900.0,3623537.0,10233274.0
2012-12-12,857348.0,7878.0,210657.0,166337.0,3180299.0,32419000.0,2507583.0,13649486.0
2012-12-13,1022238.0,1000.0,153459.0,105148.0,1874260.0,19035700.0,3707387.0,7867679.0
2012-12-14,1239705.0,1900.0,294922.0,90189.0,1989088.0,33485900.0,2712419.0,16803840.0
2012-12-17,1165678.0,8448.0,109911.0,104277.0,2135848.0,18613500.0,2812590.0,16754610.0
2012-12-18,1416043.0,4081.0,131425.0,258005.0,2060882.0,27611800.0,3259989.0,14158654.0
2012-12-19,1053027.0,0.0,134433.0,207069.0,1821815.0,20787200.0,3475823.0,19140590.0
2012-12-20,1151333.0,114.0,125011.0,52731.0,1913699.0,18647800.0,3066861.0,10306862.0
2012-12-21,1971972.0,2114.0,84211.0,56454.0,3166448.0,19393600.0,1994784.0,19698512.0
2012-12-24,370930.0,1355.0,28895.0,11024.0,599201.0,5948700.0,683693.0,3081803.0
2012-12-26,,9998.0,96258.0,323045.0,1151772.0,11011100.0,1064035.0,
2012-12-27,940851.0,10000.0,154116.0,80280.0,1094781.0,13342400.0,1803904.0,8653245.0
2012-12-28,661635.0,0.0,350763.0,265172.0,1105883.0,12388700.0,2342958.0,7431936.0
2012-12-31,224145.0,,,,1532101.0,16225200.0,2576887.0,4859762.0
2013-01-02,1585210.0,0.0,215049.0,344461.0,2266220.0,19780600.0,2415100.0,24401668.0
2013-01-03,846783.0,0.0,252077.0,348510.0,1739553.0,14675800.0,2418648.0,11179827.0
2013-01-04,1442084.0,5700.0,242423.0,187545.0,1529775.0,12812400.0,2257925.0,11297345.0
2013-01-07,936217.0,1000.0,428511.0,188817.0,1659300.0,13719700.0,3327755.0,9513343.0
2013-01-08,1977832.0,0.0,551427.0,193597.0,1571329.0,15176300.0,1795980.0,9256087.0
2013-01-09,2648077.0,0.0,697337.0,162739.0,2904648.0,10595200.0,2199620.0,12377229.0
2013-01-10,2163094.0,818.0,335677.0,125684.0,1619227.0,18755400.0,4009319.0,14534909.0
2013-01-11,1539824.0,1570.0,219654.0,245883.0,1438314.0,19070700.0,2764101.0,15799297.0
2013-01-14,907760.0,4126.0,275030.0,156809.0,1859563.0,11452900.0,2178805.0,8896410.0
2013-01-15,774073.0,0.0,169829.0,187793.0,2101167.0,9283100.0,1745244.0,16341042.0
2013-01-16,1390342.0,500.0,198890.0,221990.0,1636567.0,11273700.0,1985205.0,21817971.0
2013-01-17,1444296.0,1200.0,221517.0,135066.0,1951763.0,13449600.0,1935888.0,22419515.0
2013-01-18,1231216.0,0.0,171415.0,203074.0,1977034.0,16631200.0,2291985.0,13492268.0
2013-01-21,1598527.0,0.0,55449.0,45343.0,,,,5534366.0
2013-01-22,1301401.0,0.0,29316.0,139564.0,2240949.0,28594800.0,2811407.0,7816617.0
2013-01-23,1273542.0,0.0,112332.0,140936.0,2345944.0,12277800.0,3002998.0,10867755.0
2013-01-24,922545.0,0.0,311571.0,91774.0,3276624.0,13212000.0,2211801.0,12169193.0
2013-01-25,1452623.0,0.0,105258.0,307417.0,2147585.0,13130400.0,1615388.0,19127472.0
2013-01-28,1098145.0,0.0,122365.0,162776.0,4318537.0,9991200.0,1517819.0,12214185.0
2013-01-29,1499274.0,1494.0,99639.0,389786.0,3118761.0,12531500.0,1776939.0,11774262.0
2013-01-30,5959375.0,147.0,173157.0,311132.0,2312214.0,16230600.0,1748792.0,10265061.0
2013-01-31,3349359.0,2200.0,111717.0,255403.0,2127812.0,9909900.0,1769607.0,13420764.0
2013-02-01,1533380.0,7029.0,276471.0,142275.0,2105714.0,12494200.0,1862682.0,14947324.0
2013-02-04,2150295.0,2445.0,78169.0,174890.0,1516029.0,9299600.0,2060303.0,9803428.0
2013-02-05,2171427.0,0.0,240762.0,214464.0,1852478.0,11464800.0,1691197.0,12571292.0
2013-02-06,2151725.0,1550.0,215215.0,254745.0,2138597.0,16939500.0,1715441.0,7713361.0
2013-02-07,1947667.0,1577.0,160930.0,286902.0,1272521.0,11635800.0,1403220.0,5905790.0
2013-02-08,1918718.0,0.0,174457.0,654320.0,1850046.0,11768300.0,1597057.0,6180899.0
2013-02-11,932887.0,0.0,145840.0,92384.0,1538762.0,8358500.0,1036006.0,5372677.0
2013-02-12,1564730.0,0.0,66836.0,177736.0,1165835.0,8929000.0,1670973.0,8063499.0
2013-02-13,1527655.0,150.0,198964.0,230048.0,1364934.0,8276900.0,1594101.0,14529075.0
2013-02-14,1499845.0,0.0,65413.0,233896.0,1425626.0,7877400.0,2763037.0,10111468.0
2013-02-15,2235452.0,0.0,27014.0,114370.0,1278125.0,13721600.0,1694153.0,12463304.0
2013-02-18,1627063.0,941.0,33398.0,14325.0,,,,6500269.0
2013-02-19,2498620.0,0.0,46020.0,283674.0,3157355.0,17644800.0,2809633.0,8619480.0
2013-02-20,2183931.0,0.0,61391.0,170553.0,3172686.0,34355300.0,5811212.0,19006290.0
2013-02-21,3162520.0,0.0,94542.0,284007.0,2319299.0,20612700.0,4609516.0,21872824.0
2013-02-22,3134623.0,0.0,115915.0,409352.0,1928185.0,18166000.0,2164732.0,19974128.0
2013-02-25,2395546.0,0.0,111347.0,223912.0,2478959.0,16252600.0,3416927.0,20437624.0
2013-02-26,2079838.0,0.0,129363.0,189894.0,3715530.0,15395100.0,2122038.0,17758914.0
2013-02-27,1642534.0,0.0,104519.0,253803.0,1457558.0,10862300.0,2416519.0,10439131.0
2013-02-28,2011962.0,0.0,103619.0,419254.0,2132148.0,11965200.0,2934404.0,19132620.0
2013-03-01,2137393.0,0.0,47584.0,185474.0,2114278.0,14303700.0,4109726.0,28600193.0
2013-03-04,2993316.0,450.0,70409.0,107120.0,2029373.0,15432500.0,2619463.0,29620479.0
2013-03-05,2236654.0,66.0,102731.0,200753.0,2059296.0,15877700.0,2567544.0,28449332.0
2013-03-06,1596794.0,0.0,52606.0,491205.0,1769371.0,23477100.0,4040777.0,11077739.0
2013-03-07,2920003.0,1256.0,46717.0,286222.0,1503130.0,14528400.0,1866230.0,11914134.0
2013-03-08,2035894.0,962.0,63229.0,161871.0,1295254.0,13861700.0,2104416.0,11448230.0
2013-03-11,2784027.0,929.0,88901.0,196606.0,1574712.0,9578000.0,1713667.0,6996633.0
2013-03-12,4914863.0,0.0,103748.0,115277.0,1260150.0,13246400.0,2261709.0,9661540.0
2013-03-13,3620538.0,0.0,187911.0,187217.0,1843914.0,11160400.0,2696217.0,12828027.0
2013-03-14,2451039.0,0.0,178109.0,200089.0,1787768.0,10956400.0,4421474.0,13041500.0
2013-03-15,3587897.0,0.0,319449.0,134791.0,2639359.0,15165000.0,2713957.0,26524056.0
2013-03-18,1866049.0,0.0,362597.0,218206.0,2028844.0,12663600.0,2213812.0,9740904.0
2013-03-19,2326406.0,355.0,590717.0,302028.0,2154881.0,19428000.0,7471423.0,11891062.0
2013-03-20,1844623.0,0.0,330316.0,195730.0,1489807.0,10973200.0,2666532.0,11749550.0
2013-03-21,1567243.0,0.0,203434.0,162104.0,1147543.0,10981100.0,2142498.0,17152724.0
2013-03-22,1452106.0,0.0,340957.0,96012.0,1352034.0,8171500.0,1967938.0,20786559.0
2013-03-25,1756266.0,0.0,159852.0,149733.0,1639211.0,11551000.0,2394167.0,9953571.0
2013-03-26,1600801.0,0.0,299219.0,158416.0,1254652.0,9953000.0,2167925.0,10543830.0
2013-03-27,1468459.0,0.0,545202.0,228667.0,1831120.0,14497700.0,1896979.0,18915756.0
2013-03-28,3983519.0,0.0,280829.0,175156.0,2816676.0,12297900.0,3727374.0,24031496.0
2013-04-01,,0.0,100633.0,128116.0,1948486.0,12127100.0,2178805.0,
2013-04-02,2548611.0,0.0,210446.0,156816.0,2408750.0,15543900.0,2107018.0,17692546.0
2013-04-03,1978071.0,0.0,196420.0,166679.0,3327482.0,17632500.0,4599345.0,15422600.0
2013-04-04,1844625.0,0.0,207932.0,167844.0,1998921.0,25733400.0,2211092.0,13635052.0
2013-04-05,1424499.0,577.0,129433.0,268504.0,3458594.0,26990400.0,3265547.0,13190822.0
2013-04-08,3109128.0,2800.0,63517.0,80139.0,3476992.0,26989500.0,2930264.0,8968949.0
2013-04-09,2898712.0,0.0,381921.0,168167.0,2782524.0,22103700.0,6651370.0,10759474.0
2013-04-10,2698131.0,0.0,505828.0,172947.0,2099264.0,17715500.0,4067742.0,10784332.0
2013-04-11,2136366.0,0.0,227170.0,136626.0,1245242.0,13453700.0,1925954.0,7996692.0
2013-04-12,2763896.0,4000.0,79009.0,169389.0,1907566.0,19570800.0,2723063.0,8563481.0
2013-04-15,3621884.0,0.0,230621.0,179603.0,4591439.0,44719200.0,5235022.0,24425744.0
2013-04-16,2458934.0,0.0,101949.0,141681.0,2478007.0,22101300.0,3534010.0,46683176.0
2013-04-17,3360357.0,0.0,180529.0,724680.0,3930278.0,37983400.0,5967914.0,19245208.0
2013-04-18,5626630.0,0.0,126413.0,230049.0,2768990.0,26305300.0,3011986.0,16912996.0
2013-04-19,3908345.0,1625.0,85845.0,237923.0,4443516.0,20148000.0,2811762.0,18993516.0
2013-04-22,2239177.0,4450.0,126271.0,102028.0,2063208.0,16068000.0,2760553.0,18082064.0
2013-04-23,2865634.0,4711.0,142768.0,128993.0,2204470.0,19281500.0,2667951.0,15859929.0
2013-04-24,3166750.0,148.0,86167.0,149806.0,1996384.0,17907000.0,2474706.0,20371684.0
2013-04-25,3837235.0,4481.0,113952.0,155644.0,2792357.0,32724700.0,3700173.0,16542470.0
2013-04-26,2187123.0,0.0,139034.0,229625.0,2010235.0,13586000.0,1926663.0,11597345.0
2013-04-29,2018357.0,0.0,52907.0,438797.0,1459778.0,11437200.0,2145454.0,21433498.0
2013-04-30,2588436.0,1000.0,78460.0,420777.0,1994903.0,12610400.0,4041132.0,66037723.0
2013-05-01,2456773.0,,,,2018165.0,18418100.0,2346624.0,7806092.0
2013-05-02,2509316.0,3000.0,720815.0,244235.0,1839261.0,12105600.0,2139186.0,36333148.0
2013-05-03,3910027.0,5000.0,162183.0,316420.0,2630794.0,17575300.0,4471973.0,68066163.0
2013-05-06,,0.0,36808.0,337123.0,1964134.0,13712100.0,2212156.0,
2013-05-07,3484617.0,100.0,176911.0,310038.0,2192734.0,17262200.0,3086848.0,42285148.0
2013-05-08,2799497.0,200.0,254684.0,732882.0,2343300.0,23735900.0,3544062.0,23414728.0
2013-05-09,1655035.0,0.0,68207.0,484141.0,1831014.0,28125300.0,3278793.0,15386834.0
2013-05-10,2518718.0,406.0,134218.0,193444.0,1252009.0,15378100.0,2522840.0,23595690.0
2013-05-13,2516238.0,1245.0,120077.0,198628.0,1549759.0,14133500.0,1911407.0,23863678.0
2013-05-14,2460412.0,0.0,202504.0,196191.0,1682033.0,17590400.0,3405219.0,22061164.0
2013-05-15,2230593.0,24133.0,1103109.0,157426.0,1866541.0,20995100.0,3603668.0,20433480.0
2013-05-16,1614033.0,4326.0,112868.0,97109.0,1682033.0,18827600.0,3309305.0,18320164.0
2013-05-17,1971459.0,0.0,99776.0,578976.0,2062891.0,16151000.0,2725547.0,27176574.0
2013-05-20,1228802.0,500.0,171954.0,110000.0,1671354.0,26038500.0,2747899.0,16076607.0
2013-05-21,3237109.0,,,,1455020.0,21243900.0,2693970.0,31459644.0
2013-05-22,3870380.0,69006.0,221899.0,293114.0,2412134.0,21351000.0,3645652.0,31349737.0
2013-05-23,2719569.0,0.0,240625.0,202823.0,3048025.0,19152100.0,2940199.0,30564526.0
2013-05-24,1909085.0,0.0,229678.0,130145.0,1764084.0,12674600.0,1861144.0,18720360.0
2013-05-27,,0.0,260835.0,57629.0,,,,
2013-05-28,2351046.0,0.0,365006.0,243545.0,1262794.0,15759500.0,2559502.0,17411140.0
2013-05-29,2359871.0,0.0,347488.0,180279.0,1958425.0,13449000.0,3358504.0,17473188.0
2013-05-30,2142526.0,2000.0,334408.0,255606.0,2051260.0,35562300.0,2332077.0,17670952.0
2013-05-31,1871449.0,372.0,160713.0,338158.0,2306187.0,16162200.0,2272353.0,35974876.0
2013-06-03,1728171.0,0.0,140741.0,184369.0,1421291.0,18676900.0,2603142.0,16249771.0
2013-06-04,1242571.0,500.0,356538.0,87648.0,1497526.0,18514000.0,1946650.0,14237011.0
2013-06-05,1503353.0,230.0,416988.0,63440.0,1297263.0,15589300.0,4368255.0,23174930.0
2013-06-06,2548616.0,24000.0,273904.0,79794.0,1761863.0,16621600.0,3011631.0,18892396.0
2013-06-07,2344012.0,8610.0,176577.0,208343.0,1519942.0,25197500.0,3124220.0,23722262.0
2013-06-10,2038698.0,250.0,249588.0,259830.0,1730143.0,25711000.0,2329476.0,18865144.0
2013-06-11,4097966.0,0.0,212145.0,253478.0,3585687.0,30029400.0,4612118.0,37866984.0
2013-06-12,1971502.0,0.0,100215.0,118302.0,2581416.0,15059400.0,1877701.0,20396354.0
2013-06-13,2087363.0,0.0,293719.0,199450.0,2340340.0,15225000.0,3956454.0,25234771.0
2013-06-14,2125028.0,1790.0,70234.0,81031.0,1897416.0,12986700.0,2758070.0,25387617.0
2013-06-17,1501281.0,0.0,336126.0,108865.0,1892446.0,11306500.0,2448451.0,18859544.0
2013-06-18,2396324.0,0.0,311033.0,191397.0,1040222.0,9177800.0,3167741.0,16272511.0
2013-06-19,2658005.0,1610.0,274479.0,126299.0,1863158.0,14907300.0,2838135.0,18282728.0
2013-06-20,3704468.0,0.0,235365.0,145144.0,2305870.0,30751200.0,5164063.0,28375410.0
2013-06-21,4172177.0,0.0,209377.0,123867.0,2685036.0,33272600.0,3917072.0,54963164.0
2013-06-24,2564809.0,1000.0,147028.0,122659.0,2948422.0,40725200.0,3457965.0,25965028.0
2013-06-25,1817908.0,72.0,251983.0,182323.0,2696138.0,28282000.0,2016190.0,23985852.0
2013-06-26,2398453.0,0.0,139618.0,221093.0,1658666.0,16369400.0,3104706.0,31201812.0
2013-06-27,2925157.0,10041.0,218146.0,378892.0,2180151.0,12327200.0,2621118.0,22638542.0
2013-06-28,2756966.0,6369.0,281524.0,964546.0,2549378.0,16305500.0,3372341.0,26953262.0
2013-07-01,2903788.0,9906.0,140358.0,351110.0,2202356.0,16032800.0,2628214.0,20639738.0
2013-07-02,2707994.0,5974.0,167580.0,316455.0,1951975.0,15605800.0,1818332.0,15684222.0
2013-07-03,1445752.0,929.0,137968.0,194629.0,1132528.0,6373700.0,1890237.0,21772866.0
2013-07-04,1359974.0,478.0,228169.0,61046.0,,,,19562104.0
2013-07-05,2160562.0,0.0,357230.0,181380.0,1178312.0,11420500.0,2367912.0,34245063.0
2013-07-08,1458576.0,30.0,158468.0,94380.0,1735852.0,9132000.0,1519475.0,20132284.0
2013-07-09,1458929.0,10478.0,683675.0,421657.0,1776666.0,11324900.0,2923641.0,21592372.0
2013-07-10,2495404.0,0.0,469260.0,328242.0,1664270.0,11672000.0,2362472.0,21417844.0
2013-07-11,2518406.0,0.0,829518.0,613909.0,1996701.0,21355500.0,4084063.0,40335412.0
2013-07-12,1419661.0,11664.0,313307.0,297281.0,1646401.0,12043800.0,3436441.0,25891643.0
2013-07-15,1999861.0,4421.0,304246.0,46504.0,1641748.0,7406100.0,1229606.0,29028972.0
2013-07-16,2968144.0,,,,1371595.0,8447300.0,2184127.0,24886296.0
2013-07-17,1667928.0,4171.0,859584.0,590501.0,2024509.0,11972200.0,2633891.0,23391920.0
2013-07-18,1369755.0,0.0,705015.0,352686.0,1581902.0,10587500.0,1769488.0,22540156.0
2013-07-19,1962506.0,0.0,239164.0,84171.0,1712379.0,11489600.0,1835244.0,18068300.0
2013-07-22,1302373.0,0.0,397776.0,206956.0,1532418.0,17113500.0,2427163.0,15758088.0
2013-07-23,1464797.0,0.0,286347.0,160451.0,2256598.0,22782900.0,2961250.0,34985308.0
2013-07-24,3169397.0,0.0,504390.0,217743.0,1915073.0,23491900.0,2460277.0,47107862.0
2013-07-25,2346616.0,0.0,131571.0,393250.0,1777829.0,9719000.0,2531946.0,16602355.0
2013-07-26,1941174.0,7400.0,270657.0,342548.0,1219654.0,13222900.0,1235283.0,15849384.0
2013-07-29,1513926.0,2600.0,359642.0,440841.0,1076171.0,8984900.0,1994193.0,15361435.0
2013-07-30,1896656.0,9898.0,479780.0,1854579.0,2482976.0,13022200.0,2349462.0,11807822.0
2013-07-31,3709419.0,0.0,183958.0,1273589.0,4023008.0,13703900.0,2511368.0,14467227.0
2013-08-01,1853901.0,121000.0,584735.0,606973.0,3451721.0,14409200.0,1365139.0,24545452.0
2013-08-02,2387747.0,4549.0,295361.0,608699.0,3591714.0,10542100.0,1144455.0,14562777.0
2013-08-05,1074447.0,0.0,234309.0,483499.0,1827948.0,8386600.0,1118437.0,11594858.0
2013-08-06,2273930.0,4646.0,409698.0,736909.0,1803311.0,13932600.0,1877228.0,29292750.0
2013-08-07,1554254.0,4621.0,233357.0,437735.0,1596811.0,18533600.0,1823063.0,20503400.0
2013-08-08,1718679.0,0.0,803094.0,144452.0,2825875.0,27944600.0,4280738.0,25697800.0
2013-08-09,3426899.0,0.0,364655.0,913508.0,3985260.0,27434900.0,5043669.0,40775222.0
2013-08-12,1892083.0,0.0,328892.0,231606.0,3260552.0,13936800.0,3427452.0,24479016.0
2013-08-13,1895847.0,3812.0,308001.0,130907.0,2569679.0,14641800.0,1898516.0,29894853.0
2013-08-14,1430739.0,0.0,238023.0,123314.0,2618106.0,12594600.0,1460342.0,23197159.0
2013-08-15,1813752.0,,,,3192670.0,15278300.0,2111985.0,24469924.0
2013-08-16,2752191.0,14000.0,93507.0,53706.0,2377030.0,15290300.0,1546794.0,23890954.0
2013-08-19,2220759.0,0.0,164587.0,152235.0,1248943.0,11365300.0,1500316.0,18724581.0
2013-08-20,2098565.0,0.0,341427.0,241806.0,1163614.0,9139600.0,3437505.0,28573544.0
2013-08-21,1970811.0,0.0,156692.0,262529.0,1769265.0,12524800.0,4083826.0,32687132.0
2013-08-22,3112939.0,0.0,565929.0,197200.0,1337126.0,12356300.0,2756769.0,28718543.0
2013-08-23,2003927.0,0.0,402767.0,127730.0,1250952.0,10774600.0,1858542.0,25469030.0
2013-08-26,,0.0,415075.0,140713.0,1018546.0,10218700.0,1530356.0,
2013-08-27,4547846.0,1000.0,180746.0,127318.0,1674843.0,14275000.0,2200093.0,31033756.0
2013-08-28,3212543.0,4715.0,458301.0,140795.0,1331733.0,8945800.0,2941145.0,17308483.0
2013-08-29,3027845.0,4317.0,109783.0,120577.0,1535273.0,8325900.0,1741341.0,16126812.0
2013-08-30,2590815.0,30000.0,117076.0,145121.0,2210286.0,7379000.0,1196610.0,50680984.0
2013-09-02,1451056.0,0.0,187614.0,19117.0,,,,15702270.0
2013-09-03,1828926.0,345.0,140594.0,474218.0,1811347.0,13446600.0,1719462.0,13708864.0
2013-09-04,1323260.0,2000.0,560200.0,138695.0,2149382.0,9288800.0,1761683.0,15477341.0
2013-09-05,1887533.0,10051.0,283717.0,197915.0,1168795.0,9924000.0,1044994.0,18308920.0
2013-09-06,2009276.0,57065.0,283717.0,197915.0,1293668.0,8692200.0,1480802.0,20200878.0
2013-09-09,979380.0,9000.0,141020.0,404547.0,1565196.0,9349900.0,1505047.0,19337648.0
2013-09-10,1838333.0,0.0,141020.0,404547.0,1313758.0,12393700.0,1833588.0,40241470.0
2013-09-11,1206713.0,4833.0,530133.0,485324.0,1603895.0,17428200.0,1308489.0,37968710.0
2013-09-12,1524336.0,0.0,170705.0,172502.0,1369481.0,19501500.0,1395060.0,36865960.0
2013-09-13,1315153.0,0.0,112825.0,465444.0,1745369.0,15728800.0,1604272.0,30436488.0
2013-09-16,1784937.0,0.0,158841.0,172838.0,2586491.0,11885600.0,1163733.0,18479990.0
2013-09-17,1579913.0,4300.0,100087.0,104009.0,1693558.0,11004100.0,945887.0,34333544.0
2013-09-18,2309268.0,,,,2611973.0,21077900.0,3223681.0,19099572.0
2013-09-19,2488792.0,,,,2008120.0,15129300.0,2728503.0,36696284.0
2013-09-20,2668600.0,,,,1495622.0,20262300.0,1668726.0,102061792.0
2013-09-23,1123311.0,0.0,239600.0,284568.0,1408814.0,13712100.0,1671328.0,13765163.0
2013-09-24,1044313.0,2000.0,239600.0,284568.0,1561390.0,9879000.0,1550461.0,15356949.0
2013-09-25,1148015.0,0.0,87683.0,164951.0,2199289.0,10087000.0,1443076.0,18171402.0
2013-09-26,1249776.0,210000.0,368066.0,65106.0,1021612.0,5762300.0,1167162.0,21560962.0
2013-09-27,2446845.0,0.0,368066.0,65106.0,1798976.0,7682600.0,1647793.0,24055984.0
2013-09-30,1432218.0,0.0,183718.0,93486.0,2246870.0,11518400.0,1519830.0,21007534.0
2013-10-01,1404055.0,0.0,183718.0,93486.0,1309846.0,8634200.0,1514153.0,22657448.0
2013-10-02,1448103.0,0.0,151458.0,85322.0,2260827.0,9197200.0,1256807.0,16786312.0
2013-10-03,1541377.0,0.0,69089.0,264635.0,1870030.0,8921700.0,1280815.0,10992176.0
2013-10-04,1291711.0,0.0,163700.0,150217.0,1663741.0,19967500.0,1439528.0,10306217.0
2013-10-07,1055139.0,0.0,61864.0,164670.0,970225.0,11092900.0,1161840.0,12750744.0
2013-10-08,2728347.0,0.0,230808.0,268552.0,1429961.0,10023600.0,1823417.0,15050413.0
2013-10-09,2259089.0,0.0,137070.0,82133.0,2293076.0,10921500.0,2057347.0,15752832.0
2013-10-10,1232581.0,0.0,137070.0,82133.0,1448465.0,10163400.0,1921105.0,17704956.0
2013-10-11,1449483.0,2000.0,88748.0,208472.0,1158116.0,9036800.0,1284245.0,21701788.0
2013-10-14,1321689.0,433.0,221090.0,42427.0,1960434.0,9174900.0,1623904.0,18923352.0
2013-10-15,1797281.0,769.0,269789.0,265464.0,2159110.0,10693000.0,3119962.0,18587416.0
2013-10-16,1569162.0,0.0,120622.0,347420.0,1151349.0,9633500.0,1611840.0,19579226.0
2013-10-17,1431187.0,0.0,75832.0,203861.0,1364194.0,14631000.0,1333444.0,14088137.0
2013-10-18,1031092.0,0.0,117533.0,67461.0,1061157.0,15429400.0,1710356.0,21181336.0
2013-10-21,1245365.0,286.0,43060.0,353813.0,1101231.0,9665900.0,1691315.0,11309286.0
2013-10-22,1306609.0,0.0,165969.0,349956.0,2305553.0,28641100.0,2463470.0,19136180.0
2013-10-23,2220555.0,0.0,165969.0,349956.0,1340615.0,17167000.0,1652879.0,20017964.0
2013-10-24,1636498.0,0.0,169704.0,282491.0,1200304.0,19444400.0,1444850.0,18185360.0
2013-10-25,995271.0,0.0,145410.0,59039.0,1256133.0,10731600.0,1117491.0,21390146.0
2013-10-28,1704676.0,0.0,90481.0,202369.0,2319087.0,10693100.0,1185966.0,27858132.0
2013-10-29,1800371.0,0.0,92299.0,108167.0,1911796.0,10793000.0,652707.0,14085008.0
2013-10-30,1323417.0,0.0,156766.0,160330.0,1463162.0,12543500.0,1316177.0,22274702.0
2013-10-31,2530415.0,,,,1864109.0,12084600.0,1327885.0,30754336.0
2013-11-01,2346089.0,,,,1789249.0,10319200.0,2090816.0,28108884.0
2013-11-04,1635254.0,0.0,134759.0,157096.0,1428798.0,10318200.0,1277977.0,20245732.0
2013-11-05,2329833.0,3473.0,283773.0,72394.0,1854910.0,8581700.0,1387727.0,25151872.0
2013-11-06,2808793.0,0.0,283773.0,68900.0,2229107.0,8210800.0,1258463.0,16846768.0
2013-11-07,2274294.0,0.0,185128.0,148029.0,1529775.0,17185000.0,1712839.0,45944063.0
2013-11-08,1790727.0,0.0,34366.0,40778.0,2643905.0,9522600.0,1161840.0,23510826.0
2013-11-11,1651477.0,0.0,103103.0,138370.0,1422665.0,8353000.0,1053036.0,11652074.0
2013-11-12,2771581.0,1093.0,258424.0,143942.0,1560015.0,9000700.0,1909751.0,16588323.0
2013-11-13,1978533.0,454.0,258424.0,143942.0,3415560.0,11278700.0,1283417.0,34173728.0
2013-11-14,4094848.0,0.0,94071.0,88307.0,2194214.0,7370500.0,1038844.0,29243109.0
2013-11-15,2008706.0,0.0,123256.0,747367.0,1630117.0,11872100.0,1697701.0,22632484.0
2013-11-18,1296404.0,0.0,80626.0,117503.0,2211449.0,8348700.0,1326939.0,13780138.0
2013-11-19,1541842.0,1071.0,123859.0,129930.0,2658074.0,7578600.0,1224166.0,20683422.0
2013-11-20,1322250.0,0.0,99454.0,268069.0,2658602.0,8325100.0,1376729.0,22936792.0
2013-11-21,1776904.0,37540.0,61584.0,151658.0,1982744.0,7835700.0,1510960.0,20270124.0
2013-11-22,2167529.0,2345.0,88299.0,100791.0,2606898.0,9325400.0,1543956.0,20399728.0
2013-11-25,1819026.0,40.0,176654.0,196540.0,2064477.0,10194800.0,1062852.0,14432622.0
2013-11-26,1709767.0,2000.0,187838.0,168669.0,3191507.0,10917100.0,1422379.0,45014032.0
2013-11-27,1535452.0,0.0,187838.0,168669.0,2203413.0,12287000.0,1426400.0,16992672.0
2013-11-28,1345924.0,70030.0,78379.0,51974.0,,,,14824695.0
2013-11-29,2696126.0,0.0,82951.0,371748.0,1299907.0,5404200.0,1259764.0,14497573.0
2013-12-02,1722028.0,0.0,169800.0,63824.0,2355566.0,9770100.0,2084311.0,23409816.0
2013-12-03,3094063.0,0.0,114165.0,76529.0,2202250.0,8736800.0,2542827.0,25740912.0
2013-12-04,1775474.0,1514.0,86425.0,276521.0,2296988.0,9095500.0,2234508.0,18072216.0
2013-12-05,2067452.0,0.0,172559.0,123940.0,3231686.0,7583300.0,1433733.0,16282207.0
2013-12-06,1288694.0,0.0,101277.0,51689.0,1923321.0,7764200.0,1521604.0,18905084.0
2013-12-09,1176378.0,0.0,61067.0,440239.0,1931568.0,6652300.0,1803667.0,19326734.0
2013-12-10,1334393.0,0.0,61067.0,440239.0,3236127.0,8519800.0,1349882.0,16915399.0
2013-12-11,1074643.0,0.0,83523.0,67368.0,2973481.0,11167300.0,1722655.0,17885196.0
2013-12-12,2344329.0,0.0,179814.0,90506.0,2408645.0,9235100.0,2771315.0,23122299.0
2013-12-13,1440633.0,0.0,68729.0,86873.0,2591143.0,8882900.0,2455428.0,18887884.0
2013-12-16,1600937.0,0.0,94292.0,138944.0,2768461.0,10320100.0,1762747.0,15737884.0
2013-12-17,1433856.0,0.0,76688.0,270626.0,3002136.0,7631900.0,2328411.0,16779255.0
2013-12-18,1725908.0,0.0,170216.0,140703.0,3516748.0,9817300.0,3764273.0,17938155.0
2013-12-19,1754320.0,0.0,97459.0,116440.0,2289904.0,6625300.0,1713431.0,28658740.0
2013-12-20,2388333.0,1514.0,336405.0,213643.0,4730587.0,11194100.0,3392919.0,59070513.0
2013-12-23,922455.0,0.0,272227.0,305880.0,2031805.0,7822200.0,2687347.0,13072605.0
2013-12-24,144965.0,0.0,24005.0,85979.0,652385.0,5220600.0,514218.0,7784803.0
2013-12-26,,170703.0,168212.0,99085.0,1335117.0,10345300.0,815677.0,
2013-12-27,844741.0,60500.0,88407.0,60067.0,1213733.0,9025500.0,1362419.0,13510329.0
2013-12-30,581119.0,0.0,68194.0,244712.0,2274255.0,9711200.0,983141.0,10535568.0
2013-12-31,173319.0,,,,1896147.0,7097500.0,920224.0,16451055.0
2014-01-02,1229921.0,1440.0,195519.0,235558.0,3550160.0,9039700.0,1603444.0,19010184.0
2014-01-03,952973.0,0.0,85684.0,40110.0,2338542.0,7291400.0,1409015.0,14695260.0
2014-01-06,1464164.0,8624.0,154299.0,26067.0,2573168.0,9708000.0,1922051.0,15701167.0
2014-01-07,1774969.0,0.0,74117.0,33601.0,2073887.0,8727600.0,1779304.0,21325673.0
2014-01-08,1296882.0,0.0,100686.0,114514.0,2894180.0,11582800.0,971788.0,21049324.0
2014-01-09,1541019.0,0.0,203495.0,52888.0,1765247.0,10916100.0,1948306.0,21725768.0
2014-01-10,1689252.0,1578.0,52304.0,287432.0,1536542.0,9789500.0,1638923.0,38988497.0
2014-01-13,1365912.0,0.0,219938.0,162737.0,2704280.0,13955500.0,1902182.0,17541375.0
2014-01-14,1112307.0,0.0,111766.0,392942.0,2346155.0,12020000.0,2599003.0,13849749.0
2014-01-15,2472603.0,0.0,179175.0,410272.0,2474835.0,11160400.0,3084128.0,17555874.0
2014-01-16,3540838.0,0.0,273137.0,313247.0,2053269.0,10995200.0,6783591.0,30173839.0
2014-01-17,2579600.0,0.0,178692.0,306566.0,2452736.0,19267800.0,3316519.0,49449833.0
2014-01-20,1457627.0,0.0,86154.0,83962.0,,,,25886575.0
2014-01-21,2194926.0,0.0,268851.0,386773.0,2312214.0,23325400.0,2919857.0,25144904.0
2014-01-22,2231249.0,0.0,532832.0,233433.0,2045233.0,19037500.0,1650750.0,22087067.0
2014-01-23,1671856.0,0.0,483997.0,115340.0,2371109.0,17892100.0,3992998.0,24339358.0
2014-01-24,2008394.0,0.0,408026.0,119474.0,4231729.0,16303700.0,4447138.0,32590441.0
2014-01-27,1766547.0,0.0,277847.0,283144.0,3962210.0,11211500.0,3332485.0,23133941.0
2014-01-28,1824890.0,0.0,277847.0,283144.0,1853536.0,9953900.0,1744298.0,19459344.0
2014-01-29,6517131.0,0.0,343048.0,276423.0,1343681.0,14616900.0,2084548.0,33807085.0
2014-01-30,2292114.0,0.0,343048.0,276423.0,1613834.0,10607900.0,1950908.0,20506133.0
2014-01-31,2678744.0,0.0,211754.0,121661.0,2003679.0,12451400.0,1518174.0,27394017.0
2014-02-03,2139316.0,0.0,126054.0,60039.0,3960624.0,18931500.0,2487597.0,34117706.0
2014-02-04,2691180.0,0.0,157271.0,45026.0,2393948.0,12028500.0,2120146.0,29452278.0
2014-02-05,2152121.0,0.0,141884.0,136629.0,2022395.0,12729300.0,3699345.0,23891465.0
2014-02-06,1666891.0,0.0,170581.0,141184.0,1845077.0,10852800.0,2767058.0,31500431.0
2014-02-07,3526307.0,0.0,150444.0,89769.0,2865526.0,12529500.0,1882550.0,25688318.0
2014-02-10,2462433.0,0.0,113641.0,84587.0,3859330.0,9735500.0,1411026.0,14062508.0
2014-02-11,3296391.0,0.0,175533.0,109306.0,4377009.0,11299300.0,3181578.0,32098652.0
2014-02-12,3855742.0,0.0,168947.0,38981.0,3339219.0,10381700.0,2066217.0,41268682.0
2014-02-13,3191600.0,0.0,160406.0,52594.0,2479381.0,7463000.0,1577780.0,33461264.0
2014-02-14,2560084.0,0.0,75681.0,25107.0,3633797.0,8758800.0,1690842.0,25877905.0
2014-02-17,1227858.0,0.0,42653.0,18296.0,,,,28364860.0
2014-02-18,2259169.0,0.0,247345.0,78034.0,2042590.0,7050700.0,4294575.0,31792883.0
2014-02-19,1583555.0,0.0,140335.0,178962.0,2202144.0,11165700.0,1903010.0,26874399.0
2014-02-20,3262877.0,0.0,158734.0,52331.0,1362396.0,12031000.0,2642288.0,33156727.0
2014-02-21,1844194.0,242.0,103238.0,14471.0,1291342.0,9380100.0,2719633.0,35102241.0
2014-02-24,2320836.0,4.0,269561.0,82533.0,1732998.0,9155900.0,2477189.0,28271022.0
2014-02-25,3196519.0,0.0,146460.0,53962.0,2393419.0,14869100.0,4236388.0,52771357.0
2014-02-26,1422896.0,0.0,134361.0,341214.0,2668964.0,9190600.0,1292051.0,26373971.0
2014-02-27,2503323.0,0.0,103689.0,710960.0,1605481.0,5621200.0,1750566.0,27654438.0
2014-02-28,2055486.0,0.0,176858.0,362775.0,1228218.0,12450400.0,1353667.0,22978142.0
2014-03-03,4806793.0,11140.0,70153.0,147251.0,1158962.0,17342700.0,2111985.0,27223668.0
2014-03-04,2022508.0,0.0,102039.0,261853.0,2480967.0,9433400.0,1776466.0,43519662.0
2014-03-05,1550100.0,0.0,88177.0,749297.0,1682668.0,8726600.0,1997386.0,22609879.0
2014-03-06,2128690.0,0.0,160414.0,172952.0,1171439.0,6516200.0,2110684.0,27683182.0
2014-03-07,2931040.0,0.0,226755.0,167524.0,4529373.0,24873400.0,5199070.0,40645783.0
2014-03-10,3512700.0,0.0,98511.0,70491.0,3378764.0,16031400.0,2461578.0,48670961.0
2014-03-11,2956416.0,4067.0,106656.0,59265.0,3442522.0,19074900.0,2106545.0,50544799.0
2014-03-12,3914344.0,0.0,73797.0,133815.0,2457071.0,14057300.0,2090343.0,55353311.0
2014-03-13,2192805.0,4079.0,45901.0,68652.0,2858442.0,11172600.0,4238990.0,28198830.0
2014-03-14,2333124.0,0.0,67759.0,141158.0,1847826.0,13581700.0,3197899.0,51900519.0
2014-03-17,1960554.0,0.0,113151.0,126632.0,1368423.0,12495700.0,2382222.0,41471848.0
2014-03-18,3881320.0,0.0,107328.0,152094.0,1267129.0,8445700.0,1830159.0,37811343.0
2014-03-19,5540857.0,1245.0,78733.0,69515.0,2842899.0,14784300.0,3538267.0,37374666.0
2014-03-20,3050951.0,0.0,73967.0,112568.0,1485155.0,9039100.0,2196190.0,29492499.0
2014-03-21,3086513.0,0.0,168985.0,142136.0,2266114.0,23212100.0,1970185.0,50992543.0
2014-03-24,2494313.0,25687.0,191712.0,98844.0,1198507.0,10665200.0,1586532.0,21326944.0
2014-03-25,4170404.0,0.0,172206.0,39927.0,2048828.0,8909800.0,3075849.0,24206837.0
2014-03-26,3418745.0,0.0,208923.0,35445.0,2069764.0,8995400.0,4487230.0,19491247.0
2014-03-27,2181803.0,4338.0,205877.0,113657.0,1863158.0,9929200.0,1895678.0,24275456.0
2014-03-28,2171610.0,4338.0,146813.0,58005.0,2918076.0,8679100.0,2002945.0,18919576.0
2014-03-31,1454224.0,0.0,148523.0,148500.0,2227626.0,6815000.0,2597820.0,23972192.0
2014-04-01,1708254.0,0.0,151335.0,69388.0,2313483.0,6962500.0,2513970.0,21543233.0
2014-04-02,2770777.0,3047.0,88168.0,70936.0,2245390.0,10772100.0,2058884.0,24698398.0
2014-04-03,2165201.0,1047.0,319539.0,89666.0,1941084.0,8074900.0,1871197.0,19619117.0
2014-04-04,1379149.0,1100.0,147710.0,128175.0,2388026.0,9815400.0,2243378.0,22063078.0
2014-04-07,1450289.0,0.0,110657.0,107474.0,1844231.0,10664700.0,2401263.0,22850963.0
2014-04-08,2045605.0,4000.0,110657.0,107474.0,2072619.0,13391500.0,3110856.0,29137523.0
2014-04-09,1891275.0,0.0,177420.0,63091.0,2222762.0,10178800.0,2885323.0,26572575.0
2014-04-10,3305519.0,0.0,168328.0,167098.0,2222974.0,12864600.0,2333024.0,17765259.0
2014-04-11,3179816.0,0.0,210335.0,159059.0,2421333.0,7898700.0,1426873.0,19000617.0
2014-04-14,2354822.0,0.0,98315.0,66163.0,1307097.0,9738100.0,1793378.0,26938148.0
2014-04-15,2670480.0,8082.0,190825.0,142504.0,3046862.0,9316500.0,3060238.0,20558013.0
2014-04-16,1588609.0,10000.0,190825.0,142504.0,1374662.0,6410800.0,2134337.0,19029858.0
2014-04-17,3394031.0,0.0,57155.0,32767.0,740040.0,7186800.0,1194836.0,21223792.0
2014-04-21,,10500.0,43534.0,104969.0,775355.0,4828800.0,1280106.0,
2014-04-22,1589047.0,0.0,139348.0,94889.0,1541829.0,8483100.0,2201276.0,20354833.0
2014-04-23,1891008.0,0.0,71445.0,65786.0,1611931.0,7256000.0,1427465.0,13838791.0
2014-04-24,2293565.0,725.0,96937.0,85800.0,1529246.0,12376600.0,1454193.0,18143555.0
2014-04-25,2487170.0,150.0,96317.0,106923.0,1103028.0,7511700.0,1116072.0,12809795.0
2014-04-28,2008117.0,3692.0,77434.0,112884.0,1420868.0,7778300.0,2008030.0,16915695.0
2014-04-29,2827474.0,0.0,77492.0,56322.0,1285315.0,9046400.0,1308726.0,14411373.0
2014-04-30,1878427.0,0.0,137468.0,87559.0,1853959.0,6133200.0,1858779.0,55779305.0
2014-05-01,1086665.0,,,,992641.0,6567700.0,2105481.0,11042701.0
2014-05-02,2071481.0,4630.0,87109.0,46112.0,1415158.0,9087400.0,2113759.0,21762234.0
2014-05-05,,0.0,111534.0,45814.0,1938864.0,7703700.0,1271354.0,
2014-05-06,2370264.0,1097.0,75823.0,56912.0,1854593.0,6739800.0,1930684.0,23041998.0
2014-05-07,1929196.0,0.0,86485.0,30254.0,1532101.0,7313900.0,3226519.0,17291516.0
2014-05-08,1466515.0,893.0,198117.0,96857.0,2058027.0,7345100.0,1404521.0,21785805.0
2014-05-09,3322695.0,770.0,65824.0,41298.0,1856496.0,6132500.0,1680080.0,13346781.0
2014-05-12,2893903.0,0.0,255535.0,38429.0,2555616.0,9810400.0,3143260.0,23521829.0
2014-05-13,2756429.0,846.0,322388.0,41940.0,1626311.0,12955100.0,1748792.0,32914812.0
2014-05-14,2043521.0,0.0,322388.0,41940.0,2298363.0,12660500.0,2073431.0,15484680.0
2014-05-15,3086146.0,0.0,206199.0,358191.0,2162599.0,8285200.0,2041263.0,28451339.0
2014-05-16,1997175.0,9345.0,70125.0,360076.0,1517087.0,8784700.0,2054390.0,22789591.0
2014-05-19,1696984.0,0.0,124845.0,262449.0,1606961.0,5532000.0,1955284.0,15880896.0
2014-05-20,1115241.0,0.0,124845.0,262449.0,1184867.0,10030500.0,1893076.0,17376199.0
2014-05-21,2327588.0,,,,1786605.0,6907200.0,1076098.0,22220831.0
2014-05-22,1585157.0,0.0,63935.0,200501.0,1257084.0,6503600.0,1086860.0,18608213.0
2014-05-23,1218415.0,0.0,63935.0,200501.0,1615843.0,6173300.0,679317.0,9708970.0
2014-05-26,,0.0,93375.0,31136.0,,,,
2014-05-27,1482836.0,0.0,127433.0,56913.0,1824036.0,6863800.0,851393.0,13484800.0
2014-05-28,3216487.0,26000.0,189862.0,332255.0,1552402.0,8029500.0,1778595.0,13040929.0
2014-05-29,742122.0,7500.0,189862.0,332255.0,1808070.0,6381800.0,1237412.0,9597347.0
2014-05-30,1985348.0,0.0,136692.0,201584.0,2560903.0,10731300.0,3413734.0,26895835.0
2014-06-02,1059883.0,0.0,129861.0,137110.0,1195335.0,6475600.0,1641289.0,16966351.0
2014-06-03,1337682.0,0.0,168614.0,104454.0,1523008.0,4343100.0,2523194.0,19648083.0
2014-06-04,2038678.0,1214.0,168614.0,104454.0,2055490.0,8947300.0,2442301.0,17909296.0
2014-06-05,1582537.0,72306.0,281544.0,71338.0,1845077.0,7490400.0,1258700.0,17456834.0
2014-06-06,1955060.0,0.0,148601.0,29801.0,2019645.0,7249700.0,784455.0,14991097.0
2014-06-09,1138895.0,0.0,61291.0,41300.0,1619544.0,7586500.0,989173.0,7661844.0
2014-06-10,1383037.0,0.0,245776.0,150392.0,1167421.0,8408200.0,1205007.0,23752380.0
2014-06-11,1266377.0,194292.0,174534.0,82770.0,2067438.0,6362600.0,1347754.0,17178134.0
2014-06-12,3126060.0,0.0,174534.0,82770.0,1277914.0,7158400.0,2677294.0,18052987.0
2014-06-13,5958128.0,0.0,98226.0,36919.0,1208235.0,6436400.0,1323864.0,17038711.0
2014-06-16,4880195.0,31170.0,90110.0,73777.0,1033243.0,4635500.0,1679015.0,25615156.0
2014-06-17,2757118.0,0.0,160221.0,132448.0,1260045.0,5181600.0,2596874.0,28942683.0
2014-06-18,1589942.0,0.0,122741.0,41479.0,1901434.0,7674800.0,4237808.0,14871184.0
2014-06-19,1541934.0,0.0,119976.0,213157.0,1394434.0,7706400.0,2102406.0,15631287.0
2014-06-20,2233855.0,0.0,86256.0,94934.0,1165095.0,8908800.0,1712248.0,34578914.0
2014-06-23,1351253.0,0.0,33757.0,25283.0,1647564.0,13584500.0,1964863.0,21223724.0
2014-06-24,1531369.0,0.0,55504.0,101953.0,1264168.0,8812300.0,1687294.0,17175712.0
2014-06-25,1673905.0,29000.0,29357.0,52910.0,1438737.0,7313500.0,1492747.0,16681675.0
2014-06-26,1563786.0,4930.0,25028.0,58597.0,806124.0,6065100.0,1574469.0,11440969.0
2014-06-27,2372646.0,805.0,28112.0,84365.0,1274636.0,8689300.0,955704.0,14139295.0
2014-06-30,1324964.0,0.0,177664.0,122143.0,1524700.0,11345200.0,1590198.0,17601425.0
2014-07-01,3945291.0,0.0,338531.0,94009.0,1853430.0,11556400.0,1914245.0,28030380.0
2014-07-02,4616127.0,0.0,203607.0,74219.0,2782947.0,14137300.0,1921223.0,20888260.0
2014-07-03,6676894.0,0.0,252908.0,26235.0,2587231.0,12172000.0,2708990.0,32778968.0
2014-07-04,2234566.0,0.0,86019.0,6380.0,,,,17007921.0
2014-07-07,1953859.0,0.0,71157.0,48549.0,3597213.0,12834200.0,2638030.0,19619970.0
2014-07-08,2819501.0,0.0,174739.0,58465.0,3017361.0,12041400.0,1325638.0,33021325.0
2014-07-09,1700904.0,461.0,174739.0,58465.0,1716080.0,11054500.0,1764403.0,19760940.0
2014-07-10,2274799.0,0.0,249629.0,37179.0,2141981.0,13141400.0,1270999.0,25848384.0
2014-07-11,1403430.0,0.0,108356.0,104688.0,1935797.0,9705600.0,1723365.0,16573529.0
2014-07-14,1908220.0,0.0,162480.0,114998.0,1444975.0,6388400.0,2559029.0,21421790.0
2014-07-15,1698888.0,0.0,44913.0,213388.0,1791258.0,11065000.0,2119436.0,23897997.0
2014-07-16,2005380.0,,,,1777406.0,8486700.0,3502433.0,43866110.0
2014-07-17,1453401.0,500.0,132337.0,111223.0,1736593.0,14014500.0,2352892.0,36907872.0
2014-07-18,1796159.0,0.0,52035.0,60592.0,1415898.0,8637100.0,1052090.0,22675413.0
2014-07-21,1063191.0,0.0,87997.0,79546.0,827906.0,7194900.0,892668.0,28003484.0
2014-07-22,1226302.0,1003.0,87997.0,79546.0,1178734.0,9729300.0,1823299.0,41324580.0
2014-07-23,1086423.0,0.0,190786.0,73773.0,1212252.0,11631600.0,2025770.0,32947392.0
2014-07-24,1836359.0,0.0,64937.0,179126.0,1925224.0,16150300.0,1408779.0,25372844.0
2014-07-25,1212096.0,0.0,38374.0,18544.0,1374979.0,11138800.0,1093601.0,20678249.0
2014-07-28,1101365.0,0.0,84077.0,46928.0,1330253.0,7513000.0,1270999.0,24982018.0
2014-07-29,2035153.0,0.0,429165.0,150000.0,1727922.0,7732200.0,1088161.0,17921935.0
2014-07-30,2964688.0,0.0,290892.0,94094.0,2246553.0,6046000.0,2188148.0,28988351.0
2014-07-31,2908484.0,0.0,264130.0,105488.0,1636567.0,8271500.0,2769896.0,29857469.0
2014-08-01,2100194.0,0.0,90031.0,50632.0,2730502.0,10008800.0,1528818.0,40572184.0
2014-08-04,1289703.0,7.0,109509.0,110604.0,2292336.0,6426600.0,1552235.0,13915735.0
2014-08-05,1466243.0,0.0,167173.0,64417.0,2726590.0,5929600.0,2706506.0,17471518.0
2014-08-06,1889156.0,0.0,57163.0,51451.0,2880646.0,9300600.0,2585047.0,25993107.0
2014-08-07,1408564.0,0.0,96670.0,42009.0,1875634.0,12685800.0,2366611.0,20381370.0
2014-08-08,1417174.0,0.0,136502.0,23604.0,1374133.0,5753200.0,1773864.0,24798482.0
2014-08-11,1070246.0,0.0,124306.0,150714.0,2284300.0,6954700.0,1891065.0,25411862.0
2014-08-12,884107.0,344802.0,232938.0,59618.0,1724750.0,4620900.0,898936.0,22355262.0
2014-08-13,2119949.0,0.0,292990.0,103579.0,2508882.0,7134600.0,1433023.0,28564347.0
2014-08-14,1834059.0,5000.0,292990.0,103579.0,2583319.0,8077400.0,1494403.0,23496409.0
2014-08-15,1669030.0,,,,1404373.0,6985600.0,2742104.0,19491815.0
2014-08-18,1307358.0,5.0,142025.0,71553.0,1155156.0,6405600.0,2009213.0,15877357.0
2014-08-19,1722419.0,0.0,213232.0,52460.0,1837041.0,5843800.0,6688269.0,22216509.0
2014-08-20,1369319.0,0.0,296694.0,59965.0,2186178.0,9754000.0,3340291.0,30387515.0
2014-08-21,1077321.0,0.0,237525.0,77362.0,2478218.0,5189100.0,2032984.0,23133599.0
2014-08-22,1197548.0,0.0,69285.0,40357.0,3681060.0,4128300.0,2332196.0,19521155.0
2014-08-25,,0.0,130870.0,21439.0,1853324.0,4373200.0,1417767.0,
2014-08-26,3530674.0,0.0,147495.0,82975.0,2073042.0,6707500.0,1928674.0,22385908.0
2014-08-27,2061683.0,0.0,68802.0,60998.0,2067015.0,5740300.0,1432077.0,23372189.0
2014-08-28,2777416.0,7912.0,256345.0,159133.0,2139126.0,7663200.0,3081644.0,25505086.0
2014-08-29,1719817.0,0.0,194829.0,99988.0,1448888.0,4573100.0,1337346.0,22874807.0
2014-09-01,1242182.0,0.0,88509.0,24149.0,,,,11110897.0
2014-09-02,1535839.0,0.0,229967.0,55239.0,1355946.0,10918600.0,1449344.0,25064703.0
2014-09-03,1522554.0,1659.0,229967.0,55239.0,1557583.0,6491200.0,1766177.0,29824646.0
2014-09-04,2180696.0,54750.0,174644.0,75324.0,1384706.0,6082900.0,3422249.0,21949414.0
2014-09-05,1862207.0,7.0,238866.0,87852.0,968639.0,12034600.0,1598950.0,21684822.0
2014-09-08,1045482.0,0.0,131211.0,29827.0,2556462.0,7045300.0,1512734.0,15478312.0
2014-09-09,1645877.0,0.0,78752.0,32644.0,2279436.0,7772800.0,2387662.0,24339299.0
2014-09-10,2799278.0,0.0,127851.0,34025.0,2876628.0,7824900.0,1828385.0,21354768.0
2014-09-11,1689959.0,0.0,110954.0,35726.0,1681187.0,6740500.0,2369213.0,22778572.0
2014-09-12,1737427.0,0.0,151588.0,44340.0,1965192.0,6336800.0,2926362.0,35007205.0
2014-09-15,1214893.0,3765.0,155173.0,63540.0,1819806.0,4811400.0,3195652.0,25127776.0
2014-09-16,2004034.0,5222.0,304954.0,56149.0,1695144.0,9558000.0,3136992.0,26874492.0
2014-09-17,2197982.0,0.0,103736.0,59591.0,1096896.0,8450400.0,3222498.0,24520319.0
2014-09-18,2035988.0,,,,1397923.0,9330700.0,1066991.0,24484630.0
2014-09-19,2033462.0,,,,2324903.0,8586800.0,2453891.0,109268468.0
2014-09-22,2860448.0,0.0,189146.0,107305.0,5559655.0,10698200.0,5424365.0,48622092.0
2014-09-23,3212823.0,346.0,173062.0,54296.0,2648980.0,9104700.0,2149239.0,32458502.0
2014-09-24,6752058.0,5061.0,146290.0,98025.0,1837252.0,10398000.0,3220488.0,29586998.0
2014-09-25,2151704.0,0.0,103833.0,59129.0,1405853.0,9216400.0,6148387.0,32286223.0
2014-09-26,1396731.0,0.0,159044.0,39579.0,1726019.0,5333800.0,3108372.0,27761947.0
2014-09-29,1438572.0,0.0,87692.0,90845.0,2035929.0,7360400.0,4911093.0,18077279.0
2014-09-30,2793241.0,0.0,175641.0,95020.0,2439942.0,12312400.0,3084246.0,37524266.0
2014-10-01,2906397.0,0.0,175641.0,95020.0,2023346.0,13884600.0,4265482.0,27824594.0
2014-10-02,3260348.0,6950.0,555199.0,131815.0,3161690.0,14230700.0,5242946.0,27644713.0
2014-10-03,4240376.0,0.0,555199.0,131815.0,2291279.0,12907100.0,5866678.0,28190878.0
2014-10-06,2659222.0,3500.0,163799.0,89865.0,2091968.0,15101200.0,8707534.0,25824172.0
2014-10-07,2635895.0,425.0,174958.0,35577.0,1637413.0,12799600.0,5953485.0,59566747.0
2014-10-08,3482253.0,0.0,115100.0,68628.0,3017044.0,11356800.0,4478005.0,31802764.0
2014-10-09,3313831.0,5317.0,115100.0,68628.0,2988813.0,13000500.0,4604667.0,42705763.0
2014-10-10,4098067.0,0.0,127438.0,40351.0,2944721.0,13808700.0,3847295.0,62683555.0
2014-10-13,2479948.0,0.0,270015.0,45043.0,2335899.0,11839100.0,4951658.0,46885466.0
2014-10-14,3972200.0,0.0,414744.0,57263.0,2832642.0,12609000.0,4140120.0,37089862.0
2014-10-15,3206376.0,0.0,149109.0,98730.0,2329661.0,20231800.0,6093039.0,43064344.0
2014-10-16,4731905.0,0.0,292752.0,136267.0,1608970.0,13667200.0,4095298.0,55564222.0
2014-10-17,2295585.0,0.0,496321.0,89492.0,1623033.0,12102700.0,2747189.0,35355608.0
2014-10-20,1927724.0,0.0,125288.0,82891.0,1288910.0,9478600.0,2005901.0,18145447.0
2014-10-21,2258426.0,0.0,146484.0,61634.0,2282714.0,11306100.0,2535258.0,29162672.0
2014-10-22,2853911.0,0.0,170711.0,35858.0,1358167.0,10494100.0,3493563.0,25771512.0
2014-10-23,2278180.0,0.0,83760.0,41124.0,1766833.0,10839300.0,2196782.0,24673837.0
2014-10-24,2210689.0,0.0,124082.0,59784.0,1207071.0,10725600.0,1797517.0,24147573.0
2014-10-27,3037559.0,405.0,202692.0,51800.0,1339135.0,15259100.0,2383878.0,25212175.0
2014-10-28,2375430.0,0.0,150558.0,42525.0,1666279.0,27699900.0,1763930.0,23262210.0
2014-10-29,3303053.0,5376.0,92501.0,54315.0,2634283.0,25454000.0,3559082.0,23386105.0
2014-10-30,2685219.0,14456.0,261476.0,64168.0,2816042.0,16474500.0,2478963.0,40167383.0
2014-10-31,3335990.0,,,,2884135.0,14971000.0,2471867.0,30775724.0
2014-11-03,2326873.0,0.0,361826.0,94625.0,2888365.0,18723700.0,2253904.0,33771332.0
2014-11-04,2358025.0,1000.0,604454.0,50171.0,1800985.0,10305000.0,2215586.0,43545119.0
2014-11-05,1608467.0,0.0,185710.0,27261.0,1555997.0,16168800.0,3119134.0,29608267.0
2014-11-06,1779896.0,0.0,639048.0,80586.0,1168372.0,13550400.0,1968174.0,43649224.0
2014-11-07,2621768.0,0.0,242774.0,24615.0,2812553.0,14414200.0,3942854.0,30981183.0
2014-11-10,2244925.0,0.0,117432.0,28432.0,1397077.0,11418600.0,3347505.0,24793345.0
2014-11-11,1111161.0,5000.0,555858.0,62522.0,1144476.0,10499100.0,3466125.0,19830932.0
2014-11-12,1726205.0,12526.0,610844.0,79008.0,1046671.0,11476800.0,2566007.0,22587347.0
2014-11-13,1517568.0,5000.0,635877.0,101113.0,1269561.0,11509600.0,1606400.0,38553230.0
2014-11-14,1316522.0,0.0,172271.0,47735.0,2035823.0,12669400.0,2910514.0,24637250.0
2014-11-17,1489125.0,0.0,99558.0,43539.0,1229487.0,10184800.0,1759436.0,14558905.0
2014-11-18,2055407.0,1260.0,258242.0,158683.0,1260468.0,11127200.0,2902235.0,22712632.0
2014-11-19,1369533.0,0.0,203830.0,277086.0,1678121.0,9737900.0,4243603.0,25584961.0
2014-11-20,1798132.0,16000.0,328828.0,215290.0,1562341.0,8810200.0,3106598.0,26820365.0
2014-11-21,3424213.0,0.0,679813.0,144729.0,2627411.0,17097700.0,4878807.0,83777895.0
2014-11-24,1635239.0,0.0,326964.0,228793.0,1750444.0,10754000.0,2519528.0,25393907.0
2014-11-25,2157093.0,0.0,241238.0,138082.0,1536225.0,7990700.0,3268504.0,23711589.0
2014-11-26,5342282.0,0.0,410549.0,92092.0,1498160.0,7975000.0,2311854.0,21194581.0
2014-11-27,1780308.0,0.0,50638.0,11941.0,,,,22501281.0
2014-11-28,4072851.0,6000.0,179107.0,140991.0,2092497.0,21626500.0,3643760.0,47363200.0
2014-12-01,4111995.0,0.0,100401.0,56980.0,2792569.0,21161500.0,5204155.0,42129235.0
2014-12-02,2377669.0,9847.0,71183.0,94775.0,2191148.0,17127600.0,3286953.0,23573896.0
2014-12-03,2451927.0,0.0,146204.0,240176.0,1860937.0,14662700.0,2399016.0,17365965.0
2014-12-04,2089140.0,0.0,536602.0,44217.0,2152554.0,8734000.0,2635901.0,19644182.0
2014-12-05,1658431.0,0.0,220341.0,34354.0,2372589.0,9935800.0,2855166.0,21176781.0
2014-12-08,1337225.0,,,,1586343.0,14821300.0,4133379.0,28187523.0
2014-12-09,2920803.0,0.0,210630.0,174974.0,1707410.0,21675900.0,5972171.0,32597217.0
2014-12-10,2284390.0,0.0,494770.0,69029.0,1798765.0,16762200.0,4267729.0,26986958.0
2014-12-11,1967369.0,360.0,740761.0,119201.0,3068431.0,26720400.0,5334602.0,38356395.0
2014-12-12,1637576.0,50000.0,588105.0,91106.0,2953603.0,27925300.0,3688701.0,38048090.0
2014-12-15,2303306.0,0.0,255765.0,125202.0,3185269.0,22011500.0,6998479.0,61021365.0
2014-12-16,3515964.0,0.0,307945.0,188948.0,4806610.0,23220400.0,5087190.0,48756051.0
2014-12-17,3964906.0,0.0,689809.0,105798.0,3076467.0,22364900.0,6428676.0,29508394.0
2014-12-18,2369163.0,20000.0,1286550.0,86362.0,2076848.0,21206700.0,5059989.0,39807289.0
2014-12-19,4206611.0,0.0,633851.0,108050.0,2549695.0,23998400.0,5515430.0,37021440.0
2014-12-22,2391590.0,0.0,235563.0,42972.0,1304982.0,14568400.0,4110791.0,16757792.0
2014-12-23,1170260.0,0.0,302127.0,16847.0,1626100.0,11175800.0,2785153.0,15160751.0
2014-12-24,186409.0,0.0,279151.0,141782.0,605968.0,5619600.0,1731762.0,28284506.0
2014-12-26,,50000.0,212337.0,34078.0,758861.0,11115300.0,1841749.0,
2014-12-29,1206636.0,0.0,208299.0,43251.0,1263851.0,12152500.0,2716677.0,16333226.0
2014-12-30,1392931.0,0.0,365631.0,25684.0,1446667.0,14736600.0,2408240.0,13738907.0
2014-12-31,330590.0,,,,1241964.0,12414500.0,2033220.0,5412272.0
2015-01-02,1579761.0,0.0,203894.0,37294.0,1329301.0,9331200.0,1735664.0,15960991.0
2015-01-05,2704349.0,0.0,180618.0,58509.0,1987925.0,23786900.0,5179792.0,32667636.0
2015-01-06,3154680.0,0.0,252188.0,129485.0,2438568.0,15756800.0,3447203.0,27900210.0
2015-01-07,2334375.0,0.0,183262.0,54294.0,1370326.0,11749700.0,2535021.0,19080066.0
2015-01-08,3205061.0,0.0,445695.0,91595.0,1233294.0,10959100.0,2688530.0,24402752.0
2015-01-09,2397875.0,0.0,204837.0,49236.0,932795.0,9904200.0,2816138.0,21976448.0
2015-01-12,3638649.0,196.0,206823.0,41011.0,1931039.0,15452300.0,3221670.0,21287886.0
2015-01-13,4272442.0,2283.0,466164.0,76780.0,3801493.0,30072100.0,3337925.0,38672445.0
2015-01-14,9561684.0,0.0,541972.0,89252.0,8759198.0,60272100.0,6611988.0,108529833.0
2015-01-15,4743758.0,0.0,298369.0,105672.0,3696603.0,25351500.0,5821619.0,60610837.0
2015-01-16,3958840.0,0.0,145073.0,43560.0,3889253.0,25455700.0,5113564.0,50166070.0
2015-01-19,2246614.0,1000.0,140729.0,17426.0,,,,27248991.0
2015-01-20,2563453.0,0.0,178552.0,117330.0,2414883.0,16892900.0,5074418.0,37921292.0
2015-01-21,3063310.0,0.0,379854.0,142975.0,2036986.0,21354900.0,4538912.0,68163513.0
2015-01-22,4809174.0,0.0,295179.0,71534.0,1790835.0,19039500.0,3279502.0,49183230.0
2015-01-23,4866857.0,4000.0,471697.0,65952.0,1993529.0,23160600.0,3877453.0,56609731.0
2015-01-26,2876925.0,0.0,326219.0,77441.0,1830062.0,16288200.0,3000869.0,39043170.0
2015-01-27,1901597.0,1000.0,319053.0,62764.0,2822386.0,33844700.0,2621946.0,32130512.0
2015-01-28,6420333.0,500.0,237234.0,80794.0,1774340.0,27404500.0,3196243.0,31929127.0
2015-01-29,4507734.0,408.0,313798.0,79493.0,2107511.0,33264400.0,3007255.0,34969527.0
2015-01-30,3809437.0,0.0,576951.0,132792.0,3200283.0,27276000.0,3962013.0,43383492.0
2015-02-02,5171423.0,2754.0,299851.0,58124.0,2472720.0,21217900.0,4415442.0,34289949.0
2015-02-03,4892365.0,272.0,930484.0,61441.0,3634960.0,33141600.0,10063803.0,66285366.0
2015-02-04,4951994.0,1675.0,1494476.0,51156.0,3518440.0,22443900.0,3644233.0,54855831.0
2015-02-05,2109267.0,0.0,1716280.0,124501.0,2848397.0,35384100.0,3345494.0,31885371.0
2015-02-06,2054422.0,0.0,1512830.0,77547.0,1873625.0,22368200.0,3522301.0,30284085.0
2015-02-09,1629425.0,0.0,434652.0,108931.0,1339663.0,19437700.0,2538805.0,33934489.0
2015-02-10,3278107.0,9.0,533264.0,102100.0,2009283.0,16436700.0,2439936.0,42682546.0
2015-02-11,2015169.0,0.0,673373.0,31950.0,2740547.0,18740200.0,2294587.0,27996455.0
2015-02-12,2617609.0,0.0,1308171.0,48868.0,1814731.0,17414800.0,3060002.0,27199138.0
2015-02-13,3598033.0,0.0,993691.0,76797.0,1562976.0,19529900.0,4958754.0,35303367.0
2015-02-16,2236736.0,0.0,943868.0,9157.0,,,,20771243.0
2015-02-17,3417611.0,0.0,1437262.0,108551.0,1327081.0,27489700.0,3715192.0,33912852.0
2015-02-18,2276841.0,0.0,1428317.0,47726.0,1249365.0,19412400.0,2945639.0,28862419.0
2015-02-19,1507215.0,0.0,733221.0,21575.0,1263428.0,18731500.0,2289620.0,26327850.0
2015-02-20,2252880.0,0.0,214501.0,39620.0,1102394.0,12715500.0,2632590.0,38818187.0
2015-02-23,2891206.0,0.0,660061.0,89658.0,1363877.0,15354100.0,2964916.0,27291115.0
2015-02-24,2828818.0,6372.0,896294.0,66646.0,1388830.0,12361200.0,4418990.0,34748602.0
2015-02-25,2568550.0,0.0,1087081.0,94476.0,1140141.0,11321100.0,2317531.0,27293767.0
2015-02-26,3791395.0,0.0,859789.0,55313.0,1400778.0,14163800.0,2114824.0,35300659.0
2015-02-27,2252190.0,0.0,7467302.0,67718.0,1705824.0,12563700.0,2534903.0,26100173.0
2015-03-02,2342287.0,0.0,1086265.0,27380.0,1841482.0,15066600.0,3435613.0,39872569.0
2015-03-03,3186360.0,0.0,345073.0,47028.0,1243127.0,11164400.0,1726322.0,35604115.0
2015-03-04,1964412.0,0.0,649839.0,53653.0,1424991.0,19095800.0,2639804.0,56963958.0
2015-03-05,6565329.0,0.0,679470.0,43373.0,1704766.0,17984500.0,2462169.0,38466966.0
2015-03-06,1945381.0,6191.0,79981.0,24672.0,1913910.0,20089200.0,3697689.0,43414490.0
2015-03-09,2494202.0,0.0,195190.0,28770.0,1519307.0,10402500.0,2678122.0,32061759.0
2015-03-10,4655832.0,0.0,95776.0,65846.0,2001353.0,15698100.0,3426979.0,60155828.0
2015-03-11,3781246.0,0.0,177600.0,36931.0,1897416.0,13763300.0,2962551.0,64084180.0
2015-03-12,3139047.0,0.0,239480.0,63851.0,2056653.0,13714400.0,2500724.0,37220552.0
2015-03-13,2085609.0,0.0,285121.0,59803.0,1381957.0,18202900.0,3888924.0,40434712.0
2015-03-16,2881074.0,0.0,179936.0,159164.0,1066338.0,17290000.0,2511604.0,31605611.0
2015-03-17,4401024.0,0.0,511107.0,246272.0,1146802.0,20520200.0,2924824.0,36351070.0
2015-03-18,4547429.0,0.0,364855.0,1687713.0,1614469.0,24498000.0,4169450.0,40542743.0
2015-03-19,4163869.0,0.0,223186.0,447167.0,1224623.0,24104100.0,3245560.0,43013463.0
2015-03-20,3808132.0,0.0,863239.0,742483.0,3002981.0,39102900.0,4318938.0,64727606.0
2015-03-23,2339986.0,0.0,638150.0,176946.0,1609605.0,22830000.0,2443483.0,40129990.0
2015-03-24,3029473.0,13115.0,762026.0,101484.0,1903443.0,36498400.0,2315520.0,41121648.0
2015-03-25,1498932.0,15414.0,218986.0,64169.0,1749915.0,21116100.0,3403326.0,24141212.0
2015-03-26,2900075.0,7344.0,187692.0,76674.0,1724645.0,21683400.0,2703076.0,33118803.0
2015-03-27,2696848.0,27400.0,206101.0,116823.0,4141008.0,20855400.0,2214167.0,40050444.0
2015-03-30,2965245.0,22128.0,406827.0,59937.0,2255646.0,15991100.0,3187019.0,27679753.0
2015-03-31,4742605.0,8129.0,337511.0,149817.0,1518038.0,25410100.0,2673983.0,39252407.0
2015-04-01,3514089.0,2000.0,293273.0,69972.0,1596282.0,24332200.0,2523194.0,31431828.0
2015-04-02,2317060.0,2350.0,78959.0,76868.0,1002474.0,14145900.0,3081526.0,25864106.0
2015-04-06,,0.0,123607.0,165521.0,1061474.0,13762700.0,1479265.0,
2015-04-07,4644581.0,1038.0,1274962.0,99554.0,1089706.0,12555900.0,2078516.0,28358030.0
2015-04-08,3718411.0,0.0,88311.0,173352.0,829914.0,11944100.0,2096966.0,25047400.0
2015-04-09,1988798.0,0.0,174934.0,161162.0,1339557.0,12318400.0,2646545.0,25683440.0
2015-04-10,2099298.0,7957.0,209776.0,32561.0,1595119.0,13736000.0,2119673.0,28578378.0
2015-04-13,2010052.0,0.0,225004.0,182885.0,1626522.0,10781600.0,3502315.0,27760981.0
2015-04-14,2240999.0,0.0,90759.0,113110.0,1228536.0,16930800.0,4113038.0,30962326.0
2015-04-15,1640852.0,1946.0,151443.0,142392.0,1820546.0,42863500.0,4977795.0,37929695.0
2015-04-16,2130954.0,6487.0,89192.0,117529.0,1100596.0,25937800.0,3876270.0,46007573.0
2015-04-17,2687722.0,0.0,48211.0,75320.0,1093618.0,17250400.0,2138240.0,34727020.0
2015-04-20,2917812.0,0.0,172447.0,98581.0,913128.0,15294800.0,1931276.0,31728678.0
2015-04-21,2308858.0,13000.0,217228.0,46032.0,896528.0,19519100.0,2704259.0,32089698.0
2015-04-22,3396672.0,0.0,823447.0,37760.0,711174.0,15813900.0,2560093.0,39683287.0
2015-04-23,4438645.0,0.0,473784.0,534960.0,1086956.0,26085500.0,2653405.0,41001034.0
2015-04-24,3436362.0,0.0,546256.0,311567.0,2116922.0,23043200.0,3651802.0,57555670.0
2015-04-27,3124699.0,0.0,398142.0,152220.0,1979783.0,26042600.0,3261171.0,25791715.0
2015-04-28,2614331.0,0.0,196259.0,70292.0,2351971.0,32509900.0,2597702.0,32583933.0
2015-04-29,4536503.0,1483.0,268812.0,76627.0,1737333.0,21399500.0,2622656.0,36901531.0
2015-04-30,2809244.0,0.0,94845.0,378287.0,2301747.0,25088300.0,3741920.0,35637690.0
2015-05-01,1272292.0,,,,1395809.0,20194900.0,1809580.0,30763210.0
2015-05-04,,0.0,408917.0,137383.0,1588352.0,13367900.0,2054508.0,
2015-05-05,3700991.0,0.0,794718.0,61267.0,1871828.0,16119300.0,3273234.0,46547341.0
2015-05-06,2730090.0,518.0,742087.0,36077.0,1194595.0,13922100.0,2883195.0,35651122.0
2015-05-07,3591693.0,35.0,464027.0,64059.0,1553777.0,15409500.0,3373523.0,39378550.0
2015-05-08,3008566.0,0.0,333329.0,65129.0,1859351.0,15817800.0,3771132.0,38354832.0
2015-05-11,2908176.0,932.0,360797.0,32959.0,1084102.0,15975600.0,3155797.0,33874978.0
2015-05-12,4166380.0,0.0,298369.0,19738.0,2367937.0,13758700.0,2536795.0,43435613.0
2015-05-13,1854512.0,369.0,220941.0,67543.0,1056399.0,14307600.0,1837255.0,28814476.0
2015-05-14,1386342.0,2000.0,108750.0,43074.0,1290285.0,14059800.0,1702787.0,21923278.0
2015-05-15,2002751.0,0.0,217469.0,66960.0,1073422.0,9022100.0,2082774.0,28971794.0
2015-05-18,1473574.0,0.0,363690.0,121195.0,1367789.0,12559200.0,2195927.0,27544706.0
2015-05-19,2849741.0,0.0,998149.0,122598.0,1334271.0,22238000.0,4381877.0,49579568.0
2015-05-20,3591211.0,0.0,296910.0,49550.0,1210349.0,12735300.0,2164763.0,21093416.0
2015-05-21,1812228.0,,,,1003743.0,17040400.0,1483419.0,20301939.0
2015-05-22,2942037.0,0.0,231132.0,65630.0,849053.0,12275200.0,1275922.0,24610847.0
2015-05-25,,350.0,195823.0,11859.0,,,,
2015-05-26,2219984.0,156.0,216300.0,82801.0,966207.0,27660900.0,2722236.0,25528350.0
2015-05-27,1379145.0,1650.0,294126.0,57092.0,1296946.0,14151400.0,1847296.0,31051215.0
2015-05-28,1674216.0,0.0,217143.0,109344.0,916194.0,13264700.0,2699256.0,35868119.0
2015-05-29,3128602.0,0.0,398769.0,301701.0,1728768.0,13437800.0,2445574.0,37889713.0
2015-06-01,2564439.0,0.0,383513.0,67322.0,1111275.0,11548700.0,1933613.0,34588624.0
2015-06-02,2836151.0,0.0,207390.0,43102.0,1239955.0,16644000.0,2704413.0,50053898.0
2015-06-03,1472045.0,0.0,253090.0,59542.0,982384.0,17067500.0,2025199.0,25797803.0
2015-06-04,3027401.0,0.0,332609.0,77246.0,533433.0,14532400.0,2519223.0,35571384.0
2015-06-05,2686655.0,0.0,314610.0,231558.0,880985.0,10893200.0,1885074.0,43680193.0
2015-06-08,1564367.0,0.0,142879.0,86209.0,869248.0,11498500.0,1572539.0,22183538.0
2015-06-09,2192880.0,0.0,354195.0,95547.0,736550.0,15810300.0,3889197.0,25661533.0
2015-06-10,2292338.0,0.0,252100.0,63577.0,838796.0,15533900.0,3833372.0,46748250.0
2015-06-11,2937026.0,0.0,73925.0,223696.0,1495728.0,12578900.0,1161917.0,35657396.0
2015-06-12,3018499.0,0.0,216489.0,412870.0,598672.0,9426600.0,1156872.0,29605461.0
2015-06-15,2239492.0,0.0,216488.0,32283.0,1245242.0,17871700.0,1488576.0,27033130.0
2015-06-16,2682857.0,0.0,529493.0,69284.0,1041279.0,10145900.0,1462457.0,21888760.0
2015-06-17,2221354.0,0.0,88253.0,321981.0,1079449.0,10483000.0,1898189.0,26103561.0
2015-06-18,2201376.0,0.0,44073.0,495632.0,992641.0,12248000.0,1923748.0,35955396.0
2015-06-19,2926369.0,0.0,214766.0,237365.0,1483992.0,15734700.0,1269645.0,43682652.0
2015-06-22,1530193.0,0.0,189848.0,170744.0,1177783.0,12619500.0,1329730.0,25908940.0
2015-06-23,1772964.0,4400.0,130536.0,53789.0,1500275.0,16277900.0,1497656.0,25632644.0
2015-06-24,1513589.0,0.0,83087.0,141979.0,1799294.0,23128300.0,2654080.0,23982476.0
2015-06-25,1718513.0,0.0,152958.0,187278.0,1254758.0,17142500.0,2319910.0,24784329.0
2015-06-26,1690023.0,0.0,59346.0,117771.0,2838458.0,17434900.0,2423938.0,29600465.0
2015-06-29,1989198.0,,,,851062.0,13466300.0,3215476.0,30549639.0
2015-06-30,3039699.0,0.0,257784.0,267841.0,2226780.0,22002800.0,3107748.0,35531531.0
2015-07-01,3082726.0,0.0,266696.0,94727.0,1409554.0,14112900.0,1931259.0,45098025.0
2015-07-02,2516787.0,0.0,58759.0,91348.0,1412515.0,13265700.0,2201196.0,32327194.0
2015-07-03,1402038.0,0.0,31139.0,6624.0,,,,20245568.0
2015-07-06,3066499.0,0.0,56219.0,100844.0,1570166.0,18450800.0,4299035.0,35608484.0
2015-07-07,4160336.0,0.0,198605.0,74429.0,2410759.0,44548100.0,4563143.0,66904152.0
2015-07-08,3949614.0,0.0,407335.0,98766.0,1702757.0,20571900.0,5290672.0,57486135.0
2015-07-09,3412515.0,0.0,187854.0,125903.0,994333.0,17844600.0,4034255.0,36096012.0
2015-07-10,2435016.0,0.0,195610.0,59632.0,823465.0,14907700.0,2618320.0,45273281.0
2015-07-13,4572007.0,0.0,268651.0,40807.0,880033.0,16280900.0,4895519.0,29202447.0
2015-07-14,1681904.0,0.0,273213.0,77011.0,1439160.0,14889500.0,2711811.0,29721480.0
2015-07-15,4396339.0,0.0,40704.0,94642.0,1190577.0,17215000.0,3237000.0,28076737.0
2015-07-16,1839360.0,,,,1143102.0,12697900.0,2082033.0,31973527.0
2015-07-17,2364779.0,0.0,18500.0,44616.0,1371595.0,18847000.0,2802724.0,36972873.0
2015-07-20,2036584.0,0.0,92441.0,117173.0,1025313.0,35635000.0,2660469.0,21024306.0
2015-07-21,1628871.0,0.0,52448.0,84915.0,1825727.0,27647900.0,2180345.0,23307216.0
2015-07-22,3013284.0,0.0,244204.0,92890.0,2025672.0,28339600.0,4267871.0,53433622.0
2015-07-23,2977182.0,0.0,157091.0,54339.0,2535210.0,60229700.0,3708941.0,49811370.0
2015-07-24,4889966.0,20.0,113767.0,124834.0,3684338.0,56994300.0,4792836.0,53210743.0
2015-07-27,4340200.0,0.0,59928.0,95439.0,2039418.0,64856700.0,3970358.0,53291922.0
2015-07-28,4780870.0,0.0,63342.0,109695.0,2548849.0,51813300.0,3276347.0,56082486.0
2015-07-29,3956360.0,0.0,244631.0,70730.0,2329766.0,32226300.0,2383694.0,46545175.0
2015-07-30,2158255.0,0.0,74678.0,94787.0,2389401.0,29185400.0,2213302.0,38535562.0
2015-07-31,5440885.0,0.0,132496.0,22308.0,1433979.0,18926700.0,2604083.0,42224018.0
2015-08-03,3292977.0,0.0,36779.0,28966.0,1980841.0,22812600.0,2711811.0,55886625.0
2015-08-04,3263166.0,0.0,76529.0,68694.0,1868233.0,22773500.0,3101134.0,52143362.0
2015-08-05,3675607.0,0.0,81804.0,160224.0,2614934.0,41019200.0,3434632.0,53434131.0
2015-08-06,3016049.0,0.0,78569.0,33322.0,1956416.0,28172300.0,2823126.0,48597551.0
2015-08-07,2347474.0,7000.0,74752.0,21685.0,1671671.0,26792200.0,2122614.0,50802219.0
2015-08-10,2918703.0,0.0,172945.0,54491.0,1663530.0,40044700.0,3360646.0,32918633.0
2015-08-11,2603411.0,3000.0,220533.0,45866.0,2431483.0,47011600.0,4303295.0,78937989.0
2015-08-12,4879813.0,0.0,161950.0,38691.0,2362756.0,35659000.0,4510792.0,107528465.0
2015-08-13,2116140.0,7137.0,54160.0,8361.0,1921629.0,27176600.0,3083423.0,68373042.0
2015-08-14,2409811.0,0.0,96886.0,27473.0,1586449.0,19115600.0,1932604.0,61756901.0
2015-08-17,2457546.0,0.0,56893.0,3695.0,1239744.0,29758400.0,3319617.0,51493174.0
2015-08-18,2371988.0,2400.0,70423.0,44222.0,2913530.0,44885100.0,2316322.0,75283770.0
2015-08-19,2890600.0,0.0,82825.0,7623.0,2611762.0,41990400.0,4124159.0,134660772.0
2015-08-20,3308792.0,8487.0,157557.0,41617.0,1628954.0,45135700.0,2627624.0,104482711.0
2015-08-21,2602057.0,0.0,97320.0,28913.0,2238094.0,29974400.0,3568816.0,81131346.0
2015-08-24,3971186.0,6325.0,230987.0,116334.0,6030916.0,35840500.0,8177471.0,143568218.0
2015-08-25,5372948.0,2291.0,2069613.0,98271.0,2757359.0,37157600.0,5630110.0,125789041.0
2015-08-26,5246317.0,4600.0,89763.0,159809.0,3431103.0,52995000.0,5389208.0,85772199.0
2015-08-27,5681456.0,912.0,97825.0,152812.0,4264929.0,107966700.0,5169604.0,142382764.0
2015-08-28,5723638.0,0.0,92137.0,52394.0,2682498.0,110214000.0,3090373.0,102443244.0
2015-08-31,,0.0,89618.0,126515.0,3323887.0,58259700.0,3407055.0,
2015-09-01,6239606.0,120.0,98471.0,87164.0,2709038.0,42543100.0,4790481.0,146921940.0
2015-09-02,5564318.0,0.0,86697.0,53173.0,2244438.0,36488400.0,3326007.0,130834806.0
2015-09-03,4518603.0,17046.0,146533.0,166910.0,1958531.0,40838100.0,3888861.0,94084244.0
2015-09-04,3620915.0,6913.0,30777.0,327465.0,1437785.0,30074200.0,3384972.0,95394497.0
2015-09-07,5330476.0,0.0,62301.0,13596.0,,,,100913994.0
2015-09-08,3333357.0,0.0,51995.0,132466.0,1946688.0,66046100.0,3512878.0,94400899.0
2015-09-09,4216278.0,0.0,87756.0,124594.0,2073570.0,44865100.0,3544826.0,110509190.0
2015-09-10,3065007.0,0.0,113170.0,39696.0,1912536.0,54185300.0,3428130.0,84372107.0
2015-09-11,2305483.0,0.0,69430.0,59349.0,1123646.0,41622600.0,3841891.0,47433167.0
2015-09-14,2607127.0,0.0,41486.0,32740.0,1571223.0,28249300.0,3302018.0,55276073.0
2015-09-15,2673759.0,8147.0,32658.0,42060.0,2044282.0,28015800.0,3872943.0,86916028.0
2015-09-16,3350740.0,0.0,142623.0,74619.0,1801514.0,29949900.0,3704120.0,166786485.0
2015-09-17,2714120.0,7589.0,55225.0,39444.0,1609182.0,48932900.0,3792007.0,78390891.0
2015-09-18,3259577.0,,,,3136631.0,79177900.0,2364750.0,171283269.0
2015-09-21,2155453.0,0.0,44244.0,157417.0,1165941.0,43161300.0,2201308.0,111806808.0
2015-09-22,5128649.0,0.0,49328.0,75490.0,2305976.0,91540300.0,3643138.0,181407343.0
2015-09-23,3208105.0,0.0,90501.0,93213.0,1598291.0,34038800.0,3294619.0,132721929.0
2015-09-24,3281751.0,0.0,52040.0,30627.0,1781001.0,46986600.0,3389231.0,129125590.0
2015-09-25,4240973.0,0.0,58784.0,40440.0,1693136.0,46429900.0,2497588.0,148740254.0
2015-09-28,4915620.0,1827.0,73349.0,54816.0,2151814.0,49501600.0,8935715.0,298628967.0
2015-09-29,4302447.0,0.0,34793.0,73360.0,2058027.0,27293100.0,2889490.0,251299806.0
2015-09-30,4220779.0,0.0,66382.0,78582.0,2068601.0,42200500.0,3640448.0,180386969.0
2015-10-01,3165321.0,0.0,199932.0,84349.0,2203624.0,31312800.0,4113285.0,145350422.0
2015-10-02,2351489.0,0.0,157565.0,40109.0,1980100.0,39607300.0,4625694.0,106577062.0
2015-10-05,3049099.0,0.0,158774.0,152546.0,1387350.0,38489400.0,3941436.0,199431176.0
2015-10-06,2615140.0,0.0,90656.0,81642.0,2124746.0,53934000.0,5308159.0,114117697.0
2015-10-07,6645741.0,0.0,258423.0,113150.0,2109837.0,93597700.0,5382369.0,151838492.0
2015-10-08,4072835.0,0.0,353086.0,156143.0,2279119.0,52374300.0,6413241.0,113140702.0
2015-10-09,4437780.0,0.0,277709.0,67074.0,2878108.0,51723400.0,4099609.0,123996069.0
2015-10-12,2669462.0,,,,1518884.0,30719200.0,2908659.0,69051483.0
2015-10-13,3172316.0,0.0,270484.0,63658.0,1102922.0,30954800.0,3180725.0,82852365.0
2015-10-14,3940783.0,0.0,229911.0,119355.0,1268609.0,27640200.0,4732414.0,57381288.0
2015-10-15,3806823.0,0.0,134450.0,104058.0,1282249.0,25938300.0,2469451.0,57882642.0
2015-10-16,3083521.0,7749.0,143297.0,95914.0,1227055.0,29304300.0,2463958.0,51336266.0
2015-10-19,2850282.0,0.0,92624.0,17401.0,1459461.0,25838700.0,2424499.0,60340890.0
2015-10-20,2434869.0,0.0,47396.0,132026.0,1380583.0,23307600.0,2714950.0,56907798.0
2015-10-21,3175376.0,1398.0,93532.0,110571.0,1119100.0,24713500.0,1897405.0,55972311.0
2015-10-22,4461601.0,0.0,162090.0,283530.0,1126607.0,36187300.0,2705534.0,66269623.0
2015-10-23,3864859.0,5150.0,91582.0,147541.0,1534639.0,25782800.0,2404097.0,91183879.0
2015-10-26,2565692.0,0.0,142692.0,167146.0,926979.0,13577900.0,1341725.0,40325295.0
2015-10-27,3377095.0,0.0,194451.0,265226.0,1232977.0,23378700.0,3207405.0,46890921.0
2015-10-28,4463867.0,2509.0,617892.0,245769.0,1575981.0,32522500.0,3619373.0,70605363.0
2015-10-29,5311007.0,0.0,94204.0,126164.0,1129885.0,19680300.0,3637421.0,57417779.0
2015-10-30,3299607.0,500.0,53937.0,123851.0,1192480.0,21816300.0,2179672.0,52665977.0
2015-11-02,2172607.0,1300.0,73117.0,65544.0,1186347.0,23081000.0,2064770.0,35804881.0
2015-11-03,3696236.0,0.0,35554.0,102665.0,1297581.0,35032300.0,2413289.0,61691432.0
2015-11-04,3843587.0,0.0,158030.0,55749.0,1359647.0,30393800.0,3284082.0,90052465.0
2015-11-05,2979987.0,0.0,107944.0,65627.0,1398029.0,36803900.0,3884489.0,82656129.0
2015-11-06,2841554.0,0.0,87010.0,46244.0,1634030.0,35330300.0,9209800.0,88939967.0
2015-11-09,2904723.0,0.0,77720.0,34444.0,1769793.0,28849300.0,4752928.0,63962921.0
2015-11-10,4003553.0,0.0,152453.0,78013.0,1725913.0,35554900.0,3999952.0,78504165.0
2015-11-11,2556111.0,0.0,51889.0,99159.0,1224623.0,40818900.0,3626323.0,61003573.0
2015-11-12,4623348.0,0.0,65597.0,116258.0,2017213.0,47069000.0,6837091.0,115080827.0
2015-11-13,4491256.0,0.0,156558.0,173676.0,1592053.0,32314300.0,4165188.0,68509941.0
2015-11-16,3933650.0,0.0,23302.0,197632.0,1887477.0,30302100.0,3376900.0,83202198.0
2015-11-17,4386401.0,164.0,196329.0,240879.0,2207325.0,32672500.0,6095213.0,83957355.0
2015-11-18,5724928.0,0.0,195953.0,177917.0,2274573.0,32434000.0,3349548.0,90747033.0
2015-11-19,2911284.0,0.0,20957.0,111685.0,2230375.0,27405200.0,5057392.0,95029512.0
2015-11-20,3256367.0,0.0,67352.0,64282.0,2904754.0,34819700.0,6302038.0,72137178.0
2015-11-23,3870279.0,0.0,497944.0,48150.0,3299040.0,36508600.0,4642285.0,66640226.0
2015-11-24,4571192.0,2000.0,50843.0,47768.0,3227774.0,48025100.0,3367820.0,71059665.0
2015-11-25,2726588.0,150000.0,74040.0,57674.0,1731200.0,29689500.0,6419070.0,61662458.0
2015-11-26,2212504.0,0.0,20938.0,7558.0,,,,49127038.0
2015-11-27,2452178.0,0.0,34195.0,63298.0,810142.0,14910900.0,4424699.0,89490178.0
2015-11-30,3687842.0,0.0,31390.0,167438.0,2193368.0,34106200.0,5748824.0,82881286.0
2015-12-01,2938613.0,0.0,158253.0,70963.0,1772120.0,32791100.0,4873435.0,58939623.0
2015-12-02,2473622.0,17393.0,24643.0,15402.0,2330824.0,45182200.0,5453329.0,47172795.0
2015-12-03,2640886.0,0.0,134613.0,27499.0,1879969.0,45469100.0,5498729.0,63075723.0
2015-12-04,2526456.0,249.0,17462.0,93289.0,2100004.0,45599500.0,4001746.0,80379893.0
2015-12-07,1953228.0,0.0,45473.0,40226.0,1475216.0,45849100.0,4828371.0,57743215.0
2015-12-08,6409369.0,,,,2600025.0,57811500.0,7942621.0,102754224.0
2015-12-09,5156774.0,0.0,62817.0,32040.0,1434402.0,60700200.0,6937645.0,94715920.0
2015-12-10,2252609.0,0.0,41446.0,31754.0,1127770.0,47513600.0,5597826.0,149976464.0
2015-12-11,3316821.0,0.0,50213.0,54151.0,1536859.0,69255200.0,5597601.0,79674576.0
2015-12-14,2948937.0,0.0,29661.0,59274.0,1467497.0,57263400.0,7387390.0,75486018.0
2015-12-15,3409135.0,0.0,57787.0,44087.0,1698422.0,47366500.0,4601929.0,83204162.0
2015-12-16,3382975.0,11431.0,51696.0,53361.0,1885256.0,50323800.0,7053108.0,67257373.0
2015-12-17,3117076.0,0.0,33236.0,133062.0,1760172.0,53127500.0,4337822.0,75561777.0
2015-12-18,3392339.0,0.0,29076.0,116411.0,2025038.0,95926300.0,6146443.0,112565941.0
2015-12-21,3378916.0,0.0,78590.0,58922.0,2081923.0,42811200.0,5962711.0,58853107.0
2015-12-22,2855644.0,0.0,580987.0,88802.0,1321371.0,41029100.0,4471445.0,54587208.0
2015-12-23,2514846.0,0.0,64164.0,132559.0,2285358.0,76684000.0,5642441.0,74460247.0
2015-12-24,425927.0,6000.0,11866.0,47261.0,635996.0,23225200.0,1680603.0,19615189.0
2015-12-28,,171620.0,47819.0,81301.0,1208129.0,42708400.0,3944911.0,
2015-12-29,2077960.0,0.0,144985.0,267344.0,998456.0,35517300.0,7088756.0,53800162.0
2015-12-30,2395327.0,0.0,17446.0,332261.0,1050478.0,26421100.0,4975895.0,46835929.0
2015-12-31,568322.0,0.0,0.0,0.0,867133.0,24444700.0,2713268.0,13811685.0
2016-01-04,2330765.0,0.0,18366.0,215328.0,1734161.0,43095300.0,5651522.0,50153069.0
2016-01-05,3324256.0,0.0,28826.0,106149.0,1799822.0,37753400.0,3374210.0,47396932.0
2016-01-06,2261401.0,0.0,11320.0,83140.0,1615420.0,45365100.0,5569801.0,68430671.0
2016-01-07,3810553.0,0.0,166047.0,60430.0,2479804.0,66615400.0,5324638.0,112820681.0
2016-01-08,2704439.0,0.0,22471.0,38621.0,1313970.0,44313100.0,8347639.0,70280730.0
2016-01-11,4114658.0,0.0,31397.0,83660.0,2661246.0,117668200.0,6611322.0,68568227.0
2016-01-12,5349282.0,0.0,133072.0,118122.0,2477690.0,141597300.0,7175633.0,104098330.0
2016-01-13,3773527.0,0.0,141034.0,68815.0,1759326.0,64602100.0,6218748.0,73790102.0
2016-01-14,8836452.0,0.0,88456.0,28343.0,1423828.0,77708600.0,6854130.0,113229041.0
2016-01-15,4336389.0,0.0,26779.0,70947.0,2108463.0,73161600.0,5724162.0,108736168.0
2016-01-18,4101810.0,1628.0,33307.0,14331.0,,,,55490506.0
2016-01-19,4425832.0,0.0,24566.0,42425.0,1294514.0,59831200.0,4609552.0,98806421.0
2016-01-20,4000970.0,0.0,26569.0,99164.0,2381471.0,88547300.0,9130097.0,119153346.0
2016-01-21,3200375.0,0.0,31524.0,133518.0,1156319.0,61102000.0,10862266.0,172432829.0
2016-01-22,6607261.0,0.0,37793.0,122841.0,1457981.0,108842500.0,5786938.0,108833043.0
2016-01-25,4368793.0,0.0,18347.0,48127.0,1194912.0,51509400.0,4161488.0,70868810.0
2016-01-26,5392448.0,0.0,66434.0,82475.0,2292336.0,92191400.0,5233725.0,87855252.0
2016-01-27,5135190.0,347.0,14126.0,40878.0,1333636.0,96210300.0,6163146.0,95204865.0
2016-01-28,6120086.0,0.0,48894.0,92088.0,1164460.0,66871300.0,3513887.0,101165658.0
2016-01-29,4370248.0,0.0,14424.0,106034.0,1646295.0,42051000.0,4289843.0,72499156.0
2016-02-01,3797322.0,0.0,16425.0,48602.0,1271887.0,48326100.0,3718133.0,57761076.0
2016-02-02,4444903.0,0.0,13448.0,44505.0,1555363.0,31670500.0,4266750.0,67562467.0
2016-02-03,4416340.0,0.0,64435.0,60537.0,1344633.0,44286700.0,4613588.0,74710643.0
2016-02-04,7057162.0,0.0,115476.0,68079.0,2085941.0,116330400.0,6811532.0,129653990.0
2016-02-05,6339893.0,0.0,53151.0,26928.0,1379525.0,71788500.0,5065575.0,144683564.0
2016-02-08,6577188.0,0.0,5022.0,32630.0,1008501.0,64931800.0,4103869.0,86106379.0
2016-02-09,6451977.0,0.0,25269.0,49133.0,2351653.0,44787500.0,5058064.0,77982389.0
2016-02-10,4551312.0,0.0,89113.0,82229.0,1508311.0,33858400.0,5920113.0,82227940.0
2016-02-11,5144203.0,3000.0,11801.0,28406.0,2541236.0,38089300.0,4957735.0,65981773.0
2016-02-12,5125467.0,0.0,31115.0,46277.0,1741245.0,44606700.0,4215521.0,91697531.0
2016-02-15,3215251.0,0.0,57309.0,6695.0,,,,53329551.0
2016-02-16,2944621.0,774.0,219746.0,91790.0,2069341.0,77117300.0,5601973.0,79030746.0
2016-02-17,4530074.0,0.0,127881.0,105046.0,3371997.0,103893300.0,6093756.0,153949280.0
2016-02-18,4083114.0,0.0,34182.0,168957.0,3054474.0,59753200.0,2906417.0,83380003.0
2016-02-19,2767099.0,0.0,42229.0,96782.0,1982109.0,38903000.0,2717752.0,57523473.0
2016-02-22,2441192.0,0.0,200300.0,26249.0,2458023.0,75370000.0,5747928.0,79492342.0
2016-02-23,3652669.0,0.0,31918.0,58014.0,1634135.0,59132700.0,9282665.0,71793596.0
2016-02-24,3957563.0,0.0,194136.0,76705.0,1557160.0,57160500.0,9214172.0,72566422.0
2016-02-25,2749837.0,0.0,152008.0,49177.0,1084842.0,35430500.0,5975378.0,63443037.0
2016-02-26,3375950.0,8164.0,183332.0,83030.0,1247674.0,48368800.0,5010646.0,84216948.0
2016-02-29,4056023.0,0.0,62172.0,63258.0,1863263.0,49138900.0,3557494.0,73319758.0
2016-03-01,3105679.0,0.0,17501.0,68805.0,1434825.0,54255000.0,4591840.0,94329592.0
2016-03-02,4989947.0,0.0,94168.0,119023.0,1771168.0,84921100.0,8031180.0,77606981.0
2016-03-03,3404891.0,0.0,75690.0,70042.0,2226252.0,66759700.0,5215901.0,160623120.0
2016-03-04,4398963.0,0.0,563312.0,129109.0,2631851.0,104910200.0,10633470.0,133983140.0
2016-03-07,4715881.0,0.0,433368.0,59761.0,1766727.0,63752200.0,10353780.0,134572375.0
2016-03-08,5157994.0,0.0,184929.0,81404.0,1827208.0,58450100.0,8785165.0,136025949.0
2016-03-09,3400966.0,0.0,163820.0,68042.0,1510214.0,49123200.0,6343515.0,82961844.0
2016-03-10,4704691.0,7500.0,143559.0,141095.0,1016114.0,55701100.0,6491823.0,82033129.0
2016-03-11,3106841.0,0.0,98724.0,103111.0,1533687.0,40933700.0,4913231.0,71293540.0
2016-03-14,3465415.0,0.0,122812.0,137362.0,1205380.0,39997600.0,4697438.0,74388869.0
2016-03-15,6367985.0,0.0,103912.0,45681.0,964409.0,36391800.0,6090169.0,68288815.0
2016-03-16,4857584.0,0.0,186669.0,63763.0,1505984.0,49299200.0,5573836.0,54447562.0
2016-03-17,5554633.0,8339.0,199720.0,96950.0,1492662.0,52971300.0,5304012.0,101999782.0
2016-03-18,6539570.0,0.0,562112.0,135850.0,2348587.0,79254300.0,4997418.0,114684980.0
2016-03-21,4545385.0,0.0,88194.0,110603.0,1001205.0,31281000.0,3440125.0,45266291.0
2016-03-22,3352038.0,0.0,143124.0,83629.0,720690.0,31084100.0,3722505.0,48717474.0
2016-03-23,3556233.0,0.0,81040.0,164183.0,812997.0,48678100.0,4798553.0,66198016.0
2016-03-24,2784095.0,0.0,43167.0,30857.0,1075537.0,52654300.0,4254307.0,54838894.0
2016-03-28,,3892.0,40579.0,44697.0,765416.0,35325200.0,1927223.0,
2016-03-29,2515919.0,5405.0,43541.0,73304.0,702187.0,44196000.0,4641501.0,50036277.0
2016-03-30,3950987.0,0.0,74140.0,41807.0,946752.0,46871200.0,5308159.0,72405505.0
2016-03-31,5015380.0,0.0,43428.0,83209.0,1130202.0,32935800.0,2586820.0,69028665.0
2016-04-01,5225132.0,0.0,42676.0,41017.0,1652745.0,41414900.0,3004728.0,61670701.0
2016-04-04,4149460.0,3000.0,54941.0,23134.0,1185396.0,38727500.0,3650312.0,40252417.0
2016-04-05,4074988.0,0.0,105639.0,53876.0,1420762.0,32380200.0,4267087.0,66985386.0
2016-04-06,6230732.0,0.0,19510.0,52082.0,1214261.0,37254400.0,6011923.0,75447567.0
2016-04-07,5507862.0,0.0,32717.0,41926.0,1751607.0,61229800.0,4720643.0,72404277.0
2016-04-08,3179912.0,0.0,75415.0,49508.0,2219696.0,37149700.0,5424967.0,50583035.0
2016-04-11,3045679.0,2900.0,162825.0,55707.0,1398558.0,33180500.0,3459630.0,49638443.0
2016-04-12,3751935.0,0.0,272434.0,80928.0,1509051.0,59356000.0,4747771.0,73680066.0
2016-04-13,6017630.0,0.0,292706.0,61789.0,1203899.0,55023400.0,8143056.0,93071177.0
2016-04-14,4761244.0,0.0,123510.0,62942.0,634728.0,37776300.0,5728198.0,84563581.0
2016-04-15,4119390.0,0.0,32394.0,95345.0,827165.0,29413300.0,5145951.0,68791581.0
2016-04-18,3647038.0,0.0,364152.0,116143.0,798617.0,41040800.0,5057840.0,62293354.0
2016-04-19,5178303.0,0.0,475798.0,153048.0,1140458.0,63163200.0,5677192.0,101425702.0
2016-04-20,4054664.0,0.0,573322.0,117182.0,1126607.0,61970000.0,8068061.0,110991584.0
2016-04-21,4376591.0,14400.0,486344.0,93353.0,1335222.0,66031800.0,9909416.0,99257858.0
2016-04-22,2518919.0,310.0,233179.0,67475.0,1031234.0,53047800.0,5528996.0,60931728.0
2016-04-25,3254233.0,0.0,100906.0,65258.0,1145851.0,35788300.0,5237648.0,64993308.0
2016-04-26,3719307.0,0.0,213831.0,60792.0,1948803.0,56657500.0,4135369.0,55149826.0
2016-04-27,2907144.0,0.0,388760.0,87759.0,1916237.0,58402300.0,6422882.0,72651787.0
2016-04-28,4775143.0,0.0,134154.0,56747.0,2077588.0,62677300.0,4157901.0,50602100.0
2016-04-29,5045067.0,0.0,285027.0,58587.0,1885996.0,74593000.0,4486130.0,79774300.0
2016-05-02,,1100.0,207561.0,33175.0,1213944.0,46207700.0,4482767.0,
2016-05-03,5428284.0,900.0,108870.0,38681.0,1627580.0,58883700.0,7418554.0,72673433.0
2016-05-04,4124813.0,0.0,115572.0,36034.0,1589832.0,48190000.0,7737478.0,69864279.0
2016-05-05,2905188.0,0.0,139892.0,35429.0,1168478.0,50166300.0,6436109.0,35826291.0
2016-05-06,3672248.0,0.0,69393.0,25323.0,790158.0,51550300.0,4141535.0,63455933.0
2016-05-09,4712593.0,5400.0,207044.0,49012.0,1175774.0,51361700.0,6242737.0,90608714.0
2016-05-10,3945093.0,0.0,121545.0,110918.0,1330676.0,25960600.0,4189401.0,73865754.0
2016-05-11,2703953.0,0.0,79425.0,98242.0,725448.0,46766900.0,3512429.0,47986903.0
2016-05-12,3814818.0,0.0,46966.0,98007.0,1017383.0,48043300.0,4981724.0,54419225.0
2016-05-13,4052744.0,0.0,97513.0,25736.0,2047559.0,43793100.0,5603319.0,51784837.0
2016-05-16,2489262.0,0.0,83193.0,107874.0,1778569.0,43789700.0,4284350.0,34398052.0
2016-05-17,2690718.0,0.0,194915.0,82114.0,1054707.0,60441200.0,5030039.0,53604443.0
2016-05-18,3749767.0,0.0,198960.0,70687.0,2106137.0,55369200.0,6199130.0,67539117.0
2016-05-19,3247191.0,0.0,307279.0,153690.0,1651264.0,48054300.0,5851844.0,76326102.0
2016-05-20,4222850.0,0.0,70950.0,270678.0,2076637.0,42726700.0,4152296.0,47817862.0
2016-05-23,2939503.0,0.0,126275.0,147104.0,1180003.0,41996300.0,4091762.0,42175896.0
2016-05-24,2283263.0,0.0,85697.0,179139.0,1610134.0,37960500.0,4405194.0,51365735.0
2016-05-25,2252830.0,0.0,110251.0,60516.0,1499323.0,45708800.0,5715979.0,55916830.0
2016-05-26,2915626.0,0.0,60094.0,51176.0,974243.0,31390600.0,6045329.0,55926251.0
2016-05-27,3276247.0,120.0,51800.0,23230.0,1154415.0,28617000.0,4433107.0,43916525.0
2016-05-30,,605.0,28136.0,25797.0,,,,
2016-05-31,3132058.0,0.0,54434.0,86817.0,12952334.0,34439900.0,4948767.0,53045577.0
2016-06-01,4028198.0,0.0,117787.0,237817.0,1864849.0,43762700.0,6238589.0,54024796.0
2016-06-02,3783673.0,0.0,54652.0,118287.0,1077440.0,29646100.0,2512834.0,44529345.0
2016-06-03,2460735.0,0.0,86161.0,43527.0,1160971.0,34801500.0,4722997.0,71352235.0
2016-06-06,3277095.0,546.0,208563.0,84791.0,1230122.0,43488500.0,6284774.0,72048157.0
2016-06-07,3529299.0,805.0,145020.0,96316.0,1121532.0,32146300.0,5021968.0,73670470.0
2016-06-08,2313026.0,0.0,197307.0,125728.0,970331.0,37432800.0,5451871.0,63506128.0
2016-06-09,6002671.0,0.0,94232.0,26643.0,857300.0,49003600.0,9140746.0,59138044.0
2016-06-10,4457143.0,0.0,98223.0,19860.0,1237629.0,38323800.0,7086514.0,54228276.0
2016-06-13,3916176.0,0.0,37516.0,49940.0,984393.0,25475500.0,4919621.0,40082103.0
2016-06-14,3718804.0,0.0,106347.0,102708.0,1129568.0,33249900.0,7531999.0,54071513.0
2016-06-15,4888778.0,0.0,71057.0,107873.0,1486529.0,62845100.0,5432030.0,57756055.0
2016-06-16,3025197.0,0.0,36773.0,50885.0,1434085.0,39528400.0,6041742.0,53607509.0
2016-06-17,5458507.0,26948.0,155463.0,63882.0,1519942.0,40800100.0,8068285.0,70780169.0
2016-06-20,2414252.0,0.0,38000.0,49091.0,1380054.0,38890200.0,6241840.0,63186030.0
2016-06-21,1722110.0,0.0,26921.0,65687.0,1232765.0,28845000.0,4820412.0,47624258.0
2016-06-22,3067530.0,0.0,33451.0,77505.0,1619544.0,36900100.0,6336677.0,63881797.0
2016-06-23,3805844.0,0.0,52929.0,109573.0,1343258.0,33441200.0,4684099.0,61017340.0
2016-06-24,3399927.0,0.0,147119.0,102953.0,4594929.0,54028500.0,13690885.0,112862220.0
2016-06-27,4308898.0,,,,1534639.0,30018000.0,9073038.0,69813306.0
2016-06-28,5150152.0,0.0,93854.0,84028.0,1472044.0,41865600.0,6499894.0,58351503.0
2016-06-29,3996984.0,0.0,48158.0,67451.0,1111910.0,29320200.0,5561842.0,60695094.0
2016-06-30,5415572.0,0.0,52200.0,58973.0,954259.0,33685300.0,8265806.0,85379167.0
2016-07-01,3326276.0,0.0,449935.0,104409.0,1344633.0,27441700.0,5239330.0,63877297.0
2016-07-04,3076314.0,0.0,94929.0,11221.0,,,,61753370.0
2016-07-05,2610632.0,0.0,144492.0,200388.0,1438208.0,38153800.0,7362168.0,52263007.0
2016-07-06,2916227.0,0.0,71796.0,107969.0,1595331.0,29891300.0,5282264.0,62350327.0
2016-07-07,2793856.0,0.0,107361.0,68939.0,1307731.0,38483300.0,6773306.0,68077362.0
2016-07-08,3185948.0,0.0,270948.0,41205.0,1256344.0,36040100.0,5952958.0,49345295.0
2016-07-11,2291301.0,0.0,159697.0,45942.0,1249365.0,33360500.0,4635447.0,80456902.0
2016-07-12,2669783.0,0.0,290375.0,77367.0,2049780.0,59009700.0,5182159.0,84208384.0
2016-07-13,5431338.0,900.0,97598.0,69171.0,1637625.0,44432200.0,6210676.0,98922204.0
2016-07-14,4162331.0,0.0,48084.0,79927.0,999514.0,31588300.0,2723694.0,51257739.0
2016-07-15,2803577.0,0.0,68282.0,40801.0,638640.0,24296500.0,3420059.0,43286970.0
2016-07-18,1782228.0,832.0,29760.0,38330.0,654183.0,22242700.0,4386025.0,44722296.0
2016-07-19,2749202.0,0.0,62607.0,44439.0,807922.0,27143600.0,6567042.0,46455788.0
2016-07-20,2561600.0,0.0,134209.0,37442.0,980270.0,39267700.0,6579037.0,63592712.0
2016-07-21,2409167.0,0.0,28273.0,37094.0,836153.0,34135700.0,5407592.0,63115426.0
2016-07-22,2506455.0,0.0,25546.0,49001.0,774404.0,23434900.0,3401226.0,38646396.0
2016-07-25,1713953.0,2596.0,83072.0,33189.0,1005329.0,29515400.0,2558346.0,30434806.0
2016-07-26,2572697.0,57.0,134843.0,30724.0,1116457.0,71538400.0,4992149.0,31442792.0
2016-07-27,3996893.0,0.0,525988.0,30513.0,2202356.0,51487600.0,4109810.0,40578384.0
2016-07-28,2342290.0,7125.0,602777.0,68582.0,1449733.0,24785400.0,2812477.0,43217017.0
2016-07-29,2059825.0,23077.0,205922.0,61334.0,1348122.0,28956300.0,4332329.0,37905028.0
2016-08-01,1920099.0,1249.0,472189.0,33423.0,1034723.0,26279400.0,3423310.0,29568013.0
2016-08-02,1609765.0,0.0,478391.0,53573.0,1457664.0,24142200.0,2990828.0,35447113.0
2016-08-03,1895268.0,0.0,413443.0,27495.0,1909575.0,24941700.0,4246012.0,35108339.0
2016-08-04,3191560.0,0.0,496281.0,37048.0,810565.0,23465700.0,5522494.0,50577313.0
2016-08-05,3351556.0,0.0,216278.0,24845.0,1271993.0,36713600.0,5088443.0,50269467.0
2016-08-08,4254472.0,0.0,138141.0,31234.0,1252749.0,29715400.0,3054389.0,46656814.0
2016-08-09,3068814.0,0.0,412276.0,49254.0,1067713.0,20165800.0,2823687.0,42048386.0
2016-08-10,1979645.0,0.0,441999.0,107995.0,1182964.0,21346500.0,2982533.0,35113647.0
2016-08-11,2446100.0,5066.0,327611.0,91003.0,1224835.0,21594100.0,2992173.0,41884772.0
2016-08-12,2502188.0,0.0,332518.0,68149.0,2293711.0,23264100.0,3065375.0,51894511.0
2016-08-15,1825385.0,,,,642340.0,20601800.0,2685356.0,46115619.0
2016-08-16,5701862.0,0.0,591389.0,63416.0,796925.0,20214300.0,3548077.0,42069818.0
2016-08-17,3084681.0,0.0,831813.0,60472.0,654923.0,20372000.0,4024278.0,37498107.0
2016-08-18,2565310.0,0.0,525538.0,131391.0,444299.0,20883100.0,2944643.0,40359683.0
2016-08-19,2808087.0,0.0,769816.0,97183.0,456247.0,17288300.0,5413982.0,49753911.0
2016-08-22,2606640.0,0.0,681438.0,75556.0,652280.0,20362900.0,2817409.0,41541860.0
2016-08-23,2133128.0,0.0,822866.0,53917.0,545170.0,25074100.0,4391518.0,30589724.0
2016-08-24,4204537.0,0.0,436562.0,48996.0,1225892.0,44040600.0,2768085.0,68180003.0
2016-08-25,2727253.0,170.0,602605.0,197977.0,784554.0,31325000.0,3274105.0,56380972.0
2016-08-26,3165580.0,3200.0,145417.0,132504.0,1174505.0,32804800.0,7287957.0,48861076.0
2016-08-29,,0.0,176929.0,45487.0,565683.0,18349100.0,3913523.0,
2016-08-30,4170581.0,0.0,153314.0,143771.0,809085.0,28234700.0,5102456.0,51645143.0
2016-08-31,4526852.0,0.0,258951.0,177544.0,1422454.0,32236000.0,4543637.0,49146782.0
2016-09-01,3408628.0,0.0,281003.0,134582.0,706945.0,20780200.0,4843168.0,46219478.0
2016-09-02,3116717.0,0.0,410497.0,188587.0,636208.0,23683500.0,4303519.0,60107344.0
2016-09-05,1983471.0,2598.0,90841.0,125375.0,,,,30479824.0
2016-09-06,1928994.0,10000.0,223069.0,88573.0,659893.0,21368600.0,3848954.0,35062336.0
2016-09-07,3027356.0,0.0,65200.0,53518.0,932795.0,18440400.0,2741181.0,70481618.0
2016-09-08,1828575.0,0.0,160029.0,66732.0,1018229.0,29252600.0,2453084.0,43788106.0
2016-09-09,2758297.0,9730.0,127319.0,398857.0,1171439.0,28929000.0,4744969.0,40792629.0
2016-09-12,5508297.0,0.0,131549.0,44487.0,1361762.0,59990500.0,5226550.0,51380623.0
2016-09-13,3981607.0,0.0,167196.0,108460.0,1297369.0,52886500.0,4528055.0,55536223.0
2016-09-14,4311583.0,21000.0,130707.0,107176.0,1104086.0,48079300.0,4542180.0,55448774.0
2016-09-15,3078307.0,0.0,301412.0,73289.0,746384.0,40449700.0,3271975.0,40620696.0
2016-09-16,3650070.0,0.0,38326.0,91.0,1077546.0,36057900.0,3035780.0,66511031.0
2016-09-19,2060358.0,,,,786246.0,27244700.0,3092951.0,66770847.0
2016-09-20,3355673.0,0.0,32071.0,36733.0,444193.0,24404800.0,3297758.0,54534873.0
2016-09-21,2533188.0,0.0,123815.0,71105.0,984182.0,30400500.0,3515344.0,39981888.0
2016-09-22,2690199.0,25731.0,244364.0,101615.0,917252.0,36711200.0,5114002.0,77203372.0
2016-09-23,2600590.0,0.0,143826.0,100905.0,1072471.0,22336600.0,3835165.0,73709493.0
2016-09-26,2071759.0,0.0,38789.0,107139.0,468406.0,24061000.0,3539670.0,47158030.0
2016-09-27,3258284.0,0.0,108312.0,100634.0,548765.0,24690600.0,4862338.0,42488945.0
2016-09-28,2338486.0,0.0,67879.0,86397.0,1006704.0,29769500.0,4699008.0,36991603.0
2016-09-29,3197169.0,6610.0,173809.0,136564.0,1602626.0,25147900.0,5043491.0,64712673.0
2016-09-30,2803141.0,0.0,96316.0,81870.0,976675.0,26469600.0,3237224.0,72907829.0
2016-10-03,2871934.0,7930.0,96199.0,42380.0,960497.0,25503700.0,2659909.0,43159028.0
2016-10-04,4097798.0,0.0,73312.0,91286.0,1029965.0,28037600.0,4359681.0,80237061.0
2016-10-05,3532934.0,0.0,470418.0,36306.0,1209292.0,22154300.0,2058268.0,47665445.0
2016-10-06,1900860.0,0.0,372506.0,31482.0,494417.0,18075600.0,1555388.0,39029788.0
2016-10-07,4928376.0,0.0,173660.0,59074.0,598566.0,34391800.0,4011723.0,68149609.0
2016-10-10,2636553.0,,,,820398.0,18684100.0,2346477.0,48296510.0
2016-10-11,2816641.0,0.0,243281.0,28078.0,1181166.0,28841600.0,3142051.0,54737570.0
2016-10-12,2777711.0,0.0,99382.0,30496.0,540835.0,18499700.0,3824740.0,126921993.0
2016-10-13,3138942.0,1400.0,189415.0,79954.0,575199.0,47867300.0,3485189.0,119393106.0
2016-10-14,4730774.0,0.0,258486.0,37616.0,848101.0,26033300.0,2961458.0,52835383.0
2016-10-17,2494869.0,0.0,231191.0,34597.0,600152.0,15204600.0,3226126.0,40290101.0
2016-10-18,2317250.0,0.0,275830.0,100940.0,768482.0,17424200.0,5700733.0,59563896.0
2016-10-19,3752289.0,200.0,262940.0,151624.0,1288805.0,34139100.0,4371676.0,52315326.0
2016-10-20,2193247.0,0.0,170870.0,89458.0,1356581.0,39952300.0,3941548.0,55165956.0
2016-10-21,3356854.0,0.0,199025.0,120862.0,848524.0,20960800.0,3346970.0,41538158.0
2016-10-24,4363144.0,0.0,232895.0,104196.0,545276.0,28168100.0,2229221.0,48070271.0
2016-10-25,4223906.0,0.0,349421.0,71745.0,1286478.0,53878500.0,3619821.0,70638425.0
2016-10-26,6718058.0,0.0,315937.0,77224.0,1067501.0,24182200.0,4538705.0,50982931.0
2016-10-27,5159213.0,654.0,354390.0,44471.0,719421.0,23653700.0,3883592.0,46848375.0
2016-10-28,3990368.0,0.0,603235.0,65042.0,1116985.0,36062400.0,3326231.0,50616153.0
2016-10-31,3702091.0,,,,1679813.0,26120600.0,2566642.0,43471361.0
2016-11-01,3896218.0,,,,1277914.0,24629500.0,3527114.0,44700169.0
2016-11-02,2881347.0,0.0,607660.0,60440.0,1189308.0,28242600.0,3926639.0,45797531.0
2016-11-03,3039123.0,0.0,314410.0,19172.0,1138661.0,19241200.0,3745597.0,46395732.0
2016-11-04,2653084.0,2901.0,361006.0,31007.0,1469717.0,27925400.0,2682217.0,40533620.0
2016-11-07,2915083.0,14423.0,1677599.0,51087.0,996024.0,31038400.0,4117209.0,59786376.0
2016-11-08,3896802.0,0.0,693981.0,27972.0,1511165.0,60822600.0,5913163.0,49628576.0
2016-11-09,9429425.0,11717.0,738432.0,91387.0,2737798.0,79913100.0,12486483.0,111815240.0
2016-11-10,12959027.0,5603.0,1043212.0,129606.0,5772606.0,82428400.0,9222019.0,134417392.0
2016-11-11,8838843.0,0.0,852727.0,2084440.0,3758247.0,72348900.0,4700353.0,92008684.0
2016-11-14,5971552.0,0.0,507463.0,70502.0,2131302.0,36173600.0,4835097.0,58859901.0
2016-11-15,5161872.0,0.0,532642.0,63877.0,1287853.0,36880500.0,5361183.0,76078687.0
2016-11-16,4221054.0,0.0,284297.0,40693.0,1775292.0,29531100.0,3286996.0,54070453.0
2016-11-17,2694925.0,0.0,167221.0,30594.0,1131682.0,26257400.0,3606818.0,51682380.0
2016-11-18,3295951.0,0.0,105634.0,39144.0,1252855.0,18153200.0,2377865.0,52417949.0
2016-11-21,2501150.0,0.0,50735.0,10656.0,973503.0,44386700.0,3455819.0,42649674.0
2016-11-22,2693309.0,80.0,303862.0,154723.0,1373921.0,51127000.0,5329010.0,56656980.0
2016-11-23,3265176.0,0.0,396504.0,79542.0,1722953.0,68673500.0,2935563.0,78060036.0
2016-11-24,2617824.0,0.0,95349.0,22068.0,,,,33763953.0
2016-11-25,1902352.0,7000.0,197627.0,72785.0,820293.0,29522100.0,2619104.0,29908870.0
2016-11-28,3284820.0,0.0,352570.0,75003.0,845563.0,28522100.0,2469003.0,43049305.0
2016-11-29,3361965.0,0.0,624456.0,38534.0,983865.0,40857500.0,2972332.0,38391992.0
2016-11-30,4916803.0,0.0,579917.0,106441.0,1592053.0,41712200.0,4705734.0,78423454.0
2016-12-01,4477648.0,0.0,352502.0,46354.0,1078075.0,31831700.0,3286884.0,62069651.0
2016-12-02,3870656.0,94.0,170842.0,36722.0,732850.0,27354600.0,2491647.0,33551536.0
2016-12-05,3301341.0,0.0,159710.0,49038.0,1061474.0,35554000.0,3864535.0,58313219.0
2016-12-06,3822148.0,0.0,174109.0,106627.0,1181378.0,24449200.0,3946256.0,56551897.0
2016-12-07,5588768.0,524.0,598780.0,162264.0,1383966.0,39354700.0,3412772.0,63043110.0
2016-12-08,3906139.0,,,,1094992.0,28296000.0,3496063.0,83977127.0
2016-12-09,3863148.0,0.0,186105.0,100238.0,764782.0,25150200.0,2308924.0,48508958.0
2016-12-12,4063259.0,504.0,196277.0,359688.0,1385341.0,24466700.0,4170120.0,61328027.0
2016-12-13,4113185.0,0.0,265822.0,109605.0,1765881.0,35342200.0,4161488.0,48842899.0
2016-12-14,4298645.0,0.0,181919.0,39100.0,998985.0,28512000.0,3514223.0,50041083.0
2016-12-15,6929361.0,0.0,250056.0,643164.0,847467.0,29535500.0,3781245.0,80535142.0
2016-12-16,5251816.0,0.0,223579.0,260695.0,1865272.0,60084000.0,4009481.0,80743082.0
2016-12-19,3441313.0,0.0,138996.0,94269.0,1927550.0,37707700.0,2914600.0,40478428.0
2016-12-20,2537636.0,0.0,230711.0,601325.0,875486.0,24891100.0,2744769.0,45153614.0
2016-12-21,2016901.0,0.0,95061.0,96168.0,749873.0,15014100.0,1789901.0,30957791.0
2016-12-22,2301252.0,0.0,427317.0,72502.0,1027851.0,17898100.0,2742751.0,29204685.0
2016-12-23,595893.0,50000.0,255264.0,17935.0,493994.0,12591000.0,1661434.0,9256564.0
2016-12-26,,18763.0,748567.0,73285.0,,,,
2016-12-27,,0.0,342544.0,106733.0,609986.0,15942800.0,1427033.0,
2016-12-28,2585437.0,0.0,106330.0,75366.0,742683.0,18482600.0,2950808.0,29951002.0
2016-12-29,1831161.0,0.0,417927.0,19810.0,797031.0,15290800.0,2942961.0,26446070.0
2016-12-30,965069.0,0.0,99006.0,19105.0,622991.0,16761800.0,2123062.0,18774321.0
2017-01-03,3108143.0,394.0,180854.0,27735.0,901603.0,28586200.0,4204086.0,56999343.0
2017-01-04,2421489.0,40.0,93219.0,65148.0,1248837.0,36310900.0,4255204.0,34942934.0
2017-01-05,1967039.0,0.0,207946.0,65296.0,1021401.0,34956000.0,2026656.0,53283272.0
2017-01-06,2277474.0,2050.0,149114.0,38734.0,876755.0,24449100.0,1864223.0,40496442.0
2017-01-09,3021663.0,0.0,239458.0,56099.0,701023.0,17294300.0,2719882.0,51123143.0
2017-01-10,5605549.0,244.0,389930.0,73187.0,1191846.0,44241200.0,5294259.0,64523210.0
2017-01-11,3196462.0,0.0,225592.0,61989.0,977521.0,29752300.0,4940920.0,48955770.0
2017-01-12,3625390.0,0.0,248661.0,87933.0,1540137.0,33940200.0,2637937.0,62228527.0
2017-01-13,2632422.0,941.0,197014.0,24938.0,1134326.0,33977800.0,1912762.0,50333503.0
2017-01-16,2523091.0,0.0,226288.0,22494.0,,,,35540022.0
2017-01-17,3407411.0,0.0,134770.0,42145.0,844400.0,19347300.0,2099185.0,40385098.0
2017-01-18,3774110.0,9436.0,140221.0,620989.0,1250211.0,18655600.0,2575049.0,50518343.0
2017-01-19,5181161.0,22566.0,104513.0,170600.0,836576.0,13263700.0,2184381.0,49293208.0
2017-01-20,3338617.0,377.0,192813.0,258683.0,965996.0,17979900.0,1755486.0,39622753.0
2017-01-23,5986736.0,0.0,471937.0,148505.0,873900.0,19894000.0,2251529.0,53561653.0
2017-01-24,3682947.0,0.0,421405.0,62901.0,1441486.0,56815400.0,3517922.0,72873036.0
2017-01-25,6883944.0,18668.0,377865.0,46266.0,1512963.0,70068300.0,3066383.0,54695450.0
2017-01-26,5805300.0,300.0,96700.0,69619.0,1561707.0,41495500.0,2832543.0,44465565.0
2017-01-27,4938114.0,0.0,97608.0,143860.0,1460307.0,31577700.0,1762100.0,39754113.0
2017-01-30,3730906.0,0.0,159576.0,186600.0,1872779.0,27102300.0,2855523.0,33727730.0
2017-01-31,4169901.0,0.0,250431.0,118361.0,1717772.0,25332200.0,3413893.0,55625282.0
2017-02-01,2674614.0,0.0,248142.0,77965.0,1968998.0,21112300.0,2224512.0,40717991.0
2017-02-02,3277235.0,0.0,161941.0,140015.0,2349116.0,18116300.0,2193349.0,54937036.0
2017-02-03,3171079.0,5047.0,282738.0,84107.0,1507993.0,56828600.0,4977128.0,53442594.0
2017-02-06,2511126.0,0.0,314797.0,33998.0,1651264.0,22979900.0,2157028.0,32779449.0
2017-02-07,2989087.0,3106.0,452321.0,27849.0,1239955.0,38360200.0,2659909.0,48648774.0
2017-02-08,3897085.0,0.0,517670.0,70332.0,1792209.0,30199400.0,3649640.0,56644247.0
2017-02-09,3122744.0,1000.0,603425.0,127947.0,1877960.0,25927700.0,4962555.0,41707091.0
2017-02-10,4898266.0,3213.0,496015.0,47267.0,2146950.0,45535300.0,4940695.0,67147364.0
2017-02-13,2844004.0,0.0,833088.0,100978.0,1297581.0,26658000.0,3457612.0,61438534.0
2017-02-14,6160837.0,0.0,620065.0,117023.0,1217645.0,23518000.0,2458577.0,54586513.0
2017-02-15,5140106.0,150.0,721122.0,43923.0,864807.0,30520200.0,2515412.0,36379053.0
2017-02-16,3905528.0,0.0,750039.0,69435.0,1009664.0,24698300.0,3075239.0,37352103.0
2017-02-17,3184037.0,0.0,331083.0,79654.0,1521210.0,24176900.0,2551172.0,52571619.0
2017-02-20,2753552.0,0.0,496418.0,19202.0,,,,27541267.0
2017-02-21,3061188.0,0.0,609875.0,49637.0,1221134.0,66063600.0,2885118.0,36921379.0
2017-02-22,2435132.0,0.0,287940.0,75464.0,1049843.0,36811000.0,4523908.0,45738920.0
2017-02-23,4748726.0,0.0,539474.0,94036.0,1278866.0,30485500.0,4483888.0,94751582.0
2017-02-24,4511756.0,0.0,528174.0,21476.0,1729508.0,27410700.0,3673405.0,81604659.0
2017-02-27,2325989.0,0.0,208371.0,44180.0,2713690.0,32200900.0,3770708.0,41474923.0
2017-02-28,4893727.0,84057.0,340222.0,131121.0,1688483.0,28928000.0,5126445.0,45231077.0
2017-03-01,3936856.0,0.0,351454.0,73333.0,1155156.0,32917400.0,5623609.0,54207683.0
2017-03-02,2642031.0,4628.0,240395.0,400994.0,1069616.0,23774900.0,5485501.0,38316336.0
2017-03-03,2446987.0,0.0,168330.0,184350.0,1129145.0,21121800.0,3573412.0,43244309.0
2017-03-06,2905451.0,2835.0,160191.0,109556.0,763936.0,27150700.0,2759902.0,38405440.0
2017-03-07,4114723.0,0.0,117922.0,103737.0,1009453.0,19159600.0,3645268.0,45212658.0
2017-03-08,3121213.0,178.0,209762.0,112695.0,819341.0,21033000.0,3786626.0,37625931.0
2017-03-09,4775638.0,0.0,240508.0,211669.0,1873520.0,21402300.0,4996521.0,68152707.0
2017-03-10,4297288.0,565.0,223249.0,67464.0,1043394.0,22451300.0,4221126.0,52783748.0
2017-03-13,3783142.0,13350.0,287891.0,68522.0,981539.0,20029900.0,2910452.0,33948024.0
2017-03-14,5558739.0,0.0,186975.0,42882.0,781594.0,19534200.0,4403400.0,45242971.0
2017-03-15,4244695.0,399.0,264588.0,50526.0,1142890.0,24788200.0,3802656.0,54943883.0
2017-03-16,6893785.0,0.0,485490.0,49327.0,528358.0,17108500.0,5359613.0,92161851.0
2017-03-17,3928513.0,11000.0,302555.0,109815.0,1185819.0,27520300.0,2221149.0,74062901.0
2017-03-20,2427387.0,1349.0,311313.0,84024.0,888175.0,14907200.0,2672688.0,30873070.0
2017-03-21,3574645.0,337.0,267439.0,110544.0,1337866.0,29225300.0,4119339.0,64226310.0
2017-03-22,3819314.0,0.0,538134.0,71054.0,1199670.0,19652600.0,3266818.0,53872296.0
2017-03-23,5480261.0,0.0,201306.0,39992.0,1012413.0,16116100.0,2638946.0,49095400.0
2017-03-24,2099077.0,0.0,153975.0,48981.0,1071096.0,10865600.0,3234646.0,33116008.0
2017-03-27,4559384.0,0.0,2456637.0,528764.0,1356475.0,35709300.0,3650873.0,54013359.0
2017-03-28,5329864.0,0.0,1697483.0,268103.0,1060734.0,23008000.0,4922759.0,36319329.0
2017-03-29,2134857.0,0.0,460275.0,112057.0,1509579.0,16076500.0,2463173.0,34654425.0
2017-03-30,2466297.0,0.0,1324737.0,464355.0,806124.0,34529100.0,2326636.0,36857951.0
2017-03-31,3189761.0,0.0,1751514.0,643492.0,921904.0,22923500.0,2100194.0,41691172.0
2017-04-03,2277053.0,0.0,1325220.0,182399.0,495580.0,21672000.0,2048852.0,46440724.0
2017-04-04,2443972.0,0.0,484309.0,47287.0,1269455.0,21494800.0,1594959.0,39219637.0
2017-04-05,2566739.0,0.0,10245428.0,2088219.0,1124175.0,19101900.0,3689547.0,35735730.0
2017-04-06,2878972.0,0.0,1310149.0,903221.0,682414.0,12784700.0,2710130.0,35509573.0
2017-04-07,2228960.0,0.0,863694.0,270505.0,968850.0,21470400.0,3769587.0,36561543.0
2017-04-10,2651285.0,0.0,510291.0,148405.0,860472.0,11135000.0,4702035.0,23266670.0
2017-04-11,3322401.0,0.0,387318.0,203836.0,1182118.0,12461500.0,4466288.0,34198640.0
2017-04-12,2939979.0,0.0,1494012.0,350472.0,1348862.0,22638500.0,8676764.0,65277393.0
2017-04-13,1965569.0,0.0,234649.0,93145.0,397881.0,14922700.0,2645448.0,38689106.0
2017-04-17,,676.0,423042.0,148946.0,503299.0,10973800.0,2045937.0,
2017-04-18,4501040.0,1002.0,1443717.0,289266.0,1084947.0,17638400.0,3788195.0,78149163.0
2017-04-19,3729877.0,0.0,0.0,0.0,646041.0,16534200.0,2629530.0,45961508.0
2017-04-20,2893561.0,0.0,604086.0,169890.0,733167.0,16023900.0,4036161.0,32071571.0
2017-04-21,3254485.0,0.0,589998.0,104408.0,789735.0,27654400.0,3956906.0,53219330.0
2017-04-24,1874329.0,0.0,346015.0,268145.0,709694.0,32419800.0,3503349.0,35981980.0
2017-04-25,3157635.0,0.0,537789.0,349272.0,923279.0,50570500.0,2889490.0,42824665.0
2017-04-26,3189344.0,0.0,211455.0,167071.0,840911.0,31412500.0,3162453.0,44276979.0
2017-04-27,3115481.0,0.0,307882.0,195095.0,694256.0,23733400.0,5123194.0,48233420.0
2017-04-28,3135959.0,0.0,302703.0,245563.0,659152.0,22831000.0,2389412.0,36093765.0
2017-05-01,,,,,546756.0,16787900.0,2024526.0,
2017-05-02,3800327.0,0.0,367283.0,212316.0,1088437.0,18076900.0,3843349.0,54515242.0
2017-05-03,4171183.0,0.0,1062792.0,58106.0,1343258.0,36592000.0,3934150.0,86775891.0
2017-05-04,4854390.0,0.0,1829720.0,168376.0,1846028.0,33475500.0,5684703.0,73043546.0
2017-05-05,4519614.0,0.0,909592.0,183627.0,1094992.0,17988400.0,3784272.0,58600181.0
2017-05-08,3824430.0,0.0,430209.0,205213.0,642552.0,18821600.0,2185053.0,45407064.0
2017-05-09,2637182.0,0.0,465168.0,287175.0,615272.0,19405900.0,2918972.0,44422573.0
2017-05-10,2542798.0,0.0,333257.0,132354.0,886906.0,20503800.0,3027597.0,47493009.0
2017-05-11,3863863.0,0.0,334932.0,190056.0,1277597.0,14786900.0,2375175.0,71010968.0
2017-05-12,2369733.0,0.0,814003.0,112139.0,711491.0,15584000.0,2470460.0,42622508.0
2017-05-15,2555450.0,0.0,687788.0,115302.0,535971.0,19741800.0,2028113.0,63578242.0
2017-05-16,2473303.0,0.0,803648.0,173968.0,847467.0,17739300.0,2169135.0,51466377.0
2017-05-17,2413396.0,0.0,792104.0,274254.0,1046883.0,15935300.0,2681656.0,47721049.0
2017-05-18,4589848.0,0.0,437764.0,295303.0,809825.0,19232700.0,3142275.0,58624524.0
2017-05-19,3190791.0,0.0,678213.0,609088.0,550245.0,30059400.0,2900251.0,55244512.0
2017-05-22,2086114.0,0.0,504591.0,117021.0,666025.0,16212600.0,1871510.0,26710970.0
2017-05-23,2267893.0,0.0,651194.0,359073.0,410675.0,11651700.0,3019862.0,36413021.0
2017-05-24,3521153.0,0.0,814863.0,414761.0,603430.0,14718600.0,2782995.0,43474382.0
2017-05-25,2752780.0,0.0,2072140.0,1842111.0,488285.0,18881600.0,2789272.0,28989345.0
2017-05-26,2735582.0,,,,537874.0,9747400.0,1513911.0,26784773.0
2017-05-29,,0.0,130156.0,43415.0,,,,
2017-05-30,2618742.0,0.0,234763.0,190554.0,930363.0,9876100.0,1036925.0,55333320.0
2017-05-31,2797532.0,0.0,828664.0,388042.0,868402.0,25307700.0,3027261.0,72137180.0
2017-06-01,2256881.0,0.0,311084.0,138369.0,736868.0,17577200.0,2635695.0,42149584.0
2017-06-02,3921255.0,0.0,224317.0,316607.0,491139.0,17869900.0,2340088.0,47535350.0
2017-06-05,2565960.0,0.0,358256.0,171410.0,553735.0,12541600.0,1760194.0,30859653.0
2017-06-06,4698459.0,0.0,170571.0,523846.0,434042.0,21800100.0,2876598.0,53437396.0
2017-06-07,3008081.0,0.0,289014.0,372370.0,658835.0,27296100.0,4144113.0,47319062.0
2017-06-08,3122176.0,0.0,405890.0,219579.0,844929.0,24323800.0,3633834.0,49472438.0
2017-06-09,2978888.0,0.0,179687.0,300163.0,756957.0,25821800.0,2335716.0,37222380.0
2017-06-12,1855066.0,0.0,134411.0,538726.0,502876.0,24309900.0,2310045.0,32535646.0
2017-06-13,2703714.0,424.0,490885.0,350785.0,459842.0,10095600.0,2854739.0,57507869.0
2017-06-14,3680345.0,0.0,1728889.0,779524.0,678290.0,20053300.0,3899062.0,46563186.0
2017-06-15,3583925.0,0.0,812542.0,645436.0,838479.0,22287000.0,2652847.0,50853103.0
2017-06-16,4402291.0,0.0,715170.0,330428.0,939562.0,22596200.0,4539153.0,64820678.0
2017-06-19,64101.0,0.0,374401.0,172450.0,414587.0,14190100.0,4519760.0,20721485.0
2017-06-20,433558.0,0.0,848420.0,318208.0,638746.0,16799300.0,5739968.0,6280427.0
2017-06-21,263804.0,0.0,710484.0,430388.0,425478.0,12554700.0,5331252.0,7919149.0
2017-06-22,301511.0,0.0,261721.0,339980.0,603113.0,14726500.0,5047527.0,9364557.0
2017-06-23,370703.0,0.0,109755.0,364838.0,1275694.0,20746900.0,2008608.0,5265749.0
2017-06-26,309559.0,,,,590636.0,13970200.0,2080464.0,23907058.0
2017-06-27,108566.0,0.0,956014.0,190526.0,728409.0,14693900.0,5414878.0,8176054.0
2017-06-28,327444.0,0.0,873472.0,162339.0,664016.0,12231500.0,4547561.0,9664451.0
2017-06-29,328069.0,0.0,916030.0,173793.0,953730.0,16257000.0,2452412.0,14225238.0
2017-06-30,101848.0,0.0,370920.0,150213.0,504673.0,14791100.0,2315762.0,10542757.0
2017-07-03,3340208.0,0.0,281876.0,172295.0,515776.0,8517400.0,1517498.0,52293875.0
2017-07-04,1946865.0,0.0,319871.0,234383.0,,,,34494209.0
2017-07-05,4118218.0,0.0,5123992.0,4896573.0,821773.0,13967000.0,5470368.0,57249008.0
2017-07-06,4167393.0,0.0,283064.0,291104.0,1239849.0,12965500.0,4728490.0,42546649.0
2017-07-07,2711431.0,0.0,600144.0,287310.0,485007.0,12151400.0,2791178.0,25895712.0
2017-07-10,1748493.0,0.0,559541.0,288015.0,779162.0,24245200.0,2429431.0,25909033.0
2017-07-11,1819597.0,0.0,624685.0,177248.0,703350.0,19193800.0,2989819.0,0.0
2017-07-12,3853014.0,0.0,413942.0,361255.0,1004166.0,23912500.0,3235542.0,59301553.0
2017-07-13,2339938.0,1251.0,595734.0,235776.0,499810.0,17865300.0,2359145.0,45791181.0
2017-07-14,2115248.0,3579.0,656060.0,173732.0,608400.0,11896500.0,2509471.0,26300321.0
2017-07-17,2023462.0,1350.0,678563.0,191950.0,885108.0,27319800.0,2504762.0,35704218.0
2017-07-18,2949843.0,96.0,466732.0,166238.0,540941.0,15330900.0,2624261.0,33391387.0
2017-07-19,2651571.0,0.0,1161415.0,103352.0,622251.0,14095000.0,2507901.0,30288747.0
2017-07-20,2896898.0,98.0,759361.0,153067.0,710963.0,13210900.0,2763041.0,42709793.0
2017-07-21,2883400.0,0.0,348017.0,201112.0,449903.0,11718700.0,2773242.0,34637045.0
2017-07-24,3017870.0,0.0,319226.0,161716.0,560819.0,14713200.0,2176870.0,35276707.0
2017-07-25,4383251.0,0.0,1133433.0,125487.0,967264.0,74121800.0,5608027.0,69664128.0
2017-07-26,4597423.0,0.0,634028.0,202078.0,900651.0,37215700.0,3185209.0,49017244.0
2017-07-27,2852381.0,472.0,613133.0,193036.0,831501.0,32957100.0,2366207.0,49935494.0
2017-07-28,2255782.0,0.0,519529.0,183181.0,558493.0,17858300.0,2226194.0,37618198.0
2017-07-31,2461625.0,0.0,1018946.0,253973.0,762773.0,17123900.0,2277648.0,47211874.0
2017-08-01,3420377.0,0.0,451090.0,343037.0,1046566.0,19010000.0,1578929.0,30599797.0
2017-08-02,2886485.0,0.0,345649.0,358104.0,852753.0,17689400.0,1859515.0,33453070.0
2017-08-03,2842369.0,0.0,376919.0,400733.0,803058.0,20389100.0,1651794.0,37485248.0
2017-08-04,2249745.0,0.0,816990.0,239404.0,1150715.0,14822800.0,1970606.0,39624282.0
2017-08-07,2535259.0,3995.0,5521287.0,2343600.0,667083.0,14260500.0,2163978.0,47477701.0
2017-08-08,2266881.0,0.0,2680700.0,2058440.0,693093.0,15750600.0,2021611.0,39854466.0
2017-08-09,1782712.0,0.0,1065482.0,144615.0,581649.0,13142600.0,1533640.0,47920878.0
2017-08-10,2145200.0,0.0,1244161.0,160710.0,837845.0,17626000.0,2270922.0,47340397.0
2017-08-11,2829249.0,0.0,720048.0,163171.0,887963.0,19768300.0,2608119.0,67888989.0
2017-08-14,2269876.0,0.0,3572136.0,856935.0,847995.0,17354000.0,1954015.0,44449278.0
2017-08-15,1669216.0,,,,843343.0,14954900.0,2303319.0,29525697.0
2017-08-16,2718205.0,0.0,769277.0,245961.0,1938864.0,24242900.0,2690624.0,46535100.0
2017-08-17,4581934.0,0.0,377240.0,140354.0,1103240.0,18107400.0,2026095.0,44212790.0
2017-08-18,3279215.0,0.0,1911960.0,304805.0,744375.0,15434300.0,2052663.0,48949847.0
2017-08-21,2722796.0,0.0,501635.0,172044.0,713077.0,23227700.0,2071272.0,30027969.0
2017-08-22,3858787.0,0.0,514948.0,257653.0,1054073.0,31871100.0,3286548.0,55356076.0
2017-08-23,3241508.0,0.0,247563.0,185766.0,637265.0,20105800.0,3507049.0,50589043.0
2017-08-24,2751379.0,0.0,822074.0,696032.0,536288.0,22766000.0,3331724.0,41576351.0
2017-08-25,3343750.0,24650.0,578829.0,307420.0,762773.0,18066300.0,5878860.0,32535692.0
2017-08-28,,0.0,837050.0,922304.0,1185502.0,13379300.0,2543661.0,
2017-08-29,3901671.0,0.0,1310289.0,532596.0,1394328.0,30041500.0,2112412.0,43388024.0
2017-08-30,3489994.0,73.0,350120.0,240090.0,1450897.0,23625900.0,2888593.0,49448683.0
2017-08-31,3783567.0,0.0,988179.0,177417.0,1106412.0,19899600.0,4352170.0,46539131.0
2017-09-01,2622004.0,0.0,698587.0,200599.0,662007.0,12883200.0,2720555.0,36946738.0
2017-09-04,1528919.0,74000.0,381522.0,83529.0,,,,29677323.0
2017-09-05,2408656.0,500.0,508855.0,135815.0,1446350.0,20255000.0,4404409.0,35775489.0
2017-09-06,1981978.0,0.0,301703.0,147129.0,866816.0,15729800.0,2528528.0,38273994.0
2017-09-07,2062877.0,1843.0,323403.0,260292.0,1004483.0,15432400.0,2651726.0,31455103.0
2017-09-08,4291375.0,0.0,338598.0,193360.0,1149340.0,27484000.0,5286076.0,52652524.0
2017-09-11,2888140.0,1349757.0,428843.0,324964.0,679454.0,19728100.0,3792119.0,47531932.0
2017-09-12,4945096.0,337742.0,439545.0,356643.0,622991.0,20798600.0,2464070.0,68994584.0
2017-09-13,4310502.0,7000.0,394657.0,422856.0,976463.0,23721600.0,2612266.0,47195066.0
2017-09-14,4227669.0,5124.0,482904.0,294234.0,796291.0,17270200.0,2996994.0,63543349.0
2017-09-15,4225962.0,7824.0,385256.0,318406.0,1346642.0,21270500.0,2424275.0,73562873.0
2017-09-18,3497577.0,,,,1462422.0,14095900.0,2369458.0,34752833.0
2017-09-19,2423420.0,,,,909744.0,21264600.0,3124675.0,40238251.0
2017-09-20,2358461.0,11570.0,704294.0,642858.0,786775.0,18449500.0,2597805.0,26704746.0
2017-09-21,2725225.0,0.0,771735.0,244985.0,967793.0,16535200.0,2901372.0,39255485.0
2017-09-22,4784137.0,0.0,348039.0,307403.0,609034.0,12562800.0,2113758.0,35266710.0
2017-09-25,2569506.0,0.0,459445.0,388981.0,552677.0,15655900.0,2165099.0,28533216.0
2017-09-26,2772581.0,0.0,700119.0,357371.0,824311.0,13522200.0,3648743.0,27129583.0
2017-09-27,2156224.0,3995.0,494986.0,344780.0,873266.0,11806200.0,2429992.0,25568400.0
2017-09-28,3137167.0,13901.0,387401.0,169808.0,1151455.0,20050600.0,2443556.0,39525377.0
2017-09-29,3214119.0,500.0,249473.0,242033.0,786563.0,15716600.0,2494449.0,32091220.0
2017-10-02,3318079.0,309.0,358358.0,191771.0,1258987.0,14783800.0,2426180.0,45894895.0
2017-10-03,2242178.0,20615.0,442724.0,203004.0,1051218.0,13404400.0,1650785.0,33043749.0
2017-10-04,2318717.0,0.0,472192.0,357970.0,895682.0,15923700.0,1935294.0,33904566.0
2017-10-05,2450907.0,3072.0,415093.0,379631.0,1472572.0,25633000.0,2070487.0,41213705.0
2017-10-06,1700586.0,1180.0,426357.0,292790.0,882042.0,16569700.0,1724995.0,35301295.0
2017-10-09,1799527.0,,,,1070990.0,9521700.0,2729747.0,22922145.0
2017-10-10,1973392.0,26689.0,308595.0,188978.0,952779.0,13056000.0,3943566.0,24790447.0
2017-10-11,2305909.0,9667.0,394019.0,346434.0,1149657.0,14389000.0,3524872.0,38683510.0
2017-10-12,1689153.0,15271.0,480992.0,250349.0,1309529.0,14161500.0,1779700.0,20934104.0
2017-10-13,3114820.0,10050.0,809007.0,237927.0,1412197.0,13737500.0,2932872.0,40897634.0
2017-10-16,3856810.0,26729.0,802198.0,270777.0,1408708.0,26132000.0,3977532.0,52737767.0
2017-10-17,3013834.0,35367.0,389863.0,865740.0,752199.0,22915200.0,2608007.0,31146221.0
2017-10-18,2836563.0,24123.0,383024.0,253843.0,861212.0,15252000.0,5857898.0,27937656.0
2017-10-19,3279082.0,10904.0,366172.0,266155.0,831923.0,15985600.0,3248770.0,32525104.0
2017-10-20,4501114.0,11110.0,402694.0,111281.0,1012836.0,14307100.0,2626727.0,35658314.0
2017-10-23,1466411.0,1000.0,423241.0,124362.0,967159.0,16018400.0,1744724.0,18270121.0
2017-10-24,3066235.0,380044.0,289858.0,345376.0,1677381.0,20956000.0,1467613.0,47963886.0
2017-10-25,5563107.0,313200.0,594138.0,953448.0,1473207.0,30437900.0,2436830.0,54549031.0
2017-10-26,2198305.0,2887.0,233613.0,153474.0,1508945.0,16863100.0,2872002.0,33983685.0
2017-10-27,4465749.0,,,,969591.0,22874000.0,2446695.0,37330656.0
2017-10-30,1981540.0,0.0,244156.0,242605.0,902237.0,15066100.0,2315874.0,33792506.0
2017-10-31,1866076.0,684.0,210859.0,440350.0,1575875.0,14397600.0,1489136.0,28094742.0
2017-11-01,4378180.0,,,,980587.0,18478800.0,4711339.0,84906915.0
2017-11-02,3161572.0,600.0,423314.0,1017261.0,612629.0,13059600.0,3509739.0,36717744.0
2017-11-03,2237926.0,2941.0,325537.0,277687.0,729149.0,8681300.0,2385040.0,26267516.0
2017-11-06,1738053.0,9389.0,1035733.0,219907.0,1085265.0,14020600.0,4433331.0,25343669.0
2017-11-07,4219202.0,21964.0,440746.0,227992.0,961026.0,10559000.0,2959888.0,25961573.0
2017-11-08,1917206.0,9856.0,295872.0,151704.0,859520.0,15949400.0,3843461.0,23515911.0
2017-11-09,3364540.0,24110.0,503659.0,339054.0,1207071.0,15859900.0,3610629.0,37835685.0
2017-11-10,1742594.0,10968.0,194831.0,156147.0,1013365.0,13518200.0,1868483.0,24194698.0
2017-11-13,2101234.0,0.0,403459.0,245837.0,730418.0,9908200.0,2392550.0,23014041.0
2017-11-14,2249652.0,26.0,496244.0,187822.0,698169.0,27677700.0,3133643.0,32177382.0
2017-11-15,2879173.0,0.0,278135.0,283032.0,943262.0,17992800.0,2847452.0,60122034.0
2017-11-16,2277763.0,0.0,368159.0,234617.0,918415.0,13654200.0,3395957.0,37580461.0
2017-11-17,1908987.0,11500.0,169401.0,198927.0,878976.0,15334600.0,2448152.0,34366434.0
2017-11-20,1174384.0,7799.0,560493.0,384310.0,583023.0,13823700.0,2478867.0,23721892.0
2017-11-21,3660066.0,8867.0,454563.0,283153.0,1219442.0,12985300.0,2008832.0,29981744.0
2017-11-22,2178713.0,6562.0,370856.0,333133.0,1267023.0,9338900.0,1144765.0,33539110.0
2017-11-23,1042186.0,0.0,326407.0,93828.0,,,,17312711.0
2017-11-24,1480801.0,14436.0,1049716.0,157689.0,216651.0,6136300.0,718449.0,21747346.0
2017-11-27,5081869.0,5000.0,201197.0,231451.0,815535.0,11047400.0,2170256.0,25104235.0
2017-11-28,3994546.0,0.0,346224.0,284930.0,1249788.0,11794100.0,2740957.0,61516609.0
2017-11-29,3487558.0,0.0,270900.0,210574.0,1489490.0,11271300.0,3472185.0,46352167.0
2017-11-30,4921275.0,60600.0,340643.0,528487.0,1621024.0,18073300.0,1863102.0,72932448.0
2017-12-01,3408177.0,0.0,385694.0,116929.0,1314815.0,13706100.0,2734007.0,42550754.0
2017-12-04,2343668.0,12842.0,539256.0,158791.0,1054179.0,16979000.0,2700601.0,34471884.0
2017-12-05,3974617.0,8000.0,391992.0,168868.0,2284935.0,19535200.0,2301189.0,52859111.0
2017-12-06,3108817.0,0.0,417852.0,183989.0,1489807.0,22659400.0,2712932.0,44374369.0
2017-12-07,2745270.0,0.0,150678.0,207864.0,1095098.0,20610000.0,1978005.0,38914979.0
2017-12-08,2804488.0,,,,1006175.0,12024500.0,1571418.0,47910185.0
2017-12-11,3561537.0,195.0,277609.0,474254.0,1037578.0,15509000.0,1811760.0,47524700.0
2017-12-12,2884558.0,0.0,1537318.0,120731.0,1232871.0,24138500.0,1598546.0,80414135.0
2017-12-13,2624340.0,15346.0,265931.0,186613.0,1129779.0,27314300.0,2001321.0,65472718.0
2017-12-14,2804131.0,1000.0,170454.0,119006.0,780642.0,23485200.0,2584017.0,50413073.0
2017-12-15,3001477.0,251735.0,735191.0,417872.0,1598714.0,36566000.0,3974169.0,62155121.0
2017-12-18,2255102.0,309973.0,1923163.0,921849.0,1571223.0,25429200.0,1841915.0,35483597.0
2017-12-19,2406535.0,6760.0,1192727.0,453064.0,1190154.0,17764800.0,1863887.0,51917201.0
2017-12-20,2097609.0,1500.0,1089775.0,371468.0,1102711.0,20886500.0,2829628.0,34725135.0
2017-12-21,2099653.0,0.0,530446.0,281731.0,1388830.0,20761700.0,2892404.0,33712533.0
2017-12-22,457858.0,7734.0,362717.0,98537.0,597509.0,13649100.0,1195098.0,10299302.0
2017-12-26,,1010.0,335344.0,161459.0,510277.0,16561200.0,1041297.0,
2017-12-27,1483199.0,26021.0,446545.0,115380.0,675013.0,17299500.0,1127950.0,34312018.0
2017-12-28,1290733.0,15000.0,423015.0,230197.0,772818.0,18291700.0,1567719.0,22059107.0
2017-12-29,1104117.0,0.0,367008.0,180629.0,778422.0,15589700.0,1628477.0,22075487.0
2018-01-02,2127193.0,0.0,345890.0,181919.0,985451.0,21899900.0,2971883.0,31188391.0
2018-01-03,2668491.0,55705.0,3710510.0,949467.0,877495.0,20673600.0,2792747.0,30077377.0
2018-01-04,2401393.0,0.0,812910.0,213979.0,668457.0,19540500.0,2648138.0,38608269.0
2018-01-05,2641645.0,0.0,653034.0,231365.0,566528.0,13870600.0,1454385.0,31603356.0
2018-01-08,1862544.0,10021.0,664917.0,274655.0,887540.0,15237200.0,3178596.0,40841329.0
2018-01-09,3718125.0,700.0,521795.0,206788.0,1011144.0,32628500.0,2545679.0,40397952.0
2018-01-10,3053682.0,7661.0,422222.0,159491.0,1123646.0,28035200.0,2537720.0,61341700.0
2018-01-11,3586546.0,0.0,368424.0,188357.0,1022881.0,21236100.0,4693067.0,54375326.0
2018-01-12,2945407.0,0.0,406631.0,222424.0,590107.0,14187600.0,4317756.0,48618914.0
2018-01-15,1374836.0,0.0,709090.0,111180.0,,,,32993905.0
2018-01-16,2612335.0,,,,879927.0,22835400.0,5175657.0,55993490.0
2018-01-17,1883896.0,0.0,336779.0,1271190.0,696054.0,16886600.0,3328137.0,66440567.0
2018-01-18,2087658.0,300.0,317811.0,1144269.0,804750.0,23341000.0,2428871.0,63501099.0
2018-01-19,3300562.0,26987.0,334404.0,681630.0,817121.0,22636100.0,1373001.0,39680526.0
2018-01-22,2351022.0,20595.0,375154.0,326698.0,1015268.0,17637600.0,2338518.0,33261300.0
2018-01-23,4552449.0,0.0,506737.0,469145.0,1303713.0,27792100.0,3471289.0,46903850.0
2018-01-24,5581604.0,3000.0,318819.0,380418.0,1062109.0,26371300.0,3315582.0,52539724.0
2018-01-25,3567579.0,0.0,244724.0,326886.0,899700.0,31662900.0,2269016.0,35826409.0
2018-01-26,2652387.0,368.0,175925.0,380764.0,456353.0,18346700.0,1918367.0,41625314.0
2018-01-29,2897792.0,121.0,187868.0,389814.0,577948.0,17668900.0,2630987.0,58116600.0
2018-01-30,2517132.0,3448.0,315353.0,371731.0,1281720.0,16342600.0,2366431.0,43816121.0
2018-01-31,3717219.0,2552.0,344439.0,804054.0,831183.0,15107600.0,2401406.0,37627677.0
2018-02-01,2445373.0,3275.0,1206409.0,582726.0,691084.0,10716700.0,2367440.0,48196182.0
2018-02-02,4051672.0,186.0,298560.0,460464.0,1118360.0,25449200.0,2599487.0,56873745.0
2018-02-05,4285836.0,0.0,202238.0,299966.0,1545529.0,29892000.0,2907314.0,55116865.0
2018-02-06,7302301.0,12936.0,360459.0,430516.0,1299167.0,38602400.0,4093668.0,76329286.0
2018-02-07,3961162.0,18000.0,411166.0,490390.0,1228218.0,31024200.0,2666859.0,47734272.0
2018-02-08,4727139.0,5413.0,248123.0,315413.0,1499323.0,29904000.0,4008472.0,75315571.0
2018-02-09,4834569.0,0.0,378615.0,302947.0,1647458.0,34794800.0,5012439.0,62458977.0
2018-02-12,3133891.0,0.0,209240.0,199106.0,585138.0,26314100.0,3015266.0,54275443.0
2018-02-13,4180854.0,3200.0,250105.0,307326.0,971388.0,23234600.0,4173483.0,65828817.0
2018-02-14,5849566.0,0.0,282827.0,209017.0,1927656.0,35128700.0,7715507.0,61106212.0
2018-02-15,3347351.0,170703.0,549896.0,244351.0,1337760.0,21663100.0,3648519.0,53488739.0
2018-02-16,3253084.0,0.0,226997.0,185478.0,845563.0,16549400.0,4696205.0,35014268.0
2018-02-19,1903283.0,0.0,79533.0,52260.0,,,,22679560.0
2018-02-20,3278838.0,0.0,451168.0,169142.0,826002.0,12946500.0,7622127.0,30874107.0
2018-02-21,2194246.0,0.0,403703.0,174621.0,1080189.0,16481500.0,4972756.0,71925222.0
2018-02-22,3545850.0,0.0,242032.0,248936.0,979212.0,16885300.0,5482699.0,71731517.0
2018-02-23,2344779.0,0.0,262229.0,172622.0,1626311.0,15111700.0,1999976.0,50658157.0
2018-02-26,2417491.0,0.0,244189.0,1132859.0,1669451.0,13857800.0,2676948.0,41099385.0
2018-02-27,3251582.0,0.0,401080.0,1379193.0,2204893.0,15050400.0,2879849.0,39500059.0
2018-02-28,5440165.0,3000.0,404793.0,981925.0,2103493.0,17068400.0,2816064.0,50707104.0
2018-03-01,4581898.0,0.0,778493.0,1404373.0,1534639.0,15127700.0,5681004.0,60414681.0
2018-03-02,5656172.0,1155.0,660278.0,1012037.0,1408180.0,16260600.0,5193929.0,68224233.0
2018-03-05,4379412.0,40192.0,801620.0,511838.0,1147331.0,16410800.0,2650829.0,49096843.0
2018-03-06,3258956.0,38658.0,520677.0,575689.0,1688377.0,18429800.0,2921999.0,55034541.0
2018-03-07,2325604.0,3475.0,737440.0,1177539.0,1300541.0,13955300.0,3829672.0,63066337.0
2018-03-08,2882260.0,0.0,352564.0,1092572.0,1120157.0,12134400.0,5038559.0,41978313.0
2018-03-09,2645902.0,3000.0,596959.0,432112.0,1259728.0,15467400.0,2891059.0,41553179.0
2018-03-12,2848637.0,0.0,345550.0,198172.0,972551.0,10999100.0,2240655.0,43776488.0
2018-03-13,5115269.0,27442.0,196607.0,305588.0,934064.0,12003000.0,3393155.0,53784032.0
2018-03-14,6185204.0,127.0,494989.0,277030.0,961237.0,12497300.0,2285271.0,54183107.0
2018-03-15,5266049.0,0.0,337458.0,335401.0,674695.0,10488800.0,1660874.0,61663535.0
2018-03-16,4486075.0,0.0,346082.0,338361.0,1234986.0,15208200.0,1580834.0,67008298.0
2018-03-19,3416610.0,8684.0,234200.0,222625.0,666554.0,11531500.0,3642017.0,43186738.0
2018-03-20,3923938.0,0.0,110783.0,145459.0,1318622.0,16664700.0,3812185.0,63917947.0
2018-03-21,5907617.0,0.0,199351.0,248920.0,1301704.0,15725900.0,5051674.0,69813602.0
2018-03-22,4962088.0,6000.0,461628.0,453442.0,1019392.0,17976600.0,4878704.0,64266183.0
2018-03-23,4114670.0,0.0,242953.0,368205.0,1136335.0,16437500.0,2891171.0,64596484.0
2018-03-26,2110646.0,520.0,268221.0,268163.0,1151772.0,12987800.0,1914108.0,45576422.0
2018-03-27,3673667.0,0.0,483534.0,538179.0,763724.0,15943300.0,2844425.0,49659901.0
2018-03-28,6181656.0,0.0,766728.0,514334.0,870940.0,19249200.0,3167049.0,56510304.0
2018-03-29,2842507.0,15637.0,275681.0,243193.0,1135277.0,16127800.0,3582828.0,67682169.0
2018-04-02,,50.0,633847.0,302458.0,1198507.0,14724900.0,3288117.0,
2018-04-03,2425213.0,100.0,459072.0,529136.0,970754.0,12783400.0,2809562.0,45111679.0
2018-04-04,5450023.0,450000.0,2396730.0,1244203.0,1329407.0,16268900.0,2184941.0,80203624.0
2018-04-05,2428949.0,5700.0,779669.0,407936.0,1028696.0,17297500.0,3057976.0,68800785.0
2018-04-06,2417263.0,0.0,531203.0,599483.0,756429.0,16346600.0,2606998.0,44534678.0
2018-04-09,3601822.0,2106.0,549673.0,295361.0,1116774.0,14785100.0,3208078.0,135729870.0
2018-04-10,4189714.0,5920.0,550106.0,437335.0,1279923.0,14184900.0,3862406.0,85120140.0
2018-04-11,4881527.0,0.0,487743.0,298100.0,880033.0,11123700.0,2905632.0,52653101.0
2018-04-12,3354615.0,1400.0,280236.0,254337.0,931737.0,12857700.0,2080912.0,37956576.0
2018-04-13,2897826.0,0.0,500149.0,335074.0,1418330.0,9707000.0,4176622.0,35164042.0
2018-04-16,2626489.0,0.0,226112.0,107147.0,829809.0,12325600.0,3486198.0,48390053.0
2018-04-17,3008681.0,33.0,473405.0,358054.0,774721.0,10121700.0,2428198.0,40942636.0
2018-04-18,4931494.0,3270.0,669959.0,351483.0,1296735.0,19424200.0,5249867.0,93393453.0
2018-04-19,3641825.0,0.0,742453.0,1521425.0,1148177.0,22122700.0,3004728.0,76274659.0
2018-04-20,3091623.0,0.0,423747.0,1109665.0,672158.0,13230200.0,3033314.0,59497046.0
2018-04-23,4203302.0,3019.0,244357.0,465484.0,927719.0,14924600.0,1953118.0,52313468.0
2018-04-24,4140196.0,0.0,468782.0,589470.0,1011250.0,77549000.0,2784564.0,52823943.0
2018-04-25,6417612.0,0.0,532397.0,540542.0,1672729.0,39947100.0,1411900.0,55284851.0
2018-04-26,4921206.0,0.0,348279.0,662838.0,2167357.0,31647200.0,1330067.0,56850697.0
2018-04-27,4155304.0,0.0,356738.0,274951.0,1721895.0,16203700.0,2428422.0,35115477.0
2018-04-30,4326402.0,37.0,150806.0,217020.0,1085370.0,17564400.0,1851668.0,56620465.0
2018-05-01,2371602.0,,,,1258353.0,19461300.0,1780933.0,29686560.0
2018-05-02,5433855.0,0.0,590573.0,803100.0,845880.0,20459700.0,1780933.0,48295294.0
2018-05-03,4391955.0,0.0,289443.0,371335.0,973503.0,18971900.0,2489517.0,35475936.0
2018-05-04,6273222.0,400.0,373283.0,244834.0,1242281.0,15428800.0,2228100.0,45392488.0
2018-05-07,,10000.0,463461.0,393405.0,1024573.0,13111300.0,1733514.0,
2018-05-08,9154867.0,0.0,224679.0,372809.0,1094569.0,12799300.0,1483419.0,50056188.0
2018-05-09,3555444.0,41300.0,225401.0,276366.0,1158539.0,14097200.0,2894086.0,56689941.0
2018-05-10,3453744.0,177.0,339235.0,713009.0,1473841.0,19718600.0,2833328.0,40254265.0
2018-05-11,4340446.0,0.0,139669.0,444311.0,680617.0,12881800.0,3240475.0,55926263.0
2018-05-14,2355813.0,22900.0,282161.0,462020.0,625952.0,10837300.0,2492207.0,34085480.0
2018-05-15,3375211.0,19300.0,913952.0,1413066.0,905727.0,14673800.0,3202361.0,42458310.0
2018-05-16,3756432.0,5900.0,170925.0,833977.0,1378574.0,18976000.0,2918187.0,58787597.0
2018-05-17,3325181.0,13200.0,94442.0,1798915.0,437637.0,18221800.0,2845995.0,40910493.0
2018-05-18,3382899.0,13440.0,108267.0,611021.0,1105143.0,16113200.0,1754365.0,108407933.0
2018-05-21,6470392.0,,,,892510.0,13431100.0,1849874.0,48824819.0
2018-05-22,1988125.0,3786.0,109220.0,535829.0,526349.0,27675900.0,3296973.0,51869679.0
2018-05-23,4856950.0,15268.0,136789.0,273374.0,738136.0,18864500.0,2616414.0,61159162.0
2018-05-24,2976486.0,3000.0,215387.0,1592533.0,822090.0,13010000.0,2421696.0,45842926.0
2018-05-25,3212493.0,39300.0,408709.0,499726.0,764676.0,9003300.0,4022372.0,36398114.0
2018-05-28,,24055.0,39462.0,81161.0,,,,
2018-05-29,3684526.0,0.0,132068.0,654912.0,1023727.0,12993400.0,2313856.0,50500170.0
2018-05-30,2989807.0,0.0,143274.0,814721.0,1125550.0,13255700.0,1980919.0,38052072.0
2018-05-31,3287926.0,386.0,689063.0,1247584.0,1289756.0,15414400.0,2255116.0,120875982.0
2018-06-01,2238267.0,0.0,319622.0,23607639.0,804327.0,12802000.0,2138083.0,58653604.0
2018-06-04,2809451.0,0.0,610305.0,2313059.0,812151.0,9196300.0,1547204.0,28351055.0
2018-06-05,3373832.0,0.0,240621.0,2619598.0,1136546.0,14530800.0,1953679.0,51303078.0
2018-06-06,3868477.0,300.0,207485.0,970931.0,1363665.0,20784800.0,3197316.0,66395336.0
2018-06-07,5084670.0,20000.0,229368.0,383878.0,903612.0,15733500.0,3091158.0,72617908.0
2018-06-08,5182107.0,2100.0,189401.0,411818.0,717095.0,10326200.0,1378270.0,45886869.0
2018-06-11,2138001.0,0.0,62656.0,329065.0,687701.0,12672600.0,874716.0,40892287.0
2018-06-12,2769303.0,3748.0,124029.0,521833.0,533433.0,11926300.0,2130797.0,34818725.0
2018-06-13,3977615.0,7348.0,417876.0,508251.0,663170.0,9608100.0,2659236.0,71775676.0
2018-06-14,4237093.0,3850.0,211237.0,201558.0,760764.0,12549400.0,1625002.0,56277096.0
2018-06-15,6484279.0,120.0,167798.0,412823.0,1413466.0,22848300.0,3738647.0,105638637.0
2018-06-18,3975202.0,2700.0,365011.0,173594.0,845035.0,13392700.0,2089208.0,44453721.0
2018-06-19,4233632.0,3479.0,351355.0,429986.0,984393.0,17789100.0,3058536.0,63672823.0
2018-06-20,4427622.0,6060.0,234815.0,197476.0,991372.0,11160300.0,2236731.0,63186313.0
2018-06-21,3122248.0,3480.0,63513.0,275560.0,680617.0,12194700.0,2084500.0,44541706.0
2018-06-22,2056748.0,0.0,430710.0,413733.0,1691444.0,19348900.0,2858886.0,49792033.0
2018-06-25,2273633.0,0.0,182216.0,233494.0,2017742.0,14838900.0,3487879.0,46662301.0
2018-06-26,2729503.0,0.0,254451.0,240810.0,1037472.0,16300000.0,5327328.0,46966600.0
2018-06-27,5214108.0,56000.0,159490.0,318640.0,988834.0,24679200.0,5054477.0,51944760.0
2018-06-28,4298744.0,84500.0,134423.0,285848.0,1051007.0,17572300.0,4695981.0,70623291.0
2018-06-29,3699968.0,161506.0,314608.0,589484.0,965784.0,19795500.0,1557181.0,41623309.0
2018-07-02,5208184.0,,,,1051218.0,14426400.0,3397751.0,49542105.0
2018-07-03,6914194.0,105173.0,2436858.0,145536.0,950030.0,8460000.0,1872631.0,216731690.0
2018-07-04,2643056.0,37606.0,444354.0,87578.0,,,,69011567.0
2018-07-05,6703392.0,6968.0,425197.0,378503.0,1383649.0,17618100.0,2481446.0,80809946.0
2018-07-06,4214223.0,120.0,313175.0,217818.0,1258882.0,15283900.0,2587829.0,55602460.0
2018-07-09,3588018.0,0.0,775639.0,237362.0,763619.0,16786000.0,2165996.0,43627891.0
2018-07-10,3295162.0,0.0,514609.0,92274.0,736445.0,15083800.0,2321367.0,52028610.0
2018-07-11,4165533.0,0.0,693419.0,370191.0,1139190.0,26590600.0,4313496.0,108637458.0
2018-07-12,3407871.0,0.0,708613.0,135764.0,1694510.0,20100400.0,2742863.0,44744458.0
2018-07-13,2576360.0,0.0,215478.0,186432.0,1359013.0,26062200.0,2218235.0,40822917.0
2018-07-16,1198441.0,,,,1077017.0,15983200.0,2376184.0,53391809.0
2018-07-17,2880625.0,0.0,88091.0,110823.0,1362185.0,15905000.0,2420239.0,37216858.0
2018-07-18,3446147.0,81.0,624479.0,185231.0,917357.0,19202600.0,2485593.0,55647352.0
2018-07-19,3160467.0,673.0,247816.0,151197.0,987988.0,38238700.0,3485525.0,63618912.0
2018-07-20,3813662.0,0.0,133064.0,260205.0,1326023.0,20405000.0,3478911.0,49515926.0
2018-07-23,2511628.0,0.0,37708.0,509431.0,2119142.0,21358500.0,2824584.0,40867289.0
2018-07-24,4031066.0,0.0,316604.0,368072.0,1987290.0,28247000.0,3375892.0,73290755.0
2018-07-25,2717043.0,30250.0,242931.0,329548.0,1124281.0,35148000.0,1469631.0,45262019.0
2018-07-26,1774838.0,20391.0,203701.0,263587.0,1270090.0,13221200.0,1993811.0,30359114.0
2018-07-27,2023555.0,0.0,275898.0,267626.0,1136863.0,11573900.0,1981031.0,34872056.0
2018-07-30,1159789.0,25000.0,168252.0,335146.0,1298109.0,9135500.0,2798240.0,27437532.0
2018-07-31,2663780.0,39000.0,471267.0,264369.0,1311643.0,12271000.0,2333362.0,48472767.0
2018-08-01,3143184.0,12500.0,56066.0,246452.0,1230016.0,19388900.0,2618208.0,65234801.0
2018-08-02,3183950.0,0.0,297613.0,219220.0,1100385.0,20206500.0,2983878.0,64040114.0
2018-08-03,2292523.0,15000.0,390064.0,283397.0,702292.0,11971000.0,1853574.0,38877286.0
2018-08-06,1969758.0,1262.0,229997.0,386116.0,1149129.0,16632600.0,2077886.0,52778527.0
2018-08-07,2300722.0,0.0,470002.0,164848.0,791533.0,11081800.0,2218235.0,49239945.0
2018-08-08,2218107.0,0.0,92796.0,386123.0,754948.0,13128800.0,2582784.0,46058582.0
2018-08-09,2309539.0,0.0,210524.0,504633.0,778950.0,15046400.0,1636548.0,38878834.0
2018-08-10,2026623.0,32467.0,164553.0,324634.0,997082.0,13921800.0,1897405.0,46494725.0
2018-08-13,1852170.0,0.0,40681.0,324825.0,915877.0,16222300.0,1979574.0,33294369.0
2018-08-14,5919968.0,1000.0,76361.0,255636.0,1346853.0,16722600.0,2269689.0,39318090.0
2018-08-15,6337312.0,,,,1395280.0,35976400.0,4991925.0,95099917.0
2018-08-16,4683969.0,955.0,155980.0,351989.0,1016854.0,17867200.0,2399725.0,50088045.0
2018-08-17,4144862.0,0.0,168.0,249195.0,594231.0,21904700.0,2571238.0,47406536.0
2018-08-20,4417850.0,333.0,66297.0,312001.0,866710.0,12683000.0,1650897.0,33670991.0
2018-08-21,4935734.0,1893.0,202934.0,331589.0,613475.0,15806000.0,2885678.0,40028673.0
2018-08-22,4126140.0,0.0,115484.0,127747.0,454555.0,12230400.0,2857317.0,45338838.0
2018-08-23,6467746.0,0.0,104536.0,838089.0,673215.0,17069100.0,2926371.0,54123897.0
2018-08-24,5831248.0,0.0,78020.0,251027.0,592856.0,13288900.0,1992578.0,47340375.0
2018-08-27,,0.0,79381.0,282015.0,710540.0,10476700.0,1942133.0,
2018-08-28,6531420.0,0.0,65845.0,291234.0,892933.0,12144200.0,1635987.0,54534108.0
2018-08-29,4313628.0,0.0,74572.0,209701.0,818918.0,10064100.0,1390264.0,29265283.0
2018-08-30,2953129.0,0.0,77680.0,257853.0,661161.0,15530800.0,1246104.0,33406232.0
2018-08-31,3112746.0,0.0,192415.0,431636.0,473905.0,14284800.0,1810079.0,53516062.0
2018-09-03,1575769.0,0.0,68534.0,69076.0,,,,21193114.0
2018-09-04,9861341.0,0.0,164315.0,166690.0,961766.0,19908400.0,2386721.0,84676182.0
2018-09-05,4258401.0,0.0,211684.0,242935.0,1448147.0,17341700.0,2911125.0,40921672.0
2018-09-06,4686375.0,0.0,158128.0,111608.0,1484732.0,13986300.0,2780865.0,31937530.0
2018-09-07,4919330.0,0.0,124724.0,241838.0,1553354.0,26776300.0,2140437.0,62982898.0
2018-09-10,5114420.0,0.0,218584.0,311.0,1264697.0,11848900.0,1986412.0,51137385.0
2018-09-11,4562928.0,1649.0,186054.0,701147.0,1053544.0,15438400.0,2041789.0,49747518.0
2018-09-12,4663948.0,0.0,146734.0,303875.0,1274002.0,25530600.0,2690848.0,48661044.0
2018-09-13,6044632.0,3794.0,179591.0,273761.0,1106940.0,15259600.0,1533192.0,48650641.0
2018-09-14,3975770.0,23490.0,248089.0,268480.0,486064.0,13819800.0,1625786.0,38277464.0
2018-09-17,3636746.0,,,,784343.0,13739900.0,1999864.0,86642033.0
2018-09-18,4753162.0,,,,920212.0,21543100.0,1600003.0,71029320.0
2018-09-19,7344522.0,,,,955951.0,24725400.0,1639238.0,59553649.0
2018-09-20,7211516.0,0.0,293421.0,458313.0,887223.0,23289900.0,1639911.0,74958486.0
2018-09-21,8612493.0,4061.0,322190.0,586260.0,1386610.0,52922200.0,2245924.0,131975496.0
2018-09-24,4008332.0,18607.0,153197.0,202720.0,665602.0,20775200.0,1658632.0,41059134.0
2018-09-25,2338218.0,0.0,141460.0,259208.0,878976.0,15317800.0,2718873.0,64974163.0
2018-09-26,2831504.0,0.0,138243.0,251412.0,670995.0,16234500.0,3032193.0,37938862.0
2018-09-27,4361086.0,0.0,203156.0,345826.0,701975.0,20502600.0,2016679.0,52029418.0
2018-09-28,3569690.0,0.0,160088.0,397510.0,694891.0,16080600.0,2854402.0,50537271.0
2018-10-01,3957072.0,0.0,181671.0,209598.0,947809.0,15925600.0,2488284.0,35403253.0
2018-10-02,3921716.0,0.0,569465.0,163070.0,670572.0,14328200.0,2572471.0,70658224.0
2018-10-03,4317866.0,27902.0,558248.0,204727.0,1031446.0,20127400.0,2705421.0,37396838.0
2018-10-04,4511541.0,0.0,380043.0,219381.0,814477.0,23346400.0,2814607.0,46702826.0
2018-10-05,4793294.0,0.0,302499.0,216663.0,1108949.0,19861600.0,3558054.0,53810801.0
2018-10-08,3534357.0,0.0,208349.0,222121.0,792167.0,16162200.0,2421584.0,45299326.0
2018-10-09,3791366.0,0.0,234115.0,384334.0,728515.0,11831100.0,1956706.0,47567387.0
2018-10-10,4290655.0,0.0,335682.0,460195.0,1015797.0,26419400.0,4404633.0,50041734.0
2018-10-11,5638919.0,0.0,296012.0,340259.0,1460413.0,31623400.0,5102568.0,67410028.0
2018-10-12,4756958.0,2617.0,182747.0,181558.0,1101548.0,31107300.0,3274553.0,53188756.0
2018-10-15,2412462.0,,,,969379.0,19083600.0,2695781.0,32339455.0
2018-10-16,3971348.0,4083.0,200087.0,222373.0,872526.0,20373000.0,3051026.0,37350754.0
2018-10-17,4624788.0,0.0,423804.0,254373.0,662853.0,23013100.0,2420800.0,43162500.0
2018-10-18,3783197.0,0.0,230469.0,309867.0,1289016.0,21377700.0,3489897.0,39159424.0
2018-10-19,2831081.0,0.0,717515.0,178060.0,1890437.0,15817300.0,2077101.0,38407030.0
2018-10-22,1934433.0,0.0,433837.0,205802.0,1237206.0,12401600.0,2445349.0,28222656.0
2018-10-23,5036690.0,21257.0,102328.0,380393.0,1275271.0,24002400.0,3192608.0,60299421.0
2018-10-24,5031271.0,200.0,131826.0,220984.0,1484203.0,45767700.0,3692798.0,45610810.0
2018-10-25,4536277.0,0.0,105990.0,171087.0,1282778.0,34417700.0,3893906.0,47568283.0
2018-10-26,3757638.0,0.0,298187.0,275322.0,1014316.0,28577600.0,4215072.0,43967879.0
2018-10-29,2692466.0,0.0,379244.0,198123.0,941782.0,25835200.0,3234982.0,41543672.0
2018-10-30,3069296.0,340.0,275040.0,245987.0,1069193.0,22696200.0,3217943.0,62916192.0
2018-10-31,4037941.0,0.0,228174.0,960238.0,1691867.0,23361800.0,3454474.0,76469797.0
2018-11-01,4388164.0,,,,1856919.0,21668100.0,5063109.0,67524169.0
2018-11-02,3426563.0,,,,1246193.0,19501300.0,2914824.0,90403238.0
2018-11-05,1944987.0,11731.0,188653.0,701694.0,1030917.0,9791300.0,2703179.0,37139900.0
2018-11-06,1392261.0,1917.0,265157.0,397343.0,832875.0,11479300.0,2470908.0,44569017.0
2018-11-07,1703093.0,32989.0,141688.0,206360.0,650059.0,14378300.0,1895051.0,35416053.0
2018-11-08,2102184.0,32770.0,172540.0,226407.0,699543.0,14289300.0,1510323.0,38037022.0
2018-11-09,2597226.0,25280.0,156441.0,206849.0,826320.0,21444400.0,2954956.0,52406418.0
2018-11-12,2532247.0,25394.0,163078.0,210505.0,720796.0,14531600.0,2342666.0,59395986.0
2018-11-13,2675097.0,25000.0,280616.0,220028.0,828857.0,17216400.0,2483127.0,56227627.0
2018-11-14,4865156.0,26036.0,170029.0,189410.0,780113.0,16141900.0,2155347.0,59641506.0
2018-11-15,3947759.0,250.0,99052.0,230923.0,645618.0,23687300.0,2277872.0,55530310.0
2018-11-16,3449257.0,1000.0,158385.0,174578.0,418499.0,15981800.0,2955068.0,48934937.0
2018-11-19,2156331.0,50603.0,91799.0,180206.0,365949.0,16917600.0,2962130.0,35743223.0
2018-11-20,4165990.0,67863.0,345898.0,873280.0,862058.0,21391200.0,3779676.0,40882648.0
2018-11-21,3150806.0,0.0,150028.0,289093.0,1661838.0,17056200.0,3006186.0,49953196.0
2018-11-22,1336024.0,0.0,224276.0,77703.0,,,,28990028.0
2018-11-23,3101312.0,5680.0,359503.0,118794.0,3433535.0,7880800.0,2565745.0,43743569.0
2018-11-26,1945419.0,10000.0,482201.0,235557.0,2640522.0,10586300.0,2279890.0,35698435.0
2018-11-27,3618429.0,0.0,207936.0,366671.0,1244607.0,20866200.0,3625650.0,37288971.0
2018-11-28,3467756.0,0.0,361200.0,647519.0,926556.0,29088100.0,4106559.0,42287064.0
2018-11-29,4699994.0,0.0,218573.0,271300.0,678819.0,19450700.0,2985223.0,39447076.0
2018-11-30,5665372.0,0.0,372443.0,363206.0,805278.0,17146000.0,3899735.0,53162635.0
2018-12-03,4713827.0,28376.0,639667.0,764399.0,1698634.0,27171000.0,2969305.0,73188321.0
2018-12-04,3651218.0,13246.0,320322.0,472920.0,1031551.0,22402700.0,3667800.0,48237287.0
2018-12-05,1686923.0,0.0,291632.0,77344.0,,,,39661297.0
2018-12-06,5019119.0,0.0,243672.0,260683.0,1077335.0,25177100.0,5618564.0,68637898.0
2018-12-07,3068913.0,4824.0,152357.0,110906.0,1129250.0,21263900.0,4502721.0,59472652.0
2018-12-10,3854204.0,12528.0,147527.0,180465.0,1012202.0,17917900.0,7308808.0,38649612.0
2018-12-11,2158154.0,4877.0,347764.0,200837.0,839431.0,19184200.0,6629034.0,42361999.0
2018-12-12,3145659.0,4200.0,214980.0,410918.0,936601.0,15313400.0,5175993.0,203594762.0
2018-12-13,2395180.0,556.0,183210.0,200259.0,741943.0,17063900.0,5505567.0,56871508.0
2018-12-14,2864121.0,5436.0,197566.0,238749.0,782757.0,26978300.0,3875970.0,38512014.0
2018-12-17,4856834.0,3368.0,171833.0,285222.0,798405.0,16416800.0,6876662.0,31522332.0
2018-12-18,3037604.0,6446.0,174794.0,332969.0,1175139.0,29402100.0,6136242.0,36958523.0
2018-12-19,3267227.0,5560.0,270780.0,476803.0,1037261.0,26465400.0,7449718.0,43331736.0
2018-12-20,4756598.0,1500.0,321489.0,2904870.0,1401835.0,23589600.0,5281704.0,47102543.0
2018-12-21,5307042.0,35786.0,394853.0,972554.0,1871299.0,30525400.0,5140794.0,72616932.0
2018-12-24,527610.0,0.0,73604.0,319054.0,432985.0,9724400.0,1921394.0,11260368.0
2018-12-26,,0.0,167965.0,354133.0,757380.0,19614900.0,3252245.0,
2018-12-27,1505451.0,53217.0,39879.0,197885.0,623520.0,20161100.0,3572851.0,30540992.0
2018-12-28,1324112.0,0.0,67208.0,149679.0,987143.0,20165600.0,2679526.0,31744356.0
2018-12-31,453996.0,,,,905092.0,16811000.0,1779700.0,14387985.0
2019-01-02,2682626.0,12055.0,164973.0,304279.0,1974708.0,17940900.0,2246036.0,61613391.0
2019-01-03,3602432.0,17040.0,204648.0,813559.0,1783433.0,22417600.0,4429632.0,59889275.0
2019-01-04,3162009.0,17731.0,242926.0,366354.0,1873731.0,25597600.0,4479964.0,48745669.0
2019-01-07,2365539.0,26794.0,252804.0,202333.0,1082833.0,16813100.0,3451223.0,37870223.0
2019-01-08,2153791.0,78.0,154536.0,400542.0,1131788.0,22809600.0,3259420.0,30856452.0
2019-01-09,4821673.0,0.0,384923.0,504233.0,1102077.0,20616000.0,4292533.0,46959055.0
2019-01-10,2368596.0,0.0,57578.0,326859.0,1483463.0,19481400.0,2381565.0,30213689.0
2019-01-11,2730387.0,0.0,186925.0,309667.0,1172708.0,21532900.0,1938545.0,37614935.0
2019-01-14,2292587.0,5121.0,4380.0,29072.0,1188251.0,16085200.0,2045040.0,27954276.0
2019-01-15,2225958.0,0.0,10844.0,56042.0,1866647.0,26038900.0,2948230.0,31876508.0
2019-01-16,1913718.0,8340.0,9671.0,36247.0,1106412.0,22312700.0,2136962.0,54749619.0
2019-01-17,1395264.0,192.0,20173.0,46031.0,838902.0,23115300.0,2418782.0,32783134.0
2019-01-18,2944915.0,155.0,11293.0,34994.0,1148917.0,31366400.0,2667420.0,51040822.0
2019-01-21,1672287.0,0.0,1000.0,11056.0,,,,18432777.0
2019-01-22,2106785.0,1.0,20357.0,139112.0,995496.0,26656300.0,2541195.0,42792060.0
2019-01-23,2858046.0,0.0,146629.0,39407.0,825368.0,25720300.0,1941572.0,34216566.0
2019-01-24,1979635.0,1547.0,2987.0,94191.0,933218.0,66363100.0,1238705.0,26737357.0
2019-01-25,2006162.0,2.0,12653.0,34882.0,1016220.0,36134500.0,4236932.0,40909176.0
2019-01-28,3209224.0,24489.0,59287.0,91466.0,996659.0,54798400.0,3012127.0,34134855.0
2019-01-29,1896833.0,1000.0,10847.0,80483.0,1605798.0,38234100.0,3384299.0,41810029.0
2019-01-30,2713671.0,0.0,72326.0,46384.0,2065006.0,37813200.0,4049613.0,62608803.0
2019-01-31,3533319.0,13444.0,86748.0,52663.0,1665221.0,31833200.0,2671455.0,49361356.0
2019-02-01,2590511.0,0.0,9555.0,20313.0,791110.0,24240200.0,1527475.0,65222213.0
2019-02-04,2807824.0,250.0,1590.0,19021.0,717095.0,21269300.0,2699256.0,48155718.0
2019-02-05,3171919.0,0.0,134264.0,2220.0,1106412.0,18497100.0,1534873.0,35843417.0
2019-02-06,2258405.0,0.0,29884.0,57946.0,1148177.0,18136700.0,2791963.0,40598799.0
2019-02-07,1755263.0,0.0,38342.0,3885.0,1415687.0,25184000.0,2605989.0,29328113.0
2019-02-08,1463156.0,0.0,5457.0,14748.0,1036732.0,23718200.0,2708336.0,39300256.0
2019-02-11,3931923.0,500.0,16776.0,20960.0,1484309.0,15561600.0,2407123.0,38030308.0
2019-02-12,2511152.0,3070.0,28898.0,40578.0,1860726.0,15617900.0,2686925.0,35731877.0
2019-02-13,1676443.0,2970.0,3600.0,13514.0,1287959.0,36169400.0,2522138.0,38341144.0
2019-02-14,1625854.0,8500.0,41473.0,9957.0,1286267.0,15313400.0,1490482.0,26154337.0
2019-02-15,1544416.0,0.0,75144.0,50328.0,2019222.0,16573400.0,2007711.0,49206591.0
2019-02-18,1602688.0,61.0,6962.0,5981.0,,,,24266870.0
2019-02-19,2364176.0,551.0,25095.0,35528.0,2298363.0,35617600.0,2663160.0,37818753.0
2019-02-20,4271625.0,21760.0,48418.0,35759.0,2634072.0,38188400.0,2502296.0,76574305.0
2019-02-21,2554350.0,1800.0,8507.0,32542.0,1871511.0,20123200.0,2995873.0,53877085.0
2019-02-22,2101770.0,0.0,10115.0,40626.0,1601358.0,23876800.0,1379278.0,55022727.0
2019-02-25,4840621.0,1622.0,9995.0,11603.0,1505773.0,20071800.0,2047731.0,55048320.0
2019-02-26,3568171.0,0.0,3911.0,37280.0,1233505.0,13448100.0,1246888.0,43062420.0
2019-02-27,2831070.0,3297.0,3227.0,23393.0,993275.0,17655100.0,2277312.0,50649702.0
2019-02-28,3023255.0,0.0,21577.0,144960.0,1012307.0,21053700.0,2710578.0,52051723.0
2019-03-01,2308892.0,17490.0,1975.0,76477.0,1087697.0,15988500.0,4796535.0,32857845.0
2019-03-04,1153321.0,1282.0,40141.0,9012.0,1146062.0,18449000.0,1971727.0,33227437.0
2019-03-05,1242991.0,11673.0,25700.0,25215.0,1035252.0,17481200.0,1079523.0,21315706.0
2019-03-06,2923315.0,3500.0,34411.0,17808.0,970648.0,13683700.0,1880029.0,25787819.0
2019-03-07,2181146.0,6650.0,17492.0,66043.0,905304.0,12689900.0,2078670.0,33537229.0
2019-03-08,2590116.0,0.0,1554.0,12539.0,1001840.0,16287900.0,1641256.0,43250254.0
2019-03-11,1098226.0,0.0,553949.0,18164.0,865970.0,13129200.0,1424006.0,26681909.0
2019-03-12,2846830.0,20000.0,42911.0,11753.0,1297475.0,13272700.0,1388807.0,48583623.0
2019-03-13,1896128.0,8957.0,29817.0,26740.0,1261842.0,12709900.0,1263591.0,43291879.0
2019-03-14,1979681.0,3636.0,35430.0,39123.0,1189414.0,15132500.0,2223167.0,44318810.0
2019-03-15,2699196.0,223.0,29285.0,296945.0,1599031.0,15387400.0,2487387.0,56908669.0
2019-03-18,1885204.0,0.0,19992.0,36940.0,878024.0,12641600.0,1743379.0,28009869.0
2019-03-19,3154196.0,6500.0,52175.0,114388.0,1548807.0,14700800.0,4672328.0,45159009.0
2019-03-20,7267893.0,6242.0,16202.0,44328.0,1447302.0,22588400.0,3733603.0,46818771.0
2019-03-21,2543817.0,0.0,343.0,15603.0,644138.0,18399400.0,2837812.0,37130855.0
2019-03-22,3681649.0,0.0,23476.0,23766.0,866922.0,20823900.0,2541980.0,32936343.0
2019-03-25,2932269.0,0.0,597.0,74576.0,697217.0,13195100.0,2358920.0,27575931.0
2019-03-26,4392480.0,0.0,57763.0,78893.0,857617.0,14315600.0,2931527.0,32375985.0
2019-03-27,2504228.0,0.0,35231.0,12089.0,895259.0,12661300.0,3216934.0,23115807.0
2019-03-28,2026591.0,0.0,15266.0,29359.0,583235.0,9593400.0,2010289.0,24896305.0
2019-03-29,2159072.0,39485.0,71836.0,85855.0,938081.0,16889300.0,3293722.0,40021453.0
2019-04-01,2801104.0,6500.0,49254.0,21600.0,819870.0,19060700.0,4157565.0,50282480.0
2019-04-02,3196646.0,0.0,14174.0,20547.0,731898.0,17950300.0,3440237.0,36187911.0
2019-04-03,3315223.0,1.0,154383.0,19577.0,843131.0,20937800.0,3890206.0,45379778.0
2019-04-04,2715959.0,21590.0,15271.0,31929.0,965467.0,20719000.0,1971839.0,51650027.0
2019-04-05,2067165.0,0.0,26862.0,10535.0,547390.0,14640900.0,1354392.0,42135039.0
2019-04-08,2409053.0,1040.0,33821.0,23914.0,551620.0,17947100.0,1646637.0,29957467.0
2019-04-09,2813064.0,283.0,22215.0,36692.0,661584.0,16000200.0,1341949.0,67845945.0
2019-04-10,3249488.0,5780.0,16493.0,20533.0,463754.0,12390500.0,1831602.0,32035438.0
2019-04-11,1724789.0,12284.0,30638.0,40106.0,1020555.0,16534500.0,954195.0,42591477.0
2019-04-12,2052969.0,137.0,5218.0,7744.0,769540.0,26915900.0,1614240.0,49049998.0
2019-04-15,1655657.0,0.0,10587.0,45577.0,732215.0,15439300.0,1370647.0,26859168.0
2019-04-16,2399006.0,3258.0,24544.0,18975.0,622568.0,20299800.0,3042058.0,37069290.0
2019-04-17,2978521.0,9376.0,5000.0,16169.0,718787.0,31700500.0,2202317.0,46768456.0
2019-04-18,1141621.0,0.0,51190.0,61192.0,938610.0,27426700.0,1275025.0,32625453.0
2019-04-22,,0.0,13245.0,117623.0,683789.0,24351200.0,1578368.0,
2019-04-23,3402612.0,1000.0,1760.0,9792.0,876121.0,19119400.0,1850435.0,32467370.0
2019-04-24,3433222.0,2500.0,27810.0,71266.0,1095415.0,31512700.0,1680715.0,26793672.0
2019-04-25,2040014.0,6100.0,7923.0,31159.0,1113496.0,46459300.0,1508418.0,36487028.0
2019-04-26,2399259.0,6600.0,33925.0,35663.0,698697.0,23605200.0,1324686.0,57134343.0
2019-04-29,956847.0,500.0,6452.0,51030.0,791321.0,15525500.0,1053516.0,25422402.0
2019-04-30,3146971.0,500.0,26152.0,115575.0,830655.0,19578600.0,1375691.0,76667694.0
2019-05-01,2663856.0,,,,1225681.0,31549800.0,3445730.0,44450853.0
2019-05-02,6637223.0,28000.0,2896.0,7980.0,1326552.0,21879600.0,1645516.0,39155469.0
2019-05-03,2091867.0,0.0,11598.0,35401.0,945589.0,23411700.0,1765239.0,27670565.0
2019-05-06,,44134.0,5428.0,26570.0,1094569.0,19892000.0,1769723.0,
2019-05-07,3329171.0,32.0,38194.0,23460.0,1311961.0,22783300.0,1569288.0,58589928.0
2019-05-08,2891005.0,1000.0,90959.0,13615.0,778633.0,18093300.0,1798869.0,46608073.0
2019-05-09,2950073.0,0.0,7796.0,33992.0,1374344.0,17882700.0,1540702.0,66751640.0
2019-05-10,2063955.0,0.0,24519.0,23172.0,1530092.0,19163100.0,1482410.0,28851022.0
2019-05-13,3655657.0,0.0,17779.0,18691.0,1007655.0,28910500.0,2634014.0,42690839.0
2019-05-14,2538736.0,0.0,19935.0,46367.0,725343.0,18222200.0,1525121.0,44307413.0
2019-05-15,2648425.0,0.0,58344.0,31330.0,558281.0,16125900.0,1678698.0,38090386.0
2019-05-16,3416246.0,0.0,43190.0,34522.0,725871.0,15201300.0,1768490.0,35098301.0
2019-05-17,3607557.0,267.0,14492.0,49276.0,657989.0,25625100.0,2259151.0,36910071.0
2019-05-20,2671981.0,4427.0,2325.0,19402.0,521380.0,14752000.0,3506824.0,36263011.0
2019-05-21,3769463.0,,,,588416.0,19315300.0,5279237.0,30107269.0
2019-05-22,4233827.0,0.0,45702.0,21045.0,1039376.0,18387100.0,1372889.0,41861851.0
2019-05-23,4594582.0,1865.0,17443.0,28326.0,1142467.0,22137200.0,2040444.0,50224567.0
2019-05-24,3910701.0,0.0,20039.0,41361.0,627855.0,16447000.0,2506892.0,45878856.0
2019-05-27,,40.0,8167.0,11509.0,,,,
2019-05-28,4361283.0,0.0,133599.0,935162.0,1255392.0,15714800.0,1906485.0,54153620.0
2019-05-29,2006205.0,5164.0,46419.0,36574.0,742577.0,14107300.0,2448040.0,61573186.0
2019-05-30,1806123.0,0.0,35422.0,45197.0,550880.0,15900300.0,2021836.0,26657963.0
2019-05-31,2585893.0,0.0,36996.0,43358.0,648367.0,22076200.0,2316659.0,46894352.0
2019-06-03,2880375.0,0.0,20323.0,32276.0,490505.0,24158300.0,3204603.0,33581493.0
2019-06-04,3196623.0,0.0,15970.0,11566.0,547602.0,29427600.0,1467053.0,36956833.0
2019-06-05,4933343.0,0.0,8341.0,8438.0,619290.0,25823500.0,2716071.0,37921744.0
2019-06-06,2361815.0,0.0,3568.0,21387.0,447894.0,20227700.0,2797343.0,32906522.0
2019-06-07,2960656.0,22725.0,40486.0,5868.0,679136.0,31108800.0,2430552.0,31392405.0
2019-06-10,3077850.0,1503.0,18267.0,22049.0,782968.0,19845300.0,3142163.0,19246647.0
2019-06-11,3464982.0,0.0,19674.0,19587.0,708636.0,28608100.0,4382886.0,42361461.0
2019-06-12,2557293.0,0.0,7129.0,40742.0,498752.0,12642800.0,2016455.0,49856934.0
2019-06-13,2367097.0,0.0,13503.0,60100.0,560184.0,14470500.0,2005245.0,41532615.0
2019-06-14,1714824.0,6250.0,33267.0,17365.0,489025.0,14385700.0,1333654.0,36766770.0
2019-06-17,1939221.0,6900.0,59852.0,37821.0,404331.0,12378700.0,912494.0,31130273.0
2019-06-18,4111961.0,0.0,2946.0,21209.0,713712.0,24961100.0,1575341.0,56648294.0
2019-06-19,4143053.0,593.0,10188.0,10641.0,627326.0,18815600.0,1885074.0,46976475.0
2019-06-20,4649794.0,0.0,19280.0,62105.0,732427.0,22356400.0,2835233.0,47672192.0
2019-06-21,3444681.0,603.0,117096.0,201404.0,1193643.0,22171500.0,1381969.0,106101363.0
2019-06-24,1794581.0,6021.0,33464.0,20308.0,720902.0,14296500.0,1626235.0,41628888.0
2019-06-25,3202562.0,10095.0,20030.0,23936.0,550140.0,13721700.0,1815235.0,33861094.0
2019-06-26,4225694.0,5900.0,55545.0,23455.0,813103.0,15438800.0,1530277.0,35132859.0
2019-06-27,3337822.0,2961.0,8910.0,10473.0,653548.0,17177500.0,1956145.0,80716434.0
2019-06-28,3137918.0,0.0,28136.0,33657.0,1062214.0,18130800.0,1357419.0,67221494.0
2019-07-01,4458433.0,900.0,42051.0,20030.0,768059.0,39649200.0,2284934.0,48340693.0
2019-07-02,5186696.0,800.0,77369.0,73994.0,989151.0,16519500.0,1452928.0,38946584.0
2019-07-03,3352898.0,0.0,540.0,32505.0,412578.0,9252700.0,1169651.0,53012321.0
2019-07-04,1531467.0,0.0,3645.0,18218.0,,,,30167384.0
2019-07-05,2217602.0,9970.0,12374.0,11705.0,448211.0,11436900.0,2760350.0,36881147.0
2019-07-08,1731327.0,11877.0,437506.0,72758.0,623202.0,15674300.0,1907606.0,29451010.0
2019-07-09,3106110.0,0.0,32816.0,17906.0,1198084.0,24168600.0,2022732.0,34623420.0
2019-07-10,2933552.0,185.0,5948.0,20606.0,927508.0,16509400.0,1513462.0,25831403.0
2019-07-11,2783774.0,3624.0,22018.0,10627.0,976463.0,19004900.0,936035.0,29062255.0
2019-07-12,1743525.0,19763.0,5572.0,33916.0,604805.0,11815000.0,1340828.0,28764744.0
2019-07-15,3767346.0,0.0,1030.0,3811.0,826637.0,14485100.0,794453.0,37397054.0
2019-07-16,2186373.0,,,,715826.0,19193700.0,1622872.0,41115183.0
2019-07-17,3317767.0,6115.0,39091.0,29532.0,606602.0,18415100.0,1911753.0,24593351.0
2019-07-18,1713964.0,0.0,14338.0,27233.0,955739.0,12662000.0,1955248.0,23536011.0
2019-07-19,2806724.0,1891.0,5076.0,33331.0,966524.0,30374500.0,1291168.0,34612291.0
2019-07-22,3181274.0,500.0,17348.0,27226.0,768800.0,13686100.0,1373225.0,27111406.0
2019-07-23,2489621.0,15363.0,38497.0,15883.0,856031.0,13936300.0,1399456.0,53691289.0
2019-07-24,2898791.0,0.0,12780.0,12475.0,749133.0,20942100.0,2057932.0,34383106.0
2019-07-25,2198238.0,10535.0,4500.0,14915.0,786880.0,25283600.0,1600564.0,38104216.0
2019-07-26,1444938.0,10000.0,129804.0,25783.0,501924.0,14341700.0,2091001.0,34772732.0
2019-07-29,3154919.0,10000.0,12960.0,24843.0,548765.0,14526400.0,1538909.0,34538524.0
2019-07-30,2599008.0,4821.0,7746.0,18769.0,615484.0,15139900.0,1659192.0,25571765.0
2019-07-31,5315920.0,2000.0,49625.0,55775.0,959863.0,18292800.0,3144405.0,46337678.0
2019-08-01,2897786.0,12848.0,3658.0,42153.0,1329936.0,23839600.0,4261482.0,66076899.0
2019-08-02,3769863.0,0.0,15350.0,24949.0,1173659.0,25816700.0,2374054.0,70512780.0
2019-08-05,2815974.0,10000.0,26424.0,44260.0,1138661.0,25537600.0,3741786.0,51892239.0
2019-08-06,1591668.0,600.0,11897.0,45161.0,980481.0,17080700.0,1637557.0,53520803.0
2019-08-07,2363039.0,993.0,58419.0,29539.0,1002791.0,21874400.0,2425059.0,72231103.0
2019-08-08,2387602.0,0.0,22203.0,44566.0,1057351.0,24263300.0,1912650.0,51838456.0
2019-08-09,3085120.0,1514.0,24533.0,17482.0,863961.0,20112800.0,2396362.0,34344273.0
2019-08-12,1449993.0,0.0,34357.0,73240.0,784448.0,13866400.0,1266506.0,24200498.0
2019-08-13,2960446.0,0.0,10000.0,39082.0,1264380.0,29866400.0,3641008.0,41943332.0
2019-08-14,3773667.0,1500.0,160181.0,43434.0,1001417.0,27274500.0,2527855.0,42904429.0
2019-08-15,2335969.0,,,,1057879.0,26881200.0,2144361.0,44336081.0
2019-08-16,2247177.0,0.0,13176.0,23445.0,971494.0,18373200.0,2611257.0,29609584.0
2019-08-19,1933638.0,500.0,7756.0,23291.0,1260362.0,16936200.0,2137074.0,29755453.0
2019-08-20,1856027.0,0.0,106565.0,53805.0,817861.0,13179000.0,2562382.0,39424654.0
2019-08-21,1843315.0,0.0,14494.0,93602.0,984605.0,17332900.0,2827498.0,41030527.0
2019-08-22,2706054.0,2500.0,17143.0,62194.0,829386.0,13827300.0,2415082.0,35084443.0
2019-08-23,1808871.0,8451.0,7704.0,18870.0,922856.0,22529000.0,3621054.0,28271194.0
2019-08-26,,554.0,33603.0,26015.0,767002.0,19840600.0,1825324.0,
2019-08-27,3114610.0,0.0,102940.0,352491.0,1766727.0,15942200.0,1977444.0,47928543.0
2019-08-28,2804170.0,4576.0,165953.0,26247.0,827694.0,15456200.0,3005737.0,31390066.0
2019-08-29,1927046.0,7721.0,7313.0,47917.0,1367154.0,14882600.0,1272671.0,66466044.0
2019-08-30,2883869.0,54609.0,10397.0,46706.0,987988.0,12318300.0,2313632.0,39829385.0
2019-09-02,1646357.0,73792.0,23461.0,4083.0,,,,28773198.0
2019-09-03,4058573.0,50000.0,5367.0,35679.0,820927.0,18071900.0,1776785.0,43877979.0
2019-09-04,2488334.0,0.0,4567.0,12477.0,569172.0,12091700.0,2811468.0,43297075.0
2019-09-05,3054173.0,13372.0,12284.0,10594.0,1238158.0,24776100.0,2226082.0,44867983.0
2019-09-06,2878439.0,21628.0,6992.0,9806.0,996870.0,18782500.0,1899759.0,31742982.0
2019-09-09,1600526.0,0.0,60757.0,11074.0,852648.0,19778200.0,1854470.0,30605760.0
2019-09-10,2617581.0,0.0,26268.0,36906.0,782862.0,30521000.0,2277760.0,45310163.0
2019-09-11,4181532.0,35561.0,41571.0,67324.0,626797.0,20235100.0,1642826.0,42718481.0
2019-09-12,3107546.0,0.0,35572.0,8383.0,709694.0,27660800.0,1691589.0,53465548.0
2019-09-13,2365923.0,6728.0,16618.0,17983.0,1192269.0,27450100.0,3073446.0,204203431.0
2019-09-16,3084922.0,0.0,29505.0,46535.0,900863.0,21058100.0,2678742.0,33048986.0
2019-09-17,3794246.0,700.0,71423.0,265667.0,508163.0,22280300.0,1507969.0,43778569.0
2019-09-18,2210176.0,,,,941994.0,26245500.0,1667263.0,29826584.0
2019-09-19,2516972.0,,,,469569.0,19849600.0,1345985.0,26038480.0
2019-09-20,3993220.0,,,,832981.0,23390300.0,1603030.0,114881278.0
2019-09-23,3128134.0,0.0,10166.0,22559.0,791215.0,18743100.0,1918031.0,61070851.0
2019-09-24,2866855.0,1003.0,4904.0,20647.0,715721.0,20225500.0,3928993.0,29565144.0
2019-09-25,3388529.0,0.0,124543.0,31737.0,621616.0,23425800.0,2154338.0,42854899.0
2019-09-26,3068260.0,0.0,6521.0,33686.0,448105.0,19347000.0,1321099.0,31511265.0
2019-09-27,2088290.0,0.0,11888.0,19580.0,741309.0,22210100.0,1694392.0,36690757.0
2019-09-30,1635692.0,0.0,11890.0,28841.0,736233.0,11988000.0,1834292.0,24951473.0
2019-10-01,2269304.0,216.0,5564.0,22819.0,976463.0,26848600.0,1510099.0,53236521.0
2019-10-02,2938547.0,0.0,17231.0,14685.0,677867.0,25488900.0,3472410.0,42484978.0
2019-10-03,2025833.0,800.0,18031.0,32883.0,508903.0,28429400.0,2324506.0,36492357.0
2019-10-04,1651921.0,30.0,60766.0,13293.0,488073.0,21138400.0,1627132.0,32067236.0
2019-10-07,2963998.0,0.0,12296.0,10073.0,462062.0,21117800.0,1449117.0,52992354.0
2019-10-08,2299069.0,9663.0,1805.0,16003.0,691402.0,29695600.0,1653587.0,34253858.0
2019-10-09,1843919.0,0.0,120.0,15744.0,555743.0,20374500.0,1630495.0,36857522.0
2019-10-10,2899101.0,0.0,38174.0,2189.0,686855.0,61232700.0,2378089.0,79508781.0
2019-10-11,1797480.0,11053.0,12974.0,15715.0,847889.0,45962300.0,3100013.0,51227524.0
2019-10-14,1159210.0,6139.0,16361.0,11800.0,764887.0,24309100.0,1329954.0,38428749.0
2019-10-15,1683667.0,406.0,9569.0,35593.0,616224.0,19444600.0,2721452.0,31925917.0
2019-10-16,1769980.0,0.0,16781.0,37347.0,474010.0,17311500.0,1473106.0,38959779.0
2019-10-17,2231759.0,7668.0,9154.0,19135.0,885531.0,14449500.0,1535097.0,32098554.0
2019-10-18,2179755.0,4173.0,81806.0,15595.0,597720.0,17182200.0,1313700.0,26524137.0
2019-10-21,2039208.0,25266.0,30552.0,20531.0,770280.0,23376900.0,1274017.0,48940862.0
2019-10-22,1605387.0,2570.0,41497.0,92517.0,598672.0,23467400.0,1582292.0,24446427.0
2019-10-23,1975803.0,2875.0,33674.0,19944.0,944531.0,36496000.0,1228168.0,37287325.0
2019-10-24,2054561.0,418.0,19198.0,30343.0,1235831.0,32498200.0,1441382.0,29177320.0
2019-10-25,1628618.0,0.0,10512.0,11155.0,602267.0,35421900.0,1109678.0,20344087.0
2019-10-28,2430229.0,20676.0,6675.0,24629.0,827800.0,17882100.0,2028450.0,43624466.0
2019-10-29,1817103.0,0.0,9549.0,16796.0,1387667.0,14533700.0,1158554.0,27300351.0
2019-10-30,1682689.0,5749.0,52564.0,58977.0,1164883.0,19786300.0,1726004.0,33247069.0
2019-10-31,1658196.0,,,,851062.0,23321500.0,1519964.0,34425389.0
2019-11-01,1682339.0,,,,800520.0,31504600.0,1980134.0,34867462.0
2019-11-04,2857318.0,0.0,25521.0,73666.0,810776.0,28404600.0,1868034.0,49346523.0
2019-11-05,2533561.0,10448.0,6164.0,49350.0,895576.0,34170400.0,3854222.0,57695320.0
2019-11-06,1810480.0,5836.0,22719.0,11392.0,807710.0,21392100.0,2331456.0,34480416.0
2019-11-07,1810783.0,0.0,23773.0,51772.0,1004800.0,38830300.0,1667600.0,32683881.0
2019-11-08,1781541.0,0.0,28243.0,9623.0,489448.0,24304900.0,1584982.0,30922915.0
2019-11-11,1296643.0,82.0,23030.0,18513.0,731581.0,19063400.0,2126089.0,43799352.0
2019-11-12,1406151.0,8297.0,30966.0,44159.0,683471.0,15505200.0,1989551.0,26048830.0
2019-11-13,1482682.0,5300.0,49525.0,24617.0,508797.0,22247000.0,1631279.0,26583715.0
2019-11-14,1902988.0,864.0,52613.0,43565.0,423046.0,14364000.0,1751563.0,29838580.0
2019-11-15,1974271.0,9637.0,25518.0,24433.0,399890.0,20827500.0,2427750.0,26548770.0
2019-11-18,1288925.0,0.0,1972.0,14592.0,550140.0,15201100.0,1334663.0,23100044.0
2019-11-19,2291173.0,3637.0,8223.0,61252.0,536711.0,20572000.0,1696521.0,24022142.0
2019-11-20,1388765.0,743.0,54042.0,63101.0,761927.0,24073800.0,1472321.0,55234857.0
2019-11-21,1244671.0,10057.0,6556.0,54003.0,656298.0,17158200.0,1181758.0,22456970.0
2019-11-22,2112563.0,7886.0,19618.0,55428.0,694256.0,22244000.0,1200031.0,30303060.0
2019-11-25,1072110.0,0.0,54480.0,39251.0,429919.0,28558500.0,1270654.0,29800584.0
2019-11-26,2900374.0,350.0,169675.0,447772.0,874112.0,28062500.0,1407752.0,41578465.0
2019-11-27,1139986.0,0.0,13184.0,68105.0,495263.0,13480100.0,1215837.0,24861953.0
2019-11-28,809502.0,0.0,10082.0,27282.0,,,,11697388.0
2019-11-29,1314859.0,10987.0,16092.0,27706.0,382444.0,11141800.0,1117749.0,24513773.0
2019-12-02,1386692.0,4650.0,2500.0,59042.0,733273.0,24408400.0,1564243.0,26181438.0
2019-12-03,1605182.0,4692.0,72398.0,76828.0,1734055.0,29930400.0,1549222.0,40715115.0
2019-12-04,2384034.0,0.0,57224.0,57712.0,810988.0,17331900.0,1107100.0,28663910.0
2019-12-05,1736260.0,10000.0,18935.0,27018.0,675330.0,13960900.0,1135797.0,97362229.0
2019-12-06,1792310.0,14530.0,5707.0,29718.0,722276.0,18135100.0,1419747.0,60029322.0
2019-12-09,1427504.0,25000.0,4450.0,34326.0,600046.0,31400000.0,1393291.0,26212515.0
2019-12-10,2423402.0,10000.0,23861.0,69140.0,721325.0,17322900.0,1946056.0,40230517.0
2019-12-11,2186237.0,15995.0,26716.0,87673.0,940831.0,33362100.0,2258479.0,53086101.0
2019-12-12,3534532.0,25000.0,12992.0,80893.0,799674.0,39236800.0,2439857.0,41901103.0
2019-12-13,4944248.0,14300.0,17455.0,45764.0,1104614.0,26652700.0,2470236.0,40844453.0
2019-12-16,2825373.0,500.0,13455.0,22623.0,698063.0,22353600.0,1849650.0,40950265.0
2019-12-17,2089496.0,0.0,19131.0,85469.0,985557.0,24572200.0,2567651.0,30545106.0
2019-12-18,1685785.0,59682.0,89917.0,82000.0,1366837.0,20294900.0,1273120.0,27695902.0
2019-12-19,3258313.0,0.0,6581.0,30880.0,688018.0,15473300.0,1031544.0,68214436.0
2019-12-20,3697343.0,2000.0,71927.0,438778.0,1235726.0,26321400.0,1224132.0,72389122.0
2019-12-23,1682234.0,801597.0,11404.0,34271.0,484795.0,15808600.0,1108669.0,39581752.0
2019-12-24,767019.0,150.0,5500.0,50770.0,224370.0,9206400.0,416900.0,9639039.0
2019-12-26,,150.0,33801.0,7947.0,289503.0,10464100.0,736273.0,
2019-12-27,1210915.0,0.0,21283.0,24872.0,306632.0,12060900.0,836602.0,22252080.0
2019-12-30,858847.0,0.0,20000.0,24612.0,347868.0,8524300.0,802636.0,12137415.0
2019-12-31,341282.0,,,,560607.0,11716400.0,805887.0,8586001.0
2020-01-02,2238491.0,485.0,23435.0,32628.0,444404.0,22771700.0,1382193.0,24512083.0
2020-01-03,1657161.0,213.0,46869.0,36082.0,838796.0,20401300.0,1208438.0,27631357.0
2020-01-06,1051506.0,2319.0,9375.0,78174.0,626375.0,19145300.0,771584.0,22721288.0
2020-01-07,1622680.0,15000.0,229392.0,41707.0,626903.0,20849500.0,1014393.0,19872322.0
2020-01-08,1752771.0,10140.0,82824.0,102882.0,626903.0,17484700.0,1317848.0,34928161.0
2020-01-09,2212787.0,51.0,24214.0,44218.0,608400.0,16540900.0,1710534.0,30562652.0
2020-01-10,1348779.0,3185.0,11173.0,14384.0,779267.0,12266100.0,1193305.0,22474303.0
2020-01-13,1895170.0,11114.0,48936.0,22500.0,686432.0,28779700.0,1572987.0,35738937.0
2020-01-14,3185276.0,49757.0,19400.0,43520.0,758861.0,26529300.0,1969037.0,28125278.0
2020-01-15,1601365.0,7564.0,12431.0,105994.0,474645.0,20449800.0,3033987.0,27092534.0
2020-01-16,1803416.0,50.0,29384.0,31050.0,765099.0,16998900.0,3014033.0,20947649.0
2020-01-17,2346744.0,15491.0,36194.0,14673.0,713923.0,20145200.0,2159719.0,30283207.0
2020-01-20,705400.0,17118.0,16339.0,20870.0,,,,18040533.0
2020-01-21,2012444.0,9714.0,7274.0,52471.0,1086428.0,28941600.0,3278925.0,29082675.0
2020-01-22,2706048.0,675.0,18110.0,10573.0,968850.0,20845900.0,3475773.0,35971836.0
2020-01-23,2143519.0,6072.0,20457.0,21206.0,1675372.0,57230700.0,5408489.0,40974866.0
2020-01-24,2099620.0,650.0,20761.0,15548.0,1214473.0,29554000.0,2744320.0,36248626.0
2020-01-27,1909807.0,1.0,27142.0,11331.0,1206860.0,44484900.0,3640560.0,46221722.0
2020-01-28,2984215.0,1.0,60202.0,18019.0,946857.0,47002000.0,1962198.0,30550927.0
2020-01-29,3318307.0,2895.0,3242.0,4044.0,745009.0,22382000.0,2226082.0,22453453.0
2020-01-30,1656651.0,250.0,23005.0,17447.0,758015.0,33247600.0,1993923.0,26483185.0
2020-01-31,2365074.0,2889.0,30097.0,38011.0,1128405.0,30505000.0,4154987.0,29959116.0
2020-02-03,1341911.0,13657.0,14931.0,33371.0,800309.0,29622200.0,2663384.0,26075950.0
2020-02-04,1404471.0,7029.0,32091.0,122733.0,1226844.0,34272400.0,2722461.0,49562363.0
2020-02-05,2674406.0,0.0,20550.0,55318.0,671841.0,32753800.0,2879289.0,41268846.0
2020-02-06,1432534.0,10000.0,19664.0,68328.0,603219.0,23101000.0,3308744.0,29268960.0
2020-02-07,1674170.0,0.0,30464.0,24075.0,524975.0,25463600.0,2351410.0,34289039.0
2020-02-10,978837.0,22500.0,20806.0,58168.0,1005858.0,20093400.0,2395465.0,47965884.0
2020-02-11,1242749.0,3181.0,22413.0,44360.0,989046.0,29614000.0,2326411.0,23731873.0
2020-02-12,2628986.0,7000.0,4253.0,12891.0,663065.0,20173300.0,2195142.0,28806102.0
2020-02-13,2356489.0,1558.0,20025.0,108027.0,588839.0,21059500.0,2115551.0,34986283.0
2020-02-14,1287804.0,0.0,7583.0,2846.0,522120.0,30484300.0,2366431.0,20571473.0
2020-02-17,688189.0,0.0,1702.0,14749.0,,,,22644679.0
2020-02-18,1396521.0,57.0,4682.0,13104.0,871786.0,16416300.0,2804518.0,41937963.0
2020-02-19,1222418.0,4842.0,46776.0,34975.0,476759.0,16686600.0,2271258.0,33193920.0
2020-02-20,1034281.0,0.0,46050.0,30653.0,431188.0,21148000.0,1898638.0,61531443.0
2020-02-21,1606441.0,0.0,1400.0,59423.0,541681.0,18498900.0,2352643.0,37056098.0
2020-02-24,2937678.0,10181.0,25554.0,9676.0,1088965.0,24486900.0,4080440.0,56607465.0
2020-02-25,2838262.0,0.0,82834.0,33842.0,1114553.0,39353400.0,2246036.0,51984199.0
2020-02-26,2309977.0,1900.0,179170.0,49119.0,933218.0,29846400.0,2780753.0,26834509.0
2020-02-27,3205663.0,2250.0,50868.0,58388.0,1637307.0,53912400.0,3940763.0,48992281.0
2020-02-28,5125877.0,1000.0,63797.0,184718.0,1730989.0,67995400.0,5953407.0,75458385.0
2020-03-02,4005734.0,0.0,37229.0,94676.0,1339452.0,35073500.0,5347843.0,52241026.0
2020-03-03,3579530.0,20868.0,35690.0,1015.0,1854699.0,46929800.0,6335892.0,57610960.0
2020-03-04,1422734.0,962.0,4304.0,66359.0,1123646.0,25141500.0,3122658.0,50499013.0
2020-03-05,3947297.0,0.0,66523.0,58574.0,963035.0,26564600.0,3811400.0,64007532.0
2020-03-06,2776400.0,0.0,3884.0,59758.0,1135383.0,40678900.0,4468867.0,56556927.0
2020-03-09,3967412.0,4979.0,31100.0,56824.0,1368317.0,33742800.0,6532628.0,95469715.0
2020-03-10,4104243.0,5499.0,54100.0,38525.0,1533899.0,30694900.0,9258900.0,84209488.0
2020-03-11,4383384.0,1496.0,12550.0,33398.0,1468131.0,33944300.0,11637886.0,60050672.0
2020-03-12,3313270.0,7605.0,28245.0,50145.0,1996384.0,37820700.0,11130409.0,98295408.0
2020-03-13,5675735.0,1049.0,48575.0,62769.0,1375930.0,40387000.0,11151596.0,90806700.0
2020-03-16,4008780.0,3326.0,88508.0,67651.0,1289756.0,40627300.0,10820116.0,72492805.0
2020-03-17,3576778.0,0.0,8021.0,67732.0,2204576.0,31925400.0,8208074.0,67594527.0
2020-03-18,3927870.0,11652.0,78813.0,25470.0,1659300.0,37912700.0,7199062.0,63782209.0
2020-03-19,4677220.0,10250.0,15420.0,23617.0,1343575.0,38977600.0,6832831.0,72589508.0
2020-03-20,4902069.0,16405.0,77024.0,400168.0,1621553.0,39899900.0,7835005.0,109381986.0
2020-03-23,5591299.0,6600.0,15000.0,23725.0,1516769.0,35098700.0,6787095.0,83192340.0
2020-03-24,2869565.0,99.0,33308.0,60364.0,1121743.0,47531300.0,8728330.0,82087005.0
2020-03-25,3029698.0,0.0,236433.0,171570.0,1087168.0,39768400.0,7212626.0,77533407.0
2020-03-26,4136099.0,924.0,47016.0,54486.0,964515.0,32481300.0,5136198.0,56332721.0
2020-03-27,3699557.0,0.0,27808.0,33603.0,757063.0,37285500.0,4499694.0,55125070.0
2020-03-30,3064253.0,0.0,90540.0,57003.0,789947.0,22468300.0,3576326.0,49953724.0
2020-03-31,3682232.0,100.0,34957.0,165402.0,916723.0,35490500.0,5467902.0,61902868.0
2020-04-01,4217016.0,0.0,50069.0,65624.0,1086533.0,27051100.0,4163730.0,43337909.0
2020-04-02,2938915.0,10000.0,33123.0,44130.0,790475.0,32168900.0,5433823.0,49977565.0
2020-04-03,2227937.0,250.0,5272.0,30395.0,918415.0,26937200.0,4565497.0,48448570.0
2020-04-06,1630059.0,650.0,98099.0,66475.0,778210.0,39115800.0,3981007.0,38423740.0
2020-04-07,2490001.0,19284.0,45922.0,39890.0,1403844.0,43593400.0,3394276.0,63049246.0
2020-04-08,3751259.0,200.0,6977.0,45298.0,713289.0,26970700.0,2937356.0,39275442.0
2020-04-09,1612852.0,300.0,103957.0,11604.0,961872.0,35022100.0,3623408.0,57480405.0
2020-04-13,,0.0,6949.0,20672.0,880667.0,22290100.0,2685916.0,
2020-04-14,2863897.0,0.0,47639.0,15907.0,794705.0,21245200.0,2755979.0,30878451.0
2020-04-15,2476971.0,5973.0,60433.0,32383.0,917252.0,24947800.0,3861060.0,37865730.0
2020-04-16,2126620.0,368.0,7913.0,54137.0,864067.0,24789600.0,3440013.0,38045263.0
2020-04-17,2875182.0,11500.0,13156.0,15666.0,758543.0,38253400.0,3093063.0,63188340.0
2020-04-20,1202335.0,3085.0,74123.0,33098.0,1070145.0,19590000.0,2800482.0,26834614.0
2020-04-21,2503369.0,1204.0,78036.0,13682.0,698063.0,30596600.0,2583008.0,48383660.0
2020-04-22,2363031.0,4220.0,25424.0,21265.0,733590.0,23653400.0,2267895.0,30809960.0
2020-04-23,1538660.0,1563.0,65046.0,22630.0,877601.0,21015100.0,3267715.0,61043572.0
2020-04-24,1850378.0,11175.0,35188.0,20343.0,770703.0,34635000.0,1941012.0,23712933.0
2020-04-27,1550914.0,7866.0,11049.0,20867.0,1406911.0,21960600.0,1763221.0,23441158.0
2020-04-28,1326771.0,11865.0,81583.0,97221.0,1206331.0,21404000.0,2573031.0,96250017.0
2020-04-29,3748318.0,1856.0,13297.0,9926.0,601104.0,22248700.0,3347754.0,49673363.0
2020-04-30,2217451.0,0.0,24909.0,53667.0,1179157.0,21663600.0,3065375.0,53212894.0
2020-05-01,1054641.0,,,,567480.0,25342500.0,3003720.0,31497055.0
2020-05-04,1668730.0,5630.0,35540.0,45175.0,903506.0,16969500.0,2924577.0,29326505.0
2020-05-05,1556413.0,13194.0,23243.0,17391.0,979107.0,20285300.0,2242448.0,49533843.0
2020-05-06,3017727.0,12550.0,22588.0,28753.0,667083.0,10883500.0,3237112.0,51064814.0
2020-05-07,1426098.0,500.0,11777.0,74699.0,875592.0,18687300.0,2664505.0,36415592.0
2020-05-08,,0.0,27024.0,49313.0,670466.0,20157200.0,1749769.0,
2020-05-11,1848869.0,4000.0,15744.0,13697.0,696688.0,16171500.0,1677016.0,51457475.0
2020-05-12,2289879.0,10000.0,11648.0,78736.0,583340.0,21145600.0,2185614.0,31416732.0
2020-05-13,2877536.0,5250.0,6948.0,41749.0,722488.0,18122900.0,2623476.0,43101333.0
2020-05-14,2977609.0,0.0,28742.0,27706.0,1402999.0,33955000.0,2956301.0,43278410.0
2020-05-15,2160625.0,0.0,33238.0,16869.0,777787.0,17750400.0,2657779.0,54040989.0
2020-05-18,2369056.0,0.0,35390.0,42388.0,837739.0,33445500.0,4496555.0,65922026.0
2020-05-19,3068548.0,0.0,51906.0,62950.0,667717.0,27629300.0,3267267.0,50864276.0
2020-05-20,1619160.0,0.0,51598.0,28684.0,626692.0,25585500.0,2149854.0,35741972.0
2020-05-21,1713203.0,,,,427381.0,27813700.0,2227763.0,49545617.0
2020-05-22,1726738.0,0.0,158589.0,30176.0,557647.0,21058900.0,1715578.0,39054760.0
2020-05-25,,0.0,57630.0,6669.0,,,,
2020-05-26,3473583.0,0.0,102196.0,55021.0,708108.0,26165000.0,2723133.0,49485988.0
2020-05-27,2173007.0,37.0,41791.0,32397.0,990103.0,21025400.0,2334370.0,40685731.0
2020-05-28,1159675.0,0.0,339896.0,34902.0,1050795.0,18119600.0,2655425.0,37695745.0
2020-05-29,3317753.0,0.0,83968.0,386218.0,1528083.0,24503800.0,4010714.0,114930363.0
2020-06-01,1154930.0,2867.0,10000.0,32146.0,652808.0,15140300.0,2440081.0,34818707.0
2020-06-02,1684654.0,5664.0,104831.0,31766.0,805913.0,23764200.0,3210544.0,48680445.0
2020-06-03,1919883.0,0.0,512043.0,74104.0,1088965.0,24780300.0,1884065.0,40765143.0
2020-06-04,1750415.0,0.0,16741.0,113988.0,899700.0,20941400.0,1788443.0,52039040.0
2020-06-05,1976125.0,10337.0,23100.0,40103.0,1037895.0,27840400.0,2157140.0,54464902.0
2020-06-08,1691650.0,879.0,20890.0,34147.0,984182.0,21779000.0,2134384.0,39689323.0
2020-06-09,4700335.0,0.0,82563.0,36670.0,646358.0,21768700.0,1847632.0,59299313.0
2020-06-10,1761697.0,5053.0,6699.0,61451.0,738877.0,28484600.0,2120820.0,36114752.0
2020-06-11,1806655.0,15.0,39589.0,58053.0,1260679.0,34219900.0,2821893.0,36137089.0
2020-06-12,2551953.0,100.0,5669.0,71850.0,967899.0,19856400.0,3555588.0,45850669.0
2020-06-15,2097875.0,0.0,25867.0,44574.0,902132.0,19925400.0,2597133.0,34647149.0
2020-06-16,2344728.0,0.0,8780.0,33655.0,610091.0,21965500.0,2251977.0,42743632.0
2020-06-17,1354564.0,0.0,2200.0,31519.0,555638.0,17837700.0,1499674.0,42924160.0
2020-06-18,1136219.0,0.0,32988.0,23922.0,804855.0,15121300.0,1811648.0,29404220.0
2020-06-19,2076643.0,12447.0,164287.0,825900.0,1630012.0,28464700.0,2552853.0,63535655.0
2020-06-22,1836795.0,0.0,15496.0,17494.0,948972.0,17164300.0,1345424.0,45882836.0
2020-06-23,1454003.0,0.0,49135.0,16185.0,580168.0,15893200.0,2185390.0,33145357.0
2020-06-24,2601432.0,100.0,18243.0,77204.0,845880.0,18618100.0,2374278.0,27416918.0
2020-06-25,1462354.0,8100.0,4315.0,19475.0,656615.0,18005200.0,2165884.0,27688475.0
2020-06-26,1563827.0,6090.0,10518.0,46876.0,1466863.0,20899500.0,2014998.0,22820985.0
2020-06-29,1837252.0,,,,422940.0,17307300.0,1939442.0,27911939.0
2020-06-30,1789615.0,0.0,9477.0,55802.0,1261419.0,24033000.0,1986860.0,30761381.0
2020-07-01,2133469.0,0.0,4181.0,22094.0,973926.0,20636800.0,2255676.0,25167625.0
2020-07-02,1120268.0,10000.0,11435.0,41798.0,592856.0,25268500.0,2066115.0,30334400.0
2020-07-03,667807.0,0.0,3325.0,13475.0,,,,18988781.0
2020-07-06,2233623.0,9615.0,66547.0,49968.0,1226315.0,38609200.0,1519964.0,23620552.0
2020-07-07,1220878.0,387.0,15183.0,29116.0,1366520.0,32091800.0,1878908.0,19482141.0
2020-07-08,939174.0,3983.0,21423.0,10749.0,806230.0,22607200.0,2675154.0,23084125.0
2020-07-09,1897912.0,0.0,17020.0,40568.0,765310.0,27364300.0,1836759.0,33886858.0
2020-07-10,1224727.0,101.0,56430.0,37977.0,931103.0,20659700.0,1816917.0,23917444.0
2020-07-13,1990825.0,4912.0,13700.0,54459.0,1228641.0,45000700.0,2161064.0,25498679.0
2020-07-14,2149367.0,0.0,46130.0,17063.0,1042548.0,24372200.0,2733671.0,32097550.0
2020-07-15,2250538.0,31.0,61658.0,26227.0,1003531.0,21774700.0,3701206.0,39223709.0
2020-07-16,1821161.0,,,,726506.0,17612000.0,2036184.0,20231292.0
2020-07-17,1594687.0,2.0,7330.0,22499.0,710117.0,14041600.0,2282244.0,31507620.0
2020-07-20,1962055.0,1014.0,24954.0,30982.0,840911.0,22039800.0,2221486.0,21043153.0
2020-07-21,4304875.0,0.0,29367.0,22542.0,697957.0,17782300.0,3174896.0,25797353.0
2020-07-22,2277996.0,0.0,44196.0,43364.0,920107.0,21831300.0,2973340.0,35329921.0
2020-07-23,1256794.0,0.0,40447.0,46498.0,650588.0,21017400.0,1816581.0,29380276.0
2020-07-24,1176879.0,0.0,19774.0,31267.0,982067.0,26054000.0,2010738.0,32433522.0
2020-07-27,1641491.0,11481.0,10653.0,8443.0,1100385.0,15877700.0,2538953.0,29477191.0
2020-07-28,991529.0,0.0,27613.0,44605.0,1019497.0,11826700.0,2178439.0,23650535.0
2020-07-29,907598.0,1259.0,5259.0,12060.0,840277.0,13548300.0,2153553.0,25319326.0
2020-07-30,973612.0,0.0,3749.0,23440.0,933429.0,17433300.0,2395801.0,32691494.0
2020-07-31,997272.0,10006.0,31102.0,43234.0,699860.0,14627400.0,1842812.0,32286740.0
2020-08-03,1010921.0,63.0,2957.0,15279.0,704724.0,15975300.0,1459766.0,28469972.0
2020-08-04,1063460.0,2417.0,16989.0,25456.0,1145534.0,17646500.0,1693607.0,22176477.0
2020-08-05,2359627.0,150.0,40963.0,44966.0,688864.0,36743800.0,2358472.0,63836538.0
2020-08-06,2086964.0,0.0,4434.0,20841.0,972551.0,32102000.0,2488508.0,51804633.0
2020-08-07,1138102.0,0.0,6907.0,9460.0,883099.0,21120300.0,2594442.0,50006393.0
2020-08-10,920912.0,45.0,49017.0,8096.0,670783.0,20166800.0,2403760.0,35888052.0
2020-08-11,1380220.0,17.0,19320.0,41580.0,960286.0,18491200.0,3333966.0,37158117.0
2020-08-12,1358366.0,184.0,41522.0,9208.0,750190.0,12009500.0,2495907.0,33555470.0
2020-08-13,1213763.0,178.0,26540.0,15105.0,702715.0,18253400.0,1356186.0,22242458.0
2020-08-14,1106462.0,0.0,20901.0,18686.0,529521.0,9307200.0,1258210.0,30132548.0
2020-08-17,1238074.0,278.0,24310.0,23736.0,571287.0,12216300.0,1519628.0,26584373.0
2020-08-18,2802812.0,170.0,13865.0,27980.0,868402.0,13580100.0,2175525.0,24542066.0
2020-08-19,1364453.0,1476.0,21162.0,14007.0,805701.0,28040600.0,1694728.0,27480634.0
2020-08-20,3075546.0,128.0,7838.0,15574.0,528570.0,13829100.0,1642153.0,29913315.0
2020-08-21,1382448.0,100.0,6275.0,11212.0,488179.0,11532500.0,2297377.0,38634363.0
2020-08-24,899845.0,132.0,10255.0,12985.0,496849.0,12816700.0,1264600.0,21441198.0
2020-08-25,1016854.0,138.0,28834.0,40072.0,436686.0,9565300.0,1499898.0,24524067.0
2020-08-26,1318225.0,8050.0,7000.0,24112.0,417336.0,15336400.0,1221890.0,20071141.0
2020-08-27,955505.0,2.0,8291.0,23796.0,487756.0,17636400.0,2387394.0,22970768.0
2020-08-28,1474964.0,0.0,2864.0,25456.0,653125.0,16416800.0,1664125.0,32922529.0
2020-08-31,,0.0,36620.0,149991.0,828117.0,15362200.0,1961414.0,
2020-09-01,4865875.0,0.0,65350.0,28959.0,1347593.0,18879300.0,2328990.0,44753369.0
2020-09-02,3032729.0,8.0,40219.0,26013.0,805067.0,23304400.0,1898750.0,24374150.0
2020-09-03,967140.0,20480.0,15889.0,22983.0,921375.0,18692300.0,3427794.0,29961334.0
2020-09-04,1233316.0,128.0,14574.0,15868.0,666871.0,21907000.0,2691073.0,29942030.0
2020-09-07,773833.0,177.0,5766.0,32854.0,,,,15110610.0
2020-09-08,1684341.0,0.0,19630.0,17967.0,836259.0,19275000.0,2303767.0,34164831.0
2020-09-09,3265210.0,0.0,8821.0,28948.0,1123435.0,17462800.0,2042126.0,44970973.0
2020-09-10,984586.0,0.0,3416.0,30960.0,891981.0,20855400.0,2604868.0,24075859.0
2020-09-11,2166514.0,0.0,9991.0,26389.0,1003320.0,21087200.0,3021431.0,30086769.0
2020-09-14,1361918.0,0.0,29014.0,11496.0,775461.0,22376700.0,1877787.0,24952980.0
2020-09-15,1498239.0,56.0,7981.0,23266.0,570018.0,16686300.0,2364077.0,40374211.0
2020-09-16,1829007.0,82.0,16289.0,4980.0,749767.0,27622400.0,2838596.0,39225981.0
2020-09-17,916734.0,0.0,37321.0,183373.0,842497.0,25035300.0,4195567.0,19588763.0
2020-09-18,2771627.0,,,,1140564.0,26836600.0,2291772.0,78774702.0
2020-09-21,1138717.0,163.0,17430.0,21996.0,1037578.0,29936700.0,2844089.0,30056101.0
2020-09-22,1516571.0,731.0,20828.0,43198.0,714558.0,16426300.0,1409770.0,27060014.0
2020-09-23,1481316.0,0.0,36609.0,98842.0,830655.0,30695300.0,2448376.0,22886291.0
2020-09-24,1615841.0,299.0,9762.0,29785.0,836682.0,29015400.0,2242785.0,26746347.0
2020-09-25,1195104.0,0.0,23500.0,27883.0,672581.0,16654300.0,2544110.0,17432827.0
2020-09-28,1565074.0,0.0,39176.0,29324.0,867979.0,17461200.0,2319349.0,54867632.0
2020-09-29,1386645.0,62.0,40080.0,36764.0,1050901.0,13617400.0,2706655.0,28291354.0
2020-09-30,1583030.0,0.0,5729.0,105056.0,1432499.0,18614300.0,2286392.0,26091390.0
2020-10-01,1250022.0,0.0,6135.0,6754.0,918098.0,30596900.0,2146491.0,30166535.0
2020-10-02,2731466.0,0.0,7069.0,2228.0,737925.0,23936200.0,2466761.0,26715396.0
2020-10-05,2596478.0,1150.0,11593.0,79243.0,821244.0,15741300.0,1701342.0,24271536.0
2020-10-06,1559909.0,0.0,1937.0,23656.0,769963.0,20309800.0,5175769.0,64174989.0
2020-10-07,2107411.0,0.0,14346.0,3793.0,840488.0,28829700.0,2869536.0,50781723.0
2020-10-08,1761229.0,76.0,5720.0,25030.0,476865.0,16492800.0,2547921.0,23922484.0
2020-10-09,2580488.0,0.0,2118.0,20846.0,965255.0,15791200.0,1842588.0,40799136.0
2020-10-12,1432216.0,,,,414481.0,14085400.0,1428378.0,17888260.0
2020-10-13,911236.0,0.0,6150.0,12517.0,498964.0,12754700.0,1866017.0,25130518.0
2020-10-14,3735529.0,9.0,47949.0,19838.0,524234.0,9852800.0,2201980.0,24688980.0
2020-10-15,1003599.0,1516.0,22680.0,24661.0,751353.0,11602600.0,1546195.0,26747538.0
2020-10-16,896152.0,0.0,33562.0,24891.0,663170.0,11006200.0,1241956.0,59188433.0
2020-10-19,806354.0,0.0,77714.0,58206.0,687066.0,15826700.0,1798084.0,19104651.0
2020-10-20,1001367.0,2474.0,13155.0,15349.0,1134749.0,15762500.0,2527855.0,19996833.0
2020-10-21,1906984.0,8512.0,26426.0,35051.0,1200833.0,21426800.0,2138083.0,25742040.0
2020-10-22,1108637.0,2403.0,400806.0,46037.0,1092878.0,21339200.0,2441874.0,19206319.0
2020-10-23,845758.0,0.0,3657.0,46308.0,1085793.0,16469800.0,2419230.0,18940347.0
2020-10-26,981578.0,29.0,3815.0,8983.0,811728.0,24926900.0,2461604.0,14097270.0
2020-10-27,1523049.0,917.0,46221.0,21044.0,1651476.0,15993700.0,2103557.0,47880667.0
2020-10-28,1999646.0,0.0,4497.0,11493.0,975617.0,26441600.0,4127970.0,30605435.0
2020-10-29,1257213.0,0.0,10172.0,19743.0,1210032.0,17138300.0,3215252.0,36682699.0
2020-10-30,1502063.0,9097.0,39931.0,37153.0,1193326.0,14410600.0,4118890.0,22869291.0
2020-11-02,1567501.0,0.0,4642.0,27748.0,1313124.0,15480200.0,2828395.0,16684591.0
2020-11-03,1175135.0,0.0,2000.0,20824.0,784660.0,21732700.0,2172834.0,21182010.0
2020-11-04,1503056.0,0.0,1556.0,39680.0,603536.0,21800100.0,3895475.0,27429648.0
2020-11-05,1282233.0,0.0,17643.0,60121.0,889761.0,17004000.0,2889041.0,22347299.0
2020-11-06,1568714.0,0.0,12512.0,33270.0,618127.0,17437600.0,2301077.0,44988410.0
2020-11-09,1884726.0,4478.0,35026.0,53259.0,1407545.0,40988000.0,3343495.0,49305529.0
2020-11-10,1733431.0,0.0,18757.0,58542.0,946223.0,17163700.0,2379771.0,43653778.0
2020-11-11,1549064.0,0.0,17068.0,25361.0,735599.0,18504300.0,1695400.0,35945973.0
2020-11-12,944277.0,0.0,74717.0,53076.0,1063906.0,20898900.0,1556621.0,36044976.0
2020-11-13,1410561.0,0.0,16346.0,17665.0,1051007.0,19951400.0,1946617.0,29740709.0
2020-11-16,1662377.0,0.0,63178.0,89658.0,720690.0,20642000.0,2364750.0,49638368.0
2020-11-17,1932935.0,0.0,4583.0,51374.0,1548067.0,17941900.0,2584690.0,37981966.0
2020-11-18,1031485.0,731.0,14742.0,57124.0,643821.0,12593100.0,1841355.0,24253065.0
2020-11-19,1553362.0,0.0,20926.0,41200.0,469675.0,13501300.0,1647085.0,44661168.0
2020-11-20,1213572.0,0.0,26689.0,18549.0,1302762.0,20375900.0,1362463.0,45826527.0
2020-11-23,1703206.0,54.0,5856.0,49252.0,914925.0,21932300.0,2547248.0,41120571.0
2020-11-24,2406074.0,14907.0,20657.0,40888.0,1189202.0,35904500.0,3414118.0,60027476.0
2020-11-25,1153002.0,4055.0,11098.0,21430.0,717201.0,19468200.0,1865232.0,48784296.0
2020-11-26,1967529.0,0.0,7996.0,9171.0,,,,25047639.0
2020-11-27,1949703.0,1560.0,905.0,11768.0,522966.0,12314300.0,1396206.0,53250454.0
2020-11-30,2867464.0,4262.0,108358.0,494145.0,1882930.0,25715200.0,2256685.0,49759528.0
2020-12-01,1803796.0,3.0,28718.0,39331.0,1093195.0,20458900.0,1894490.0,30398283.0
2020-12-02,2163938.0,101.0,38891.0,47591.0,1249048.0,18433600.0,4136378.0,32395477.0
2020-12-03,1964382.0,285.0,36355.0,70120.0,1122166.0,24569800.0,2606101.0,44169237.0
2020-12-04,2073531.0,0.0,48165.0,45050.0,927931.0,31954000.0,2996209.0,75211908.0
2020-12-07,2996656.0,58.0,12756.0,21021.0,839431.0,19790700.0,1591820.0,29757307.0
2020-12-08,1603930.0,,,,1093195.0,12594000.0,1912314.0,25350839.0
2020-12-09,1259935.0,0.0,48588.0,40682.0,1090128.0,16007300.0,2241327.0,24852001.0
2020-12-10,2153128.0,0.0,63232.0,33160.0,1110641.0,17239000.0,2803173.0,28044651.0
2020-12-11,2058128.0,0.0,16499.0,34109.0,567480.0,14650300.0,2157140.0,29427243.0
2020-12-14,3259608.0,17.0,27353.0,26353.0,708213.0,15436000.0,2326187.0,58427859.0
2020-12-15,1043438.0,291.0,85004.0,30126.0,564097.0,11687700.0,2176085.0,77889793.0
2020-12-16,3547981.0,8692.0,13204.0,24287.0,1085053.0,13379200.0,2830637.0,43342213.0
2020-12-17,1140932.0,7500.0,20428.0,17456.0,1144899.0,13306100.0,2558570.0,68796526.0
2020-12-18,2432211.0,8540.0,46972.0,231722.0,1192057.0,23159100.0,2665850.0,69774532.0
2020-12-21,1296206.0,8000.0,64914.0,28711.0,820293.0,13488800.0,2683562.0,30196980.0
2020-12-22,770939.0,4200.0,13331.0,31204.0,867345.0,13336800.0,1695849.0,17091905.0
2020-12-23,958364.0,8400.0,79766.0,29998.0,1143207.0,13462600.0,1801335.0,16276592.0
2020-12-24,163541.0,8125.0,10443.0,24205.0,386144.0,5107700.0,695132.0,5302885.0
2020-12-28,,8645.0,43331.0,15231.0,436051.0,10089500.0,911934.0,
2020-12-29,830836.0,8007.0,23375.0,24351.0,546122.0,9894800.0,2278096.0,19808846.0
2020-12-30,639973.0,520.0,15433.0,55076.0,780959.0,32167000.0,1518619.0,11502510.0
2020-12-31,335751.0,,,,519371.0,16527900.0,1709301.0,10314658.0
2021-01-04,1280643.0,8387.0,18759.0,45222.0,1567205.0,31398600.0,3227471.0,47774095.0
2021-01-05,871782.0,1000.0,16678.0,50180.0,1110007.0,26109100.0,3900520.0,36516581.0
2021-01-06,1286909.0,7137.0,29849.0,47664.0,1136335.0,40670400.0,5430572.0,61745936.0
2021-01-07,1864041.0,498.0,50250.0,25531.0,1303290.0,29770900.0,3072325.0,33548398.0
2021-01-08,1375136.0,3538.0,2396.0,9492.0,939245.0,27541700.0,3114138.0,28813831.0
2021-01-11,1367863.0,0.0,30430.0,31442.0,955739.0,22233900.0,2626839.0,31248934.0
2021-01-12,1252606.0,2094.0,11742.0,13723.0,966524.0,21250100.0,1662667.0,29337747.0
2021-01-13,1022537.0,738.0,116330.0,105712.0,572661.0,19828200.0,1801447.0,30060208.0
2021-01-14,1021159.0,11564.0,19829.0,59618.0,801683.0,21668100.0,2568996.0,59482774.0
2021-01-15,1485727.0,10.0,21153.0,20263.0,679876.0,19927600.0,2342554.0,52232820.0
2021-01-18,592995.0,2591.0,11483.0,11653.0,,,,18051034.0
2021-01-19,982630.0,14.0,84614.0,25993.0,1092666.0,19517800.0,3839649.0,24296042.0
2021-01-20,1139088.0,615.0,11839.0,32029.0,786352.0,17343200.0,3054277.0,24042277.0
2021-01-21,755479.0,7100.0,11380.0,34841.0,519159.0,16866800.0,3216261.0,19953477.0
2021-01-22,1269531.0,791.0,8812.0,7821.0,697851.0,17457100.0,2361274.0,26370749.0
2021-01-25,1247735.0,155.0,32884.0,53561.0,953307.0,29254100.0,2550499.0,39125404.0
2021-01-26,4303353.0,8684.0,25750.0,38131.0,956691.0,33161600.0,2140437.0,32495225.0
2021-01-27,1873430.0,230.0,59905.0,28770.0,1121955.0,37297900.0,6816128.0,74629866.0
2021-01-28,1468787.0,7977.0,14488.0,26846.0,1121426.0,26791400.0,4097703.0,43781112.0
2021-01-29,2175404.0,1697.0,97556.0,223323.0,1270830.0,20156500.0,4430192.0,37390850.0
2021-02-01,1199700.0,0.0,11691.0,24316.0,955528.0,22619600.0,3560969.0,28473820.0
2021-02-02,959058.0,5026.0,59501.0,39880.0,1038530.0,17952300.0,2908322.0,33595612.0
2021-02-03,966924.0,6979.0,64371.0,24359.0,1207812.0,19500400.0,2924129.0,37828960.0
2021-02-04,774672.0,1.0,14338.0,16903.0,701129.0,16730700.0,1814787.0,36200286.0
2021-02-05,2002909.0,0.0,9132.0,65133.0,1458721.0,33126400.0,2641524.0,49851437.0
2021-02-08,1486556.0,3130.0,14982.0,20957.0,1049526.0,17556000.0,2169583.0,32787154.0
2021-02-09,1022535.0,780.0,41570.0,44346.0,720162.0,18609800.0,3162902.0,26408784.0
2021-02-10,1786691.0,6926.0,10414.0,15360.0,837950.0,39036500.0,2680984.0,61842766.0
2021-02-11,1296619.0,6887.0,7495.0,15073.0,584398.0,15555500.0,2876150.0,30177758.0
2021-02-12,866153.0,450.0,6138.0,11310.0,729043.0,12012400.0,1944262.0,21920398.0
2021-02-15,917303.0,7917.0,12398.0,1200.0,,,,32659219.0
2021-02-16,1322046.0,10228.0,28076.0,13492.0,1100491.0,28964900.0,4690712.0,56131231.0
2021-02-17,3835579.0,8042.0,12392.0,33076.0,1259939.0,27492900.0,2197272.0,49768475.0
2021-02-18,2065856.0,8463.0,20784.0,47439.0,1271887.0,18734500.0,2364750.0,44597126.0
2021-02-19,1842605.0,12642.0,35208.0,20562.0,2035823.0,40020200.0,3273993.0,100512210.0
2021-02-22,1702675.0,36690.0,53973.0,27191.0,2108780.0,33293500.0,3213122.0,51692647.0
2021-02-23,2354763.0,21113.0,15098.0,18538.0,1823613.0,26070200.0,3767457.0,101036987.0
2021-02-24,2811664.0,4921.0,38925.0,15953.0,1489067.0,25156600.0,2957534.0,34699330.0
2021-02-25,1473864.0,55994.0,23823.0,53227.0,1352774.0,25657100.0,3045645.0,38985551.0
2021-02-26,4018986.0,500.0,65278.0,142951.0,2719929.0,37782500.0,3875297.0,63064669.0
2021-03-01,1922018.0,5036.0,8411.0,12272.0,1409766.0,21582800.0,2650605.0,42284741.0
2021-03-02,2000450.0,5035.0,19523.0,40848.0,1528189.0,21625500.0,3582716.0,33742994.0
2021-03-03,1602574.0,448.0,35986.0,30371.0,1344844.0,18613200.0,4244554.0,53284663.0
2021-03-04,2636398.0,13591.0,29044.0,96998.0,2008966.0,38045300.0,6635087.0,42557105.0
2021-03-05,2313184.0,5214.0,34265.0,24061.0,1111170.0,31507000.0,4842944.0,38165625.0
2021-03-08,1367000.0,2941.0,47271.0,98894.0,814900.0,24959400.0,3306165.0,46407508.0
2021-03-09,1789230.0,6069.0,25961.0,23467.0,1435248.0,24411800.0,5616434.0,80408478.0
2021-03-10,2850985.0,904.0,29802.0,39315.0,1351823.0,20367800.0,3792904.0,41215229.0
2021-03-11,2348301.0,1966.0,6871.0,46833.0,1790412.0,25590500.0,2326972.0,48876957.0
2021-03-12,1504079.0,5386.0,12769.0,18846.0,614426.0,19752500.0,2626615.0,21927249.0
2021-03-15,1177924.0,3004.0,30602.0,29825.0,1241224.0,18329100.0,2793420.0,26476593.0
2021-03-16,2234009.0,144.0,22956.0,13314.0,1174082.0,21242400.0,2567538.0,68895478.0
2021-03-17,2186789.0,17.0,14510.0,22960.0,802318.0,31499300.0,2131582.0,40634459.0
2021-03-18,1532314.0,40.0,18230.0,28492.0,933429.0,25504200.0,2118802.0,39951317.0
2021-03-19,2917289.0,30.0,597386.0,301268.0,1595859.0,33270600.0,2283253.0,70242260.0
2021-03-22,1164106.0,0.0,42389.0,15125.0,1044662.0,21113500.0,2184941.0,23454126.0
2021-03-23,1627818.0,192.0,28073.0,15014.0,1950177.0,40041500.0,2880858.0,46934106.0
2021-03-24,1244343.0,153.0,20261.0,54016.0,1753299.0,27289000.0,2606773.0,36322078.0
2021-03-25,1880617.0,252.0,12557.0,33637.0,2450410.0,38038200.0,3004392.0,45964670.0
2021-03-26,1238547.0,6297.0,9505.0,8264.0,1553248.0,23769200.0,2473150.0,47465617.0
2021-03-29,876913.0,5167.0,27166.0,38100.0,1304136.0,19461700.0,2017464.0,30500339.0
2021-03-30,1660832.0,23520.0,32944.0,66585.0,1165835.0,17474700.0,4235586.0,21877372.0
2021-03-31,1467883.0,3.0,48490.0,188316.0,982596.0,15946000.0,2175413.0,24873858.0
2021-04-01,796349.0,1426.0,54971.0,46424.0,1185819.0,16423800.0,2326523.0,23893817.0
2021-04-05,,1297.0,9770.0,3317.0,1422560.0,19365200.0,1532631.0,
2021-04-06,1749824.0,42.0,17098.0,52996.0,1377939.0,22081100.0,1692037.0,30755851.0
2021-04-07,1368067.0,16.0,9545.0,107055.0,952356.0,16292900.0,2384815.0,26117845.0
2021-04-08,1411793.0,0.0,6217.0,45804.0,990526.0,15831400.0,1296997.0,52579654.0
2021-04-09,1131830.0,86.0,13714.0,28848.0,899277.0,14028600.0,1955697.0,34634143.0
2021-04-12,1606059.0,313.0,5887.0,30347.0,1002051.0,15141300.0,1608747.0,35590269.0
2021-04-13,1459452.0,518.0,14805.0,59812.0,717730.0,10889700.0,1526354.0,25397252.0
2021-04-14,1518431.0,562.0,21755.0,30841.0,959651.0,35697600.0,2764386.0,36300610.0
2021-04-15,1611022.0,684.0,26659.0,86411.0,1560861.0,27185800.0,2684459.0,51790570.0
2021-04-16,1595852.0,6273.0,9618.0,32144.0,995496.0,19010500.0,1689908.0,70893063.0
2021-04-19,1268013.0,5248.0,31834.0,81238.0,1408074.0,21560500.0,1618276.0,36610175.0
2021-04-20,1497668.0,1270.0,45785.0,120722.0,1408814.0,20581200.0,1785865.0,46859486.0
2021-04-21,1449217.0,8808.0,85260.0,107539.0,1620601.0,21914300.0,3307847.0,28507906.0
2021-04-22,698817.0,160.0,15460.0,93587.0,1536859.0,23923800.0,2992285.0,22484277.0
2021-04-23,774910.0,2.0,22718.0,105505.0,1134431.0,22558300.0,1909736.0,38354571.0
2021-04-26,1129894.0,8718.0,24959.0,55601.0,1310903.0,27041600.0,2413401.0,28527877.0
2021-04-27,1616247.0,3664.0,21276.0,25771.0,1197555.0,19766600.0,2291212.0,45249841.0
2021-04-28,2104640.0,700.0,66381.0,71123.0,736022.0,18574600.0,1528932.0,36008890.0
2021-04-29,1410827.0,551.0,47336.0,23085.0,767848.0,18860200.0,2752728.0,29023618.0
2021-04-30,1854949.0,4648.0,47966.0,183980.0,1754779.0,13696400.0,2468554.0,48961865.0
2021-05-03,,71.0,23509.0,42456.0,1138978.0,22861600.0,1281303.0,
2021-05-04,1060643.0,30.0,23684.0,32663.0,901497.0,26489200.0,1400129.0,36685450.0
2021-05-05,1921908.0,1715.0,55099.0,44298.0,1395809.0,37185800.0,2129788.0,45595937.0
2021-05-06,2939528.0,704.0,43730.0,55765.0,1303819.0,25202200.0,2022508.0,72386585.0
2021-05-07,2253058.0,1649.0,10342.0,33160.0,1924378.0,32390400.0,2603747.0,60963157.0
2021-05-10,1776111.0,25038.0,13611.0,17032.0,4956542.0,53054600.0,3037350.0,61544613.0
2021-05-11,1852962.0,394.0,36263.0,34008.0,2280177.0,40448900.0,2649820.0,65281862.0
2021-05-12,1963508.0,2049.0,28776.0,31666.0,1633395.0,40183100.0,2741742.0,53751709.0
2021-05-13,1173650.0,2788.0,49604.0,38020.0,1355101.0,36124000.0,2529088.0,43810239.0
2021-05-14,1270466.0,356.0,35955.0,92795.0,1388619.0,21487600.0,2464967.0,31862467.0
2021-05-17,2690762.0,6417.0,8075.0,40164.0,1444764.0,25784600.0,2419791.0,37361272.0
2021-05-18,4087025.0,7720.0,24993.0,33277.0,1310269.0,24144200.0,2087975.0,38093607.0
2021-05-19,3629211.0,10360.0,6262.0,53850.0,2466165.0,42376400.0,3173103.0,42322602.0
2021-05-20,2620269.0,6519.0,17461.0,124508.0,1106835.0,23677500.0,2192003.0,42462414.0
2021-05-21,2605499.0,,,,1997124.0,20823700.0,1661210.0,22926196.0
2021-05-24,1170843.0,588.0,26246.0,16112.0,1334482.0,13460100.0,1518619.0,17725314.0
2021-05-25,1868602.0,3290.0,36400.0,49814.0,1243656.0,18214300.0,2294239.0,23002977.0
2021-05-26,1660627.0,90.0,79167.0,75824.0,1709736.0,18366200.0,2490638.0,25778967.0
2021-05-27,5482148.0,150.0,150612.0,314314.0,2000296.0,28490600.0,1886307.0,56036132.0
2021-05-28,1950559.0,18594.0,71470.0,27052.0,1834609.0,14723100.0,1252045.0,31639494.0
2021-05-31,,82230.0,8829.0,8000.0,,,,
2021-06-01,1471414.0,1152.0,2976.0,16084.0,1792844.0,22142700.0,2213078.0,32732244.0
2021-06-02,1726620.0,1048.0,13101.0,36489.0,1676324.0,14691300.0,1501467.0,32161454.0
2021-06-03,1210113.0,3015.0,5149.0,19222.0,1635827.0,20223800.0,1307422.0,39495415.0
2021-06-04,1663540.0,1005426.0,17785.0,12329.0,1649573.0,15799200.0,1121224.0,18185730.0
2021-06-07,905134.0,6645.0,14987.0,39330.0,2234393.0,16725100.0,1187475.0,18353780.0
2021-06-08,1680275.0,923.0,12798.0,21211.0,1691655.0,14799600.0,1873639.0,20136681.0
2021-06-09,1241278.0,257.0,24053.0,60787.0,1940767.0,13874800.0,2007823.0,29374510.0
2021-06-10,1983303.0,849.0,19086.0,56919.0,1596494.0,16410700.0,1726564.0,28536984.0
2021-06-11,2192857.0,1413.0,35021.0,60115.0,1579682.0,20060200.0,1127950.0,52027082.0
2021-06-14,1297479.0,55.0,36680.0,54914.0,1382274.0,19426500.0,1491715.0,54694235.0
2021-06-15,1822196.0,1444.0,44439.0,30982.0,3919176.0,51189800.0,2537047.0,50974476.0
2021-06-16,2074615.0,101.0,25065.0,50736.0,2346261.0,36697100.0,2189986.0,50083387.0
2021-06-17,2149148.0,657.0,35218.0,63858.0,3135573.0,59951400.0,3761852.0,44173068.0
2021-06-18,3599494.0,50.0,77345.0,1698113.0,2542928.0,46250200.0,2733783.0,162595219.0
2021-06-21,1498697.0,,,,1850364.0,28159300.0,1691589.0,32210400.0
2021-06-22,994546.0,470.0,30583.0,10619.0,1691338.0,27500700.0,1931595.0,45356271.0
2021-06-23,1132539.0,365.0,35994.0,15335.0,1943410.0,21647600.0,1438579.0,40960272.0
2021-06-24,1086355.0,1189.0,21458.0,45356.0,1074057.0,20393500.0,1105642.0,37275985.0
2021-06-25,1294792.0,4612.0,47057.0,47608.0,2439942.0,44083100.0,1126045.0,42474134.0
2021-06-28,1239058.0,,,,1234774.0,14933300.0,1614688.0,23563275.0
2021-06-29,872581.0,25060.0,11189.0,70069.0,1265543.0,14898700.0,1036701.0,19493232.0
2021-06-30,1410217.0,24400.0,58564.0,66952.0,1122060.0,12448900.0,1320202.0,27736852.0
2021-07-01,1338550.0,226.0,12848.0,9877.0,1287219.0,13946100.0,1116852.0,24745721.0
2021-07-02,936985.0,26.0,20887.0,27224.0,721748.0,10221500.0,989731.0,23327946.0
2021-07-05,3668502.0,3397.0,46141.0,12943.0,,,,21061632.0
2021-07-06,1669134.0,3628.0,29591.0,38894.0,1417696.0,18992900.0,1374234.0,34948941.0
2021-07-07,1205895.0,6157.0,17181.0,45295.0,1379102.0,14745200.0,1698539.0,54377731.0
2021-07-08,1657547.0,0.0,17216.0,19754.0,1089177.0,24061700.0,1681612.0,38586174.0
2021-07-09,1593701.0,214.0,17177.0,31108.0,1132951.0,18023100.0,2925362.0,37912369.0
2021-07-12,1109085.0,696.0,18677.0,25371.0,1317036.0,11999800.0,1117189.0,36495306.0
2021-07-13,1200128.0,4417.0,16156.0,18773.0,950770.0,14532700.0,1191175.0,23376526.0
2021-07-14,1002386.0,637.0,10747.0,14304.0,935227.0,19482500.0,2253995.0,31366708.0
2021-07-15,1121177.0,500.0,26225.0,20675.0,994544.0,15838100.0,1470752.0,39348449.0
2021-07-16,1540848.0,,,,1605058.0,25881000.0,1939106.0,42595179.0
2021-07-19,1726435.0,6535.0,22452.0,46245.0,1451848.0,31431700.0,2212406.0,56887905.0
2021-07-20,1743046.0,4136.0,81227.0,18912.0,1008078.0,20933300.0,1968700.0,55315987.0
2021-07-21,2090740.0,6258.0,10782.0,51527.0,1196286.0,24349400.0,1930474.0,31822767.0
2021-07-22,1359047.0,6557.0,34401.0,54230.0,1000677.0,20607000.0,1126381.0,22114648.0
2021-07-23,1254176.0,6399.0,6685.0,5097.0,1057985.0,15945500.0,1190614.0,20819312.0
2021-07-26,1562576.0,6421.0,29419.0,39828.0,1500909.0,22801000.0,2385600.0,36326961.0
2021-07-27,1404990.0,6480.0,6973.0,105778.0,979635.0,17933500.0,2338630.0,29004292.0
2021-07-28,1015563.0,4100.0,5986.0,16095.0,1373287.0,14851500.0,1767257.0,41113162.0
2021-07-29,1327982.0,2967.0,14326.0,16307.0,1307731.0,23065900.0,2633453.0,42930012.0
2021-07-30,1017231.0,6031.0,70674.0,66924.0,1810184.0,15910600.0,1382641.0,33092283.0
2021-08-02,1501411.0,6913.0,1572.0,13157.0,1580951.0,21801100.0,1520749.0,24220051.0
2021-08-03,732978.0,20.0,5673.0,28299.0,984605.0,17245400.0,1908390.0,29321436.0
2021-08-04,878913.0,65.0,23385.0,35250.0,800837.0,11763600.0,1692486.0,38795248.0
2021-08-05,4378626.0,3342.0,14661.0,15164.0,838373.0,10531000.0,2228548.0,50081251.0
2021-08-06,810818.0,120.0,29562.0,32253.0,801577.0,13856000.0,1134228.0,31968210.0
2021-08-09,1961934.0,336.0,7800.0,29854.0,706522.0,9479600.0,1098132.0,18754188.0
2021-08-10,1184770.0,1095.0,12753.0,23432.0,1051324.0,17807400.0,1897180.0,26824571.0
2021-08-11,1590064.0,1710.0,220375.0,226655.0,1128616.0,16883100.0,1091406.0,69336221.0
2021-08-12,777116.0,0.0,8327.0,23453.0,898114.0,11489500.0,1628028.0,49451183.0
2021-08-13,545203.0,0.0,10432.0,13323.0,959546.0,12872600.0,1546195.0,20778707.0
2021-08-16,1148742.0,1.0,10734.0,20712.0,731369.0,13430700.0,3718469.0,45772515.0
2021-08-17,2776605.0,2271.0,38056.0,57998.0,985345.0,23492800.0,12732206.0,27693194.0
2021-08-18,2034936.0,50.0,29435.0,32359.0,1016960.0,18157900.0,9718397.0,51817343.0
2021-08-19,3602787.0,4486.0,84915.0,25419.0,1041808.0,32408600.0,8798169.0,83069908.0
2021-08-20,1588356.0,1049.0,534420.0,23766.0,955316.0,21881100.0,5364546.0,45455606.0
2021-08-23,1289088.0,201.0,29986.0,10320.0,1015162.0,16189600.0,3505031.0,42960563.0
2021-08-24,1187404.0,575.0,17223.0,10000.0,1271147.0,15470700.0,3446178.0,46540941.0
2021-08-25,1152895.0,668.0,15307.0,15557.0,575304.0,9923500.0,4416628.0,35452433.0
2021-08-26,863113.0,8100.0,24837.0,68484.0,881619.0,11336100.0,4991365.0,19974058.0
2021-08-27,720488.0,1002.0,18053.0,17689.0,955633.0,18805800.0,3585182.0,23525153.0
2021-08-30,,3.0,24556.0,17360.0,819130.0,13357900.0,2482679.0,
2021-08-31,1909205.0,948.0,47652.0,153232.0,869459.0,16216100.0,4257670.0,41631195.0
2021-09-01,1205901.0,1095.0,25895.0,26528.0,853493.0,16478200.0,3743804.0,37340105.0
2021-09-02,912357.0,24.0,5996.0,16779.0,812574.0,10981300.0,5425528.0,34710347.0
2021-09-03,1054909.0,1374.0,19539.0,33182.0,544007.0,12687100.0,3774183.0,43566021.0
2021-09-06,415196.0,76.0,29427.0,27164.0,,,,32977220.0
2021-09-07,797064.0,120.0,33617.0,40216.0,685798.0,10296400.0,4633541.0,25583695.0
2021-09-08,909694.0,28.0,30442.0,48721.0,934698.0,18265700.0,4836330.0,25500071.0
2021-09-09,873976.0,2749.0,17551.0,45902.0,723756.0,12518800.0,3585182.0,29208089.0
2021-09-10,1001185.0,7423.0,13327.0,27434.0,880562.0,22605900.0,1907718.0,34334708.0
2021-09-13,983344.0,1890.0,21782.0,33237.0,630815.0,13867400.0,4341745.0,3171156.0
2021-09-14,1193441.0,1000.0,21861.0,34685.0,592328.0,14925200.0,4622668.0,48105312.0
2021-09-15,1157518.0,1026.0,77500.0,34392.0,565788.0,18871400.0,4719746.0,55889784.0
2021-09-16,2667680.0,52.0,142076.0,1748499.0,1132105.0,35807800.0,3844918.0,60133844.0
2021-09-17,5238619.0,,,,1612883.0,37559800.0,6872178.0,195131324.0
2021-09-20,3271968.0,6718.0,86099.0,72845.0,1546058.0,38463200.0,6224577.0,71415830.0
2021-09-21,2047920.0,2218.0,22419.0,48146.0,1338817.0,35686600.0,4033134.0,58074387.0
2021-09-22,5360664.0,1000.0,23608.0,45515.0,846303.0,28813500.0,6056203.0,49606461.0
2021-09-23,2237197.0,1362.0,11742.0,63052.0,1098059.0,20270400.0,9491171.0,45876667.0
2021-09-24,775667.0,293.0,45566.0,90558.0,693939.0,15164300.0,4511577.0,22052761.0
2021-09-27,1460250.0,3740.0,24704.0,32067.0,1034618.0,22469300.0,4779832.0,47753308.0
2021-09-28,2809644.0,6171.0,16722.0,31790.0,827165.0,19761000.0,8142159.0,60469491.0
2021-09-29,1532818.0,200.0,22560.0,27271.0,951298.0,12717000.0,5912266.0,52797227.0
2021-09-30,2024874.0,70.0,49592.0,182813.0,1793267.0,23041700.0,4277624.0,55114227.0
2021-10-01,1957621.0,0.0,36469.0,16961.0,863750.0,16091200.0,2589510.0,56817107.0
2021-10-04,1185044.0,48.0,33189.0,11397.0,792801.0,20137600.0,2781201.0,45852923.0
2021-10-05,1046392.0,2983.0,77727.0,60192.0,990103.0,20005300.0,2757212.0,54553177.0
2021-10-06,1952839.0,3075.0,39439.0,31049.0,1355841.0,22783900.0,3417032.0,55267450.0
2021-10-07,2056584.0,6994.0,23733.0,45039.0,1117937.0,37035100.0,2992734.0,62836806.0
2021-10-08,1410998.0,6604.0,34676.0,16587.0,1046883.0,17625300.0,3052371.0,38508482.0
2021-10-11,1081850.0,,,,1326658.0,27084300.0,4292870.0,39504475.0
2021-10-12,1797377.0,8194.0,83165.0,98414.0,921270.0,21591600.0,3350445.0,50588850.0
2021-10-13,2066565.0,2652.0,26009.0,17773.0,1448676.0,26459800.0,3596953.0,68289194.0
2021-10-14,1465843.0,1211.0,43577.0,16143.0,2100216.0,28961400.0,4688022.0,85651011.0
2021-10-15,3243258.0,6730.0,47702.0,49079.0,2541236.0,30048400.0,3841219.0,67388115.0
2021-10-18,2335430.0,1590.0,33427.0,21185.0,1150609.0,23196100.0,4368425.0,70513153.0
2021-10-19,1544332.0,2220.0,33861.0,18221.0,1193114.0,16543100.0,4166981.0,62356746.0
2021-10-20,2440931.0,839.0,123458.0,33663.0,1146485.0,14281700.0,3648295.0,43715523.0
2021-10-21,1878958.0,2203.0,1421395.0,50185.0,1017383.0,19571900.0,4326387.0,49479180.0
2021-10-22,1057962.0,122.0,51382.0,29207.0,1061369.0,19058200.0,3865881.0,29114615.0
2021-10-25,987369.0,343.0,29364.0,33496.0,876755.0,19215100.0,3407840.0,20917396.0
2021-10-26,892588.0,10386.0,39121.0,47957.0,833615.0,15564400.0,2245811.0,23990928.0
2021-10-27,785566.0,100.0,25364.0,36326.0,1202419.0,19544200.0,2990492.0,51483624.0
2021-10-28,754746.0,119.0,21012.0,40649.0,1062849.0,13978400.0,2646345.0,34567294.0
2021-10-29,1461592.0,110.0,31048.0,115850.0,1151772.0,16052200.0,3821377.0,43878062.0
2021-11-01,502416.0,,,,676599.0,10873400.0,4015646.0,29419170.0
2021-11-02,1475020.0,5539.0,38098.0,65040.0,829914.0,14574500.0,6023694.0,39378651.0
2021-11-03,1257729.0,8342.0,11797.0,93191.0,1094781.0,17054400.0,3489000.0,31175740.0
2021-11-04,1708624.0,810376.0,49313.0,129071.0,982596.0,16309500.0,5240115.0,41077086.0
2021-11-05,1485487.0,33541.0,13448.0,21358.0,880139.0,12536200.0,3374771.0,22721123.0
2021-11-08,799045.0,79.0,32232.0,67459.0,1679919.0,25103800.0,3391025.0,35657665.0
2021-11-09,1592989.0,0.0,43134.0,35798.0,1300013.0,16030800.0,3466917.0,45751463.0
2021-11-10,2016916.0,2436.0,76759.0,98801.0,836682.0,24055700.0,2592425.0,57999593.0
2021-11-11,1561241.0,1387.0,17811.0,26115.0,2075262.0,39436900.0,3992890.0,48158554.0
2021-11-12,1619906.0,3733.0,8316.0,28460.0,1032397.0,18481700.0,2076765.0,32168685.0
2021-11-15,1191516.0,75.0,37559.0,92930.0,861529.0,13962100.0,3415799.0,23666785.0
2021-11-16,1731104.0,5975.0,411106.0,200564.0,813843.0,19165300.0,3572739.0,42870917.0
2021-11-17,2006122.0,19.0,14959.0,32110.0,960286.0,19209100.0,2748356.0,47527369.0
2021-11-18,1012086.0,208.0,23711.0,36616.0,943897.0,17613600.0,2495346.0,27411697.0
2021-11-19,1523674.0,1450.0,12521.0,36438.0,682097.0,18915800.0,3222427.0,37835524.0
2021-11-22,1659438.0,8355.0,28661.0,2026.0,1615843.0,19073700.0,3968004.0,36846934.0
2021-11-23,1040217.0,115326.0,55938.0,42479.0,851802.0,15861800.0,4002082.0,67849801.0
2021-11-24,1398935.0,195267.0,14469.0,24590.0,695631.0,13430300.0,3947938.0,46901328.0
2021-11-25,651623.0,11233.0,25390.0,18829.0,,,,41372787.0
2021-11-26,1119159.0,4179.0,328584.0,180895.0,744481.0,21122400.0,2545455.0,75098413.0
2021-11-29,1672434.0,377.0,16431.0,11524.0,997716.0,17219200.0,4162049.0,47287237.0
2021-11-30,3838018.0,286.0,240106.0,439836.0,1577356.0,27056100.0,5092479.0,59434116.0
2021-12-01,1969912.0,51.0,9590.0,29111.0,1443812.0,19234100.0,4560901.0,56837117.0
2021-12-02,1530117.0,178.0,32992.0,69138.0,1180109.0,18548800.0,6897177.0,59398589.0
2021-12-03,967732.0,177.0,38356.0,93404.0,851590.0,20762700.0,6099697.0,39113844.0
2021-12-06,1285849.0,190.0,30130.0,38344.0,670043.0,13602900.0,4885318.0,36831886.0
2021-12-07,1642246.0,1010.0,7049.0,35622.0,932372.0,18048200.0,4666835.0,32414674.0
2021-12-08,912442.0,,,,564202.0,14213800.0,2716856.0,22646691.0
2021-12-09,1461153.0,5714.0,48545.0,96742.0,821456.0,11526700.0,2806984.0,36677147.0
2021-12-10,828411.0,0.0,9182.0,7292.0,765628.0,10018500.0,2885566.0,24377353.0
2021-12-13,1555133.0,5894.0,14343.0,42459.0,1136229.0,11557800.0,3003495.0,31332007.0
2021-12-14,1753155.0,0.0,48396.0,47202.0,878130.0,12609600.0,3463217.0,23664278.0
2021-12-15,1948013.0,0.0,3886.0,67414.0,2106877.0,23245200.0,4324930.0,46797552.0
2021-12-16,2567856.0,551.0,14930.0,56286.0,2874831.0,17549100.0,3142948.0,79197531.0
2021-12-17,3250093.0,305.0,93078.0,604606.0,1970479.0,19628600.0,4116424.0,51817631.0
2021-12-20,1890735.0,263.0,16486.0,67404.0,978367.0,13373700.0,3436426.0,57227692.0
2021-12-21,1065963.0,1.0,86399.0,149587.0,837316.0,13560800.0,5482699.0,26103676.0
2021-12-22,1495029.0,113.0,80972.0,68857.0,689393.0,13244500.0,3762637.0,20921156.0
2021-12-23,959382.0,29.0,9905.0,46587.0,684740.0,17727500.0,2586259.0,21908844.0
2021-12-24,171072.0,2190.0,4723.0,13793.0,,,,6722649.0
2021-12-27,,2011.0,15813.0,21877.0,636102.0,11409000.0,1673541.0,
2021-12-28,,1849.0,6931.0,21094.0,456353.0,10835200.0,2001770.0,
2021-12-29,1650898.0,0.0,20453.0,72672.0,556695.0,14596200.0,2501399.0,28200641.0
2021-12-30,564379.0,0.0,17333.0,30413.0,662219.0,12001000.0,2306570.0,15618568.0
2021-12-31,298737.0,,,,481306.0,8793200.0,1380399.0,9347720.0
2022-01-03,,251.0,61610.0,8781.0,822513.0,12658000.0,1776112.0,
2022-01-04,1299922.0,0.0,10165.0,44823.0,733273.0,14448600.0,3723177.0,47725392.0
2022-01-05,1565022.0,6982.0,3371.0,21322.0,1113179.0,22270600.0,7154895.0,30096268.0
2022-01-06,723533.0,0.0,24541.0,66807.0,1142150.0,16145800.0,3280382.0,26621992.0
2022-01-07,1130137.0,1.0,9697.0,47007.0,815957.0,16974600.0,4178752.0,29555203.0
2022-01-10,699982.0,89.0,5352.0,21862.0,950030.0,12066900.0,4884085.0,26157870.0
2022-01-11,1051000.0,183.0,21379.0,34421.0,1239638.0,17291600.0,4725015.0,27130291.0
2022-01-12,1730586.0,569.0,31803.0,55548.0,2433810.0,28622600.0,5156040.0,69436711.0
2022-01-13,2063751.0,7060.0,12649.0,35681.0,1466228.0,22954000.0,5830209.0,49342891.0
2022-01-14,982789.0,0.0,3932.0,32127.0,902554.0,19204600.0,6030195.0,33557354.0
2022-01-17,888291.0,46.0,3002.0,3746.0,,,,67810260.0
2022-01-18,1135296.0,6686.0,9486.0,15391.0,1410929.0,25895000.0,7000869.0,68966046.0
2022-01-19,2393171.0,53.0,13453.0,26528.0,1408497.0,18064400.0,5057616.0,49730636.0
2022-01-20,1221360.0,428.0,14295.0,23949.0,1435248.0,17598500.0,9697211.0,40325834.0
2022-01-21,2118114.0,7000.0,19659.0,61590.0,1476907.0,24839300.0,10684251.0,55795920.0
2022-01-24,2016517.0,133.0,34161.0,48953.0,1548067.0,30985600.0,8935491.0,105647286.0
2022-01-25,1674919.0,6845.0,6328.0,44277.0,1331522.0,27054500.0,8501440.0,36841180.0
2022-01-26,942728.0,7000.0,44784.0,31033.0,1475850.0,24866900.0,7639055.0,41142221.0
2022-01-27,1846047.0,7050.0,10547.0,27903.0,1055130.0,24521300.0,11393059.0,45512395.0
2022-01-28,3319737.0,6696.0,8976.0,35092.0,1159279.0,30157400.0,13538429.0,73034410.0
2022-01-31,1400586.0,4.0,48788.0,35953.0,908899.0,20213700.0,9665598.0,38764882.0
2022-02-01,1841803.0,639.0,10896.0,23293.0,986614.0,22363000.0,10462293.0,48408344.0
2022-02-02,2093843.0,7143.0,9688.0,14181.0,1401412.0,19673300.0,7991945.0,41308282.0
2022-02-03,941822.0,656.0,29720.0,49666.0,1078815.0,16367000.0,12548474.0,30969842.0
2022-02-04,2120703.0,7014.0,11071.0,22554.0,1045825.0,15184300.0,7541640.0,30885265.0
2022-02-07,1348407.0,1496.0,32244.0,35815.0,940408.0,13817400.0,7175857.0,34500144.0
2022-02-08,1908450.0,354.0,11234.0,42490.0,1134326.0,18641700.0,10837268.0,35243167.0
2022-02-09,1711793.0,8120.0,103943.0,106866.0,1375190.0,26474800.0,10782787.0,42856432.0
2022-02-10,1909090.0,6770.0,35787.0,54876.0,1534744.0,29329400.0,8724070.0,51240454.0
2022-02-11,1872064.0,908.0,31397.0,45017.0,1742197.0,23462800.0,5950380.0,44750573.0
2022-02-14,1202998.0,150.0,36841.0,23964.0,1244502.0,17130400.0,7391314.0,42373240.0
2022-02-15,1601857.0,0.0,30816.0,84719.0,1055553.0,15759100.0,7712704.0,59588917.0
2022-02-16,846553.0,825.0,10918.0,39077.0,988517.0,11736000.0,7078330.0,63239624.0
2022-02-17,912844.0,0.0,52718.0,33230.0,1031446.0,12251700.0,6945156.0,43057694.0
2022-02-18,996654.0,0.0,2012.0,23174.0,912917.0,15846700.0,6837540.0,81323650.0
2022-02-21,988239.0,0.0,4481.0,19904.0,,,,28923882.0
2022-02-22,1058489.0,1045.0,50548.0,66381.0,963246.0,14429600.0,5094497.0,66731174.0
2022-02-23,1655104.0,2895.0,25477.0,36559.0,978684.0,13945700.0,5959012.0,71608572.0
2022-02-24,1930116.0,297.0,47023.0,90739.0,1231179.0,20397700.0,7321251.0,83846139.0
2022-02-25,1364213.0,422.0,12539.0,59816.0,1003849.0,29087900.0,6325243.0,64213537.0
2022-02-28,2451680.0,6.0,92920.0,294366.0,1466017.0,23876900.0,4222247.0,69934561.0
2022-03-01,2541738.0,564.0,8644.0,24920.0,1978409.0,27302500.0,5324302.0,62277824.0
2022-03-02,2079186.0,150.0,46257.0,33134.0,1439689.0,19132900.0,5833684.0,79535993.0
2022-03-03,1894509.0,2603.0,39123.0,146458.0,1396126.0,22678700.0,5664974.0,96454317.0
2022-03-04,1760629.0,1711.0,13230.0,15996.0,1298109.0,25481300.0,6274910.0,76521868.0
2022-03-07,1819233.0,7924.0,31225.0,49804.0,1475639.0,27210600.0,7550271.0,119574059.0
2022-03-08,1744066.0,3573.0,33689.0,40651.0,1627263.0,23946900.0,8120076.0,73554079.0
2022-03-09,1892615.0,4532.0,28920.0,30059.0,1926704.0,23418100.0,10645016.0,96296618.0
2022-03-10,2284728.0,1995.0,12596.0,57665.0,1849095.0,16686600.0,6092411.0,120998796.0
2022-03-11,1049019.0,3731.0,12686.0,34501.0,1383649.0,14331200.0,5286972.0,82805515.0
2022-03-14,1858014.0,151.0,63191.0,59449.0,1645026.0,21012000.0,7471689.0,53714471.0
2022-03-15,1962237.0,121.0,27192.0,19567.0,1443812.0,18570100.0,5895563.0,63440273.0
2022-03-16,3204860.0,800.0,23819.0,48541.0,968004.0,20461600.0,5730776.0,76160947.0
2022-03-17,2685708.0,3728.0,56797.0,111608.0,1183915.0,18150900.0,4270225.0,50056060.0
2022-03-18,7357588.0,1897.0,858860.0,807892.0,1938124.0,27493100.0,4995176.0,130778258.0
2022-03-21,2017430.0,2300.0,117126.0,124096.0,1140881.0,15327100.0,6025263.0,46135496.0
2022-03-22,1418229.0,7093.0,48341.0,78202.0,1112650.0,15558200.0,6743712.0,83853497.0
2022-03-23,1786529.0,2172.0,33658.0,30287.0,887223.0,11371700.0,4265181.0,39699745.0
2022-03-24,1140972.0,825.0,26065.0,43232.0,1254441.0,18021600.0,3983586.0,104216741.0
2022-03-25,1435800.0,35.0,30834.0,26001.0,938504.0,11525800.0,3288454.0,82902349.0
2022-03-28,1068998.0,1.0,10016.0,22571.0,652597.0,14166900.0,6250136.0,36903167.0
2022-03-29,1026232.0,1246.0,29058.0,22424.0,833509.0,15729400.0,4904599.0,73266696.0
2022-03-30,1789900.0,7150.0,14510.0,22097.0,749239.0,11190300.0,4130661.0,90564633.0
2022-03-31,2036228.0,1411.0,10061.0,67489.0,930997.0,10964400.0,2865612.0,40275122.0
2022-04-01,1734820.0,168.0,10680.0,35355.0,1032397.0,16632900.0,2776605.0,31292002.0
2022-04-04,1271491.0,7224.0,25452.0,2018.0,910802.0,12298500.0,2530433.0,34702065.0
2022-04-05,1558576.0,2131.0,9070.0,22034.0,1796862.0,13805900.0,3086337.0,71113054.0
2022-04-06,1430401.0,98.0,5421.0,39718.0,1053227.0,13635800.0,3522967.0,51754002.0
2022-04-07,2204838.0,179.0,33771.0,61707.0,641072.0,11154300.0,2964597.0,37572044.0
2022-04-08,1898122.0,3000.0,20534.0,31266.0,654394.0,9620300.0,2388515.0,44450875.0
2022-04-11,1099796.0,3077.0,9039.0,38742.0,689710.0,9370600.0,2926707.0,41938190.0
2022-04-12,1262385.0,732.0,61035.0,110636.0,705782.0,11646600.0,3408401.0,37967118.0
2022-04-13,1070135.0,506.0,10397.0,39646.0,928777.0,11976500.0,2446695.0,26450945.0
2022-04-14,671761.0,355.0,16941.0,25865.0,928883.0,12110200.0,3032529.0,55850057.0
2022-04-18,,908.0,22803.0,9131.0,631661.0,14267000.0,3047439.0,
2022-04-19,1373822.0,0.0,52794.0,114085.0,718153.0,10278500.0,3094296.0,180862478.0
2022-04-20,2833289.0,1.0,17861.0,73241.0,1152195.0,13101800.0,4871306.0,47974562.0
2022-04-21,1960259.0,150.0,65158.0,77798.0,2112164.0,31430900.0,8406491.0,101408721.0
2022-04-22,1645814.0,0.0,22746.0,37234.0,1495199.0,32547600.0,8564440.0,99759092.0
2022-04-25,2289695.0,676.0,32145.0,82791.0,2211449.0,31955300.0,10201548.0,113108180.0
2022-04-26,3331670.0,23.0,27066.0,92122.0,1550182.0,18707700.0,5411291.0,72484704.0
2022-04-27,4986319.0,60.0,25884.0,11514.0,1135489.0,22816500.0,6618832.0,107675622.0
2022-04-28,1471711.0,0.0,3273.0,30790.0,1049420.0,15184900.0,4777814.0,52083055.0
2022-04-29,1395525.0,0.0,31993.0,111435.0,1313229.0,17202000.0,3650985.0,42932995.0
2022-05-02,,1347.0,40797.0,54303.0,1145428.0,21723800.0,4315402.0,
2022-05-03,1860299.0,5555.0,4077.0,18267.0,1322323.0,16184300.0,3054613.0,44032657.0
2022-05-04,1563713.0,420174.0,24927.0,30559.0,1306039.0,17667500.0,4593410.0,44337984.0
2022-05-05,1346268.0,1.0,26066.0,49194.0,1333108.0,22061300.0,5458149.0,41108568.0
2022-05-06,1349671.0,1048.0,10076.0,42611.0,1512117.0,22379500.0,3810727.0,46230020.0
2022-05-09,1541085.0,134.0,15056.0,18394.0,1962337.0,30392800.0,5975715.0,46223108.0
2022-05-10,1746769.0,0.0,87802.0,39078.0,2003785.0,26543200.0,3914980.0,62349660.0
2022-05-11,1449813.0,180.0,12643.0,40828.0,1486001.0,22542800.0,4290179.0,57654245.0
2022-05-12,1777345.0,0.0,34333.0,25920.0,3003933.0,27193400.0,4571662.0,63326702.0
2022-05-13,1048745.0,57.0,23361.0,30516.0,2878531.0,18988000.0,3130168.0,87553698.0
2022-05-16,2479888.0,0.0,45989.0,22203.0,1860831.0,17882500.0,4217538.0,34594430.0
2022-05-17,1581060.0,0.0,50684.0,45998.0,2096409.0,22673600.0,3809831.0,37744088.0
2022-05-18,1266977.0,28651.0,49253.0,90124.0,1964452.0,18276000.0,3603118.0,42816851.0
2022-05-19,1122619.0,12741.0,3936.0,30781.0,2030536.0,18860200.0,5452432.0,30607711.0
2022-05-20,1409347.0,12700.0,6914.0,86875.0,1716926.0,21630900.0,4860320.0,34090170.0
2022-05-23,1762805.0,10025.0,11970.0,58973.0,1708044.0,19211900.0,4398356.0,55759472.0
2022-05-24,1424602.0,12.0,11121.0,78674.0,1420339.0,15922900.0,3192832.0,75707757.0
2022-05-25,1240888.0,5017.0,17071.0,35020.0,1072365.0,12859800.0,2301525.0,82950737.0
2022-05-26,813655.0,10650.0,29829.0,20586.0,895787.0,10011800.0,2244242.0,29722694.0
2022-05-27,908394.0,0.0,1000.0,6936.0,1150186.0,11914400.0,2622467.0,28911517.0
2022-05-30,1060400.0,1304.0,53059.0,7834.0,,,,27472567.0
2022-05-31,5719840.0,1038.0,90889.0,830698.0,2263999.0,16890100.0,3267603.0,47861372.0
2022-06-01,1575585.0,0.0,34411.0,32580.0,1385447.0,12817600.0,5143596.0,24144413.0
2022-06-02,,1800.0,11403.0,8889.0,1403950.0,19239100.0,3866300.0,
2022-06-03,,764.0,33743.0,55739.0,917463.0,13459900.0,3632900.0,
2022-06-06,1052701.0,0.0,18293.0,12303.0,1254652.0,15137400.0,3050000.0,34558706.0
2022-06-07,2128489.0,0.0,20283.0,75533.0,950770.0,12694800.0,4557100.0,54677628.0
2022-06-08,1384406.0,2510.0,35537.0,145910.0,869142.0,12373400.0,3190300.0,49658550.0
2022-06-09,1607483.0,11.0,56605.0,119276.0,981750.0,13547900.0,2719100.0,42259732.0
2022-06-10,1919284.0,22500.0,18907.0,37172.0,998245.0,23307200.0,3218500.0,56583369.0
2022-06-13,1461620.0,138.0,39506.0,59882.0,1256555.0,30274600.0,3559800.0,75469956.0
2022-06-14,1455411.0,0.0,48945.0,46469.0,1125233.0,16368800.0,3288600.0,48616465.0
2022-06-15,1597514.0,0.0,17733.0,46204.0,1083044.0,17094500.0,3582000.0,88135259.0
2022-06-16,1116673.0,1636.0,19134.0,52413.0,1619967.0,20474600.0,3170400.0,65496014.0
2022-06-17,3287403.0,79.0,82270.0,649365.0,2472191.0,30089700.0,3963700.0,79711425.0
2022-06-20,1296365.0,0.0,9141.0,12542.0,,,,46629194.0
2022-06-21,1339356.0,,,,1160760.0,13634400.0,3576800.0,31406923.0
2022-06-22,2419804.0,4.0,46977.0,37683.0,1617641.0,31329200.0,4035300.0,49937554.0
2022-06-23,1617556.0,141.0,9457.0,49561.0,3017044.0,41337600.0,3917300.0,42878461.0
2022-06-24,2696918.0,989.0,31384.0,28387.0,2646760.0,35347200.0,2783700.0,45007901.0
2022-06-27,1174714.0,,,,2164925.0,17053700.0,2769800.0,75956879.0
2022-06-28,2052433.0,169.0,12027.0,44822.0,1250317.0,22635000.0,3026500.0,46161130.0
2022-06-29,1785432.0,96.0,21362.0,44577.0,1117514.0,15424300.0,2876400.0,37780343.0
2022-06-30,1597978.0,0.0,66948.0,134657.0,1648198.0,21029200.0,3594300.0,36186896.0
2022-07-01,1785190.0,0.0,47268.0,35868.0,1362502.0,22967500.0,4125700.0,71449648.0
2022-07-04,1819567.0,23.0,21901.0,7458.0,,,,20422150.0
2022-07-05,1816644.0,810.0,11435.0,20217.0,1804897.0,35842200.0,5291300.0,125916641.0
2022-07-06,3549030.0,365.0,21772.0,39009.0,2359161.0,35581200.0,4067600.0,77920507.0
2022-07-07,3033182.0,2234.0,309573.0,834865.0,2241901.0,24755700.0,4148400.0,131147334.0
2022-07-08,1549996.0,700.0,3213.0,8883.0,1739659.0,17509200.0,3193100.0,30523639.0
2022-07-11,1088241.0,0.0,11195.0,23919.0,1257084.0,22219500.0,2775900.0,50980621.0
2022-07-12,6570363.0,13.0,15330.0,24940.0,1384389.0,25721900.0,3741900.0,27757930.0
2022-07-13,3030746.0,0.0,15992.0,42215.0,1511271.0,26774600.0,3406900.0,38564241.0
2022-07-14,2932007.0,120.0,6825.0,39133.0,2687997.0,31890900.0,4660100.0,60430555.0
2022-07-15,2824730.0,59.0,13133.0,18406.0,1289545.0,29197400.0,3198800.0,31389172.0
2022-07-18,2926283.0,303.0,4498.0,27309.0,1623456.0,29351200.0,3781300.0,57170636.0
2022-07-19,1419847.0,300.0,2610.0,41347.0,1480291.0,22850400.0,3153400.0,21039024.0
2022-07-20,1767826.0,25.0,14948.0,60954.0,1170593.0,25186600.0,2718000.0,43157777.0
2022-07-21,1307158.0,1.0,10145.0,68133.0,1283624.0,27566100.0,2922800.0,37190961.0
2022-07-22,2035572.0,0.0,11216.0,29737.0,1334482.0,20926700.0,3033300.0,24590911.0
2022-07-25,2531001.0,1527.0,23223.0,22757.0,1775292.0,16260800.0,2490600.0,60904076.0
2022-07-26,2174970.0,3591.0,8138.0,17912.0,1234245.0,14626600.0,2989300.0,32183919.0
2022-07-27,2090269.0,89.0,21009.0,25028.0,2511948.0,17466300.0,3000000.0,42255182.0
2022-07-28,2014224.0,124.0,15380.0,27477.0,2216630.0,18827100.0,2423500.0,48368900.0
2022-07-29,1397980.0,0.0,35553.0,64454.0,2186178.0,26279200.0,2655600.0,41100941.0
2022-08-01,1124075.0,4081.0,15497.0,50818.0,1615315.0,17320500.0,2422900.0,28753272.0
2022-08-02,1259378.0,120.0,20731.0,66608.0,1625994.0,17031900.0,2393200.0,24858381.0
2022-08-03,1387268.0,130.0,9777.0,37725.0,1643440.0,17600000.0,2524600.0,20614903.0
2022-08-04,1063806.0,16800.0,15185.0,30119.0,1391791.0,12475300.0,2650900.0,54684868.0
2022-08-05,1221293.0,716.0,4525.0,24101.0,1486846.0,17881000.0,2309200.0,38285475.0
2022-08-08,1372102.0,6740.0,14575.0,32941.0,1720944.0,15915700.0,2330700.0,53382291.0
2022-08-09,1745287.0,18.0,19402.0,40096.0,1458298.0,12976800.0,2400400.0,76364815.0
2022-08-10,1248368.0,1836.0,26325.0,38687.0,1557372.0,17104900.0,2325000.0,75359484.0
2022-08-11,2383043.0,0.0,20019.0,28886.0,1518461.0,14663700.0,2482400.0,52184325.0
2022-08-12,1100181.0,9329.0,26719.0,41997.0,942945.0,10878800.0,3036200.0,19802942.0
2022-08-15,1214810.0,,,,1634558.0,16050600.0,3156800.0,30429203.0
2022-08-16,1119962.0,0.0,14763.0,65562.0,970542.0,11931700.0,4584500.0,31712453.0
2022-08-17,1164091.0,12620.0,60587.0,108867.0,1448993.0,12467000.0,3923000.0,33400441.0
2022-08-18,1003869.0,0.0,32095.0,69919.0,1268504.0,12556200.0,3809300.0,45615168.0
2022-08-19,1542120.0,0.0,46914.0,33910.0,1092772.0,13799000.0,3216600.0,34151150.0
2022-08-22,1245023.0,73.0,9579.0,31466.0,1172390.0,14027500.0,3738400.0,26654520.0
2022-08-23,1996875.0,700.0,47921.0,68959.0,1406911.0,18021900.0,4610500.0,74254311.0
2022-08-24,1237289.0,51.0,1292.0,43384.0,930046.0,10531400.0,3385700.0,25027019.0
2022-08-25,1451935.0,4749.0,16867.0,37403.0,1493613.0,18058800.0,2958700.0,26169117.0
2022-08-26,1212396.0,1620.0,11526.0,20163.0,2848820.0,15736100.0,3353600.0,42815143.0
2022-08-29,,313.0,31837.0,31089.0,1938018.0,12645500.0,3552900.0,
2022-08-30,1708456.0,10025.0,20143.0,76018.0,2027470.0,19734800.0,4607200.0,113995438.0
2022-08-31,3480674.0,10412.0,44237.0,281152.0,1871828.0,19624100.0,4050000.0,75308665.0
2022-09-01,1787747.0,820.0,5029.0,33807.0,1732469.0,19731900.0,7320600.0,37245010.0
2022-09-02,1788339.0,3200.0,11507.0,46872.0,1109795.0,13699900.0,4106200.0,109971311.0
2022-09-05,2289710.0,400.0,10975.0,7153.0,,,,50613498.0
2022-09-06,1388848.0,0.0,100936.0,111122.0,1252855.0,14929200.0,5097500.0,49787952.0
2022-09-07,2115022.0,6.0,8099.0,26807.0,1733738.0,13627400.0,5109700.0,55669479.0
2022-09-08,1477165.0,0.0,27574.0,60215.0,1600406.0,21393900.0,5296400.0,24582177.0
2022-09-09,2774564.0,552.0,18105.0,9432.0,1342518.0,17883000.0,3895000.0,51497221.0
2022-09-12,2392339.0,0.0,9368.0,21282.0,1782799.0,12635900.0,3382700.0,43470731.0
2022-09-13,2385578.0,2600.0,10680.0,11768.0,1574607.0,17693700.0,4359200.0,33602260.0
2022-09-14,1617467.0,1.0,11799.0,298059.0,1154627.0,20529700.0,3149500.0,82486448.0
2022-09-15,959833.0,0.0,71763.0,194622.0,1337971.0,13837400.0,2991800.0,44571033.0
2022-09-16,3261345.0,,,,2579724.0,27657400.0,4872300.0,108678278.0
2022-09-19,,,,,980164.0,18022100.0,3231100.0,
2022-09-20,1955442.0,0.0,19739.0,52109.0,1031446.0,14182100.0,3754600.0,49565011.0
2022-09-21,1462647.0,0.0,14242.0,45418.0,1289333.0,18878100.0,2621500.0,102156077.0
2022-09-22,858040.0,0.0,10301.0,30493.0,1312278.0,16103400.0,4884100.0,49541866.0
2022-09-23,2000878.0,0.0,14906.0,21574.0,1702546.0,26058200.0,5368900.0,60265525.0
2022-09-26,1448816.0,0.0,13258.0,35625.0,1044980.0,17105500.0,5592800.0,59164424.0
2022-09-27,2048998.0,0.0,14936.0,21033.0,1373816.0,15322300.0,3995700.0,58080225.0
2022-09-28,1961215.0,0.0,42800.0,66385.0,1427318.0,14899300.0,3765400.0,33439969.0
2022-09-29,2140227.0,2.0,35544.0,36257.0,1838627.0,17580400.0,4138000.0,35823845.0
2022-09-30,1506937.0,6.0,30236.0,54080.0,1475427.0,16108400.0,3093900.0,38047896.0
2022-10-03,4543139.0,0.0,9198.0,3979.0,1811347.0,16515200.0,3003500.0,65641354.0
2022-10-04,2490602.0,123.0,5380.0,5970.0,2236191.0,17325900.0,3274900.0,74891350.0
2022-10-05,1357419.0,0.0,15286.0,17848.0,1499958.0,13118100.0,3275400.0,55525153.0
2022-10-06,1964696.0,3.0,9200.0,29913.0,1599666.0,18258700.0,3393600.0,42097284.0
2022-10-07,639553.0,0.0,896.0,13333.0,1973228.0,12667300.0,3635100.0,38039948.0
2022-10-10,839115.0,,,,1733103.0,11617700.0,3440300.0,30537715.0
2022-10-11,970713.0,0.0,26287.0,43891.0,1515183.0,13833900.0,4007200.0,46437972.0
2022-10-12,1578916.0,68.0,59099.0,74314.0,1334059.0,15818400.0,3570700.0,29126419.0
2022-10-13,2360965.0,0.0,19546.0,26610.0,1484309.0,16285500.0,3664900.0,82208069.0
2022-10-14,1084571.0,0.0,5833.0,17932.0,1573443.0,13972100.0,2833500.0,34705403.0
2022-10-17,1433158.0,124.0,24957.0,26190.0,1227584.0,13874400.0,4004600.0,45458272.0
2022-10-18,1934188.0,2.0,26086.0,55897.0,1142890.0,14492100.0,3294800.0,27403874.0
2022-10-19,1533697.0,0.0,2831.0,37196.0,1291765.0,12703600.0,2639500.0,33987140.0
2022-10-20,1835935.0,3.0,1313391.0,71013.0,2056335.0,26954400.0,4480200.0,69690170.0
2022-10-21,1684618.0,0.0,21823.0,15881.0,2867641.0,27259400.0,3986900.0,41681115.0
2022-10-24,1498784.0,0.0,17624.0,13721.0,2542082.0,19179500.0,3782500.0,37084033.0
2022-10-25,1416975.0,23.0,73179.0,49524.0,1909469.0,15134000.0,3675600.0,42062316.0
2022-10-26,2215028.0,4.0,25924.0,22235.0,2317501.0,19799800.0,5160300.0,75199385.0
2022-10-27,1877304.0,0.0,7726.0,33893.0,1800245.0,14606700.0,4783300.0,48621715.0
2022-10-28,1362004.0,0.0,16817.0,53764.0,2008015.0,13156900.0,7580200.0,85942123.0
2022-10-31,1327689.0,,,,2156467.0,13138500.0,3972500.0,51802156.0
2022-11-01,2148439.0,,,,2199289.0,16684600.0,4150200.0,40643813.0
2022-11-02,4067682.0,0.0,9040.0,70528.0,1550816.0,20061600.0,4966600.0,30715147.0
2022-11-03,1322448.0,0.0,17784.0,35054.0,1690492.0,15062200.0,4326800.0,24873898.0
2022-11-04,2679140.0,1306.0,23241.0,27785.0,2816465.0,30363400.0,7810100.0,73063287.0
2022-11-07,2069959.0,25.0,11335.0,40836.0,1735535.0,12396400.0,3550700.0,41590956.0
2022-11-08,1219549.0,2.0,23068.0,60195.0,2367831.0,18453300.0,4162400.0,96483157.0
2022-11-09,1254837.0,0.0,3694.0,91981.0,1849412.0,14161900.0,3225500.0,35886819.0
2022-11-10,1867584.0,600000.0,37904.0,59659.0,1681293.0,21126200.0,4891700.0,40894809.0
2022-11-11,2510695.0,45.0,28706.0,20048.0,3085561.0,22053500.0,6602100.0,45387205.0
2022-11-14,2332577.0,10920.0,35973.0,32437.0,1914122.0,14006700.0,3687100.0,37230511.0
2022-11-15,1879791.0,116.0,14035.0,61233.0,1642383.0,15132100.0,3461300.0,30884341.0
2022-11-16,1921740.0,0.0,20775.0,92892.0,1765247.0,12620100.0,3941200.0,37084909.0
2022-11-17,1845150.0,0.0,11575.0,82176.0,951298.0,13618400.0,3270100.0,31189017.0
2022-11-18,1136688.0,0.0,6142.0,45389.0,823359.0,9136200.0,2659000.0,31030236.0
2022-11-21,1098391.0,0.0,1976.0,45138.0,940513.0,10425300.0,3662400.0,38915088.0
2022-11-22,1123472.0,0.0,2308.0,186859.0,1265754.0,11848000.0,2482200.0,33052180.0
2022-11-23,1853568.0,75.0,17501.0,40620.0,892087.0,8632400.0,3658600.0,68290710.0
2022-11-24,678108.0,0.0,12946.0,6656.0,,,,26664749.0
2022-11-25,524563.0,10.0,1030.0,16102.0,450220.0,5219800.0,1282700.0,23021124.0
2022-11-28,897627.0,0.0,25709.0,49444.0,1093406.0,10420000.0,3012800.0,50558680.0
2022-11-29,1108225.0,133.0,13608.0,26949.0,1272627.0,8912700.0,3402200.0,58564498.0
2022-11-30,3267416.0,120.0,65722.0,574265.0,2345521.0,23334200.0,3757700.0,55329276.0
2022-12-01,1230965.0,102.0,18841.0,22983.0,1496680.0,12098000.0,2789900.0,33145423.0
2022-12-02,1302044.0,0.0,40535.0,24267.0,830337.0,15008700.0,2857600.0,27836595.0
2022-12-05,3825329.0,0.0,28419.0,39234.0,1140987.0,12200500.0,3001200.0,28961665.0
2022-12-06,1020399.0,201.0,30487.0,44822.0,991160.0,14971800.0,2885200.0,47979091.0
2022-12-07,914514.0,0.0,27127.0,25413.0,1393482.0,12273600.0,2420700.0,43268609.0
2022-12-08,1116197.0,,,,1585497.0,12677600.0,2243200.0,34694724.0
2022-12-09,1825822.0,3300.0,18062.0,30334.0,1031868.0,10601800.0,2923600.0,38189010.0
2022-12-12,1166731.0,10500.0,11295.0,38730.0,1023727.0,9557200.0,2631500.0,48892652.0
2022-12-13,2794291.0,483.0,41402.0,45048.0,1247357.0,12513200.0,2604800.0,46649722.0
2022-12-14,1130464.0,10150.0,6374.0,69815.0,719633.0,11163700.0,3227500.0,57548859.0
2022-12-15,1629994.0,0.0,30767.0,67096.0,1388936.0,11046700.0,3573100.0,38762341.0
2022-12-16,2749489.0,0.0,44672.0,452880.0,1771485.0,29060700.0,3155800.0,130160275.0
2022-12-19,714373.0,10000.0,8620.0,34973.0,760658.0,9245700.0,2035600.0,22678667.0
2022-12-20,3678714.0,8950.0,11947.0,34328.0,684846.0,7608100.0,1722900.0,67753453.0
2022-12-21,1998013.0,0.0,44343.0,15192.0,693728.0,7266700.0,1884200.0,30191621.0
2022-12-22,1519056.0,44.0,4368.0,77569.0,903189.0,11351300.0,2307600.0,54287446.0
2022-12-23,312027.0,0.0,8678.0,11292.0,571815.0,6598000.0,1235100.0,41636783.0
2022-12-26,,0.0,774.0,4923.0,,,,
2022-12-27,,0.0,3634.0,45996.0,708319.0,10559300.0,1457300.0,
2022-12-28,2270242.0,23761.0,37875.0,33984.0,707473.0,8305500.0,1670300.0,28496832.0
2022-12-29,1066579.0,10000.0,24727.0,62115.0,655452.0,6455800.0,1495300.0,21431481.0
2022-12-30,657847.0,0.0,16484.0,52962.0,1082938.0,6820100.0,1349400.0,14029166.0
2023-01-03,2234608.0,80.0,4907.0,32978.0,1678756.0,8576100.0,2137900.0,70642821.0
2023-01-04,3199901.0,100.0,1790.0,26088.0,1310798.0,10415600.0,3345600.0,74095446.0
2023-01-05,1689088.0,24.0,168240.0,185029.0,1884727.0,12341000.0,3024900.0,68572564.0
2023-01-06,1629428.0,0.0,13879.0,19984.0,1564879.0,16483800.0,2820300.0,43766874.0
2023-01-09,1522889.0,0.0,15856.0,22920.0,2056970.0,17009500.0,2844200.0,70063580.0
2023-01-10,2083144.0,0.0,16217.0,72476.0,1988031.0,16052500.0,2679600.0,36011969.0
2023-01-11,2835647.0,2057.0,11154.0,46970.0,2270872.0,18910300.0,3299500.0,53292226.0
2023-01-12,1977984.0,967.0,26092.0,28685.0,2215361.0,12834900.0,3174600.0,36822190.0
2023-01-13,1563844.0,0.0,27301.0,48599.0,2802931.0,11109600.0,2635200.0,45027878.0
2023-01-16,1611119.0,1147.0,6236.0,20887.0,,,,30208469.0
2023-01-17,1605382.0,0.0,14720.0,56318.0,2675203.0,12644000.0,3530300.0,51253560.0
2023-01-18,2148140.0,2173.0,6204.0,30842.0,2284829.0,19797400.0,3548900.0,85903572.0
2023-01-19,1907654.0,20.0,35768.0,75636.0,2493761.0,13731200.0,3704400.0,37335861.0
2023-01-20,1470334.0,9001.0,426.0,28751.0,1726336.0,12365100.0,4344900.0,40998514.0
2023-01-23,1664590.0,2.0,8355.0,14846.0,1612671.0,11735800.0,2272900.0,29847644.0
2023-01-24,2253793.0,0.0,29731.0,15368.0,1260045.0,9720800.0,2533900.0,82080849.0
2023-01-25,1633415.0,214.0,143440.0,170602.0,1072682.0,18821700.0,2654000.0,61643431.0
2023-01-26,2383651.0,0.0,11009.0,22371.0,1043817.0,15945700.0,2811000.0,53597657.0
2023-01-27,1222607.0,0.0,23378.0,19664.0,1114236.0,10871300.0,3123700.0,46033429.0
2023-01-30,2150485.0,66.0,20210.0,101578.0,1545635.0,8850300.0,2577100.0,84787080.0
2023-01-31,2154442.0,630.0,18707.0,98306.0,1687109.0,10931900.0,2369000.0,49617933.0
2023-02-01,2345358.0,0.0,15395.0,42984.0,1948591.0,13159900.0,4558000.0,40684622.0
2023-02-02,1930335.0,1702.0,14513.0,46866.0,2031276.0,14696200.0,6053600.0,35615036.0
2023-02-03,1931588.0,72.0,22858.0,20780.0,1599243.0,13162800.0,3359300.0,34505658.0
2023-02-06,1736200.0,0.0,36012.0,53944.0,1601675.0,11026500.0,2881800.0,59100276.0
2023-02-07,1260480.0,6.0,18081.0,56784.0,1113073.0,12585600.0,3124400.0,37888475.0
2023-02-08,1329590.0,10.0,27469.0,5006.0,697217.0,6826000.0,2310600.0,57512913.0
2023-02-09,2733115.0,0.0,5478.0,21366.0,1110007.0,9417800.0,2507100.0,55848717.0
2023-02-10,2012533.0,3503.0,20135.0,27138.0,1022035.0,8030400.0,2827500.0,103138678.0
2023-02-13,1610569.0,119.0,124118.0,155020.0,1116985.0,8600600.0,2930700.0,35676279.0
2023-02-14,1229164.0,0.0,4883.0,26712.0,902132.0,9376200.0,2350500.0,31983640.0
2023-02-15,3086786.0,0.0,4542.0,56622.0,1300224.0,10787200.0,2932200.0,75826340.0
2023-02-16,2863292.0,0.0,4545.0,35217.0,1021189.0,11010300.0,2713000.0,60030111.0
2023-02-17,2453759.0,21.0,13300.0,41636.0,1096896.0,11621300.0,2743200.0,124182535.0
2023-02-20,2276648.0,384.0,49445.0,548060.0,,,,41228511.0
2023-02-21,1560050.0,704.0,12100.0,79563.0,970225.0,15233000.0,3126400.0,57050675.0
2023-02-22,2393688.0,30.0,75139.0,58699.0,957114.0,9818800.0,4002600.0,48557488.0
2023-02-23,2261549.0,577.0,10019.0,21362.0,1186982.0,12760600.0,4134500.0,51724685.0
2023-02-24,2158788.0,35.0,40934.0,142.0,1245559.0,11207300.0,4344600.0,52750612.0
2023-02-27,2194972.0,95.0,13334.0,18219.0,890183.0,8130300.0,2873100.0,24574225.0
2023-02-28,2955155.0,5.0,26336.0,390506.0,1385129.0,11700900.0,3041500.0,74272542.0
2023-03-01,1857222.0,100.0,20313.0,38562.0,1278125.0,14042800.0,4786800.0,50745151.0
2023-03-02,1709203.0,0.0,12571.0,45102.0,1925330.0,9786500.0,5870900.0,36760914.0
2023-03-03,2493271.0,180.0,19298.0,45486.0,2156784.0,10232200.0,2686300.0,34776507.0
2023-03-06,2336220.0,0.0,3310.0,36532.0,1242704.0,8697800.0,3009500.0,36694350.0
2023-03-07,1911721.0,127.0,20771.0,38101.0,1786394.0,16238900.0,3367500.0,56885175.0
2023-03-08,1599820.0,0.0,29029.0,59991.0,1317142.0,9938600.0,2969800.0,46489872.0
2023-03-09,2559208.0,622.0,4594.0,52122.0,1386715.0,11896900.0,3042400.0,48249130.0
2023-03-10,1585950.0,102.0,12605.0,25130.0,1025947.0,18172000.0,4029100.0,76305120.0
2023-03-13,3224441.0,291.0,17550.0,60682.0,1313547.0,18949400.0,4309600.0,64728209.0
2023-03-14,2256827.0,186.0,39067.0,76548.0,1389041.0,17198000.0,2977400.0,35466058.0
2023-03-15,2673433.0,22.0,54002.0,78264.0,2560480.0,26465400.0,5445000.0,130623268.0
2023-03-16,2100216.0,0.0,22260.0,63472.0,2052952.0,25292000.0,4124500.0,88278865.0
2023-03-17,14957692.0,0.0,217437.0,578469.0,2767298.0,18290700.0,2879100.0,131491839.0
2023-03-20,1408458.0,225.0,26311.0,45931.0,2073359.0,11952500.0,2315300.0,76307765.0
2023-03-21,2133038.0,579.0,24927.0,38456.0,1051324.0,11516000.0,3041200.0,36755057.0
2023-03-22,1256720.0,125.0,7121.0,32055.0,1082727.0,12672800.0,3074600.0,31485224.0
2023-03-23,1889004.0,3.0,150500.0,407486.0,837845.0,15292600.0,2404500.0,28683080.0
2023-03-24,1882994.0,9.0,7671.0,43546.0,1173871.0,13894800.0,2498800.0,31987703.0
2023-03-27,2353777.0,115.0,40256.0,45748.0,768271.0,12486000.0,1952300.0,42826869.0
2023-03-28,1002744.0,115.0,27643.0,53516.0,890395.0,6945900.0,1871300.0,47806109.0
2023-03-29,1217409.0,511.0,2646.0,19062.0,907313.0,11948800.0,2417600.0,20058380.0
2023-03-30,688951.0,104.0,9294.0,30942.0,1032397.0,12550600.0,3877600.0,27388217.0
2023-03-31,1403794.0,1600.0,25889.0,72697.0,795974.0,11181300.0,2488700.0,30035093.0
2023-04-03,1639215.0,730.0,6249.0,10544.0,982702.0,10302400.0,2947400.0,57519510.0
2023-04-04,1100959.0,30.0,26088.0,34527.0,842391.0,12783000.0,4352700.0,45943719.0
2023-04-05,2089453.0,170.0,19412.0,20133.0,883311.0,10516000.0,2393000.0,23692108.0
2023-04-06,2126644.0,0.0,55938.0,287416.0,959651.0,8095600.0,2658000.0,28679986.0
2023-04-10,,0.0,5930.0,9271.0,646781.0,9373900.0,1858300.0,
2023-04-11,1748641.0,0.0,11736.0,19836.0,1070039.0,11684300.0,3459600.0,41864005.0
2023-04-12,1142094.0,137.0,17436.0,39399.0,978578.0,9918400.0,2186000.0,40992439.0
2023-04-13,1348243.0,41.0,84519.0,81722.0,1510108.0,17383700.0,2036000.0,55115749.0
2023-04-14,1792844.0,484.0,17065.0,12583.0,1252643.0,11637600.0,2680400.0,69155138.0
2023-04-17,736511.0,221.0,18317.0,44329.0,1980841.0,12149100.0,2288700.0,25627996.0
2023-04-18,1205220.0,420.0,33455.0,30719.0,1424463.0,14166400.0,2001800.0,23011001.0
2023-04-19,1539618.0,1.0,29812.0,19884.0,1377516.0,11655000.0,2716500.0,26035017.0
2023-04-20,1680405.0,0.0,7396.0,34960.0,1157799.0,11494200.0,3367200.0,52419556.0
2023-04-21,2356524.0,4872.0,5144.0,221732.0,1246511.0,22431500.0,4056500.0,42141303.0
2023-04-24,1159586.0,0.0,33478.0,31297.0,860578.0,12908000.0,2321400.0,84529759.0
2023-04-25,1057926.0,3746.0,46650.0,22217.0,1591524.0,20736100.0,3722000.0,42979423.0
2023-04-26,1059981.0,1362.0,9856.0,57746.0,1368000.0,10484500.0,3447400.0,38459589.0
2023-04-27,1257322.0,1601.0,28361.0,54778.0,986297.0,10761200.0,3345900.0,24921852.0
2023-04-28,1989100.0,100.0,49228.0,75266.0,1267340.0,9463200.0,3566400.0,54958763.0
2023-05-01,,,,,1006386.0,9629300.0,2174500.0,
2023-05-02,1055815.0,0.0,15581.0,61699.0,1317882.0,10714600.0,2898700.0,29347315.0
2023-05-03,847429.0,23.0,46701.0,67390.0,1151772.0,12554000.0,2524200.0,47231870.0
2023-05-04,1170535.0,851.0,10732.0,28916.0,922750.0,19129300.0,2890900.0,31422627.0
2023-05-05,1522648.0,20.0,5486.0,32544.0,1259939.0,13540300.0,3144100.0,24556666.0
2023-05-08,,0.0,45005.0,61343.0,814160.0,9274700.0,2461200.0,
2023-05-09,1694051.0,0.0,14413.0,29544.0,800943.0,11133300.0,2126000.0,31423778.0
2023-05-10,1272150.0,19.0,17597.0,48509.0,2395851.0,11944500.0,3551400.0,31962205.0
2023-05-11,1496505.0,0.0,538.0,27931.0,2408010.0,17097700.0,3606300.0,54156489.0
2023-05-12,758475.0,330.0,13776.0,101416.0,1429009.0,10943100.0,2182100.0,83230627.0
2023-05-15,592048.0,4371.0,5757.0,43839.0,1280875.0,13039800.0,2763900.0,23222992.0
2023-05-16,1092727.0,20.0,23675.0,39156.0,1711322.0,12940400.0,2148200.0,23097455.0
2023-05-17,1867510.0,14.0,13811.0,64398.0,963246.0,14459700.0,2456900.0,49897436.0
2023-05-18,1417336.0,67.0,21353.0,21633.0,1613729.0,9791600.0,2086200.0,23791366.0
2023-05-19,1093985.0,0.0,13013.0,55820.0,1142256.0,8720600.0,1749400.0,25805453.0
2023-05-22,1957505.0,0.0,65340.0,56959.0,931737.0,6280800.0,2111000.0,21630920.0
2023-05-23,1016790.0,0.0,19971.0,16098.0,2016791.0,11101800.0,2824000.0,24319380.0
2023-05-24,1161121.0,8671.0,8119.0,39122.0,2205105.0,17677500.0,3681900.0,45733764.0
2023-05-25,659036.0,103.0,12788.0,67156.0,1210878.0,12397000.0,3398800.0,34712991.0
2023-05-26,1162255.0,103.0,24892.0,30023.0,1246616.0,14099700.0,2427500.0,52872599.0
2023-05-29,,270.0,17144.0,19537.0,,,,
2023-05-30,1193895.0,3998.0,12118.0,30199.0,1080401.0,13296500.0,2452200.0,30484673.0
2023-05-31,4235813.0,423.0,104042.0,624149.0,1199141.0,16890300.0,3779500.0,106717719.0
2023-06-01,1444308.0,0.0,8494.0,36952.0,1311115.0,14008700.0,3518000.0,28089766.0
2023-06-02,1477818.0,84.0,6993.0,34757.0,2083404.0,20451100.0,4387400.0,50276032.0
2023-06-05,1192691.0,0.0,14699.0,18829.0,828540.0,10166900.0,2356700.0,28585922.0
2023-06-06,781944.0,0.0,2040.0,42652.0,747230.0,8924700.0,2554600.0,19430618.0
2023-06-07,994054.0,0.0,59672.0,154197.0,878024.0,15290200.0,2395300.0,23062744.0
2023-06-08,1007961.0,10.0,46614.0,87361.0,858357.0,9407100.0,2704600.0,18688363.0
2023-06-09,789335.0,0.0,6084.0,31038.0,1121109.0,9268800.0,1617800.0,24448813.0
2023-06-12,660105.0,26.0,4037.0,39475.0,752834.0,10721100.0,2153800.0,45842223.0
2023-06-13,2208591.0,0.0,12429.0,41223.0,1154733.0,17147800.0,3922300.0,68354053.0
2023-06-14,2815389.0,952.0,80259.0,56999.0,1057139.0,10557700.0,3445500.0,50539401.0
2023-06-15,1468436.0,727.0,8174.0,111685.0,1636144.0,12694600.0,3096800.0,49030464.0
2023-06-16,3736121.0,0.0,55387.0,483406.0,1702969.0,16144200.0,2867200.0,177797367.0
2023-06-19,809990.0,2715.0,8027.0,22783.0,,,,22860404.0
2023-06-20,978202.0,2617.0,11690.0,40906.0,1200516.0,11959300.0,2720100.0,32863036.0
2023-06-21,1111629.0,,,,937236.0,10526700.0,3155200.0,22469596.0
2023-06-22,945524.0,1101.0,15065.0,25841.0,1081352.0,10897100.0,2647700.0,33172893.0
2023-06-23,544394.0,0.0,10958.0,25515.0,1411034.0,12456600.0,2854500.0,24664762.0
2023-06-26,495462.0,,,,863855.0,9130600.0,2172600.0,34235884.0
2023-06-27,908196.0,0.0,59940.0,107356.0,893990.0,12084700.0,1976000.0,29266257.0
2023-06-28,1380154.0,0.0,17238.0,20977.0,1415792.0,14802000.0,2926600.0,24323529.0
2023-06-29,773757.0,1718.0,15556.0,22060.0,1195229.0,10597100.0,2479000.0,27728288.0
2023-06-30,686871.0,0.0,19417.0,65044.0,1057774.0,12637600.0,2233600.0,23315648.0
2023-07-03,735965.0,6082.0,9179.0,17592.0,463543.0,6915700.0,1439500.0,27255542.0
2023-07-04,521573.0,0.0,5607.0,8638.0,,,,28066922.0
2023-07-05,1202316.0,326.0,11973.0,25387.0,1202736.0,13610800.0,2192800.0,26055291.0
2023-07-06,1465628.0,24.0,11206.0,88843.0,1290391.0,17541100.0,3042100.0,33482126.0
2023-07-07,1331534.0,10030.0,14749.0,22848.0,845352.0,11158400.0,2145000.0,24072351.0
2023-07-10,576513.0,0.0,10326.0,33026.0,835096.0,9122300.0,2240100.0,20125487.0
2023-07-11,1212783.0,40.0,21430.0,42130.0,731052.0,11554100.0,2504200.0,48540415.0
2023-07-12,989313.0,732.0,10595.0,66987.0,1022564.0,11778100.0,2993100.0,66048528.0
2023-07-13,728684.0,1287.0,15917.0,36526.0,1480502.0,16155700.0,2678100.0,40111746.0
2023-07-14,881679.0,568.0,8340.0,40736.0,1381217.0,13132300.0,2484400.0,21661974.0
2023-07-17,580113.0,365.0,95797.0,121591.0,680299.0,8037400.0,2465700.0,31061316.0
2023-07-18,729798.0,0.0,15828.0,29973.0,1044134.0,8934200.0,1874600.0,20024760.0
2023-07-19,1885975.0,0.0,38568.0,33217.0,1308683.0,15002500.0,1717300.0,20838210.0
2023-07-20,1177579.0,200.0,57720.0,71457.0,1342624.0,17041800.0,2689700.0,51791558.0
2023-07-21,698033.0,41260.0,10559.0,36943.0,886483.0,11550700.0,1539300.0,20255775.0
2023-07-24,779194.0,44.0,36513.0,51813.0,1002474.0,16669400.0,2775400.0,50236714.0
2023-07-25,1159315.0,10010.0,16531.0,19894.0,2065323.0,19515400.0,4460700.0,47435254.0
2023-07-26,1590954.0,2.0,32428.0,51780.0,1704449.0,12767000.0,2543000.0,26462861.0
2023-07-27,1568009.0,9.0,17276.0,67795.0,1463585.0,13403200.0,2678100.0,28703644.0
2023-07-28,789897.0,0.0,48220.0,8764.0,830337.0,9641100.0,2122900.0,35814852.0
2023-07-31,782611.0,7898.0,40071.0,134421.0,1270301.0,10282600.0,1857100.0,20044110.0
2023-08-01,1103723.0,67921.0,75383.0,64487.0,1360599.0,9046100.0,2272700.0,14178492.0
2023-08-02,698095.0,130.0,5354.0,27662.0,1166046.0,10714400.0,2264100.0,17279159.0
2023-08-03,794696.0,8.0,14231.0,17625.0,1114342.0,8557900.0,2652400.0,37296287.0
2023-08-04,399985.0,25.0,38096.0,19060.0,1080189.0,8161900.0,2327900.0,26174224.0
2023-08-07,501439.0,0.0,33557.0,21312.0,955951.0,6637300.0,1561400.0,14093569.0
2023-08-08,834014.0,0.0,17583.0,40282.0,1377199.0,10580500.0,1781500.0,46701400.0
2023-08-09,1214275.0,0.0,86526.0,87191.0,882042.0,8842900.0,1622300.0,54603022.0
2023-08-10,1863778.0,0.0,5205.0,53621.0,1101865.0,9092400.0,1970600.0,29975957.0
2023-08-11,1500641.0,0.0,36742.0,26743.0,1223460.0,8627800.0,1946600.0,24042643.0
2023-08-14,1561418.0,30.0,4604.0,22535.0,1021824.0,12482600.0,2732300.0,26501515.0
2023-08-15,670734.0,,,,1221980.0,11486800.0,2639300.0,29179181.0
2023-08-16,1196495.0,0.0,12247.0,62967.0,1368423.0,9967700.0,3492500.0,21595476.0
2023-08-17,888690.0,0.0,12874.0,85412.0,942945.0,10921000.0,3994400.0,18592369.0
2023-08-18,1434195.0,0.0,5937.0,70815.0,1596388.0,12635600.0,2583900.0,41527415.0
2023-08-21,1365622.0,0.0,36383.0,85719.0,906995.0,8988200.0,2390700.0,17044958.0
2023-08-22,794264.0,0.0,25323.0,94942.0,745009.0,7596600.0,4306700.0,20492825.0
2023-08-23,1334205.0,0.0,25249.0,59021.0,1185396.0,9647200.0,3254600.0,36566938.0
2023-08-24,575690.0,0.0,18945.0,56480.0,1253912.0,8152600.0,2824100.0,17152856.0
2023-08-25,596434.0,198.0,13093.0,47952.0,690873.0,8446600.0,3110500.0,17813843.0
2023-08-28,,6.0,5880.0,13520.0,1093089.0,8445700.0,2819100.0,
2023-08-29,1769023.0,0.0,12073.0,30897.0,905304.0,9229100.0,2769200.0,144806978.0
2023-08-30,573754.0,0.0,10574.0,23466.0,780430.0,6655900.0,2537900.0,25113846.0
2023-08-31,2318987.0,5060.0,55420.0,555612.0,922538.0,8605100.0,2152300.0,59164541.0
2023-09-01,922431.0,323.0,5206.0,9739.0,743740.0,10985300.0,2299000.0,32060379.0
2023-09-04,590207.0,0.0,34055.0,3530.0,,,,32228235.0
2023-09-05,840491.0,8261.0,13576.0,254.0,1331522.0,6392900.0,2069800.0,34837686.0
2023-09-06,1165335.0,81.0,7843.0,21620.0,1121109.0,7647800.0,2507000.0,16546328.0
2023-09-07,1834176.0,0.0,8010.0,18923.0,849264.0,7450800.0,2600800.0,18580734.0
2023-09-08,1488571.0,0.0,26260.0,14948.0,834778.0,6337000.0,1970500.0,21689152.0
2023-09-11,750065.0,544.0,23689.0,8535.0,559021.0,6583400.0,2391300.0,35439674.0
2023-09-12,1818793.0,1145.0,15303.0,31361.0,816169.0,8955000.0,1853800.0,26106018.0
2023-09-13,1366985.0,28.0,30597.0,29112.0,786140.0,5233600.0,1919300.0,21433334.0
2023-09-14,1744119.0,413.0,14844.0,12907.0,1348333.0,7455300.0,4115300.0,67802587.0
2023-09-15,2790379.0,301.0,762925.0,387287.0,1733632.0,11064400.0,3046100.0,64254208.0
2023-09-18,532037.0,,,,776518.0,6683100.0,1980100.0,18937385.0
2023-09-19,1170823.0,,,,805807.0,12864800.0,1929200.0,36415235.0
2023-09-20,736672.0,0.0,7137.0,48051.0,449691.0,7265000.0,1794200.0,15572310.0
2023-09-21,1129253.0,752.0,19469.0,28194.0,1282778.0,12882000.0,2406000.0,26335230.0
2023-09-22,1281695.0,500.0,12928.0,17126.0,1440006.0,7816000.0,2721600.0,25356746.0
2023-09-25,793111.0,0.0,56256.0,26340.0,1149129.0,6611100.0,2831100.0,19729174.0
2023-09-26,851105.0,0.0,29247.0,64130.0,2279119.0,11739900.0,2261900.0,17089191.0
2023-09-27,666887.0,167000.0,28581.0,27735.0,1088965.0,10358400.0,3087600.0,16361961.0
2023-09-28,3436755.0,0.0,9827.0,19097.0,826108.0,10314500.0,2946000.0,25415052.0
2023-09-29,1156628.0,923.0,11412.0,32995.0,845035.0,10169400.0,2231300.0,52441662.0
2023-10-02,1459576.0,5603.0,3144.0,14143.0,1086851.0,8687500.0,2554700.0,26564853.0
2023-10-03,1946011.0,0.0,58702.0,98149.0,908581.0,11198100.0,2353000.0,32344117.0
2023-10-04,1344434.0,317.0,12752.0,21446.0,1166258.0,13597300.0,3047500.0,50069987.0
2023-10-05,1169489.0,204.0,10370.0,29020.0,1036838.0,13218400.0,1771900.0,21656884.0
2023-10-06,1659412.0,0.0,32882.0,16329.0,1274107.0,12692300.0,2952100.0,19577714.0
2023-10-09,1503970.0,,,,640014.0,7766200.0,2079600.0,20626154.0
2023-10-10,1654830.0,0.0,14380.0,47713.0,749133.0,11390300.0,2383900.0,27874741.0
2023-10-11,1593648.0,1425.0,220869.0,65563.0,857088.0,6235900.0,2288500.0,66606739.0
2023-10-12,1733171.0,3923.0,12063.0,50367.0,892933.0,11862200.0,2878700.0,19885144.0
2023-10-13,866873.0,0.0,5411.0,48067.0,706839.0,9435300.0,2097400.0,33325228.0
2023-10-16,803114.0,0.0,9395.0,42350.0,810459.0,10920500.0,2347200.0,51025402.0
2023-10-17,1588037.0,0.0,8849.0,19288.0,689498.0,11333800.0,2773700.0,55521715.0
2023-10-18,1830027.0,0.0,15958.0,24982.0,847572.0,12195000.0,3723100.0,30034656.0
2023-10-19,994297.0,0.0,16167.0,37502.0,966736.0,15584400.0,2955500.0,20366158.0
2023-10-20,1490315.0,60.0,25370.0,46315.0,901074.0,16094400.0,3325900.0,31454692.0
2023-10-23,1525084.0,0.0,26300.0,53297.0,847572.0,11470800.0,2064300.0,21235583.0
2023-10-24,1245017.0,41.0,18394.0,25221.0,802846.0,12380500.0,3063500.0,24046698.0
2023-10-25,1489697.0,0.0,11568.0,30644.0,1723693.0,10861900.0,2826100.0,22194143.0
2023-10-26,1813223.0,0.0,8759.0,34712.0,930680.0,10294400.0,2771000.0,21638494.0
2023-10-27,1438963.0,,,,991901.0,10565300.0,2595500.0,18320029.0
2023-10-30,1543012.0,0.0,42522.0,112807.0,902449.0,11163100.0,1903100.0,36050881.0
2023-10-31,1226726.0,5.0,32673.0,73954.0,979212.0,9175200.0,2607500.0,42652394.0
2023-11-01,1769806.0,,,,726188.0,9698600.0,2114200.0,22011640.0
2023-11-02,2258321.0,100.0,13344.0,24145.0,1105566.0,9225600.0,2102500.0,29064332.0
2023-11-03,1074618.0,1994.0,2923.0,37410.0,893144.0,9307300.0,2218700.0,15677041.0
2023-11-06,1124179.0,7788.0,6509.0,62371.0,616964.0,7805900.0,1726500.0,22199923.0
2023-11-07,1262129.0,1125.0,8875.0,34987.0,688441.0,12611900.0,2573500.0,24175620.0
2023-11-08,1340344.0,2170.0,24908.0,17552.0,883311.0,10634700.0,2175900.0,18726773.0
2023-11-09,660468.0,7675.0,4226.0,23088.0,764887.0,9730500.0,1841700.0,19384886.0
2023-11-10,1324570.0,0.0,3000.0,14587.0,841334.0,9922100.0,1698500.0,35323970.0
2023-11-13,1182435.0,442.0,17377.0,43788.0,608188.0,8944500.0,1693000.0,13159098.0
2023-11-14,1179341.0,350.0,15635.0,33642.0,1438631.0,11724600.0,2442800.0,48972952.0
2023-11-15,1569590.0,209.0,37140.0,54884.0,1417061.0,14733400.0,2140700.0,47035434.0
2023-11-16,730748.0,1449.0,34640.0,62344.0,719421.0,10034700.0,1612200.0,35406320.0
2023-11-17,972849.0,0.0,1981.0,12982.0,833192.0,8961500.0,1799800.0,28159519.0
2023-11-20,1120074.0,30.0,19994.0,26986.0,1111593.0,12322100.0,1685600.0,24376884.0
2023-11-21,1107636.0,573.0,4297.0,40096.0,1531361.0,11351800.0,1994000.0,23533480.0
2023-11-22,1140962.0,600.0,567.0,32749.0,823253.0,7624400.0,2332600.0,26506645.0
2023-11-23,1182079.0,300.0,2045.0,3579.0,,,,34006957.0
2023-11-24,752667.0,543.0,11168.0,15359.0,563991.0,3536700.0,1025100.0,13132755.0
2023-11-27,1336198.0,0.0,12007.0,25649.0,1810819.0,8251400.0,1493800.0,12262549.0
2023-11-28,1338486.0,3521.0,9982.0,44112.0,1505350.0,11345400.0,1493100.0,20490707.0
2023-11-29,1169609.0,600.0,7809.0,27476.0,906995.0,9792300.0,1957800.0,13598520.0
2023-11-30,2842408.0,24.0,55433.0,593521.0,1648727.0,10439000.0,1539400.0,57364064.0
2023-12-01,1244527.0,0.0,49735.0,47737.0,1682562.0,18671400.0,3721600.0,70112246.0
2023-12-04,811290.0,0.0,6064.0,56772.0,978684.0,15675100.0,2962700.0,31318594.0
2023-12-05,2103073.0,0.0,6500.0,30070.0,1076171.0,13057200.0,2189100.0,22461527.0
2023-12-06,1510218.0,0.0,18507.0,38906.0,821561.0,9356900.0,2335600.0,19833746.0
2023-12-07,996248.0,9.0,15813.0,34304.0,990420.0,10691600.0,2981800.0,33628019.0
2023-12-08,2248854.0,,,,1570060.0,19549100.0,2537000.0,33454735.0
2023-12-11,2033670.0,0.0,8195.0,48303.0,894624.0,8606700.0,2896200.0,44269138.0
2023-12-12,1832895.0,260.0,45682.0,78330.0,775038.0,13640500.0,1639100.0,27182875.0
2023-12-13,1804188.0,200.0,16319.0,39577.0,1128722.0,15442500.0,2656400.0,26446023.0
2023-12-14,2466869.0,4622.0,46871.0,88282.0,1884305.0,29234600.0,3058500.0,52778866.0
2023-12-15,3088170.0,10.0,28021.0,687261.0,2319299.0,23084700.0,3616500.0,69181090.0
2023-12-18,762602.0,442.0,9289.0,36519.0,1320525.0,12242000.0,2211900.0,25064424.0
2023-12-19,2252385.0,544.0,28849.0,45780.0,882465.0,16499800.0,2595000.0,35895846.0
2023-12-20,1284787.0,134.0,6434.0,29639.0,1375296.0,10798700.0,2048100.0,19622028.0
2023-12-21,918265.0,98.0,48697.0,32539.0,1013153.0,7032300.0,2681200.0,34690491.0
2023-12-22,370996.0,0.0,197962.0,291007.0,1338183.0,6984600.0,1896800.0,12112393.0
2023-12-26,,6800.0,17365.0,21262.0,639803.0,6701000.0,1390200.0,
2023-12-27,741076.0,38.0,27565.0,41626.0,819870.0,7172600.0,2339200.0,17585124.0
2023-12-28,689375.0,2342.0,9351.0,58848.0,713183.0,5426700.0,1949500.0,16698371.0
2023-12-29,815116.0,608.0,12168.0,49859.0,830020.0,6509700.0,1555200.0,8801158.0
2024-01-02,1749302.0,1.0,30999.0,33900.0,1218808.0,9620900.0,2545100.0,17342921.0
2024-01-03,1748208.0,0.0,9367.0,31209.0,1300858.0,13723000.0,2372800.0,26163491.0
2024-01-04,1740636.0,0.0,78233.0,42123.0,780113.0,11897500.0,1888000.0,29427798.0
2024-01-05,1315479.0,2200.0,18699.0,18936.0,733167.0,8420600.0,2159000.0,14168292.0
2024-01-08,1126215.0,244.0,8500.0,59977.0,775884.0,9226300.0,2329000.0,21219277.0
2024-01-09,1020157.0,1.0,25772.0,53565.0,990420.0,9119800.0,2415700.0,44588532.0
2024-01-10,630503.0,0.0,18238.0,77510.0,719210.0,8167500.0,2976400.0,22171169.0
2024-01-11,1229675.0,25.0,20141.0,173952.0,766685.0,8279700.0,2355900.0,23302814.0
2024-01-12,2216409.0,0.0,5490.0,35708.0,666554.0,7622500.0,2615600.0,22414596.0
2024-01-15,2407175.0,0.0,6678.0,18460.0,,,,13918555.0
2024-01-16,1452710.0,1070.0,24254.0,159159.0,1392214.0,16524400.0,3371700.0,50703264.0
2024-01-17,1349872.0,1015.0,43447.0,178009.0,971388.0,11757200.0,3059900.0,34849476.0
2024-01-18,1041774.0,2228.0,12579.0,31131.0,824311.0,10158600.0,3051600.0,25685796.0
2024-01-19,1741729.0,620.0,10208.0,58455.0,1380160.0,13539600.0,2475300.0,39660834.0
2024-01-22,1802186.0,925.0,17295.0,21047.0,1228218.0,19429000.0,3230500.0,45647283.0
2024-01-23,1639086.0,354.0,8300.0,86084.0,1342095.0,18432900.0,3452800.0,86857166.0
2024-01-24,1529981.0,463.0,26211.0,25946.0,953625.0,27944600.0,3195900.0,37962628.0
2024-01-25,1424124.0,1323.0,4450.0,140492.0,1173553.0,15599800.0,2514900.0,25546929.0
2024-01-26,1158729.0,740.0,5569.0,29017.0,812891.0,10135100.0,1451800.0,24790458.0
2024-01-29,749943.0,0.0,7143.0,70355.0,817226.0,8875500.0,1811500.0,36148971.0
2024-01-30,1034727.0,34.0,15717.0,74289.0,944531.0,10859000.0,2926100.0,23237088.0
2024-01-31,1590289.0,0.0,21049.0,127652.0,1098693.0,16275400.0,1908200.0,26787780.0
2024-02-01,1793818.0,0.0,11171.0,82647.0,1062955.0,10854300.0,1783500.0,47106298.0
2024-02-02,1500588.0,914.0,7886.0,20.0,1377093.0,14120200.0,2676700.0,38502040.0
2024-02-05,1039532.0,0.0,9672.0,80.0,1326235.0,16202100.0,3395100.0,34792983.0
2024-02-06,1149687.0,60.0,15535.0,114950.0,1062532.0,13060700.0,2300900.0,22025123.0
2024-02-07,1781525.0,0.0,6857.0,44216.0,742683.0,9705200.0,2136100.0,32675464.0
2024-02-08,2264880.0,441.0,2962.0,39007.0,841440.0,13849300.0,1791400.0,22432239.0
2024-02-09,3559641.0,0.0,22559.0,20066.0,1045508.0,15822200.0,2242600.0,78351494.0
2024-02-12,3198447.0,213.0,3625.0,22898.0,692142.0,12932600.0,1879600.0,37551815.0
2024-02-13,738868.0,0.0,7698.0,87494.0,1067924.0,14272300.0,2801400.0,30138922.0
2024-02-14,764221.0,1500.0,9245.0,41717.0,675753.0,9269200.0,2241500.0,66183260.0
2024-02-15,971650.0,0.0,6315.0,29275.0,1024256.0,10171000.0,2390000.0,22151485.0
2024-02-16,1991997.0,974.0,5986.0,42347.0,951721.0,12614300.0,2981100.0,47195576.0
2024-02-19,703051.0,600.0,14298.0,18224.0,,,,19213606.0
2024-02-20,2073721.0,722.0,15979.0,127079.0,614955.0,10516300.0,4523200.0,39945073.0
2024-02-21,1248395.0,0.0,6592.0,76797.0,682414.0,11343900.0,2174000.0,78213840.0
2024-02-22,1216599.0,163.0,13123.0,46526.0,752939.0,9548500.0,2355800.0,51500067.0
2024-02-23,621811.0,0.0,13442.0,44601.0,631027.0,10291600.0,1650200.0,61659051.0
2024-02-26,768079.0,5162.0,23284.0,19962.0,747653.0,10433100.0,3202100.0,35974253.0
2024-02-27,687187.0,10.0,6589.0,55428.0,721748.0,6760200.0,2347500.0,50218466.0
2024-02-28,1090702.0,2022.0,12386.0,57104.0,567692.0,10166200.0,1760800.0,34034514.0
2024-02-29,3244400.0,1220.0,154370.0,373123.0,1142785.0,16037500.0,1969800.0,36513673.0
2024-03-01,1358056.0,0.0,16790.0,21198.0,725237.0,10343200.0,2713800.0,29571049.0
2024-03-04,1336266.0,0.0,20700.0,50561.0,803904.0,9192600.0,2111300.0,19757111.0
2024-03-05,2324949.0,0.0,11170.0,43097.0,854974.0,13885400.0,1478800.0,40961378.0
2024-03-06,1820313.0,794.0,12724.0,33196.0,935121.0,11704200.0,2221200.0,43003141.0
2024-03-07,3002594.0,992.0,28483.0,32471.0,1394011.0,12895700.0,2788500.0,62867102.0
2024-03-08,955026.0,0.0,36619.0,26480.0,1673680.0,7670800.0,3954000.0,42848279.0
2024-03-11,904817.0,7104.0,39752.0,26325.0,1295572.0,9599800.0,3077500.0,21774900.0
2024-03-12,1107461.0,1836.0,10136.0,80189.0,821033.0,8841400.0,2879900.0,50222798.0
2024-03-13,2571958.0,4296.0,16232.0,25221.0,3551323.0,26393300.0,3653800.0,103279556.0
2024-03-14,1323366.0,22.0,16052.0,33261.0,2400820.0,16004500.0,2927600.0,45797211.0
2024-03-15,2417723.0,659.0,1894849.0,1088779.0,3848122.0,33978700.0,3439700.0,95872842.0
2024-03-18,1296949.0,13320.0,7722.0,31758.0,2091968.0,14482200.0,1958100.0,27246352.0
2024-03-19,1237118.0,30.0,1766.0,72639.0,1587400.0,13528600.0,2521100.0,63550905.0
2024-03-20,871150.0,0.0,75053.0,30617.0,1334694.0,20140800.0,2443100.0,30724187.0
2024-03-21,1763878.0,1600.0,20620.0,42193.0,1130414.0,17023900.0,1786300.0,70078436.0
2024-03-22,2536106.0,2942.0,3609.0,20675.0,1756154.0,14515000.0,2399700.0,34744551.0
2024-03-25,2201409.0,1682.0,12449.0,67555.0,1112333.0,7754800.0,1592400.0,29544306.0
2024-03-26,1047234.0,300.0,18966.0,33050.0,949818.0,10490000.0,2649200.0,18083084.0
2024-03-27,1038263.0,0.0,62835.0,28107.0,1089283.0,10700000.0,2384800.0,18265442.0
2024-03-28,1080315.0,0.0,1801.0,55905.0,1194806.0,20169000.0,2658600.0,30171017.0
2024-04-01,,7509.0,39244.0,24435.0,854022.0,10376000.0,2281900.0,
2024-04-02,1506499.0,920.0,15994.0,39994.0,1434825.0,22037500.0,3132600.0,41349309.0
2024-04-03,1729895.0,1693.0,26119.0,82906.0,1736698.0,19957500.0,3781400.0,68835890.0
2024-04-04,2607912.0,3461.0,1622.0,60294.0,1569214.0,24836900.0,2818700.0,29108298.0
2024-04-05,1560183.0,0.0,4498.0,60478.0,926556.0,14155200.0,3435400.0,22811254.0
2024-04-08,1132854.0,6.0,15887.0,19432.0,1123224.0,12745900.0,3632000.0,35053075.0
2024-04-09,1765971.0,4.0,37912.0,110582.0,1626628.0,17624600.0,2791300.0,76475216.0
2024-04-10,2673615.0,9395.0,82281.0,40720.0,1258036.0,16142600.0,3291500.0,73895449.0
2024-04-11,2152883.0,2464.0,19097.0,39322.0,1298955.0,12975700.0,2946700.0,27370826.0
2024-04-12,1939262.0,2081.0,22599.0,42847.0,1488432.0,19983800.0,2585300.0,51549012.0
2024-04-15,1618963.0,330.0,28954.0,30495.0,1316613.0,15047100.0,2150000.0,30057399.0
2024-04-16,2156707.0,1300.0,13705.0,28489.0,1882930.0,20075200.0,3171800.0,40152207.0
2024-04-17,1312799.0,3502.0,24669.0,46441.0,1412620.0,15795700.0,3440200.0,38033271.0
2024-04-18,2485997.0,1505.0,27083.0,72761.0,1057985.0,15717500.0,2890400.0,70400214.0
2024-04-19,1446221.0,0.0,30770.0,16800.0,1256661.0,17066700.0,2028600.0,84938901.0
2024-04-22,2147053.0,230.0,6605.0,57554.0,1516875.0,20147900.0,1955100.0,49296256.0
2024-04-23,2782451.0,5562.0,38129.0,68492.0,1950495.0,19439600.0,3003700.0,25885803.0
2024-04-24,1460299.0,10030.0,22569.0,182790.0,1585180.0,11838300.0,2063700.0,91615218.0
2024-04-25,1929159.0,3720.0,2054.0,70354.0,1566994.0,15974700.0,3969900.0,46643686.0
2024-04-26,2649455.0,11259.0,11015.0,16294.0,2424188.0,19037100.0,4065200.0,23930228.0
2024-04-29,896487.0,4177.0,57733.0,74683.0,1944256.0,22023300.0,2492100.0,17953900.0
2024-04-30,2559522.0,2356.0,27131.0,92032.0,2715171.0,17226600.0,2456400.0,36605263.0
2024-05-01,25121.0,,,,1477436.0,19247700.0,2307600.0,2058475.0
2024-05-02,1618663.0,900.0,15733.0,55393.0,2022923.0,24389400.0,2781900.0,46263484.0
2024-05-03,843236.0,5.0,7000.0,16483.0,1612988.0,14498100.0,2088000.0,25914850.0
2024-05-06,,5.0,12065.0,35527.0,950135.0,10952000.0,1181100.0,
2024-05-07,2401494.0,0.0,24473.0,30410.0,1058302.0,13121500.0,2043500.0,28078420.0
2024-05-08,1628630.0,1098.0,11467.0,86308.0,1381957.0,14197700.0,1481100.0,69032654.0
2024-05-09,622244.0,0.0,12438.0,20000.0,802423.0,10234500.0,1551300.0,44413332.0
2024-05-10,1090399.0,395.0,9937.0,35778.0,1336280.0,14535000.0,1560200.0,36393268.0
2024-05-13,737541.0,766.0,19450.0,21033.0,933852.0,9210500.0,1485400.0,33670670.0
2024-05-14,1032123.0,712.0,12893.0,50534.0,1500486.0,17714100.0,2546800.0,81765755.0
2024-05-15,842939.0,1111.0,50982.0,27381.0,1332050.0,17286800.0,1589300.0,25352094.0
2024-05-16,809287.0,2451.0,51281.0,69668.0,961660.0,14800500.0,2439500.0,27703343.0
2024-05-17,1377932.0,4039.0,12258.0,75040.0,1353937.0,17946500.0,3522200.0,43470926.0
2024-05-20,1117677.0,914.0,15883.0,15958.0,2238306.0,15774400.0,2365400.0,25420083.0
2024-05-21,659894.0,,,,1295889.0,18146900.0,1787800.0,23073023.0
2024-05-22,2236436.0,6500.0,48101.0,44555.0,2329238.0,26299700.0,3621400.0,56767166.0
2024-05-23,855454.0,2781.0,16440.0,28193.0,1448147.0,16864800.0,2125200.0,20298470.0
2024-05-24,978652.0,1008.0,4491.0,43235.0,905621.0,9650000.0,2395700.0,10405517.0
2024-05-27,,863.0,12073.0,13344.0,,,,
2024-05-28,878617.0,1258.0,25986.0,56052.0,1320842.0,14922100.0,2118900.0,60968576.0
2024-05-29,1416724.0,92.0,32731.0,30947.0,1115505.0,11570900.0,3208000.0,20500012.0
2024-05-30,1441939.0,2092.0,15361.0,49650.0,1182647.0,13146600.0,2229100.0,43793528.0
2024-05-31,6292457.0,366.0,451271.0,931825.0,1549865.0,18379900.0,2023700.0,84060796.0
2024-06-03,781590.0,205.0,33936.0,54069.0,1357427.0,10249400.0,2064000.0,17135011.0
2024-06-04,1843910.0,401.0,5823.0,36029.0,2510996.0,24814600.0,3687900.0,33131643.0
2024-06-05,3040508.0,10.0,48945.0,34757.0,1707516.0,12639500.0,2605700.0,26654418.0
2024-06-06,1008747.0,209.0,15764.0,26198.0,1045085.0,11009100.0,2233100.0,22808747.0
2024-06-07,1025336.0,873.0,3000.0,50870.0,1601463.0,16056400.0,1665700.0,26382699.0
2024-06-10,944774.0,317.0,1225.0,9016.0,1600723.0,11051100.0,1138100.0,12245909.0
2024-06-11,1438394.0,290.0,26911.0,54403.0,1385129.0,10672900.0,2494200.0,47231218.0
2024-06-12,1462369.0,0.0,17652.0,61410.0,2121045.0,10109900.0,2679600.0,39054281.0
2024-06-13,1049658.0,0.0,17764.0,33445.0,1201045.0,12397800.0,2062700.0,21127391.0
2024-06-14,1037762.0,220.0,41819.0,33131.0,1052593.0,8370200.0,2218500.0,15876698.0
2024-06-17,1468074.0,0.0,45280.0,9489.0,1225787.0,11361400.0,2568800.0,29378344.0
2024-06-18,680642.0,0.0,22128.0,28533.0,1018863.0,9008900.0,2759200.0,25518018.0
2024-06-19,1341080.0,60.0,10300.0,18522.0,,,,30792941.0
2024-06-20,1501192.0,,,,1060100.0,14675800.0,1895600.0,26694426.0
2024-06-21,2694405.0,0.0,29275.0,477101.0,1921735.0,18825000.0,2222300.0,73950723.0
2024-06-24,1354824.0,4726.0,19126.0,78137.0,1186242.0,11347400.0,1872500.0,45684622.0
2024-06-25,1011662.0,0.0,69213.0,105088.0,844189.0,7944700.0,1537200.0,21870933.0
2024-06-26,861184.0,60.0,23194.0,65518.0,877812.0,8416200.0,1905200.0,30074222.0
2024-06-27,664763.0,0.0,8973.0,24071.0,754737.0,8987900.0,1755300.0,17226331.0
2024-06-28,666462.0,275.0,20936.0,104054.0,969485.0,12546100.0,1610300.0,28317987.0
2024-07-01,663590.0,544.0,54360.0,76605.0,786352.0,6817200.0,1575200.0,30479112.0
2024-07-02,790944.0,13.0,13852.0,83592.0,939773.0,8470200.0,1558000.0,26294860.0
2024-07-03,784617.0,600.0,11681.0,16453.0,1112439.0,8913700.0,1861700.0,57688916.0
2024-07-04,402318.0,0.0,18397.0,6974.0,,,,17149958.0
2024-07-05,543351.0,107.0,13731.0,26587.0,922644.0,8300600.0,1500400.0,38929834.0
2024-07-08,625501.0,38.0,22000.0,27687.0,1132634.0,9030800.0,1877700.0,26041110.0
2024-07-09,1466936.0,518.0,39175.0,43483.0,860895.0,9349900.0,1551200.0,104073814.0
2024-07-10,579283.0,0.0,46406.0,54971.0,1128933.0,9197100.0,1639200.0,13115139.0
2024-07-11,518350.0,0.0,28122.0,107296.0,1077123.0,8219400.0,2212500.0,16335902.0
2024-07-12,836130.0,0.0,8588.0,15891.0,803692.0,8004100.0,2595200.0,19191626.0
2024-07-15,523856.0,0.0,62956.0,211238.0,854868.0,9112900.0,1878000.0,22878945.0
2024-07-16,1049630.0,,,,1195018.0,11035800.0,2433300.0,20198135.0
2024-07-17,1485440.0,5.0,195919.0,683825.0,956585.0,12056600.0,1820700.0,14050190.0
2024-07-18,998564.0,0.0,193535.0,607547.0,1841165.0,17498900.0,2438300.0,29144703.0
2024-07-19,931852.0,0.0,84326.0,322794.0,1449416.0,9671000.0,2077700.0,31017860.0
2024-07-22,856703.0,22.0,176856.0,305222.0,1570377.0,12381400.0,1939100.0,17066639.0
2024-07-23,682537.0,0.0,235439.0,382535.0,1464325.0,18792700.0,2585600.0,45562205.0
2024-07-24,836865.0,0.0,203958.0,577986.0,967370.0,18534000.0,2075100.0,12308896.0
2024-07-25,912789.0,50.0,367980.0,356964.0,1573021.0,16904600.0,2668900.0,16954703.0
2024-07-26,582320.0,45.0,219105.0,384296.0,773663.0,10390500.0,1846900.0,10692393.0
2024-07-29,562828.0,0.0,143967.0,234657.0,1158433.0,9192600.0,2167000.0,61414456.0
2024-07-30,1526725.0,0.0,234731.0,276940.0,1771274.0,11608700.0,2892500.0,41022298.0
2024-07-31,895517.0,0.0,187559.0,594172.0,1936538.0,13050800.0,2547800.0,30546353.0
2024-08-01,1483092.0,0.0,325805.0,352420.0,1508522.0,12260100.0,2525200.0,26967591.0
2024-08-02,1060170.0,71868.0,293776.0,400284.0,1088014.0,17152400.0,2996200.0,30324424.0
2024-08-05,1420087.0,2494.0,322509.0,1097380.0,1898156.0,26149100.0,3524900.0,74864723.0
2024-08-06,730489.0,500.0,185159.0,399686.0,1356475.0,11307900.0,2870200.0,60315187.0
2024-08-07,706006.0,3433.0,671860.0,566455.0,1118571.0,14519900.0,2465200.0,30225139.0
2024-08-08,728485.0,4417.0,228740.0,252322.0,849898.0,10231400.0,2267800.0,15789835.0
2024-08-09,569063.0,505.0,283121.0,308587.0,739619.0,9182000.0,2124500.0,20033036.0
2024-08-12,633014.0,1220.0,124532.0,310757.0,684595.0,8945700.0,2226900.0,24549119.0
2024-08-13,531491.0,525.0,204401.0,477599.0,868816.0,7439400.0,2203900.0,16820808.0
2024-08-14,1013148.0,0.0,460878.0,874489.0,1015898.0,9124700.0,3564900.0,15661377.0
2024-08-15,487714.0,,,,1155405.0,12988400.0,2612100.0,158977455.0
2024-08-16,840087.0,2920.0,185642.0,339199.0,987281.0,8973100.0,2683800.0,37263764.0
2024-08-19,958176.0,2458.0,213951.0,322221.0,984756.0,10891900.0,2288600.0,25181956.0
2024-08-20,910218.0,518.0,293098.0,215236.0,910584.0,9390400.0,2324000.0,25569268.0
2024-08-21,1508880.0,684.0,617629.0,449157.0,868185.0,7041700.0,2128600.0,39885981.0
2024-08-22,1998149.0,459.0,240355.0,998658.0,821262.0,7143500.0,1792900.0,75817593.0
2024-08-23,572925.0,0.0,211432.0,323429.0,980758.0,11801100.0,2241100.0,21280539.0
2024-08-26,,0.0,593306.0,267842.0,689329.0,11046800.0,2845600.0,
2024-08-27,842443.0,0.0,146288.0,306323.0,791067.0,6755700.0,2970800.0,13424662.0
2024-08-28,835949.0,0.0,83212.0,181081.0,978759.0,9080100.0,3465200.0,14583810.0
2024-08-29,542354.0,465.0,478011.0,405659.0,882914.0,8612600.0,2106700.0,19777917.0
2024-08-30,2111529.0,0.0,249526.0,849336.0,1489444.0,7811600.0,1650100.0,19268380.0
2024-09-02,403374.0,0.0,73875.0,91961.0,,,,46852141.0
2024-09-03,1108491.0,0.0,452958.0,628306.0,1701230.0,18809000.0,4824700.0,154545673.0
2024-09-04,1519465.0,0.0,281765.0,358735.0,1370873.0,9787500.0,2353200.0,23713083.0
2024-09-05,797226.0,3.0,93319.0,480503.0,822419.0,7371500.0,1776600.0,69959160.0
2024-09-06,2306169.0,405.0,133716.0,395916.0,812529.0,13200100.0,2871100.0,26630329.0
2024-09-09,1173696.0,399.0,84808.0,215185.0,994225.0,8663400.0,2224200.0,14251477.0
2024-09-10,672569.0,0.0,194830.0,201195.0,1308485.0,9559500.0,2482800.0,91650698.0
2024-09-11,673133.0,611.0,146028.0,947253.0,1823377.0,13306400.0,3468300.0,46227641.0
2024-09-12,593964.0,2410.0,203898.0,249886.0,943514.0,11414200.0,3637800.0,71363633.0
2024-09-13,583428.0,2125.0,269929.0,227389.0,1087335.0,10831600.0,2782200.0,16820710.0
2024-09-16,420946.0,0.0,106238.0,155697.0,952773.0,11120200.0,3337400.0,18580565.0
2024-09-17,1120372.0,2899.0,155430.0,327209.0,1531528.0,6921300.0,2040900.0,22967074.0
2024-09-18,1359245.0,,,,1345518.0,11573700.0,2151300.0,31150874.0
2024-09-19,2307459.0,,,,1426634.0,16920500.0,3185400.0,
2024-09-20,1936803.0,,,,1020422.0,16304200.0,3280100.0,52355925.0
2024-09-23,637725.0,47.0,341349.0,538268.0,911005.0,15471600.0,1792600.0,48612136.0
2024-09-24,1491121.0,670.0,1172457.0,329633.0,2367413.0,26361600.0,4251800.0,49708561.0
2024-09-25,785550.0,669.0,379033.0,354702.0,1411800.0,12454800.0,3242700.0,29275724.0
2024-09-26,2417346.0,0.0,655431.0,380044.0,2576779.0,32403100.0,4908500.0,50931719.0
2024-09-27,1502402.0,40.0,349456.0,287569.0,1752256.0,15967700.0,3577900.0,38738138.0
2024-09-30,1810940.0,339.0,530762.0,368166.0,1247674.0,14992400.0,3112000.0,43924647.0
2024-10-01,943714.0,26.0,238711.0,200085.0,840199.0,9102100.0,3066400.0,23272043.0
2024-10-02,1866638.0,2300.0,213147.0,260940.0,709109.0,10744200.0,2409000.0,19980462.0
2024-10-03,499066.0,1209.0,172390.0,238392.0,834097.0,10383900.0,2833700.0,18182873.0
2024-10-04,518131.0,535.0,268472.0,425398.0,1007692.0,11506600.0,1848100.0,20059942.0
2024-10-07,471252.0,129.0,458601.0,533055.0,807690.0,8895500.0,1372200.0,20309255.0
2024-10-08,1339157.0,0.0,210293.0,566503.0,1590655.0,13040400.0,3470300.0,96060393.0
2024-10-09,479323.0,0.0,223342.0,524133.0,869553.0,6977000.0,1633600.0,18355123.0
2024-10-10,859436.0,0.0,204889.0,341065.0,990753.0,6959900.0,1732600.0,20849212.0
2024-10-11,641414.0,2226.0,188003.0,309240.0,639040.0,6415200.0,1648300.0,22385459.0
2024-10-14,724464.0,0.0,0.0,0.0,818316.0,13573500.0,2279100.0,44633502.0
2024-10-15,1257084.0,0.0,0.0,0.0,1597809.0,11855000.0,2547600.0,30531180.0
2024-10-16,1116174.0,0.0,0.0,0.0,1108061.0,7360400.0,4033500.0,37995073.0
2024-10-17,1198981.0,0.0,182938.0,297108.0,824313.0,8317600.0,2796000.0,52417710.0
2024-10-18,1524088.0,720.0,185639.0,251231.0,907743.0,8823000.0,1446400.0,30404215.0
2024-10-21,2253636.0,21.0,44576.0,205518.0,908690.0,10150400.0,1711100.0,15546001.0
2024-10-22,616184.0,3144.0,102488.0,313260.0,1264612.0,14468600.0,1355100.0,12369784.0
2024-10-23,498016.0,565.0,119221.0,239851.0,1015162.0,10849200.0,1517300.0,16809471.0
2024-10-24,365961.0,764.0,173983.0,239224.0,1206537.0,10171700.0,1770900.0,9334062.0
2024-10-25,1728652.0,3259.0,228827.0,226498.0,1501333.0,8528900.0,1727800.0,16183684.0
2024-10-28,858666.0,1524.0,231920.0,304291.0,808952.0,6446400.0,1706700.0,35134968.0
2024-10-29,1208400.0,408.0,178940.0,194206.0,714474.0,8471900.0,1854500.0,28106682.0
2024-10-30,1082078.0,3481.0,199494.0,571673.0,914898.0,9017100.0,1590800.0,34949037.0
2024-10-31,1644814.0,,,,871341.0,9481400.0,1642000.0,19986209.0
2024-11-01,1390344.0,,,,664185.0,7733200.0,1493000.0,15448945.0
2024-11-04,782581.0,208.0,231823.0,782814.0,693959.0,9147800.0,1586000.0,25732443.0
2024-11-05,716824.0,191209.0,220182.0,341892.0,917002.0,5991500.0,1186200.0,12123619.0
2024-11-06,1602983.0,2398.0,176356.0,6000.0,1304759.0,12911700.0,3068100.0,34486516.0
2024-11-07,1414611.0,30.0,459258.0,363077.0,988714.0,12733400.0,2204500.0,33607577.0
2024-11-08,1215040.0,0.0,11810.0,312480.0,1133977.0,16197400.0,4307500.0,40931149.0
2024-11-11,832349.0,2869.0,269732.0,396387.0,969889.0,12737200.0,4094000.0,36975397.0
2024-11-12,2865258.0,3307.0,85557.0,438156.0,1112225.0,18145300.0,2423100.0,31451187.0
2024-11-13,1019678.0,3021.0,237863.0,1084150.0,774531.0,11931900.0,3083400.0,45397028.0
2024-11-14,987745.0,897.0,204689.0,430489.0,1104172.0,11905700.0,2381000.0,22612669.0
2024-11-15,886981.0,617.0,283097.0,522372.0,830586.0,12902500.0,2274800.0,27884003.0
2024-11-18,1099147.0,0.0,97453.0,379416.0,667962.0,11886900.0,2485400.0,94522968.0
2024-11-19,1436112.0,1057.0,151688.0,336156.0,743993.0,12764400.0,2621800.0,30258148.0
2024-11-20,740920.0,943.0,52969.0,516133.0,811448.0,8733700.0,1830500.0,33662030.0
2024-11-21,537875.0,5508.0,99662.0,445659.0,1271398.0,8872100.0,2214400.0,29116318.0
2024-11-22,703054.0,50655.0,93175.0,319039.0,892499.0,9109800.0,2659500.0,15050926.0
2024-11-25,3831269.0,0.0,195344.0,988406.0,1571547.0,13286800.0,1654100.0,31215805.0
2024-11-26,794805.0,0.0,56252.0,196374.0,877857.0,11821000.0,2354200.0,39358848.0
2024-11-27,600464.0,1262.0,78796.0,578827.0,786453.0,7050400.0,2799400.0,36029315.0
2024-11-28,438131.0,1747.0,155713.0,134508.0,,,,17128841.0
2024-11-29,777825.0,32.0,132302.0,327265.0,451478.0,6512500.0,1362500.0,22053975.0
2024-12-02,973173.0,3.0,383991.0,559072.0,845332.0,14413000.0,2330800.0,16096208.0
2024-12-03,883043.0,3203.0,213202.0,551170.0,912892.0,12218800.0,2202400.0,55313864.0
2024-12-04,883738.0,1407.0,200828.0,303386.0,626653.0,18548200.0,2223000.0,46416979.0
2024-12-05,542370.0,2266.0,116594.0,387243.0,688356.0,11873600.0,1965800.0,16486829.0
2024-12-06,671639.0,101288.0,37939.0,165833.0,607410.0,9471100.0,1691000.0,33944889.0
2024-12-09,1449121.0,1691.0,585986.0,1392073.0,1523648.0,18310000.0,3199800.0,90617804.0
2024-12-10,923455.0,771.0,345301.0,322242.0,1108146.0,10835500.0,1794000.0,30989391.0
2024-12-11,899411.0,183.0,121719.0,252440.0,901284.0,7339000.0,1498800.0,60879895.0
2024-12-12,1379766.0,34980.0,249138.0,129138.0,624875.0,10184500.0,1738100.0,22506200.0
2024-12-13,530148.0,1833.0,349384.0,431824.0,743261.0,9669300.0,1862900.0,30990003.0
2024-12-16,738632.0,539.0,259513.0,280894.0,861752.0,10232800.0,1890800.0,23559419.0
2024-12-17,1148522.0,84645.0,403063.0,259846.0,920527.0,11733800.0,2120400.0,114447889.0
2024-12-18,1348505.0,6.0,503720.0,186091.0,837489.0,12501000.0,2564800.0,28522617.0
2024-12-19,1301097.0,1000.0,107779.0,294948.0,1115257.0,15766500.0,2153100.0,25353052.0
2024-12-20,1878176.0,500.0,348760.0,958986.0,1044247.0,22372300.0,2916300.0,50446476.0
2024-12-23,413659.0,1000.0,321871.0,167935.0,601971.0,8562500.0,2177000.0,35192481.0
2024-12-24,129493.0,3448.0,33161.0,58903.0,312176.0,3962500.0,647400.0,5883053.0
2024-12-26,,0.0,140810.0,190141.0,692957.0,6127100.0,1467500.0,
2024-12-27,571040.0,0.0,266628.0,136496.0,420313.0,7892500.0,1608600.0,14333641.0
2024-12-30,484483.0,0.0,141397.0,165486.0,719939.0,11047300.0,2002900.0,17058714.0
2024-12-31,316288.0,,,,709167.0,9247000.0,1579000.0,7131966.0
2025-01-02,486978.0,0.0,121185.0,289049.0,709586.0,8790300.0,2608800.0,33657245.0
2025-01-03,436582.0,7.0,404516.0,265524.0,727783.0,10153500.0,3249100.0,56405452.0
2025-01-06,1278559.0,0.0,196907.0,927256.0,1290954.0,18974400.0,2507100.0,32723639.0
2025-01-07,755197.0,0.0,148457.0,546613.0,983798.0,15304600.0,1834300.0,50609138.0
2025-01-08,1175079.0,0.0,216167.0,538.0,1193903.0,15589000.0,2147900.0,24486642.0
2025-01-09,863884.0,0.0,59009.0,83875.0,,,,35559899.0
2025-01-10,745468.0,0.0,72974.0,273865.0,1031069.0,11971100.0,2411300.0,48054554.0
2025-01-13,448111.0,146.0,139745.0,229501.0,835606.0,10418100.0,2122700.0,21549194.0
2025-01-14,866315.0,0.0,325522.0,624694.0,654262.0,9801900.0,1642300.0,31383302.0
2025-01-15,1232884.0,0.0,333331.0,488218.0,743679.0,10618000.0,2246300.0,29340355.0
2025-01-16,602600.0,325.0,150886.0,335058.0,756857.0,11793800.0,4154000.0,30049053.0
2025-01-17,2570470.0,4463.0,218932.0,205781.0,735836.0,12045600.0,2349000.0,74148986.0
2025-01-20,1172788.0,1662.0,79724.0,134636.0,,,,32678636.0
2025-01-21,592111.0,7606.0,41872.0,259566.0,1719216.0,16558000.0,3188200.0,21085244.0
2025-01-22,532225.0,2108.0,96561.0,422606.0,1596855.0,15882700.0,3222000.0,16259679.0
2025-01-23,1046090.0,13013.0,106148.0,289583.0,1197877.0,30475400.0,2493800.0,57581709.0
2025-01-24,642841.0,800.0,112901.0,194461.0,996557.0,19076400.0,1743300.0,27736742.0
2025-01-27,729262.0,5777.0,208504.0,255197.0,1311662.0,18550500.0,2824900.0,33814613.0
2025-01-28,1265306.0,790.0,79258.0,189935.0,1863852.0,16842900.0,2630800.0,22784767.0
2025-01-29,739481.0,1240.0,173521.0,315650.0,1755506.0,12599900.0,2142000.0,47750492.0
2025-01-30,2111335.0,6307.0,821205.0,417412.0,1484221.0,11821900.0,2105600.0,36448478.0
2025-01-31,766978.0,1025.0,143490.0,434269.0,1272862.0,13385200.0,1949600.0,39381109.0
2025-02-03,781772.0,0.0,70371.0,431287.0,1540172.0,15940400.0,2607700.0,29667810.0
2025-02-04,611343.0,0.0,263610.0,232371.0,1548643.0,14490600.0,2138800.0,97154024.0
2025-02-05,397773.0,0.0,164630.0,3914.0,1443434.0,14888300.0,2203400.0,28682823.0
2025-02-06,914126.0,91.0,141230.0,643307.0,1538185.0,13748200.0,2183600.0,27894199.0
2025-02-07,1228758.0,2178.0,184696.0,536798.0,1213564.0,21532000.0,2115800.0,63476572.0
2025-02-10,648168.0,192.0,178313.0,346885.0,1099675.0,16243400.0,1834900.0,39317012.0
2025-02-11,1653850.0,2368.0,318640.0,436573.0,1036926.0,13957900.0,2234400.0,32975655.0
2025-02-12,2081980.0,1627.0,328393.0,461370.0,1429107.0,10946500.0,2463800.0,53484062.0
2025-02-13,1317049.0,4270.0,279269.0,899441.0,1866048.0,21444700.0,2983200.0,55069936.0
2025-02-14,826569.0,0.0,134686.0,481864.0,2036202.0,17559200.0,2833500.0,59698913.0
2025-02-17,596695.0,301.0,34544.0,290520.0,,,,16489116.0
2025-02-18,1051946.0,29463.0,59973.0,713039.0,1213041.0,12261300.0,1942700.0,25392127.0
2025-02-19,1564569.0,303.0,31114.0,393179.0,977105.0,12101200.0,2756700.0,119757499.0
2025-02-20,822481.0,220000.0,384241.0,424933.0,1139102.0,11471600.0,3012500.0,57053585.0
2025-02-21,686116.0,132440.0,200328.0,217849.0,1155417.0,16151100.0,2155900.0,94752836.0
2025-02-24,676084.0,300.0,107874.0,277875.0,902852.0,8418400.0,1771800.0,40908475.0
2025-02-25,730419.0,2104.0,378687.0,207297.0,1080641.0,10618900.0,2287200.0,34691855.0
2025-02-26,932488.0,6100.0,840450.0,260493.0,1777154.0,16632700.0,2245300.0,49697803.0
2025-02-27,756900.0,1159.0,202673.0,527027.0,1092459.0,13147000.0,2091300.0,30097459.0
2025-02-28,2307363.0,0.0,777189.0,784743.0,1613275.0,14779600.0,3056100.0,43879233.0
2025-03-03,970860.0,0.0,77943.0,412942.0,1232493.0,18101200.0,3512000.0,63021866.0
2025-03-04,890919.0,896.0,351185.0,694394.0,1356736.0,18310700.0,2894400.0,35182127.0
2025-03-05,1513540.0,81600.0,296183.0,289544.0,2193493.0,29191000.0,2957600.0,35486043.0
2025-03-06,1071982.0,461.0,128231.0,764388.0,1259475.0,18546800.0,2627300.0,38100047.0
2025-03-07,902351.0,3196.0,105261.0,1124915.0,2266805.0,16969400.0,3737900.0,33075409.0
2025-03-10,847830.0,7009.0,106445.0,826400.0,1888952.0,21433000.0,5071100.0,90913508.0
2025-03-11,1077863.0,798.0,98390.0,1067247.0,1639002.0,18345200.0,3574400.0,46110242.0
2025-03-12,791323.0,1207.0,97173.0,442477.0,1399719.0,13995800.0,3711700.0,29954384.0
2025-03-13,1024192.0,1897.0,179285.0,413746.0,2119031.0,20682700.0,3155600.0,31827172.0
2025-03-14,752982.0,2200.0,372795.0,602683.0,1755296.0,15203300.0,2319100.0,31379897.0
2025-03-17,798088.0,431.0,148292.0,1131516.0,1565795.0,12880700.0,3305200.0,30196185.0
2025-03-18,1784378.0,552.0,141592.0,501658.0,1017997.0,14569900.0,2091700.0,32243601.0
2025-03-19,1492673.0,88.0,206933.0,312437.0,1301308.0,17519000.0,2027700.0,39351234.0
2025-03-20,1151982.0,4.0,147284.0,265803.0,1254037.0,22075600.0,2110100.0,43449177.0
2025-03-21,2597077.0,1413.0,61636.0,1670685.0,5354260.0,22336000.0,2242000.0,84522472.0
2025-03-24,1479438.0,60223.0,114166.0,496374.0,2476909.0,21356100.0,2411600.0,39990295.0
2025-03-25,1044938.0,0.0,86366.0,401539.0,2765868.0,20804700.0,2143500.0,51681226.0
2025-03-26,1507477.0,175.0,440338.0,264628.0,2028777.0,19408300.0,2667900.0,36576784.0
2025-03-27,1655844.0,2450.0,433723.0,274657.0,1391353.0,18010200.0,2749200.0,38235758.0
2025-03-28,1112047.0,455.0,147933.0,272704.0,1188360.0,20227400.0,2914700.0,42681804.0
2025-03-31,995923.0,318.0,166177.0,353478.0,1207917.0,17462500.0,3272300.0,52770112.0
2025-04-01,747915.0,0.0,107160.0,369239.0,1190452.0,13121200.0,2520700.0,36559632.0
2025-04-02,619197.0,1160.0,111870.0,245864.0,944894.0,13166400.0,3720700.0,28221270.0
2025-04-03,2483358.0,1003.0,137525.0,544733.0,2216396.0,31999800.0,4734800.0,66089533.0
2025-04-04,2779490.0,7701.0,474025.0,968183.0,3071455.0,44734500.0,8172300.0,98272422.0
2025-04-07,2422046.0,54.0,186125.0,858446.0,3206365.0,40398800.0,7447500.0,111896551.0
2025-04-08,1893012.0,168.0,328476.0,1449889.0,2101880.0,35158100.0,6841600.0,120478163.0
2025-04-09,1478726.0,508.0,1085154.0,1683465.0,2350679.0,38575500.0,8667100.0,71963022.0
2025-04-10,1683269.0,4351.0,473600.0,861235.0,2652397.0,25658400.0,5250600.0,65915142.0
2025-04-11,1370518.0,0.0,368276.0,749400.0,1930157.0,26250000.0,4398200.0,52689673.0
2025-04-14,755717.0,2214.0,367301.0,583865.0,2105644.0,19645900.0,3888100.0,41219234.0
2025-04-15,3148636.0,28.0,236114.0,389806.0,1314276.0,18742000.0,1989400.0,88782321.0
2025-04-16,1165449.0,2000.0,149211.0,354469.0,1779873.0,17261100.0,2678800.0,50697681.0
2025-04-17,595857.0,1987.0,118442.0,257799.0,1106786.0,16988000.0,2488600.0,39716709.0
2025-04-21,,50.0,269058.0,254547.0,1149560.0,11419900.0,2683000.0,
2025-04-22,677332.0,60.0,273809.0,430989.0,1070183.0,19264300.0,2391700.0,88059669.0
2025-04-23,1680776.0,475.0,219271.0,348098.0,1650715.0,21643100.0,3599700.0,75968697.0
2025-04-24,1976523.0,743.0,108852.0,358527.0,1459017.0,23970900.0,2558400.0,158776358.0
2025-04-25,887495.0,3.0,149985.0,296304.0,1683763.0,10958800.0,3407100.0,33589103.0
2025-04-28,597805.0,3003.0,250627.0,213416.0,1106054.0,13380800.0,2349900.0,46560698.0
2025-04-29,921428.0,1670.0,81735.0,333926.0,1232284.0,11269600.0,1501100.0,33414499.0
2025-04-30,3501049.0,15273.0,164335.0,313379.0,2006501.0,15777400.0,3130800.0,114671645.0
2025-05-01,509308.0,,,,1247762.0,11614600.0,3852000.0,54288865.0
2025-05-02,1222269.0,0.0,217924.0,276233.0,825251.0,11932200.0,3316100.0,45783656.0
2025-05-05,,0.0,84479.0,150558.0,688227.0,7701000.0,1851200.0,
2025-05-06,1074412.0,200.0,141252.0,223190.0,1072038.0,9778700.0,2184500.0,76257652.0
2025-05-07,994844.0,300.0,95067.0,547703.0,1374693.0,11879300.0,2395300.0,142655379.0
2025-05-08,1029532.0,1715.0,366319.0,552672.0,1020214.0,9814600.0,3583300.0,32014639.0
2025-05-09,495999.0,2570.0,65681.0,236736.0,1060015.0,7306000.0,2174000.0,30075041.0
2025-05-12,1555075.0,438.0,279593.0,315136.0,1431699.0,15649500.0,3145000.0,48906107.0
2025-05-13,1056435.0,2129.0,190172.0,200840.0,796126.0,11879600.0,2413800.0,28968494.0
2025-05-14,1369446.0,966.0,433676.0,348865.0,820276.0,10292800.0,1793700.0,33588813.0
2025-05-15,853098.0,6253.0,127860.0,252407.0,1036798.0,13149000.0,1632700.0,67061063.0
2025-05-16,1008853.0,2899.0,209143.0,583411.0,1217250.0,13552200.0,3266900.0,99276323.0
2025-05-19,571474.0,133.0,459670.0,169937.0,946831.0,11107300.0,2740300.0,32951541.0
2025-05-20,968662.0,8088.0,86714.0,217420.0,807734.0,7848000.0,2643900.0,32745719.0
2025-05-21,406456.0,,,,1020525.0,11012400.0,1693900.0,26296063.0
2025-05-22,611309.0,11197.0,90688.0,571915.0,915011.0,9415400.0,2003000.0,27044375.0
2025-05-23,681577.0,5296.0,78451.0,246404.0,1111218.0,15295500.0,1973100.0,31450279.0
2025-05-26,,3683.0,79331.0,194536.0,,,,
2025-05-27,768944.0,4504.0,158188.0,302463.0,1058668.0,11247800.0,2984200.0,27707022.0
2025-05-28,1460994.0,3810.0,202877.0,512299.0,704500.0,7689500.0,2050400.0,45043796.0
2025-05-29,493074.0,2970.0,184824.0,455912.0,1091732.0,8927600.0,2046100.0,66993452.0
2025-05-30,1805436.0,602.0,616187.0,1484942.0,1360285.0,17241200.0,2280800.0,105186841.0
2025-06-02,744470.0,113502.0,322909.0,724693.0,1185119.0,15316700.0,2382400.0,26080572.0
2025-06-03,675696.0,1403.0,75472.0,453941.0,1263685.0,11741400.0,2987500.0,29640143.0
2025-06-04,749300.0,11061.0,241386.0,536787.0,1202843.0,10979300.0,2774200.0,52814538.0
2025-06-05,1318855.0,6964.0,241162.0,479635.0,1732902.0,17270000.0,2427800.0,35090162.0
2025-06-06,836435.0,30.0,116960.0,226982.0,866503.0,8501800.0,1757400.0,24188902.0
2025-06-09,534073.0,2500.0,54387.0,362595.0,1075873.0,9938400.0,2240800.0,37723026.0
2025-06-10,494658.0,1001.0,95702.0,494938.0,966731.0,9460600.0,2555700.0,26669976.0
2025-06-11,1160146.0,7261.0,279123.0,394778.0,1305455.0,13530900.0,2637700.0,63479253.0
2025-06-12,1596391.0,3455.0,248719.0,354193.0,1330124.0,8750100.0,2555600.0,32940863.0
2025-06-13,1057476.0,314.0,311591.0,372763.0,1110077.0,9722100.0,2710900.0,36313947.0
2025-06-16,554598.0,837.0,250223.0,167608.0,1172267.0,10508000.0,2908100.0,27424256.0
2025-06-17,1715459.0,813.0,77488.0,340116.0,1071935.0,10291600.0,3816600.0,37077328.0
2025-06-18,1386630.0,0.0,45142.0,421887.0,795504.0,6185500.0,2206900.0,28302295.0
2025-06-19,619247.0,2713.0,470754.0,573276.0,,,,17087317.0
2025-06-20,2019182.0,,,,6679847.0,13986900.0,5841800.0,156612093.0
2025-06-23,885022.0,243.0,232966.0,436910.0,1011093.0,11692400.0,3848700.0,20215476.0
2025-06-24,941477.0,1058.0,98599.0,572373.0,1421231.0,10817900.0,3067100.0,84071718.0
2025-06-25,805245.0,142002.0,128753.0,300404.0,1175272.0,7114000.0,2407800.0,43431411.0
2025-06-26,1870702.0,95231.0,161941.0,756591.0,2176208.0,20484500.0,4231900.0,54212156.0
2025-06-27,856712.0,169.0,70506.0,265746.0,3453056.0,13661000.0,3050800.0,28342738.0
2025-06-30,875638.0,1255.0,86414.0,489194.0,1672372.0,10256300.0,2644700.0,40570370.0
2025-07-01,876741.0,158645.0,201997.0,551768.0,1807322.0,9385700.0,2492300.0,60547992.0
2025-07-02,866007.0,1460.0,254720.0,864129.0,1728756.0,23271300.0,6941200.0,107944026.0
2025-07-03,1712883.0,123.0,93890.0,363957.0,744301.0,7607300.0,4181000.0,39368339.0
2025-07-04,827129.0,3268.0,66691.0,85733.0,,,,18327124.0
2025-07-07,629972.0,0.0,165033.0,188489.0,1740676.0,19630200.0,3537000.0,15474688.0
2025-07-08,857682.0,5673.0,83774.0,3000.0,4671550.0,45175000.0,5596000.0,42325829.0
2025-07-09,1495319.0,1186.0,141736.0,2622.0,3176729.0,24277000.0,3732800.0,46435822.0
2025-07-10,1203044.0,1054.0,140521.0,434987.0,1921750.0,18640600.0,5677100.0,37677090.0
2025-07-11,795851.0,572.0,46893.0,310702.0,1219012.0,17122800.0,3351000.0,53617584.0
2025-07-14,599629.0,35.0,40259.0,434293.0,1118680.0,11484600.0,3212600.0,29268370.0
2025-07-15,764003.0,783.0,99564.0,327252.0,1811468.0,20312200.0,3863900.0,45033549.0
2025-07-16,696793.0,,,,1193100.0,11377600.0,3145100.0,25594104.0
2025-07-17,526058.0,622.0,158710.0,662271.0,1092146.0,11027900.0,2924600.0,21589270.0
2025-07-18,1167459.0,10.0,42235.0,491320.0,955537.0,13554700.0,3275200.0,31436628.0
2025-07-21,1458313.0,6904.0,118914.0,332674.0,844219.0,11250300.0,3784100.0,70540004.0
2025-07-22,1026148.0,5281.0,154106.0,987910.0,1068929.0,15316100.0,3340600.0,
2025-07-23,779722.0,6391.0,111372.0,524887.0,1858421.0,23135900.0,3301900.0,51434373.0
2025-07-24,1988566.0,8201.0,103839.0,785825.0,1143867.0,13223900.0,3123900.0,22567966.0
2025-07-25,778802.0,2276.0,107889.0,494022.0,1029231.0,16011000.0,3187000.0,44348440.0
2025-07-28,752792.0,3637.0,135842.0,455756.0,1949839.0,26374100.0,3119000.0,30280433.0
2025-07-29,497460.0,927.0,216303.0,265189.0,1912215.0,16495800.0,2708900.0,53546384.0
2025-07-30,462437.0,6801.0,120931.0,383925.0,5201609.0,64894200.0,5463100.0,29232578.0
2025-07-31,1878708.0,2262.0,325371.0,589155.0,3049966.0,26276800.0,3557700.0,51410214.0
2025-08-01,819278.0,947.0,112816.0,488453.0,1532550.0,15601200.0,2596500.0,32461363.0
2025-08-04,649987.0,46.0,79704.0,299624.0,1049754.0,12727200.0,2971900.0,80417791.0
2025-08-05,610849.0,157.0,50978.0,258151.0,1284104.0,11521300.0,2306100.0,30443539.0
2025-08-06,878157.0,1353.0,143910.0,281035.0,937295.0,9498400.0,1839000.0,104636913.0
2025-08-07,791067.0,112.0,122210.0,483350.0,1076288.0,9660400.0,2847800.0,32789269.0
2025-08-08,749871.0,33.0,105975.0,1249690.0,1339037.0,11828700.0,2176600.0,47666236.0
2025-08-11,843992.0,151536.0,227313.0,10000.0,1597434.0,10676300.0,2439100.0,34915841.0
2025-08-12,515754.0,3444.0,445020.0,872727.0,991814.0,12573800.0,2105000.0,24297370.0
2025-08-13,881859.0,2562.0,515165.0,901287.0,1127801.0,13120800.0,2943600.0,25216024.0
2025-08-14,1546508.0,2723.0,723337.0,302143.0,830433.0,11933400.0,1954400.0,20566627.0
2025-08-15,1160155.0,,,,806099.0,8885300.0,2541200.0,25242860.0
2025-08-18,748893.0,3547.0,82058.0,323075.0,841196.0,8325000.0,3358100.0,110913021.0
2025-08-19,431089.0,2755.0,118673.0,340940.0,855974.0,7630500.0,4411400.0,48975290.0
2025-08-20,1169733.0,9899.0,183697.0,26168.0,1361903.0,5526200.0,3126800.0,43907218.0
2025-08-21,965616.0,9178.0,125142.0,376287.0,910980.0,6181200.0,2761100.0,25216770.0
2025-08-22,431992.0,2131.0,570346.0,369317.0,1083283.0,10822100.0,3995300.0,22266779.0
2025-08-25,,6248.0,535662.0,423192.0,695883.0,12596800.0,2506800.0,
2025-08-26,920576.0,58617.0,116249.0,886084.0,975529.0,11824700.0,1742000.0,51413824.0
2025-08-27,1751339.0,389.0,135471.0,379322.0,722565.0,11201800.0,2194800.0,17825679.0
2025-08-28,440539.0,121305.0,962148.0,399171.0,991949.0,9253900.0,2892200.0,32057037.0
2025-08-29,735523.0,13699.0,195025.0,316268.0,1071584.0,7371000.0,2367800.0,20875837.0
2025-09-01,377204.0,9840.0,105272.0,128189.0,,,,51546247.0
2025-09-02,501591.0,0.0,233993.0,559383.0,916932.0,12166300.0,2753600.0,22827677.0
2025-09-03,797970.0,2688.0,296259.0,239365.0,1637341.0,12237800.0,2395700.0,26076803.0
2025-09-04,654148.0,3061.0,174366.0,268892.0,967935.0,8509000.0,2355900.0,15419549.0
2025-09-05,746303.0,8144.0,435575.0,463255.0,1457649.0,8069200.0,3270400.0,27754552.0
2025-09-08,391171.0,6122.0,180908.0,276424.0,1461447.0,10436400.0,2926300.0,15757152.0
2025-09-09,770286.0,3274.0,189202.0,812353.0,1960294.0,24956700.0,3709300.0,72775411.0
2025-09-10,705547.0,800.0,135952.0,306941.0,1122895.0,16678900.0,2586600.0,38745325.0
2025-09-11,739965.0,477.0,396144.0,506597.0,983842.0,14919200.0,2604200.0,22833223.0
2025-09-12,641659.0,2263.0,108832.0,402641.0,1648527.0,16046300.0,2762300.0,31883835.0
2025-09-15,1412178.0,3000.0,174608.0,288799.0,2144399.0,12670200.0,3009200.0,67153997.0
2025-09-16,1242890.0,4089.0,69521.0,101480.0,1810466.0,10043200.0,3043000.0,82288320.0
2025-09-17,2284552.0,5.0,54582.0,322917.0,1516247.0,8951800.0,2908600.0,35707212.0
2025-09-18,859353.0,,,,1726520.0,13174400.0,3626000.0,30760852.0
2025-09-19,2374423.0,,,,2326657.0,21120200.0,3586600.0,59234212.0
2025-09-22,657112.0,2010.0,344214.0,235842.0,1504548.0,11980600.0,3037700.0,31120733.0
2025-09-23,1742007.0,8121.0,450847.0,354443.0,1386429.0,14308500.0,1959400.0,67810069.0
2025-09-24,2850852.0,7230.0,113492.0,1358.0,5945432.0,91311700.0,2896500.0,49092108.0
2025-09-25,1268225.0,1741.0,206228.0,444804.0,3179860.0,86778600.0,4887000.0,93889285.0
2025-09-26,900893.0,1671.0,87110.0,283985.0,1259691.0,41515800.0,3039000.0,93991698.0
2025-09-29,1457050.0,3244.0,149136.0,221802.0,1987695.0,40224700.0,4044200.0,39907974.0
2025-09-30,1680299.0,2796.0,80117.0,345813.0,2054707.0,38973100.0,4138100.0,42479772.0
2025-10-01,1398856.0,826.0,87079.0,211276.0,1488231.0,19117000.0,3721700.0,55574086.0
2025-10-02,2277166.0,3371.0,384797.0,329778.0,1562324.0,23508900.0,2871300.0,60696360.0
2025-10-03,872564.0,4461.0,36090.0,273012.0,2540214.0,23921600.0,3100600.0,86267341.0
2025-10-06,910728.0,1134.0,35702.0,202350.0,2648070.0,26706800.0,3436600.0,40277374.0
2025-10-07,869340.0,13584.0,153143.0,304786.0,2290944.0,19846800.0,3335900.0,31048002.0
2025-10-08,1015481.0,785.0,186442.0,288240.0,2252358.0,25769000.0,4277600.0,58160381.0
2025-10-09,949194.0,4264.0,183063.0,720700.0,2054091.0,23238000.0,5382600.0,62217791.0
2025-10-10,1324120.0,4918.0,184344.0,607335.0,3232813.0,24243400.0,5832500.0,35028597.0
2025-10-13,1012283.0,3916.0,218352.0,394367.0,1916885.0,15475300.0,5260900.0,146899938.0
2025-10-14,1193680.0,915.0,198214.0,471763.0,2063225.0,16563400.0,4448700.0,40076557.0
2025-10-15,958062.0,3842.0,536721.0,286011.0,1180877.0,16028100.0,3670600.0,25632164.0
2025-10-16,651566.0,13.0,735049.0,332469.0,1978151.0,15081000.0,3180100.0,23627596.0
2025-10-17,1159886.0,2287.0,169093.0,312813.0,1321880.0,14027500.0,3340200.0,28161379.0
2025-10-20,906527.0,25367.0,286055.0,272601.0,1243374.0,12617500.0,3957400.0,18130052.0
2025-10-21,1200395.0,11315.0,843878.0,344362.0,1816725.0,12932200.0,3048000.0,42569146.0
2025-10-22,1045584.0,5904.0,828342.0,333253.0,1298482.0,12134400.0,2864900.0,43698101.0
2025-10-23,1400439.0,2831.0,450031.0,225860.0,1038745.0,18292600.0,3241800.0,23363762.0
2025-10-24,1052406.0,70303.0,1024335.0,530336.0,1033511.0,10605300.0,2570000.0,53460558.0
2025-10-27,807799.0,36023.0,376888.0,287449.0,1524559.0,14374400.0,2796300.0,45989260.0
2025-10-28,2515090.0,1311.0,628335.0,304118.0,1917090.0,11973800.0,2812300.0,31023077.0
2025-10-29,1144872.0,4293.0,419581.0,428312.0,1767775.0,19707800.0,3730900.0,67382473.0
2025-10-30,895851.0,784.0,465861.0,633720.0,1450363.0,11822900.0,3539600.0,39664779.0
2025-10-31,1006077.0,,,,1583054.0,11939500.0,2611400.0,28354364.0
2025-11-03,631995.0,3526.0,372020.0,529166.0,1412598.0,13717200.0,3292600.0,28709989.0
2025-11-04,1362329.0,3916.0,457028.0,495631.0,2114125.0,14388400.0,3872700.0,66083737.0
2025-11-05,2395225.0,3577.0,328182.0,393478.0,1358721.0,12057600.0,2597200.0,59826079.0
2025-11-06,947377.0,422.0,578875.0,485932.0,1921503.0,25307300.0,2105600.0,44188882.0
2025-11-07,689959.0,4951.0,259730.0,605170.0,1112530.0,17305700.0,3966200.0,18339236.0
2025-11-10,571721.0,1709.0,474885.0,626549.0,1051572.0,13890600.0,2135000.0,22296394.0
2025-11-11,414800.0,487.0,298834.0,380198.0,866236.0,10730700.0,2077800.0,55971959.0
2025-11-12,605277.0,3505.0,554483.0,671472.0,841036.0,12842900.0,2188200.0,39156292.0
2025-11-13,675151.0,2188.0,331514.0,684414.0,1398333.0,10381700.0,2045500.0,16495090.0
2025-11-14,595771.0,3552.0,269558.0,499582.0,771603.0,10358500.0,2890800.0,39763519.0
2025-11-17,611830.0,1315.0,383719.0,1059981.0,1560920.0,17578500.0,2178300.0,23488691.0
2025-11-18,974760.0,3959.0,322921.0,926930.0,1747433.0,23695200.0,3686800.0,34321834.0
2025-11-19,1413106.0,1569.0,342173.0,855695.0,1624652.0,19873600.0,2028900.0,52126713.0
2025-11-20,501079.0,1642.0,211327.0,483658.0,1555219.0,15648000.0,2942100.0,29259911.0
2025-11-21,2856259.0,2727.0,161770.0,564359.0,1242058.0,18896900.0,2574900.0,41526223.0
2025-11-24,3470608.0,3423.0,392669.0,739953.0,1395482.0,15241000.0,3821000.0,70417476.0
2025-11-25,1356342.0,61674.0,204515.0,519647.0,840730.0,11446600.0,3221400.0,22388740.0
2025-11-26,833119.0,2674.0,410968.0,286222.0,1406579.0,13339400.0,2280500.0,39064971.0
2025-11-27,321619.0,7354.0,71033.0,44230.0,,,,47861217.0
2025-11-28,1084496.0,2795.0,188387.0,247419.0,942844.0,8848100.0,1500100.0,31112558.0
2025-12-01,756099.0,4872.0,158659.0,352224.0,1062061.0,14614800.0,2354900.0,30163895.0
2025-12-02,1276603.0,4805.0,615760.0,309626.0,1040478.0,11131900.0,3634800.0,20924375.0
2025-12-03,859602.0,6143.0,769335.0,362283.0,1190645.0,22864300.0,3792300.0,66914348.0
2025-12-04,922145.0,2707.0,589717.0,542470.0,908229.0,12392100.0,3522800.0,51646179.0
2025-12-05,782281.0,5620.0,223527.0,425360.0,1280439.0,20208100.0,3652200.0,41319110.0
2025-12-08,595665.0,,,,802756.0,16538400.0,2759200.0,19670639.0
2025-12-09,877976.0,7907.0,123466.0,350617.0,972775.0,10310100.0,3203000.0,75489277.0
2025-12-10,717046.0,5008.0,425790.0,228527.0,1010241.0,17054800.0,3309500.0,18655383.0
2025-12-11,1005771.0,11345.0,235561.0,290678.0,1267510.0,20741000.0,3851500.0,24426622.0
2025-12-12,2896837.0,7602.0,810155.0,498228.0,1780113.0,17034900.0,2939800.0,37524962.0
2025-12-15,748648.0,16121.0,347499.0,321590.0,954552.0,15437700.0,2206600.0,56486004.0
2025-12-16,881873.0,3827.0,242025.0,198278.0,1095861.0,15481500.0,2313700.0,30895368.0
2025-12-17,1103129.0,8944.0,623659.0,714818.0,920752.0,15613000.0,2022900.0,30725883.0
2025-12-18,1135231.0,4455.0,383786.0,555910.0,862619.0,15029500.0,1875200.0,25379758.0
2025-12-19,2157495.0,55207.0,279393.0,860013.0,1923560.0,21954800.0,2851500.0,57366315.0
2025-12-22,1004288.0,9250.0,628613.0,282179.0,966972.0,15316600.0,5719100.0,30554452.0
2025-12-23,708034.0,12546.0,303798.0,302070.0,964020.0,14155700.0,3729700.0,19132548.0
2025-12-24,226137.0,4373.0,101286.0,172377.0,352968.0,4073900.0,855000.0,5584293.0
2025-12-26,,17900.0,145557.0,5000.0,1121517.0,14848300.0,1436200.0,
2025-12-29,875722.0,130389.0,420460.0,233257.0,1140759.0,15231700.0,2539500.0,24177139.0
2025-12-30,518601.0,8021.0,82970.0,156091.0,864044.0,10055700.0,2179000.0,19304092.0
2025-12-31,283675.0,,,,947731.0,8776800.0,3443500.0,7169573.0
2026-01-02,502229.0,26339.0,112834.0,240365.0,1198586.0,11518400.0,2058800.0,21646075.0
2026-01-05,871565.0,25252.0,359944.0,242622.0,1394464.0,26935100.0,4944400.0,28324458.0
2026-01-06,1302493.0,34281.0,664622.0,430295.0,1685940.0,35253300.0,4058000.0,30482544.0
2026-01-07,1157545.0,40072.0,448789.0,349044.0,2195388.0,20894000.0,2584200.0,37790543.0
2026-01-08,644939.0,33202.0,475453.0,467890.0,2613615.0,22333100.0,4159000.0,49681463.0
2026-01-09,1045278.0,28281.0,363797.0,247223.0,2904989.0,19272700.0,6063600.0,118652969.0
2026-01-12,1074966.0,43568.0,552366.0,450463.0,2828226.0,20373700.0,4871500.0,60175219.0
2026-01-13,844327.0,92617.0,473168.0,590618.0,2679892.0,22060100.0,3372700.0,33916328.0
2026-01-14,1179645.0,67358.0,520586.0,556084.0,2234482.0,19747500.0,4878500.0,57449375.0
2026-01-15,1315116.0,96863.0,498881.0,526637.0,1978842.0,18285700.0,3454900.0,47181101.0
2026-01-16,2061876.0,21422.0,414177.0,620400.0,2093071.0,21629900.0,3773600.0,61929821.0
2026-01-19,873023.0,19926.0,438263.0,312545.0,,,,18642377.0
2026-01-20,1821058.0,38542.0,700238.0,349427.0,2029848.0,19583600.0,4006600.0,39665018.0
2026-01-21,1694582.0,21494.0,553986.0,461155.0,3617849.0,25719800.0,4462600.0,46915431.0
2026-01-22,3844375.0,17322.0,306928.0,535116.0,2526366.0,25597200.0,4169900.0,38493191.0
2026-01-23,970480.0,24561.0,167349.0,409947.0,2643037.0,24545800.0,3466800.0,37716159.0
2026-01-26,1546465.0,32255.0,145306.0,395690.0,3592906.0,31620200.0,5844100.0,43825189.0
2026-01-27,2807041.0,44714.0,233214.0,990348.0,2709925.0,20123700.0,5346000.0,24171011.0
2026-01-28,1801859.0,25849.0,225893.0,550067.0,2322546.0,22636500.0,4572100.0,25823357.0
2026-01-29,2621003.0,95530.0,1022636.0,533597.0,5068817.0,48277600.0,8981400.0,58334649.0
2026-01-30,2161952.0,56587.0,205628.0,589456.0,4275020.0,40774400.0,5703300.0,55765394.0
2026-02-02,1639998.0,11526.0,526295.0,503901.0,2432804.0,21334600.0,3759800.0,48451751.0
2026-02-03,1642587.0,6497.0,184216.0,595672.0,3267426.0,31102700.0,5044200.0,84327620.0
2026-02-04,2072832.0,17995.0,127765.0,730307.0,5006205.0,31834200.0,4832100.0,44216361.0
2026-02-05,2059119.0,3827.0,466335.0,673377.0,3100155.0,22330400.0,4756300.0,80784896.0
2026-02-06,1160741.0,5816.0,169439.0,451359.0,2253418.0,20119100.0,5751200.0,127883071.0
2026-02-09,1716916.0,61683.0,172351.0,332442.0,1776651.0,14752000.0,5903700.0,78932556.0
2026-02-10,1030434.0,284937.0,138830.0,474960.0,1967985.0,11647400.0,2733900.0,21729049.0
2026-02-11,1247652.0,192501.0,190808.0,420900.0,1463187.0,15495800.0,4578400.0,30702261.0
2026-02-12,1500387.0,16702.0,202688.0,459010.0,1565096.0,23459900.0,4757400.0,45655980.0
2026-02-13,1306995.0,11443.0,281003.0,189848.0,1673772.0,14370600.0,4468500.0,30114387.0
2026-02-16,990490.0,3905.0,123253.0,63307.0,,,,18331686.0
2026-02-17,1935893.0,5624.0,143117.0,207509.0,2054037.0,12238400.0,4616900.0,25795881.0
2026-02-18,1405252.0,10450.0,122646.0,156489.0,1282902.0,17244800.0,4655200.0,43002000.0
2026-02-19,1629184.0,10468.0,177799.0,217002.0,1298355.0,13357900.0,3841400.0,
2026-02-20,1410839.0,14504.0,168475.0,131592.0,1014141.0,14680000.0,4562900.0,32493329.0
2026-02-23,1413951.0,6811.0,48730.0,191627.0,1573984.0,15631300.0,3921500.0,41422120.0
2026-02-24,1032778.0,16095.0,48362.0,296830.0,1912637.0,20299300.0,4167700.0,37459547.0
2026-02-25,1594682.0,16440.0,51320.0,677245.0,2164632.0,16182000.0,5120300.0,33745947.0
2026-02-26,1563720.0,8182.0,266652.0,360106.0,1872641.0,17726800.0,4265600.0,26118785.0
2026-02-27,2062396.0,9528.0,259217.0,921489.0,2079287.0,19425700.0,3748800.0,40399875.0
2026-03-02,1047349.0,9106.0,127145.0,353257.0,1593376.0,15851100.0,3997300.0,23884586.0
2026-03-03,1837322.0,18706.0,215739.0,937021.0,2493690.0,25564300.0,5731400.0,56536681.0
2026-03-04,1110663.0,2133.0,77786.0,689377.0,1746896.0,17438500.0,3444800.0,43528029.0
2026-03-05,1115443.0,715.0,85816.0,702575.0,1978792.0,23068000.0,5170200.0,25628595.0
2026-03-06,1302611.0,5719.0,91538.0,388070.0,1818707.0,25912800.0,4886300.0,36737147.0
2026-03-09,1142680.0,3101.0,203915.0,298200.0,2415516.0,26344800.0,5750600.0,40610615.0
2026-03-10,1707065.0,6508.0,168087.0,350526.0,1318151.0,16982400.0,3735400.0,28400580.0
2026-03-11,1037920.0,272.0,147925.0,186253.0,1520555.0,17754700.0,3047400.0,27793523.0
2026-03-12,792921.0,301.0,369322.0,216419.0,2044846.0,17564000.0,4695200.0,36060576.0
2026-03-13,2551232.0,5357.0,100232.0,167124.0,2143624.0,21443200.0,4568100.0,26164838.0
2026-03-16,727849.0,2506.0,132410.0,180131.0,1764167.0,17824100.0,3787300.0,35466145.0
2026-03-17,746474.0,1572.0,44182.0,261068.0,1150390.0,10610300.0,3054600.0,40039238.0
2026-03-18,1454633.0,1507.0,40607.0,100951.0,2036059.0,17258700.0,4136300.0,37078756.0
2026-03-19,1902843.0,6587.0,147936.0,295447.0,3388853.0,27550300.0,5255700.0,69408161.0
2026-03-20,2649445.0,16091.0,85381.0,653551.0,3105548.0,25007300.0,5113000.0,232095918.0
2026-03-23,2338115.0,1259.0,195147.0,514244.0,2759118.0,24888600.0,4540600.0,56836333.0
2026-03-24,1570213.0,68.0,251111.0,628824.0,1934756.0,17123000.0,3439400.0,39312334.0
2026-03-25,1100152.0,1277.0,160083.0,561948.0,1614283.0,13965000.0,3121700.0,42166417.0
2026-03-26,1655186.0,3738.0,287627.0,251364.0,1576307.0,16016500.0,2456700.0,42098839.0
2026-03-27,1658605.0,704.0,188526.0,1332153.0,1556208.0,12327400.0,3012300.0,50318228.0
2026-03-30,1631775.0,1290.0,50011.0,573456.0,1695790.0,14246700.0,4045400.0,39196874.0
2026-03-31,1229515.0,1110.0,760097.0,620767.0,1772247.0,18882500.0,4303100.0,39825391.0
2026-04-01,1316651.0,1133.0,183183.0,331835.0,1636200.0,23684000.0,2788300.0,40495514.0
2026-04-02,704939.0,221.0,43022.0,371233.0,1622969.0,16880000.0,2752500.0,32004480.0
2026-04-06,,1836.0,61908.0,200864.0,955359.0,8511500.0,2099600.0,
2026-04-07,1436298.0,976.0,32725.0,432041.0,1173216.0,18276900.0,2208900.0,35677183.0
2026-04-08,2012494.0,2433.0,188589.0,370662.0,1631554.0,20338000.0,2892500.0,36614125.0
2026-04-09,885536.0,21364.0,92188.0,392464.0,981922.0,12664700.0,2729300.0,26371664.0
2026-04-10,5407271.0,13474.0,205201.0,912782.0,1563682.0,15706800.0,3382000.0,33835419.0
2026-04-13,687699.0,5556.0,102292.0,819375.0,1885165.0,13134100.0,1900600.0,20125637.0
2026-04-14,1078620.0,11764.0,103673.0,330800.0,1458440.0,12330800.0,2681700.0,30735232.0
2026-04-15,2159579.0,2371.0,105539.0,319577.0,1127766.0,15405600.0,2495300.0,28735830.0
2026-04-16,1210991.0,22902.0,111459.0,620177.0,1049188.0,10342700.0,2816200.0,20671571.0
2026-04-17,1641631.0,4712.0,133157.0,601487.0,1415212.0,20218300.0,3218500.0,38815273.0
2026-04-20,1235518.0,268.0,94195.0,260233.0,1040300.0,12297800.0,2081400.0,26172280.0
2026-04-21,772064.0,2487.0,115934.0,265604.0,1415414.0,17092800.0,2966700.0,15017809.0
2026-04-22,754536.0,372.0,185850.0,265349.0,1114939.0,14213100.0,2141600.0,21567542.0
2026-04-23,872650.0,1035.0,99485.0,242075.0,2270379.0,38773500.0,2296100.0,19633992.0
2026-04-24,548034.0,2825.0,102894.0,340263.0,1332089.0,17741600.0,1632500.0,15829445.0
2026-04-27,782427.0,1538.0,57777.0,221201.0,1587215.0,15199300.0,2062300.0,14572258.0
2026-04-28,933153.0,6414.0,89300.0,226240.0,2041109.0,14754700.0,2366600.0,16436377.0
2026-04-29,4166728.0,14550.0,365164.0,401633.0,1277953.0,11444700.0,2117700.0,23097577.0
2026-04-30,1454927.0,8320.0,174052.0,243769.0,1379862.0,16181400.0,2302400.0,77319552.0
2026-05-01,454075.0,,,,1082619.0,14899700.0,1815100.0,15115821.0
2026-05-04,,9154.0,111072.0,307257.0,1222706.0,14777200.0,1459100.0,
2026-05-05,1411164.0,5610.0,499207.0,355254.0,924453.0,13861100.0,1440000.0,22980525.0
2026-05-06,1585374.0,16393.0,241826.0,333866.0,1584387.0,17655500.0,3632800.0,74376919.0
2026-05-07,1452420.0,13620.0,151018.0,301223.0,1394406.0,18316100.0,2113400.0,47136105.0
2026-05-08,1162532.0,8954.0,72996.0,222290.0,1093426.0,12202700.0,2000000.0,46588421.0
2026-05-11,954290.0,2120.0,262758.0,237647.0,2003537.0,14852300.0,3003600.0,77532000.0
2026-05-12,633486.0,1926.0,56017.0,228669.0,2028787.0,14477500.0,3552900.0,130828128.0
2026-05-13,1468207.0,902.0,498287.0,386013.0,1654400.0,17112400.0,3917300.0,31511336.0
2026-05-14,984695.0,99194.0,299719.0,354715.0,1191700.0,12618300.0,2437200.0,18341182.0
2026-05-15,1529468.0,9313.0,41430.0,353468.0,1406900.0,15462600.0,2765900.0,56765504.0
2026-05-18,980233.0,5204.0,68645.0,282626.0,1467600.0,14798200.0,2415100.0,18905903.0
2026-05-19,1637856.0,4967.0,138711.0,335514.0,992800.0,12142700.0,3224500.0,37655897.0
2026-05-20,1653085.0,8327.0,87714.0,305337.0,930000.0,12015900.0,2686100.0,16705100.0
2026-05-21,701382.0,,,,1349800.0,10184500.0,1814500.0,30080466.0
2026-05-22,555427.0,1100.0,42705.0,218843.0,1041100.0,7856200.0,2116800.0,18562348.0
2026-05-25,,10234.0,189054.0,87427.0,,,,
2026-05-26,982570.0,6617.0,76229.0,316158.0,1066300.0,11372000.0,1855100.0,33550554.0
2026-05-27,738197.0,9263.0,96616.0,1000603.0,1026600.0,8262700.0,2850000.0,36943545.0
2026-05-28,1560975.0,321.0,166999.0,499501.0,1225900.0,10288100.0,1653800.0,23074474.0
2026-05-29,7059111.0,249.0,317659.0,840036.0,1577200.0,11376700.0,3030700.0,122357157.0
